<?xml version="1.0" encoding="UTF-8"?>
<gpx version="1.1" creator="Amazfit" xmlns="http://www.topografix.com/GPX/1/1" xmlns:gpxtpx="http://www.garmin.com/xmlschemas/TrackPointExtension/v1">
  <trk><name>주말 풋살 경기 - 후반</name><type>Soccer</type><trkseg>
    <trkpt lat="37.566792" lon="127.000474">
      <ele>32.0</ele>
      <time>2026-07-20T20:15:00.000Z</time>
      <extensions><gpxtpx:TrackPointExtension><gpxtpx:hr>111</gpxtpx:hr></gpxtpx:TrackPointExtension></extensions>
    </trkpt>
    <trkpt lat="37.566781" lon="127.000500">
      <ele>32.0</ele>
      <time>2026-07-20T20:15:01.000Z</time>
      <extensions><gpxtpx:TrackPointExtension><gpxtpx:hr>113</gpxtpx:hr></gpxtpx:TrackPointExtension></extensions>
    </trkpt>
    <trkpt lat="37.566760" lon="127.000520">
      <ele>32.0</ele>
      <time>2026-07-20T20:15:02.000Z</time>
      <extensions><gpxtpx:TrackPointExtension><gpxtpx:hr>114</gpxtpx:hr></gpxtpx:TrackPointExtension></extensions>
    </trkpt>
    <trkpt lat="37.566749" lon="127.000560">
      <ele>32.0</ele>
      <time>2026-07-20T20:15:03.000Z</time>
      <extensions><gpxtpx:TrackPointExtension><gpxtpx:hr>116</gpxtpx:hr></gpxtpx:TrackPointExtension></extensions>
    </trkpt>
    <trkpt lat="37.566782" lon="127.000597">
      <ele>32.0</ele>
      <time>2026-07-20T20:15:04.000Z</time>
      <extensions><gpxtpx:TrackPointExtension><gpxtpx:hr>117</gpxtpx:hr></gpxtpx:TrackPointExtension></extensions>
    </trkpt>
    <trkpt lat="37.566814" lon="127.000619">
      <ele>32.0</ele>
      <time>2026-07-20T20:15:05.000Z</time>
      <extensions><gpxtpx:TrackPointExtension><gpxtpx:hr>119</gpxtpx:hr></gpxtpx:TrackPointExtension></extensions>
    </trkpt>
    <trkpt lat="37.566843" lon="127.000657">
      <ele>32.0</ele>
      <time>2026-07-20T20:15:06.000Z</time>
      <extensions><gpxtpx:TrackPointExtension><gpxtpx:hr>121</gpxtpx:hr></gpxtpx:TrackPointExtension></extensions>
    </trkpt>
    <trkpt lat="37.566879" lon="127.000694">
      <ele>32.0</ele>
      <time>2026-07-20T20:15:07.000Z</time>
      <extensions><gpxtpx:TrackPointExtension><gpxtpx:hr>123</gpxtpx:hr></gpxtpx:TrackPointExtension></extensions>
    </trkpt>
    <trkpt lat="37.566917" lon="127.000728">
      <ele>32.0</ele>
      <time>2026-07-20T20:15:08.000Z</time>
      <extensions><gpxtpx:TrackPointExtension><gpxtpx:hr>125</gpxtpx:hr></gpxtpx:TrackPointExtension></extensions>
    </trkpt>
    <trkpt lat="37.566954" lon="127.000776">
      <ele>32.0</ele>
      <time>2026-07-20T20:15:09.000Z</time>
      <extensions><gpxtpx:TrackPointExtension><gpxtpx:hr>127</gpxtpx:hr></gpxtpx:TrackPointExtension></extensions>
    </trkpt>
    <trkpt lat="37.566987" lon="127.000825">
      <ele>32.0</ele>
      <time>2026-07-20T20:15:10.000Z</time>
      <extensions><gpxtpx:TrackPointExtension><gpxtpx:hr>129</gpxtpx:hr></gpxtpx:TrackPointExtension></extensions>
    </trkpt>
    <trkpt lat="37.566975" lon="127.000820">
      <ele>32.0</ele>
      <time>2026-07-20T20:15:11.000Z</time>
      <extensions><gpxtpx:TrackPointExtension><gpxtpx:hr>129</gpxtpx:hr></gpxtpx:TrackPointExtension></extensions>
    </trkpt>
    <trkpt lat="37.566967" lon="127.000816">
      <ele>32.0</ele>
      <time>2026-07-20T20:15:12.000Z</time>
      <extensions><gpxtpx:TrackPointExtension><gpxtpx:hr>129</gpxtpx:hr></gpxtpx:TrackPointExtension></extensions>
    </trkpt>
    <trkpt lat="37.566964" lon="127.000818">
      <ele>32.0</ele>
      <time>2026-07-20T20:15:13.000Z</time>
      <extensions><gpxtpx:TrackPointExtension><gpxtpx:hr>128</gpxtpx:hr></gpxtpx:TrackPointExtension></extensions>
    </trkpt>
    <trkpt lat="37.566965" lon="127.000817">
      <ele>32.0</ele>
      <time>2026-07-20T20:15:14.000Z</time>
      <extensions><gpxtpx:TrackPointExtension><gpxtpx:hr>128</gpxtpx:hr></gpxtpx:TrackPointExtension></extensions>
    </trkpt>
    <trkpt lat="37.566966" lon="127.000752">
      <ele>32.0</ele>
      <time>2026-07-20T20:15:15.000Z</time>
      <extensions><gpxtpx:TrackPointExtension><gpxtpx:hr>129</gpxtpx:hr></gpxtpx:TrackPointExtension></extensions>
    </trkpt>
    <trkpt lat="37.566955" lon="127.000835">
      <ele>32.0</ele>
      <time>2026-07-20T20:15:16.000Z</time>
      <extensions><gpxtpx:TrackPointExtension><gpxtpx:hr>132</gpxtpx:hr></gpxtpx:TrackPointExtension></extensions>
    </trkpt>
    <trkpt lat="37.566973" lon="127.000754">
      <ele>32.0</ele>
      <time>2026-07-20T20:15:17.000Z</time>
      <extensions><gpxtpx:TrackPointExtension><gpxtpx:hr>134</gpxtpx:hr></gpxtpx:TrackPointExtension></extensions>
    </trkpt>
    <trkpt lat="37.566960" lon="127.000836">
      <ele>32.0</ele>
      <time>2026-07-20T20:15:18.000Z</time>
      <extensions><gpxtpx:TrackPointExtension><gpxtpx:hr>136</gpxtpx:hr></gpxtpx:TrackPointExtension></extensions>
    </trkpt>
    <trkpt lat="37.566922" lon="127.000886">
      <ele>32.0</ele>
      <time>2026-07-20T20:15:19.000Z</time>
      <extensions><gpxtpx:TrackPointExtension><gpxtpx:hr>138</gpxtpx:hr></gpxtpx:TrackPointExtension></extensions>
    </trkpt>
    <trkpt lat="37.566901" lon="127.000917">
      <ele>32.0</ele>
      <time>2026-07-20T20:15:20.000Z</time>
      <extensions><gpxtpx:TrackPointExtension><gpxtpx:hr>138</gpxtpx:hr></gpxtpx:TrackPointExtension></extensions>
    </trkpt>
    <trkpt lat="37.566870" lon="127.000946">
      <ele>32.0</ele>
      <time>2026-07-20T20:15:21.000Z</time>
      <extensions><gpxtpx:TrackPointExtension><gpxtpx:hr>139</gpxtpx:hr></gpxtpx:TrackPointExtension></extensions>
    </trkpt>
    <trkpt lat="37.566847" lon="127.000982">
      <ele>32.0</ele>
      <time>2026-07-20T20:15:22.000Z</time>
      <extensions><gpxtpx:TrackPointExtension><gpxtpx:hr>139</gpxtpx:hr></gpxtpx:TrackPointExtension></extensions>
    </trkpt>
    <trkpt lat="37.566828" lon="127.001006">
      <ele>32.0</ele>
      <time>2026-07-20T20:15:23.000Z</time>
      <extensions><gpxtpx:TrackPointExtension><gpxtpx:hr>140</gpxtpx:hr></gpxtpx:TrackPointExtension></extensions>
    </trkpt>
    <trkpt lat="37.566805" lon="127.001036">
      <ele>32.0</ele>
      <time>2026-07-20T20:15:24.000Z</time>
      <extensions><gpxtpx:TrackPointExtension><gpxtpx:hr>140</gpxtpx:hr></gpxtpx:TrackPointExtension></extensions>
    </trkpt>
    <trkpt lat="37.566794" lon="127.001055">
      <ele>32.0</ele>
      <time>2026-07-20T20:15:25.000Z</time>
      <extensions><gpxtpx:TrackPointExtension><gpxtpx:hr>140</gpxtpx:hr></gpxtpx:TrackPointExtension></extensions>
    </trkpt>
    <trkpt lat="37.566775" lon="127.001093">
      <ele>32.0</ele>
      <time>2026-07-20T20:15:26.000Z</time>
      <extensions><gpxtpx:TrackPointExtension><gpxtpx:hr>140</gpxtpx:hr></gpxtpx:TrackPointExtension></extensions>
    </trkpt>
    <trkpt lat="37.566759" lon="127.001114">
      <ele>32.0</ele>
      <time>2026-07-20T20:15:27.000Z</time>
      <extensions><gpxtpx:TrackPointExtension><gpxtpx:hr>140</gpxtpx:hr></gpxtpx:TrackPointExtension></extensions>
    </trkpt>
    <trkpt lat="37.566739" lon="127.001142">
      <ele>32.0</ele>
      <time>2026-07-20T20:15:28.000Z</time>
      <extensions><gpxtpx:TrackPointExtension><gpxtpx:hr>140</gpxtpx:hr></gpxtpx:TrackPointExtension></extensions>
    </trkpt>
    <trkpt lat="37.566753" lon="127.001109">
      <ele>32.0</ele>
      <time>2026-07-20T20:15:29.000Z</time>
      <extensions><gpxtpx:TrackPointExtension><gpxtpx:hr>140</gpxtpx:hr></gpxtpx:TrackPointExtension></extensions>
    </trkpt>
    <trkpt lat="37.566760" lon="127.001078">
      <ele>32.0</ele>
      <time>2026-07-20T20:15:30.000Z</time>
      <extensions><gpxtpx:TrackPointExtension><gpxtpx:hr>140</gpxtpx:hr></gpxtpx:TrackPointExtension></extensions>
    </trkpt>
    <trkpt lat="37.566754" lon="127.001058">
      <ele>32.0</ele>
      <time>2026-07-20T20:15:31.000Z</time>
      <extensions><gpxtpx:TrackPointExtension><gpxtpx:hr>140</gpxtpx:hr></gpxtpx:TrackPointExtension></extensions>
    </trkpt>
    <trkpt lat="37.566756" lon="127.001024">
      <ele>32.0</ele>
      <time>2026-07-20T20:15:32.000Z</time>
      <extensions><gpxtpx:TrackPointExtension><gpxtpx:hr>140</gpxtpx:hr></gpxtpx:TrackPointExtension></extensions>
    </trkpt>
    <trkpt lat="37.566750" lon="127.001015">
      <ele>32.0</ele>
      <time>2026-07-20T20:15:33.000Z</time>
      <extensions><gpxtpx:TrackPointExtension><gpxtpx:hr>139</gpxtpx:hr></gpxtpx:TrackPointExtension></extensions>
    </trkpt>
    <trkpt lat="37.566747" lon="127.001003">
      <ele>32.0</ele>
      <time>2026-07-20T20:15:34.000Z</time>
      <extensions><gpxtpx:TrackPointExtension><gpxtpx:hr>139</gpxtpx:hr></gpxtpx:TrackPointExtension></extensions>
    </trkpt>
    <trkpt lat="37.566753" lon="127.000983">
      <ele>32.0</ele>
      <time>2026-07-20T20:15:35.000Z</time>
      <extensions><gpxtpx:TrackPointExtension><gpxtpx:hr>138</gpxtpx:hr></gpxtpx:TrackPointExtension></extensions>
    </trkpt>
    <trkpt lat="37.566754" lon="127.000958">
      <ele>32.0</ele>
      <time>2026-07-20T20:15:36.000Z</time>
      <extensions><gpxtpx:TrackPointExtension><gpxtpx:hr>138</gpxtpx:hr></gpxtpx:TrackPointExtension></extensions>
    </trkpt>
    <trkpt lat="37.566743" lon="127.000947">
      <ele>32.0</ele>
      <time>2026-07-20T20:15:37.000Z</time>
      <extensions><gpxtpx:TrackPointExtension><gpxtpx:hr>137</gpxtpx:hr></gpxtpx:TrackPointExtension></extensions>
    </trkpt>
    <trkpt lat="37.566742" lon="127.000927">
      <ele>32.0</ele>
      <time>2026-07-20T20:15:38.000Z</time>
      <extensions><gpxtpx:TrackPointExtension><gpxtpx:hr>137</gpxtpx:hr></gpxtpx:TrackPointExtension></extensions>
    </trkpt>
    <trkpt lat="37.566745" lon="127.000919">
      <ele>32.0</ele>
      <time>2026-07-20T20:15:39.000Z</time>
      <extensions><gpxtpx:TrackPointExtension><gpxtpx:hr>136</gpxtpx:hr></gpxtpx:TrackPointExtension></extensions>
    </trkpt>
    <trkpt lat="37.566740" lon="127.000902">
      <ele>32.0</ele>
      <time>2026-07-20T20:15:40.000Z</time>
      <extensions><gpxtpx:TrackPointExtension><gpxtpx:hr>136</gpxtpx:hr></gpxtpx:TrackPointExtension></extensions>
    </trkpt>
    <trkpt lat="37.566777" lon="127.000901">
      <ele>32.0</ele>
      <time>2026-07-20T20:15:41.000Z</time>
      <extensions><gpxtpx:TrackPointExtension><gpxtpx:hr>136</gpxtpx:hr></gpxtpx:TrackPointExtension></extensions>
    </trkpt>
    <trkpt lat="37.566825" lon="127.000905">
      <ele>32.0</ele>
      <time>2026-07-20T20:15:42.000Z</time>
      <extensions><gpxtpx:TrackPointExtension><gpxtpx:hr>138</gpxtpx:hr></gpxtpx:TrackPointExtension></extensions>
    </trkpt>
    <trkpt lat="37.566871" lon="127.000911">
      <ele>32.0</ele>
      <time>2026-07-20T20:15:43.000Z</time>
      <extensions><gpxtpx:TrackPointExtension><gpxtpx:hr>139</gpxtpx:hr></gpxtpx:TrackPointExtension></extensions>
    </trkpt>
    <trkpt lat="37.566835" lon="127.000912">
      <ele>32.0</ele>
      <time>2026-07-20T20:15:44.000Z</time>
      <extensions><gpxtpx:TrackPointExtension><gpxtpx:hr>140</gpxtpx:hr></gpxtpx:TrackPointExtension></extensions>
    </trkpt>
    <trkpt lat="37.566833" lon="127.000910">
      <ele>32.0</ele>
      <time>2026-07-20T20:15:45.000Z</time>
      <extensions><gpxtpx:TrackPointExtension><gpxtpx:hr>141</gpxtpx:hr></gpxtpx:TrackPointExtension></extensions>
    </trkpt>
    <trkpt lat="37.566837" lon="127.000876">
      <ele>32.0</ele>
      <time>2026-07-20T20:15:46.000Z</time>
      <extensions><gpxtpx:TrackPointExtension><gpxtpx:hr>141</gpxtpx:hr></gpxtpx:TrackPointExtension></extensions>
    </trkpt>
    <trkpt lat="37.566845" lon="127.000837">
      <ele>32.0</ele>
      <time>2026-07-20T20:15:47.000Z</time>
      <extensions><gpxtpx:TrackPointExtension><gpxtpx:hr>141</gpxtpx:hr></gpxtpx:TrackPointExtension></extensions>
    </trkpt>
    <trkpt lat="37.566852" lon="127.000815">
      <ele>32.0</ele>
      <time>2026-07-20T20:15:48.000Z</time>
      <extensions><gpxtpx:TrackPointExtension><gpxtpx:hr>140</gpxtpx:hr></gpxtpx:TrackPointExtension></extensions>
    </trkpt>
    <trkpt lat="37.566845" lon="127.000798">
      <ele>32.0</ele>
      <time>2026-07-20T20:15:49.000Z</time>
      <extensions><gpxtpx:TrackPointExtension><gpxtpx:hr>140</gpxtpx:hr></gpxtpx:TrackPointExtension></extensions>
    </trkpt>
    <trkpt lat="37.566856" lon="127.000774">
      <ele>32.0</ele>
      <time>2026-07-20T20:15:50.000Z</time>
      <extensions><gpxtpx:TrackPointExtension><gpxtpx:hr>139</gpxtpx:hr></gpxtpx:TrackPointExtension></extensions>
    </trkpt>
    <trkpt lat="37.566864" lon="127.000765">
      <ele>32.0</ele>
      <time>2026-07-20T20:15:51.000Z</time>
      <extensions><gpxtpx:TrackPointExtension><gpxtpx:hr>139</gpxtpx:hr></gpxtpx:TrackPointExtension></extensions>
    </trkpt>
    <trkpt lat="37.566877" lon="127.000724">
      <ele>32.0</ele>
      <time>2026-07-20T20:15:52.000Z</time>
      <extensions><gpxtpx:TrackPointExtension><gpxtpx:hr>139</gpxtpx:hr></gpxtpx:TrackPointExtension></extensions>
    </trkpt>
    <trkpt lat="37.566899" lon="127.000689">
      <ele>32.0</ele>
      <time>2026-07-20T20:15:53.000Z</time>
      <extensions><gpxtpx:TrackPointExtension><gpxtpx:hr>140</gpxtpx:hr></gpxtpx:TrackPointExtension></extensions>
    </trkpt>
    <trkpt lat="37.566921" lon="127.000627">
      <ele>32.0</ele>
      <time>2026-07-20T20:15:54.000Z</time>
      <extensions><gpxtpx:TrackPointExtension><gpxtpx:hr>141</gpxtpx:hr></gpxtpx:TrackPointExtension></extensions>
    </trkpt>
    <trkpt lat="37.566884" lon="127.000621">
      <ele>32.0</ele>
      <time>2026-07-20T20:15:55.000Z</time>
      <extensions><gpxtpx:TrackPointExtension><gpxtpx:hr>141</gpxtpx:hr></gpxtpx:TrackPointExtension></extensions>
    </trkpt>
    <trkpt lat="37.566852" lon="127.000617">
      <ele>32.0</ele>
      <time>2026-07-20T20:15:56.000Z</time>
      <extensions><gpxtpx:TrackPointExtension><gpxtpx:hr>142</gpxtpx:hr></gpxtpx:TrackPointExtension></extensions>
    </trkpt>
    <trkpt lat="37.566817" lon="127.000610">
      <ele>32.0</ele>
      <time>2026-07-20T20:15:57.000Z</time>
      <extensions><gpxtpx:TrackPointExtension><gpxtpx:hr>142</gpxtpx:hr></gpxtpx:TrackPointExtension></extensions>
    </trkpt>
    <trkpt lat="37.566791" lon="127.000609">
      <ele>32.0</ele>
      <time>2026-07-20T20:15:58.000Z</time>
      <extensions><gpxtpx:TrackPointExtension><gpxtpx:hr>142</gpxtpx:hr></gpxtpx:TrackPointExtension></extensions>
    </trkpt>
    <trkpt lat="37.566754" lon="127.000605">
      <ele>32.0</ele>
      <time>2026-07-20T20:15:59.000Z</time>
      <extensions><gpxtpx:TrackPointExtension><gpxtpx:hr>142</gpxtpx:hr></gpxtpx:TrackPointExtension></extensions>
    </trkpt>
    <trkpt lat="37.566747" lon="127.000646">
      <ele>32.0</ele>
      <time>2026-07-20T20:16:00.000Z</time>
      <extensions><gpxtpx:TrackPointExtension><gpxtpx:hr>142</gpxtpx:hr></gpxtpx:TrackPointExtension></extensions>
    </trkpt>
    <trkpt lat="37.566744" lon="127.000669">
      <ele>32.0</ele>
      <time>2026-07-20T20:16:01.000Z</time>
      <extensions><gpxtpx:TrackPointExtension><gpxtpx:hr>142</gpxtpx:hr></gpxtpx:TrackPointExtension></extensions>
    </trkpt>
    <trkpt lat="37.566734" lon="127.000703">
      <ele>32.0</ele>
      <time>2026-07-20T20:16:02.000Z</time>
      <extensions><gpxtpx:TrackPointExtension><gpxtpx:hr>142</gpxtpx:hr></gpxtpx:TrackPointExtension></extensions>
    </trkpt>
    <trkpt lat="37.566725" lon="127.000743">
      <ele>32.0</ele>
      <time>2026-07-20T20:16:03.000Z</time>
      <extensions><gpxtpx:TrackPointExtension><gpxtpx:hr>142</gpxtpx:hr></gpxtpx:TrackPointExtension></extensions>
    </trkpt>
    <trkpt lat="37.566725" lon="127.000781">
      <ele>32.0</ele>
      <time>2026-07-20T20:16:04.000Z</time>
      <extensions><gpxtpx:TrackPointExtension><gpxtpx:hr>143</gpxtpx:hr></gpxtpx:TrackPointExtension></extensions>
    </trkpt>
    <trkpt lat="37.566706" lon="127.000813">
      <ele>32.0</ele>
      <time>2026-07-20T20:16:05.000Z</time>
      <extensions><gpxtpx:TrackPointExtension><gpxtpx:hr>143</gpxtpx:hr></gpxtpx:TrackPointExtension></extensions>
    </trkpt>
    <trkpt lat="37.566716" lon="127.000826">
      <ele>32.0</ele>
      <time>2026-07-20T20:16:06.000Z</time>
      <extensions><gpxtpx:TrackPointExtension><gpxtpx:hr>142</gpxtpx:hr></gpxtpx:TrackPointExtension></extensions>
    </trkpt>
    <trkpt lat="37.566718" lon="127.000833">
      <ele>32.0</ele>
      <time>2026-07-20T20:16:07.000Z</time>
      <extensions><gpxtpx:TrackPointExtension><gpxtpx:hr>141</gpxtpx:hr></gpxtpx:TrackPointExtension></extensions>
    </trkpt>
    <trkpt lat="37.566728" lon="127.000828">
      <ele>32.0</ele>
      <time>2026-07-20T20:16:08.000Z</time>
      <extensions><gpxtpx:TrackPointExtension><gpxtpx:hr>140</gpxtpx:hr></gpxtpx:TrackPointExtension></extensions>
    </trkpt>
    <trkpt lat="37.566723" lon="127.000841">
      <ele>32.0</ele>
      <time>2026-07-20T20:16:09.000Z</time>
      <extensions><gpxtpx:TrackPointExtension><gpxtpx:hr>138</gpxtpx:hr></gpxtpx:TrackPointExtension></extensions>
    </trkpt>
    <trkpt lat="37.566726" lon="127.000842">
      <ele>32.0</ele>
      <time>2026-07-20T20:16:10.000Z</time>
      <extensions><gpxtpx:TrackPointExtension><gpxtpx:hr>137</gpxtpx:hr></gpxtpx:TrackPointExtension></extensions>
    </trkpt>
    <trkpt lat="37.566723" lon="127.000840">
      <ele>32.0</ele>
      <time>2026-07-20T20:16:11.000Z</time>
      <extensions><gpxtpx:TrackPointExtension><gpxtpx:hr>136</gpxtpx:hr></gpxtpx:TrackPointExtension></extensions>
    </trkpt>
    <trkpt lat="37.566717" lon="127.000785">
      <ele>32.0</ele>
      <time>2026-07-20T20:16:12.000Z</time>
      <extensions><gpxtpx:TrackPointExtension><gpxtpx:hr>137</gpxtpx:hr></gpxtpx:TrackPointExtension></extensions>
    </trkpt>
    <trkpt lat="37.566704" lon="127.000706">
      <ele>32.0</ele>
      <time>2026-07-20T20:16:13.000Z</time>
      <extensions><gpxtpx:TrackPointExtension><gpxtpx:hr>139</gpxtpx:hr></gpxtpx:TrackPointExtension></extensions>
    </trkpt>
    <trkpt lat="37.566687" lon="127.000636">
      <ele>32.0</ele>
      <time>2026-07-20T20:16:14.000Z</time>
      <extensions><gpxtpx:TrackPointExtension><gpxtpx:hr>141</gpxtpx:hr></gpxtpx:TrackPointExtension></extensions>
    </trkpt>
    <trkpt lat="37.566698" lon="127.000613">
      <ele>32.0</ele>
      <time>2026-07-20T20:16:15.000Z</time>
      <extensions><gpxtpx:TrackPointExtension><gpxtpx:hr>141</gpxtpx:hr></gpxtpx:TrackPointExtension></extensions>
    </trkpt>
    <trkpt lat="37.566701" lon="127.000601">
      <ele>32.0</ele>
      <time>2026-07-20T20:16:16.000Z</time>
      <extensions><gpxtpx:TrackPointExtension><gpxtpx:hr>140</gpxtpx:hr></gpxtpx:TrackPointExtension></extensions>
    </trkpt>
    <trkpt lat="37.566703" lon="127.000592">
      <ele>32.0</ele>
      <time>2026-07-20T20:16:17.000Z</time>
      <extensions><gpxtpx:TrackPointExtension><gpxtpx:hr>139</gpxtpx:hr></gpxtpx:TrackPointExtension></extensions>
    </trkpt>
    <trkpt lat="37.566700" lon="127.000596">
      <ele>32.0</ele>
      <time>2026-07-20T20:16:18.000Z</time>
      <extensions><gpxtpx:TrackPointExtension><gpxtpx:hr>138</gpxtpx:hr></gpxtpx:TrackPointExtension></extensions>
    </trkpt>
    <trkpt lat="37.566699" lon="127.000633">
      <ele>32.0</ele>
      <time>2026-07-20T20:16:19.000Z</time>
      <extensions><gpxtpx:TrackPointExtension><gpxtpx:hr>139</gpxtpx:hr></gpxtpx:TrackPointExtension></extensions>
    </trkpt>
    <trkpt lat="37.566705" lon="127.000689">
      <ele>32.0</ele>
      <time>2026-07-20T20:16:20.000Z</time>
      <extensions><gpxtpx:TrackPointExtension><gpxtpx:hr>140</gpxtpx:hr></gpxtpx:TrackPointExtension></extensions>
    </trkpt>
    <trkpt lat="37.566697" lon="127.000754">
      <ele>32.0</ele>
      <time>2026-07-20T20:16:21.000Z</time>
      <extensions><gpxtpx:TrackPointExtension><gpxtpx:hr>141</gpxtpx:hr></gpxtpx:TrackPointExtension></extensions>
    </trkpt>
    <trkpt lat="37.566694" lon="127.000800">
      <ele>32.0</ele>
      <time>2026-07-20T20:16:22.000Z</time>
      <extensions><gpxtpx:TrackPointExtension><gpxtpx:hr>141</gpxtpx:hr></gpxtpx:TrackPointExtension></extensions>
    </trkpt>
    <trkpt lat="37.566693" lon="127.000860">
      <ele>32.0</ele>
      <time>2026-07-20T20:16:23.000Z</time>
      <extensions><gpxtpx:TrackPointExtension><gpxtpx:hr>142</gpxtpx:hr></gpxtpx:TrackPointExtension></extensions>
    </trkpt>
    <trkpt lat="37.566731" lon="127.000892">
      <ele>32.0</ele>
      <time>2026-07-20T20:16:24.000Z</time>
      <extensions><gpxtpx:TrackPointExtension><gpxtpx:hr>143</gpxtpx:hr></gpxtpx:TrackPointExtension></extensions>
    </trkpt>
    <trkpt lat="37.566785" lon="127.000912">
      <ele>32.0</ele>
      <time>2026-07-20T20:16:25.000Z</time>
      <extensions><gpxtpx:TrackPointExtension><gpxtpx:hr>144</gpxtpx:hr></gpxtpx:TrackPointExtension></extensions>
    </trkpt>
    <trkpt lat="37.566817" lon="127.000928">
      <ele>32.0</ele>
      <time>2026-07-20T20:16:26.000Z</time>
      <extensions><gpxtpx:TrackPointExtension><gpxtpx:hr>145</gpxtpx:hr></gpxtpx:TrackPointExtension></extensions>
    </trkpt>
    <trkpt lat="37.566867" lon="127.000961">
      <ele>32.0</ele>
      <time>2026-07-20T20:16:27.000Z</time>
      <extensions><gpxtpx:TrackPointExtension><gpxtpx:hr>146</gpxtpx:hr></gpxtpx:TrackPointExtension></extensions>
    </trkpt>
    <trkpt lat="37.566908" lon="127.000983">
      <ele>32.0</ele>
      <time>2026-07-20T20:16:28.000Z</time>
      <extensions><gpxtpx:TrackPointExtension><gpxtpx:hr>147</gpxtpx:hr></gpxtpx:TrackPointExtension></extensions>
    </trkpt>
    <trkpt lat="37.566897" lon="127.000967">
      <ele>32.0</ele>
      <time>2026-07-20T20:16:29.000Z</time>
      <extensions><gpxtpx:TrackPointExtension><gpxtpx:hr>146</gpxtpx:hr></gpxtpx:TrackPointExtension></extensions>
    </trkpt>
    <trkpt lat="37.566894" lon="127.000950">
      <ele>32.0</ele>
      <time>2026-07-20T20:16:30.000Z</time>
      <extensions><gpxtpx:TrackPointExtension><gpxtpx:hr>144</gpxtpx:hr></gpxtpx:TrackPointExtension></extensions>
    </trkpt>
    <trkpt lat="37.566895" lon="127.000945">
      <ele>32.0</ele>
      <time>2026-07-20T20:16:31.000Z</time>
      <extensions><gpxtpx:TrackPointExtension><gpxtpx:hr>143</gpxtpx:hr></gpxtpx:TrackPointExtension></extensions>
    </trkpt>
    <trkpt lat="37.566891" lon="127.000947">
      <ele>32.0</ele>
      <time>2026-07-20T20:16:32.000Z</time>
      <extensions><gpxtpx:TrackPointExtension><gpxtpx:hr>142</gpxtpx:hr></gpxtpx:TrackPointExtension></extensions>
    </trkpt>
    <trkpt lat="37.566891" lon="127.000950">
      <ele>32.0</ele>
      <time>2026-07-20T20:16:33.000Z</time>
      <extensions><gpxtpx:TrackPointExtension><gpxtpx:hr>141</gpxtpx:hr></gpxtpx:TrackPointExtension></extensions>
    </trkpt>
    <trkpt lat="37.566889" lon="127.000933">
      <ele>32.0</ele>
      <time>2026-07-20T20:16:34.000Z</time>
      <extensions><gpxtpx:TrackPointExtension><gpxtpx:hr>140</gpxtpx:hr></gpxtpx:TrackPointExtension></extensions>
    </trkpt>
    <trkpt lat="37.566903" lon="127.000902">
      <ele>32.0</ele>
      <time>2026-07-20T20:16:35.000Z</time>
      <extensions><gpxtpx:TrackPointExtension><gpxtpx:hr>140</gpxtpx:hr></gpxtpx:TrackPointExtension></extensions>
    </trkpt>
    <trkpt lat="37.566911" lon="127.000862">
      <ele>32.0</ele>
      <time>2026-07-20T20:16:36.000Z</time>
      <extensions><gpxtpx:TrackPointExtension><gpxtpx:hr>140</gpxtpx:hr></gpxtpx:TrackPointExtension></extensions>
    </trkpt>
    <trkpt lat="37.566907" lon="127.000832">
      <ele>32.0</ele>
      <time>2026-07-20T20:16:37.000Z</time>
      <extensions><gpxtpx:TrackPointExtension><gpxtpx:hr>140</gpxtpx:hr></gpxtpx:TrackPointExtension></extensions>
    </trkpt>
    <trkpt lat="37.566916" lon="127.000813">
      <ele>32.0</ele>
      <time>2026-07-20T20:16:38.000Z</time>
      <extensions><gpxtpx:TrackPointExtension><gpxtpx:hr>140</gpxtpx:hr></gpxtpx:TrackPointExtension></extensions>
    </trkpt>
    <trkpt lat="37.566923" lon="127.000766">
      <ele>32.0</ele>
      <time>2026-07-20T20:16:39.000Z</time>
      <extensions><gpxtpx:TrackPointExtension><gpxtpx:hr>140</gpxtpx:hr></gpxtpx:TrackPointExtension></extensions>
    </trkpt>
    <trkpt lat="37.566930" lon="127.000743">
      <ele>32.0</ele>
      <time>2026-07-20T20:16:40.000Z</time>
      <extensions><gpxtpx:TrackPointExtension><gpxtpx:hr>140</gpxtpx:hr></gpxtpx:TrackPointExtension></extensions>
    </trkpt>
    <trkpt lat="37.566936" lon="127.000697">
      <ele>32.0</ele>
      <time>2026-07-20T20:16:41.000Z</time>
      <extensions><gpxtpx:TrackPointExtension><gpxtpx:hr>140</gpxtpx:hr></gpxtpx:TrackPointExtension></extensions>
    </trkpt>
    <trkpt lat="37.566940" lon="127.000665">
      <ele>32.0</ele>
      <time>2026-07-20T20:16:42.000Z</time>
      <extensions><gpxtpx:TrackPointExtension><gpxtpx:hr>141</gpxtpx:hr></gpxtpx:TrackPointExtension></extensions>
    </trkpt>
    <trkpt lat="37.566951" lon="127.000625">
      <ele>32.0</ele>
      <time>2026-07-20T20:16:43.000Z</time>
      <extensions><gpxtpx:TrackPointExtension><gpxtpx:hr>141</gpxtpx:hr></gpxtpx:TrackPointExtension></extensions>
    </trkpt>
    <trkpt lat="37.566954" lon="127.000595">
      <ele>32.0</ele>
      <time>2026-07-20T20:16:44.000Z</time>
      <extensions><gpxtpx:TrackPointExtension><gpxtpx:hr>141</gpxtpx:hr></gpxtpx:TrackPointExtension></extensions>
    </trkpt>
    <trkpt lat="37.566949" lon="127.000567">
      <ele>32.0</ele>
      <time>2026-07-20T20:16:45.000Z</time>
      <extensions><gpxtpx:TrackPointExtension><gpxtpx:hr>140</gpxtpx:hr></gpxtpx:TrackPointExtension></extensions>
    </trkpt>
    <trkpt lat="37.566955" lon="127.000551">
      <ele>32.0</ele>
      <time>2026-07-20T20:16:46.000Z</time>
      <extensions><gpxtpx:TrackPointExtension><gpxtpx:hr>140</gpxtpx:hr></gpxtpx:TrackPointExtension></extensions>
    </trkpt>
    <trkpt lat="37.566958" lon="127.000533">
      <ele>32.0</ele>
      <time>2026-07-20T20:16:47.000Z</time>
      <extensions><gpxtpx:TrackPointExtension><gpxtpx:hr>139</gpxtpx:hr></gpxtpx:TrackPointExtension></extensions>
    </trkpt>
    <trkpt lat="37.566955" lon="127.000517">
      <ele>32.0</ele>
      <time>2026-07-20T20:16:48.000Z</time>
      <extensions><gpxtpx:TrackPointExtension><gpxtpx:hr>139</gpxtpx:hr></gpxtpx:TrackPointExtension></extensions>
    </trkpt>
    <trkpt lat="37.566955" lon="127.000496">
      <ele>32.0</ele>
      <time>2026-07-20T20:16:49.000Z</time>
      <extensions><gpxtpx:TrackPointExtension><gpxtpx:hr>138</gpxtpx:hr></gpxtpx:TrackPointExtension></extensions>
    </trkpt>
    <trkpt lat="37.566948" lon="127.000487">
      <ele>32.0</ele>
      <time>2026-07-20T20:16:50.000Z</time>
      <extensions><gpxtpx:TrackPointExtension><gpxtpx:hr>138</gpxtpx:hr></gpxtpx:TrackPointExtension></extensions>
    </trkpt>
    <trkpt lat="37.566949" lon="127.000466">
      <ele>32.0</ele>
      <time>2026-07-20T20:16:51.000Z</time>
      <extensions><gpxtpx:TrackPointExtension><gpxtpx:hr>137</gpxtpx:hr></gpxtpx:TrackPointExtension></extensions>
    </trkpt>
    <trkpt lat="37.566958" lon="127.000455">
      <ele>32.0</ele>
      <time>2026-07-20T20:16:52.000Z</time>
      <extensions><gpxtpx:TrackPointExtension><gpxtpx:hr>137</gpxtpx:hr></gpxtpx:TrackPointExtension></extensions>
    </trkpt>
    <trkpt lat="37.566963" lon="127.000436">
      <ele>32.0</ele>
      <time>2026-07-20T20:16:53.000Z</time>
      <extensions><gpxtpx:TrackPointExtension><gpxtpx:hr>136</gpxtpx:hr></gpxtpx:TrackPointExtension></extensions>
    </trkpt>
    <trkpt lat="37.566948" lon="127.000434">
      <ele>32.0</ele>
      <time>2026-07-20T20:16:54.000Z</time>
      <extensions><gpxtpx:TrackPointExtension><gpxtpx:hr>136</gpxtpx:hr></gpxtpx:TrackPointExtension></extensions>
    </trkpt>
    <trkpt lat="37.566951" lon="127.000425">
      <ele>32.0</ele>
      <time>2026-07-20T20:16:55.000Z</time>
      <extensions><gpxtpx:TrackPointExtension><gpxtpx:hr>135</gpxtpx:hr></gpxtpx:TrackPointExtension></extensions>
    </trkpt>
    <trkpt lat="37.566954" lon="127.000493">
      <ele>32.0</ele>
      <time>2026-07-20T20:16:56.000Z</time>
      <extensions><gpxtpx:TrackPointExtension><gpxtpx:hr>136</gpxtpx:hr></gpxtpx:TrackPointExtension></extensions>
    </trkpt>
    <trkpt lat="37.566973" lon="127.000556">
      <ele>32.0</ele>
      <time>2026-07-20T20:16:57.000Z</time>
      <extensions><gpxtpx:TrackPointExtension><gpxtpx:hr>138</gpxtpx:hr></gpxtpx:TrackPointExtension></extensions>
    </trkpt>
    <trkpt lat="37.566985" lon="127.000642">
      <ele>32.0</ele>
      <time>2026-07-20T20:16:58.000Z</time>
      <extensions><gpxtpx:TrackPointExtension><gpxtpx:hr>140</gpxtpx:hr></gpxtpx:TrackPointExtension></extensions>
    </trkpt>
    <trkpt lat="37.567014" lon="127.000723">
      <ele>32.0</ele>
      <time>2026-07-20T20:16:59.000Z</time>
      <extensions><gpxtpx:TrackPointExtension><gpxtpx:hr>142</gpxtpx:hr></gpxtpx:TrackPointExtension></extensions>
    </trkpt>
    <trkpt lat="37.567018" lon="127.000810">
      <ele>32.0</ele>
      <time>2026-07-20T20:17:00.000Z</time>
      <extensions><gpxtpx:TrackPointExtension><gpxtpx:hr>144</gpxtpx:hr></gpxtpx:TrackPointExtension></extensions>
    </trkpt>
    <trkpt lat="37.567003" lon="127.000773">
      <ele>32.0</ele>
      <time>2026-07-20T20:17:01.000Z</time>
      <extensions><gpxtpx:TrackPointExtension><gpxtpx:hr>145</gpxtpx:hr></gpxtpx:TrackPointExtension></extensions>
    </trkpt>
    <trkpt lat="37.566980" lon="127.000747">
      <ele>32.0</ele>
      <time>2026-07-20T20:17:02.000Z</time>
      <extensions><gpxtpx:TrackPointExtension><gpxtpx:hr>144</gpxtpx:hr></gpxtpx:TrackPointExtension></extensions>
    </trkpt>
    <trkpt lat="37.566957" lon="127.000725">
      <ele>32.0</ele>
      <time>2026-07-20T20:17:03.000Z</time>
      <extensions><gpxtpx:TrackPointExtension><gpxtpx:hr>144</gpxtpx:hr></gpxtpx:TrackPointExtension></extensions>
    </trkpt>
    <trkpt lat="37.566958" lon="127.000699">
      <ele>32.0</ele>
      <time>2026-07-20T20:17:04.000Z</time>
      <extensions><gpxtpx:TrackPointExtension><gpxtpx:hr>144</gpxtpx:hr></gpxtpx:TrackPointExtension></extensions>
    </trkpt>
    <trkpt lat="37.566943" lon="127.000683">
      <ele>32.0</ele>
      <time>2026-07-20T20:17:05.000Z</time>
      <extensions><gpxtpx:TrackPointExtension><gpxtpx:hr>143</gpxtpx:hr></gpxtpx:TrackPointExtension></extensions>
    </trkpt>
    <trkpt lat="37.566924" lon="127.000676">
      <ele>32.0</ele>
      <time>2026-07-20T20:17:06.000Z</time>
      <extensions><gpxtpx:TrackPointExtension><gpxtpx:hr>142</gpxtpx:hr></gpxtpx:TrackPointExtension></extensions>
    </trkpt>
    <trkpt lat="37.566904" lon="127.000678">
      <ele>32.0</ele>
      <time>2026-07-20T20:17:07.000Z</time>
      <extensions><gpxtpx:TrackPointExtension><gpxtpx:hr>142</gpxtpx:hr></gpxtpx:TrackPointExtension></extensions>
    </trkpt>
    <trkpt lat="37.566897" lon="127.000671">
      <ele>32.0</ele>
      <time>2026-07-20T20:17:08.000Z</time>
      <extensions><gpxtpx:TrackPointExtension><gpxtpx:hr>141</gpxtpx:hr></gpxtpx:TrackPointExtension></extensions>
    </trkpt>
    <trkpt lat="37.566877" lon="127.000663">
      <ele>32.0</ele>
      <time>2026-07-20T20:17:09.000Z</time>
      <extensions><gpxtpx:TrackPointExtension><gpxtpx:hr>141</gpxtpx:hr></gpxtpx:TrackPointExtension></extensions>
    </trkpt>
    <trkpt lat="37.566888" lon="127.000668">
      <ele>32.0</ele>
      <time>2026-07-20T20:17:10.000Z</time>
      <extensions><gpxtpx:TrackPointExtension><gpxtpx:hr>140</gpxtpx:hr></gpxtpx:TrackPointExtension></extensions>
    </trkpt>
    <trkpt lat="37.566895" lon="127.000689">
      <ele>32.0</ele>
      <time>2026-07-20T20:17:11.000Z</time>
      <extensions><gpxtpx:TrackPointExtension><gpxtpx:hr>140</gpxtpx:hr></gpxtpx:TrackPointExtension></extensions>
    </trkpt>
    <trkpt lat="37.566900" lon="127.000708">
      <ele>32.0</ele>
      <time>2026-07-20T20:17:12.000Z</time>
      <extensions><gpxtpx:TrackPointExtension><gpxtpx:hr>139</gpxtpx:hr></gpxtpx:TrackPointExtension></extensions>
    </trkpt>
    <trkpt lat="37.566916" lon="127.000712">
      <ele>32.0</ele>
      <time>2026-07-20T20:17:13.000Z</time>
      <extensions><gpxtpx:TrackPointExtension><gpxtpx:hr>139</gpxtpx:hr></gpxtpx:TrackPointExtension></extensions>
    </trkpt>
    <trkpt lat="37.566925" lon="127.000725">
      <ele>32.0</ele>
      <time>2026-07-20T20:17:14.000Z</time>
      <extensions><gpxtpx:TrackPointExtension><gpxtpx:hr>138</gpxtpx:hr></gpxtpx:TrackPointExtension></extensions>
    </trkpt>
    <trkpt lat="37.566923" lon="127.000746">
      <ele>32.0</ele>
      <time>2026-07-20T20:17:15.000Z</time>
      <extensions><gpxtpx:TrackPointExtension><gpxtpx:hr>138</gpxtpx:hr></gpxtpx:TrackPointExtension></extensions>
    </trkpt>
    <trkpt lat="37.566933" lon="127.000768">
      <ele>32.0</ele>
      <time>2026-07-20T20:17:16.000Z</time>
      <extensions><gpxtpx:TrackPointExtension><gpxtpx:hr>137</gpxtpx:hr></gpxtpx:TrackPointExtension></extensions>
    </trkpt>
    <trkpt lat="37.566936" lon="127.000780">
      <ele>32.0</ele>
      <time>2026-07-20T20:17:17.000Z</time>
      <extensions><gpxtpx:TrackPointExtension><gpxtpx:hr>137</gpxtpx:hr></gpxtpx:TrackPointExtension></extensions>
    </trkpt>
    <trkpt lat="37.566949" lon="127.000795">
      <ele>32.0</ele>
      <time>2026-07-20T20:17:18.000Z</time>
      <extensions><gpxtpx:TrackPointExtension><gpxtpx:hr>136</gpxtpx:hr></gpxtpx:TrackPointExtension></extensions>
    </trkpt>
    <trkpt lat="37.566965" lon="127.000809">
      <ele>32.0</ele>
      <time>2026-07-20T20:17:19.000Z</time>
      <extensions><gpxtpx:TrackPointExtension><gpxtpx:hr>136</gpxtpx:hr></gpxtpx:TrackPointExtension></extensions>
    </trkpt>
    <trkpt lat="37.566962" lon="127.000818">
      <ele>32.0</ele>
      <time>2026-07-20T20:17:20.000Z</time>
      <extensions><gpxtpx:TrackPointExtension><gpxtpx:hr>136</gpxtpx:hr></gpxtpx:TrackPointExtension></extensions>
    </trkpt>
    <trkpt lat="37.566966" lon="127.000786">
      <ele>32.0</ele>
      <time>2026-07-20T20:17:21.000Z</time>
      <extensions><gpxtpx:TrackPointExtension><gpxtpx:hr>136</gpxtpx:hr></gpxtpx:TrackPointExtension></extensions>
    </trkpt>
    <trkpt lat="37.566959" lon="127.000764">
      <ele>32.0</ele>
      <time>2026-07-20T20:17:22.000Z</time>
      <extensions><gpxtpx:TrackPointExtension><gpxtpx:hr>136</gpxtpx:hr></gpxtpx:TrackPointExtension></extensions>
    </trkpt>
    <trkpt lat="37.566959" lon="127.000724">
      <ele>32.0</ele>
      <time>2026-07-20T20:17:23.000Z</time>
      <extensions><gpxtpx:TrackPointExtension><gpxtpx:hr>136</gpxtpx:hr></gpxtpx:TrackPointExtension></extensions>
    </trkpt>
    <trkpt lat="37.566958" lon="127.000695">
      <ele>32.0</ele>
      <time>2026-07-20T20:17:24.000Z</time>
      <extensions><gpxtpx:TrackPointExtension><gpxtpx:hr>136</gpxtpx:hr></gpxtpx:TrackPointExtension></extensions>
    </trkpt>
    <trkpt lat="37.566950" lon="127.000649">
      <ele>32.0</ele>
      <time>2026-07-20T20:17:25.000Z</time>
      <extensions><gpxtpx:TrackPointExtension><gpxtpx:hr>137</gpxtpx:hr></gpxtpx:TrackPointExtension></extensions>
    </trkpt>
    <trkpt lat="37.566961" lon="127.000617">
      <ele>32.0</ele>
      <time>2026-07-20T20:17:26.000Z</time>
      <extensions><gpxtpx:TrackPointExtension><gpxtpx:hr>137</gpxtpx:hr></gpxtpx:TrackPointExtension></extensions>
    </trkpt>
    <trkpt lat="37.566959" lon="127.000641">
      <ele>32.0</ele>
      <time>2026-07-20T20:17:27.000Z</time>
      <extensions><gpxtpx:TrackPointExtension><gpxtpx:hr>138</gpxtpx:hr></gpxtpx:TrackPointExtension></extensions>
    </trkpt>
    <trkpt lat="37.566969" lon="127.000679">
      <ele>32.0</ele>
      <time>2026-07-20T20:17:28.000Z</time>
      <extensions><gpxtpx:TrackPointExtension><gpxtpx:hr>138</gpxtpx:hr></gpxtpx:TrackPointExtension></extensions>
    </trkpt>
    <trkpt lat="37.566986" lon="127.000719">
      <ele>32.0</ele>
      <time>2026-07-20T20:17:29.000Z</time>
      <extensions><gpxtpx:TrackPointExtension><gpxtpx:hr>138</gpxtpx:hr></gpxtpx:TrackPointExtension></extensions>
    </trkpt>
    <trkpt lat="37.566991" lon="127.000757">
      <ele>32.0</ele>
      <time>2026-07-20T20:17:30.000Z</time>
      <extensions><gpxtpx:TrackPointExtension><gpxtpx:hr>139</gpxtpx:hr></gpxtpx:TrackPointExtension></extensions>
    </trkpt>
    <trkpt lat="37.567010" lon="127.000800">
      <ele>32.0</ele>
      <time>2026-07-20T20:17:31.000Z</time>
      <extensions><gpxtpx:TrackPointExtension><gpxtpx:hr>139</gpxtpx:hr></gpxtpx:TrackPointExtension></extensions>
    </trkpt>
    <trkpt lat="37.567010" lon="127.000822">
      <ele>32.0</ele>
      <time>2026-07-20T20:17:32.000Z</time>
      <extensions><gpxtpx:TrackPointExtension><gpxtpx:hr>139</gpxtpx:hr></gpxtpx:TrackPointExtension></extensions>
    </trkpt>
    <trkpt lat="37.567017" lon="127.000868">
      <ele>32.0</ele>
      <time>2026-07-20T20:17:33.000Z</time>
      <extensions><gpxtpx:TrackPointExtension><gpxtpx:hr>139</gpxtpx:hr></gpxtpx:TrackPointExtension></extensions>
    </trkpt>
    <trkpt lat="37.567020" lon="127.000838">
      <ele>32.0</ele>
      <time>2026-07-20T20:17:34.000Z</time>
      <extensions><gpxtpx:TrackPointExtension><gpxtpx:hr>139</gpxtpx:hr></gpxtpx:TrackPointExtension></extensions>
    </trkpt>
    <trkpt lat="37.567017" lon="127.000861">
      <ele>32.0</ele>
      <time>2026-07-20T20:17:35.000Z</time>
      <extensions><gpxtpx:TrackPointExtension><gpxtpx:hr>140</gpxtpx:hr></gpxtpx:TrackPointExtension></extensions>
    </trkpt>
    <trkpt lat="37.567015" lon="127.000829">
      <ele>32.0</ele>
      <time>2026-07-20T20:17:36.000Z</time>
      <extensions><gpxtpx:TrackPointExtension><gpxtpx:hr>140</gpxtpx:hr></gpxtpx:TrackPointExtension></extensions>
    </trkpt>
    <trkpt lat="37.567028" lon="127.000867">
      <ele>32.0</ele>
      <time>2026-07-20T20:17:37.000Z</time>
      <extensions><gpxtpx:TrackPointExtension><gpxtpx:hr>140</gpxtpx:hr></gpxtpx:TrackPointExtension></extensions>
    </trkpt>
    <trkpt lat="37.567009" lon="127.000820">
      <ele>32.0</ele>
      <time>2026-07-20T20:17:38.000Z</time>
      <extensions><gpxtpx:TrackPointExtension><gpxtpx:hr>140</gpxtpx:hr></gpxtpx:TrackPointExtension></extensions>
    </trkpt>
    <trkpt lat="37.566988" lon="127.000778">
      <ele>32.0</ele>
      <time>2026-07-20T20:17:39.000Z</time>
      <extensions><gpxtpx:TrackPointExtension><gpxtpx:hr>141</gpxtpx:hr></gpxtpx:TrackPointExtension></extensions>
    </trkpt>
    <trkpt lat="37.566961" lon="127.000744">
      <ele>32.0</ele>
      <time>2026-07-20T20:17:40.000Z</time>
      <extensions><gpxtpx:TrackPointExtension><gpxtpx:hr>142</gpxtpx:hr></gpxtpx:TrackPointExtension></extensions>
    </trkpt>
    <trkpt lat="37.566936" lon="127.000677">
      <ele>32.0</ele>
      <time>2026-07-20T20:17:41.000Z</time>
      <extensions><gpxtpx:TrackPointExtension><gpxtpx:hr>143</gpxtpx:hr></gpxtpx:TrackPointExtension></extensions>
    </trkpt>
    <trkpt lat="37.566898" lon="127.000626">
      <ele>32.0</ele>
      <time>2026-07-20T20:17:42.000Z</time>
      <extensions><gpxtpx:TrackPointExtension><gpxtpx:hr>144</gpxtpx:hr></gpxtpx:TrackPointExtension></extensions>
    </trkpt>
    <trkpt lat="37.566877" lon="127.000587">
      <ele>32.0</ele>
      <time>2026-07-20T20:17:43.000Z</time>
      <extensions><gpxtpx:TrackPointExtension><gpxtpx:hr>145</gpxtpx:hr></gpxtpx:TrackPointExtension></extensions>
    </trkpt>
    <trkpt lat="37.566847" lon="127.000538">
      <ele>32.0</ele>
      <time>2026-07-20T20:17:44.000Z</time>
      <extensions><gpxtpx:TrackPointExtension><gpxtpx:hr>146</gpxtpx:hr></gpxtpx:TrackPointExtension></extensions>
    </trkpt>
    <trkpt lat="37.566817" lon="127.000560">
      <ele>32.0</ele>
      <time>2026-07-20T20:17:45.000Z</time>
      <extensions><gpxtpx:TrackPointExtension><gpxtpx:hr>146</gpxtpx:hr></gpxtpx:TrackPointExtension></extensions>
    </trkpt>
    <trkpt lat="37.566796" lon="127.000604">
      <ele>32.0</ele>
      <time>2026-07-20T20:17:46.000Z</time>
      <extensions><gpxtpx:TrackPointExtension><gpxtpx:hr>147</gpxtpx:hr></gpxtpx:TrackPointExtension></extensions>
    </trkpt>
    <trkpt lat="37.566761" lon="127.000638">
      <ele>32.0</ele>
      <time>2026-07-20T20:17:47.000Z</time>
      <extensions><gpxtpx:TrackPointExtension><gpxtpx:hr>147</gpxtpx:hr></gpxtpx:TrackPointExtension></extensions>
    </trkpt>
    <trkpt lat="37.566736" lon="127.000668">
      <ele>32.0</ele>
      <time>2026-07-20T20:17:48.000Z</time>
      <extensions><gpxtpx:TrackPointExtension><gpxtpx:hr>147</gpxtpx:hr></gpxtpx:TrackPointExtension></extensions>
    </trkpt>
    <trkpt lat="37.566721" lon="127.000689">
      <ele>32.0</ele>
      <time>2026-07-20T20:17:49.000Z</time>
      <extensions><gpxtpx:TrackPointExtension><gpxtpx:hr>147</gpxtpx:hr></gpxtpx:TrackPointExtension></extensions>
    </trkpt>
    <trkpt lat="37.566698" lon="127.000725">
      <ele>32.0</ele>
      <time>2026-07-20T20:17:50.000Z</time>
      <extensions><gpxtpx:TrackPointExtension><gpxtpx:hr>147</gpxtpx:hr></gpxtpx:TrackPointExtension></extensions>
    </trkpt>
    <trkpt lat="37.566682" lon="127.000734">
      <ele>32.0</ele>
      <time>2026-07-20T20:17:51.000Z</time>
      <extensions><gpxtpx:TrackPointExtension><gpxtpx:hr>146</gpxtpx:hr></gpxtpx:TrackPointExtension></extensions>
    </trkpt>
    <trkpt lat="37.566665" lon="127.000761">
      <ele>32.0</ele>
      <time>2026-07-20T20:17:52.000Z</time>
      <extensions><gpxtpx:TrackPointExtension><gpxtpx:hr>146</gpxtpx:hr></gpxtpx:TrackPointExtension></extensions>
    </trkpt>
    <trkpt lat="37.566647" lon="127.000800">
      <ele>32.0</ele>
      <time>2026-07-20T20:17:53.000Z</time>
      <extensions><gpxtpx:TrackPointExtension><gpxtpx:hr>146</gpxtpx:hr></gpxtpx:TrackPointExtension></extensions>
    </trkpt>
    <trkpt lat="37.566625" lon="127.000826">
      <ele>32.0</ele>
      <time>2026-07-20T20:17:54.000Z</time>
      <extensions><gpxtpx:TrackPointExtension><gpxtpx:hr>146</gpxtpx:hr></gpxtpx:TrackPointExtension></extensions>
    </trkpt>
    <trkpt lat="37.566626" lon="127.000821">
      <ele>32.0</ele>
      <time>2026-07-20T20:17:55.000Z</time>
      <extensions><gpxtpx:TrackPointExtension><gpxtpx:hr>145</gpxtpx:hr></gpxtpx:TrackPointExtension></extensions>
    </trkpt>
    <trkpt lat="37.566636" lon="127.000821">
      <ele>32.0</ele>
      <time>2026-07-20T20:17:56.000Z</time>
      <extensions><gpxtpx:TrackPointExtension><gpxtpx:hr>143</gpxtpx:hr></gpxtpx:TrackPointExtension></extensions>
    </trkpt>
    <trkpt lat="37.566654" lon="127.000834">
      <ele>32.0</ele>
      <time>2026-07-20T20:17:57.000Z</time>
      <extensions><gpxtpx:TrackPointExtension><gpxtpx:hr>143</gpxtpx:hr></gpxtpx:TrackPointExtension></extensions>
    </trkpt>
    <trkpt lat="37.566660" lon="127.000830">
      <ele>32.0</ele>
      <time>2026-07-20T20:17:58.000Z</time>
      <extensions><gpxtpx:TrackPointExtension><gpxtpx:hr>142</gpxtpx:hr></gpxtpx:TrackPointExtension></extensions>
    </trkpt>
    <trkpt lat="37.566678" lon="127.000833">
      <ele>32.0</ele>
      <time>2026-07-20T20:17:59.000Z</time>
      <extensions><gpxtpx:TrackPointExtension><gpxtpx:hr>141</gpxtpx:hr></gpxtpx:TrackPointExtension></extensions>
    </trkpt>
    <trkpt lat="37.566686" lon="127.000827">
      <ele>32.0</ele>
      <time>2026-07-20T20:18:00.000Z</time>
      <extensions><gpxtpx:TrackPointExtension><gpxtpx:hr>141</gpxtpx:hr></gpxtpx:TrackPointExtension></extensions>
    </trkpt>
    <trkpt lat="37.566702" lon="127.000818">
      <ele>32.0</ele>
      <time>2026-07-20T20:18:01.000Z</time>
      <extensions><gpxtpx:TrackPointExtension><gpxtpx:hr>140</gpxtpx:hr></gpxtpx:TrackPointExtension></extensions>
    </trkpt>
    <trkpt lat="37.566718" lon="127.000818">
      <ele>32.0</ele>
      <time>2026-07-20T20:18:02.000Z</time>
      <extensions><gpxtpx:TrackPointExtension><gpxtpx:hr>140</gpxtpx:hr></gpxtpx:TrackPointExtension></extensions>
    </trkpt>
    <trkpt lat="37.566733" lon="127.000823">
      <ele>32.0</ele>
      <time>2026-07-20T20:18:03.000Z</time>
      <extensions><gpxtpx:TrackPointExtension><gpxtpx:hr>139</gpxtpx:hr></gpxtpx:TrackPointExtension></extensions>
    </trkpt>
    <trkpt lat="37.566748" lon="127.000819">
      <ele>32.0</ele>
      <time>2026-07-20T20:18:04.000Z</time>
      <extensions><gpxtpx:TrackPointExtension><gpxtpx:hr>139</gpxtpx:hr></gpxtpx:TrackPointExtension></extensions>
    </trkpt>
    <trkpt lat="37.566772" lon="127.000819">
      <ele>32.0</ele>
      <time>2026-07-20T20:18:05.000Z</time>
      <extensions><gpxtpx:TrackPointExtension><gpxtpx:hr>138</gpxtpx:hr></gpxtpx:TrackPointExtension></extensions>
    </trkpt>
    <trkpt lat="37.566776" lon="127.000754">
      <ele>32.0</ele>
      <time>2026-07-20T20:18:06.000Z</time>
      <extensions><gpxtpx:TrackPointExtension><gpxtpx:hr>140</gpxtpx:hr></gpxtpx:TrackPointExtension></extensions>
    </trkpt>
    <trkpt lat="37.566785" lon="127.000673">
      <ele>32.0</ele>
      <time>2026-07-20T20:18:07.000Z</time>
      <extensions><gpxtpx:TrackPointExtension><gpxtpx:hr>142</gpxtpx:hr></gpxtpx:TrackPointExtension></extensions>
    </trkpt>
    <trkpt lat="37.566793" lon="127.000601">
      <ele>32.0</ele>
      <time>2026-07-20T20:18:08.000Z</time>
      <extensions><gpxtpx:TrackPointExtension><gpxtpx:hr>144</gpxtpx:hr></gpxtpx:TrackPointExtension></extensions>
    </trkpt>
    <trkpt lat="37.566804" lon="127.000507">
      <ele>32.0</ele>
      <time>2026-07-20T20:18:09.000Z</time>
      <extensions><gpxtpx:TrackPointExtension><gpxtpx:hr>145</gpxtpx:hr></gpxtpx:TrackPointExtension></extensions>
    </trkpt>
    <trkpt lat="37.566777" lon="127.000564">
      <ele>32.0</ele>
      <time>2026-07-20T20:18:10.000Z</time>
      <extensions><gpxtpx:TrackPointExtension><gpxtpx:hr>146</gpxtpx:hr></gpxtpx:TrackPointExtension></extensions>
    </trkpt>
    <trkpt lat="37.566751" lon="127.000594">
      <ele>32.0</ele>
      <time>2026-07-20T20:18:11.000Z</time>
      <extensions><gpxtpx:TrackPointExtension><gpxtpx:hr>147</gpxtpx:hr></gpxtpx:TrackPointExtension></extensions>
    </trkpt>
    <trkpt lat="37.566735" lon="127.000639">
      <ele>32.0</ele>
      <time>2026-07-20T20:18:12.000Z</time>
      <extensions><gpxtpx:TrackPointExtension><gpxtpx:hr>147</gpxtpx:hr></gpxtpx:TrackPointExtension></extensions>
    </trkpt>
    <trkpt lat="37.566720" lon="127.000669">
      <ele>32.0</ele>
      <time>2026-07-20T20:18:13.000Z</time>
      <extensions><gpxtpx:TrackPointExtension><gpxtpx:hr>147</gpxtpx:hr></gpxtpx:TrackPointExtension></extensions>
    </trkpt>
    <trkpt lat="37.566696" lon="127.000705">
      <ele>32.0</ele>
      <time>2026-07-20T20:18:14.000Z</time>
      <extensions><gpxtpx:TrackPointExtension><gpxtpx:hr>147</gpxtpx:hr></gpxtpx:TrackPointExtension></extensions>
    </trkpt>
    <trkpt lat="37.566672" lon="127.000732">
      <ele>32.0</ele>
      <time>2026-07-20T20:18:15.000Z</time>
      <extensions><gpxtpx:TrackPointExtension><gpxtpx:hr>147</gpxtpx:hr></gpxtpx:TrackPointExtension></extensions>
    </trkpt>
    <trkpt lat="37.566661" lon="127.000759">
      <ele>32.0</ele>
      <time>2026-07-20T20:18:16.000Z</time>
      <extensions><gpxtpx:TrackPointExtension><gpxtpx:hr>147</gpxtpx:hr></gpxtpx:TrackPointExtension></extensions>
    </trkpt>
    <trkpt lat="37.566633" lon="127.000787">
      <ele>32.0</ele>
      <time>2026-07-20T20:18:17.000Z</time>
      <extensions><gpxtpx:TrackPointExtension><gpxtpx:hr>147</gpxtpx:hr></gpxtpx:TrackPointExtension></extensions>
    </trkpt>
    <trkpt lat="37.566607" lon="127.000824">
      <ele>32.0</ele>
      <time>2026-07-20T20:18:18.000Z</time>
      <extensions><gpxtpx:TrackPointExtension><gpxtpx:hr>147</gpxtpx:hr></gpxtpx:TrackPointExtension></extensions>
    </trkpt>
    <trkpt lat="37.566585" lon="127.000855">
      <ele>32.0</ele>
      <time>2026-07-20T20:18:19.000Z</time>
      <extensions><gpxtpx:TrackPointExtension><gpxtpx:hr>147</gpxtpx:hr></gpxtpx:TrackPointExtension></extensions>
    </trkpt>
    <trkpt lat="37.566566" lon="127.000879">
      <ele>32.0</ele>
      <time>2026-07-20T20:18:20.000Z</time>
      <extensions><gpxtpx:TrackPointExtension><gpxtpx:hr>146</gpxtpx:hr></gpxtpx:TrackPointExtension></extensions>
    </trkpt>
    <trkpt lat="37.566543" lon="127.000907">
      <ele>32.0</ele>
      <time>2026-07-20T20:18:21.000Z</time>
      <extensions><gpxtpx:TrackPointExtension><gpxtpx:hr>146</gpxtpx:hr></gpxtpx:TrackPointExtension></extensions>
    </trkpt>
    <trkpt lat="37.566583" lon="127.000912">
      <ele>32.0</ele>
      <time>2026-07-20T20:18:22.000Z</time>
      <extensions><gpxtpx:TrackPointExtension><gpxtpx:hr>146</gpxtpx:hr></gpxtpx:TrackPointExtension></extensions>
    </trkpt>
    <trkpt lat="37.566600" lon="127.000919">
      <ele>32.0</ele>
      <time>2026-07-20T20:18:23.000Z</time>
      <extensions><gpxtpx:TrackPointExtension><gpxtpx:hr>146</gpxtpx:hr></gpxtpx:TrackPointExtension></extensions>
    </trkpt>
    <trkpt lat="37.566634" lon="127.000910">
      <ele>32.0</ele>
      <time>2026-07-20T20:18:24.000Z</time>
      <extensions><gpxtpx:TrackPointExtension><gpxtpx:hr>146</gpxtpx:hr></gpxtpx:TrackPointExtension></extensions>
    </trkpt>
    <trkpt lat="37.566666" lon="127.000911">
      <ele>32.0</ele>
      <time>2026-07-20T20:18:25.000Z</time>
      <extensions><gpxtpx:TrackPointExtension><gpxtpx:hr>146</gpxtpx:hr></gpxtpx:TrackPointExtension></extensions>
    </trkpt>
    <trkpt lat="37.566679" lon="127.000912">
      <ele>32.0</ele>
      <time>2026-07-20T20:18:26.000Z</time>
      <extensions><gpxtpx:TrackPointExtension><gpxtpx:hr>145</gpxtpx:hr></gpxtpx:TrackPointExtension></extensions>
    </trkpt>
    <trkpt lat="37.566709" lon="127.000916">
      <ele>32.0</ele>
      <time>2026-07-20T20:18:27.000Z</time>
      <extensions><gpxtpx:TrackPointExtension><gpxtpx:hr>145</gpxtpx:hr></gpxtpx:TrackPointExtension></extensions>
    </trkpt>
    <trkpt lat="37.566747" lon="127.000921">
      <ele>32.0</ele>
      <time>2026-07-20T20:18:28.000Z</time>
      <extensions><gpxtpx:TrackPointExtension><gpxtpx:hr>145</gpxtpx:hr></gpxtpx:TrackPointExtension></extensions>
    </trkpt>
    <trkpt lat="37.566774" lon="127.000918">
      <ele>32.0</ele>
      <time>2026-07-20T20:18:29.000Z</time>
      <extensions><gpxtpx:TrackPointExtension><gpxtpx:hr>145</gpxtpx:hr></gpxtpx:TrackPointExtension></extensions>
    </trkpt>
    <trkpt lat="37.566792" lon="127.000925">
      <ele>32.0</ele>
      <time>2026-07-20T20:18:30.000Z</time>
      <extensions><gpxtpx:TrackPointExtension><gpxtpx:hr>145</gpxtpx:hr></gpxtpx:TrackPointExtension></extensions>
    </trkpt>
    <trkpt lat="37.566809" lon="127.000918">
      <ele>32.0</ele>
      <time>2026-07-20T20:18:31.000Z</time>
      <extensions><gpxtpx:TrackPointExtension><gpxtpx:hr>144</gpxtpx:hr></gpxtpx:TrackPointExtension></extensions>
    </trkpt>
    <trkpt lat="37.566801" lon="127.000912">
      <ele>32.0</ele>
      <time>2026-07-20T20:18:32.000Z</time>
      <extensions><gpxtpx:TrackPointExtension><gpxtpx:hr>143</gpxtpx:hr></gpxtpx:TrackPointExtension></extensions>
    </trkpt>
    <trkpt lat="37.566808" lon="127.000915">
      <ele>32.0</ele>
      <time>2026-07-20T20:18:33.000Z</time>
      <extensions><gpxtpx:TrackPointExtension><gpxtpx:hr>141</gpxtpx:hr></gpxtpx:TrackPointExtension></extensions>
    </trkpt>
    <trkpt lat="37.566810" lon="127.000910">
      <ele>32.0</ele>
      <time>2026-07-20T20:18:34.000Z</time>
      <extensions><gpxtpx:TrackPointExtension><gpxtpx:hr>140</gpxtpx:hr></gpxtpx:TrackPointExtension></extensions>
    </trkpt>
    <trkpt lat="37.566816" lon="127.000905">
      <ele>32.0</ele>
      <time>2026-07-20T20:18:35.000Z</time>
      <extensions><gpxtpx:TrackPointExtension><gpxtpx:hr>139</gpxtpx:hr></gpxtpx:TrackPointExtension></extensions>
    </trkpt>
    <trkpt lat="37.566806" lon="127.000896">
      <ele>32.0</ele>
      <time>2026-07-20T20:18:36.000Z</time>
      <extensions><gpxtpx:TrackPointExtension><gpxtpx:hr>138</gpxtpx:hr></gpxtpx:TrackPointExtension></extensions>
    </trkpt>
    <trkpt lat="37.566807" lon="127.000891">
      <ele>32.0</ele>
      <time>2026-07-20T20:18:37.000Z</time>
      <extensions><gpxtpx:TrackPointExtension><gpxtpx:hr>138</gpxtpx:hr></gpxtpx:TrackPointExtension></extensions>
    </trkpt>
    <trkpt lat="37.566796" lon="127.000868">
      <ele>32.0</ele>
      <time>2026-07-20T20:18:38.000Z</time>
      <extensions><gpxtpx:TrackPointExtension><gpxtpx:hr>137</gpxtpx:hr></gpxtpx:TrackPointExtension></extensions>
    </trkpt>
    <trkpt lat="37.566802" lon="127.000843">
      <ele>32.0</ele>
      <time>2026-07-20T20:18:39.000Z</time>
      <extensions><gpxtpx:TrackPointExtension><gpxtpx:hr>137</gpxtpx:hr></gpxtpx:TrackPointExtension></extensions>
    </trkpt>
    <trkpt lat="37.566798" lon="127.000859">
      <ele>32.0</ele>
      <time>2026-07-20T20:18:40.000Z</time>
      <extensions><gpxtpx:TrackPointExtension><gpxtpx:hr>136</gpxtpx:hr></gpxtpx:TrackPointExtension></extensions>
    </trkpt>
    <trkpt lat="37.566809" lon="127.000882">
      <ele>32.0</ele>
      <time>2026-07-20T20:18:41.000Z</time>
      <extensions><gpxtpx:TrackPointExtension><gpxtpx:hr>136</gpxtpx:hr></gpxtpx:TrackPointExtension></extensions>
    </trkpt>
    <trkpt lat="37.566802" lon="127.000904">
      <ele>32.0</ele>
      <time>2026-07-20T20:18:42.000Z</time>
      <extensions><gpxtpx:TrackPointExtension><gpxtpx:hr>136</gpxtpx:hr></gpxtpx:TrackPointExtension></extensions>
    </trkpt>
    <trkpt lat="37.566803" lon="127.000923">
      <ele>32.0</ele>
      <time>2026-07-20T20:18:43.000Z</time>
      <extensions><gpxtpx:TrackPointExtension><gpxtpx:hr>135</gpxtpx:hr></gpxtpx:TrackPointExtension></extensions>
    </trkpt>
    <trkpt lat="37.566817" lon="127.000935">
      <ele>32.0</ele>
      <time>2026-07-20T20:18:44.000Z</time>
      <extensions><gpxtpx:TrackPointExtension><gpxtpx:hr>135</gpxtpx:hr></gpxtpx:TrackPointExtension></extensions>
    </trkpt>
    <trkpt lat="37.566810" lon="127.000953">
      <ele>32.0</ele>
      <time>2026-07-20T20:18:45.000Z</time>
      <extensions><gpxtpx:TrackPointExtension><gpxtpx:hr>135</gpxtpx:hr></gpxtpx:TrackPointExtension></extensions>
    </trkpt>
    <trkpt lat="37.566821" lon="127.000987">
      <ele>32.0</ele>
      <time>2026-07-20T20:18:46.000Z</time>
      <extensions><gpxtpx:TrackPointExtension><gpxtpx:hr>135</gpxtpx:hr></gpxtpx:TrackPointExtension></extensions>
    </trkpt>
    <trkpt lat="37.566819" lon="127.000998">
      <ele>32.0</ele>
      <time>2026-07-20T20:18:47.000Z</time>
      <extensions><gpxtpx:TrackPointExtension><gpxtpx:hr>134</gpxtpx:hr></gpxtpx:TrackPointExtension></extensions>
    </trkpt>
    <trkpt lat="37.566827" lon="127.001013">
      <ele>32.0</ele>
      <time>2026-07-20T20:18:48.000Z</time>
      <extensions><gpxtpx:TrackPointExtension><gpxtpx:hr>134</gpxtpx:hr></gpxtpx:TrackPointExtension></extensions>
    </trkpt>
    <trkpt lat="37.566827" lon="127.001004">
      <ele>32.0</ele>
      <time>2026-07-20T20:18:49.000Z</time>
      <extensions><gpxtpx:TrackPointExtension><gpxtpx:hr>134</gpxtpx:hr></gpxtpx:TrackPointExtension></extensions>
    </trkpt>
    <trkpt lat="37.566827" lon="127.000986">
      <ele>32.0</ele>
      <time>2026-07-20T20:18:50.000Z</time>
      <extensions><gpxtpx:TrackPointExtension><gpxtpx:hr>134</gpxtpx:hr></gpxtpx:TrackPointExtension></extensions>
    </trkpt>
    <trkpt lat="37.566816" lon="127.000967">
      <ele>32.0</ele>
      <time>2026-07-20T20:18:51.000Z</time>
      <extensions><gpxtpx:TrackPointExtension><gpxtpx:hr>134</gpxtpx:hr></gpxtpx:TrackPointExtension></extensions>
    </trkpt>
    <trkpt lat="37.566827" lon="127.000930">
      <ele>32.0</ele>
      <time>2026-07-20T20:18:52.000Z</time>
      <extensions><gpxtpx:TrackPointExtension><gpxtpx:hr>134</gpxtpx:hr></gpxtpx:TrackPointExtension></extensions>
    </trkpt>
    <trkpt lat="37.566818" lon="127.000913">
      <ele>32.0</ele>
      <time>2026-07-20T20:18:53.000Z</time>
      <extensions><gpxtpx:TrackPointExtension><gpxtpx:hr>134</gpxtpx:hr></gpxtpx:TrackPointExtension></extensions>
    </trkpt>
    <trkpt lat="37.566820" lon="127.000893">
      <ele>32.0</ele>
      <time>2026-07-20T20:18:54.000Z</time>
      <extensions><gpxtpx:TrackPointExtension><gpxtpx:hr>133</gpxtpx:hr></gpxtpx:TrackPointExtension></extensions>
    </trkpt>
    <trkpt lat="37.566821" lon="127.000871">
      <ele>32.0</ele>
      <time>2026-07-20T20:18:55.000Z</time>
      <extensions><gpxtpx:TrackPointExtension><gpxtpx:hr>133</gpxtpx:hr></gpxtpx:TrackPointExtension></extensions>
    </trkpt>
    <trkpt lat="37.566815" lon="127.000863">
      <ele>32.0</ele>
      <time>2026-07-20T20:18:56.000Z</time>
      <extensions><gpxtpx:TrackPointExtension><gpxtpx:hr>133</gpxtpx:hr></gpxtpx:TrackPointExtension></extensions>
    </trkpt>
    <trkpt lat="37.566819" lon="127.000845">
      <ele>32.0</ele>
      <time>2026-07-20T20:18:57.000Z</time>
      <extensions><gpxtpx:TrackPointExtension><gpxtpx:hr>133</gpxtpx:hr></gpxtpx:TrackPointExtension></extensions>
    </trkpt>
    <trkpt lat="37.566815" lon="127.000816">
      <ele>32.0</ele>
      <time>2026-07-20T20:18:58.000Z</time>
      <extensions><gpxtpx:TrackPointExtension><gpxtpx:hr>133</gpxtpx:hr></gpxtpx:TrackPointExtension></extensions>
    </trkpt>
    <trkpt lat="37.566815" lon="127.000810">
      <ele>32.0</ele>
      <time>2026-07-20T20:18:59.000Z</time>
      <extensions><gpxtpx:TrackPointExtension><gpxtpx:hr>132</gpxtpx:hr></gpxtpx:TrackPointExtension></extensions>
    </trkpt>
    <trkpt lat="37.566812" lon="127.000753">
      <ele>32.0</ele>
      <time>2026-07-20T20:19:00.000Z</time>
      <extensions><gpxtpx:TrackPointExtension><gpxtpx:hr>133</gpxtpx:hr></gpxtpx:TrackPointExtension></extensions>
    </trkpt>
    <trkpt lat="37.566793" lon="127.000700">
      <ele>32.0</ele>
      <time>2026-07-20T20:19:01.000Z</time>
      <extensions><gpxtpx:TrackPointExtension><gpxtpx:hr>135</gpxtpx:hr></gpxtpx:TrackPointExtension></extensions>
    </trkpt>
    <trkpt lat="37.566783" lon="127.000636">
      <ele>32.0</ele>
      <time>2026-07-20T20:19:02.000Z</time>
      <extensions><gpxtpx:TrackPointExtension><gpxtpx:hr>136</gpxtpx:hr></gpxtpx:TrackPointExtension></extensions>
    </trkpt>
    <trkpt lat="37.566772" lon="127.000588">
      <ele>32.0</ele>
      <time>2026-07-20T20:19:03.000Z</time>
      <extensions><gpxtpx:TrackPointExtension><gpxtpx:hr>138</gpxtpx:hr></gpxtpx:TrackPointExtension></extensions>
    </trkpt>
    <trkpt lat="37.566766" lon="127.000525">
      <ele>32.0</ele>
      <time>2026-07-20T20:19:04.000Z</time>
      <extensions><gpxtpx:TrackPointExtension><gpxtpx:hr>139</gpxtpx:hr></gpxtpx:TrackPointExtension></extensions>
    </trkpt>
    <trkpt lat="37.566759" lon="127.000510">
      <ele>32.0</ele>
      <time>2026-07-20T20:19:05.000Z</time>
      <extensions><gpxtpx:TrackPointExtension><gpxtpx:hr>138</gpxtpx:hr></gpxtpx:TrackPointExtension></extensions>
    </trkpt>
    <trkpt lat="37.566753" lon="127.000497">
      <ele>32.0</ele>
      <time>2026-07-20T20:19:06.000Z</time>
      <extensions><gpxtpx:TrackPointExtension><gpxtpx:hr>137</gpxtpx:hr></gpxtpx:TrackPointExtension></extensions>
    </trkpt>
    <trkpt lat="37.566747" lon="127.000494">
      <ele>32.0</ele>
      <time>2026-07-20T20:19:07.000Z</time>
      <extensions><gpxtpx:TrackPointExtension><gpxtpx:hr>137</gpxtpx:hr></gpxtpx:TrackPointExtension></extensions>
    </trkpt>
    <trkpt lat="37.566753" lon="127.000486">
      <ele>32.0</ele>
      <time>2026-07-20T20:19:08.000Z</time>
      <extensions><gpxtpx:TrackPointExtension><gpxtpx:hr>136</gpxtpx:hr></gpxtpx:TrackPointExtension></extensions>
    </trkpt>
    <trkpt lat="37.566748" lon="127.000491">
      <ele>32.0</ele>
      <time>2026-07-20T20:19:09.000Z</time>
      <extensions><gpxtpx:TrackPointExtension><gpxtpx:hr>135</gpxtpx:hr></gpxtpx:TrackPointExtension></extensions>
    </trkpt>
    <trkpt lat="37.566756" lon="127.000487">
      <ele>32.0</ele>
      <time>2026-07-20T20:19:10.000Z</time>
      <extensions><gpxtpx:TrackPointExtension><gpxtpx:hr>134</gpxtpx:hr></gpxtpx:TrackPointExtension></extensions>
    </trkpt>
    <trkpt lat="37.566750" lon="127.000438">
      <ele>32.0</ele>
      <time>2026-07-20T20:19:11.000Z</time>
      <extensions><gpxtpx:TrackPointExtension><gpxtpx:hr>135</gpxtpx:hr></gpxtpx:TrackPointExtension></extensions>
    </trkpt>
    <trkpt lat="37.566745" lon="127.000376">
      <ele>32.0</ele>
      <time>2026-07-20T20:19:12.000Z</time>
      <extensions><gpxtpx:TrackPointExtension><gpxtpx:hr>136</gpxtpx:hr></gpxtpx:TrackPointExtension></extensions>
    </trkpt>
    <trkpt lat="37.566747" lon="127.000326">
      <ele>32.0</ele>
      <time>2026-07-20T20:19:13.000Z</time>
      <extensions><gpxtpx:TrackPointExtension><gpxtpx:hr>137</gpxtpx:hr></gpxtpx:TrackPointExtension></extensions>
    </trkpt>
    <trkpt lat="37.566743" lon="127.000257">
      <ele>32.0</ele>
      <time>2026-07-20T20:19:14.000Z</time>
      <extensions><gpxtpx:TrackPointExtension><gpxtpx:hr>138</gpxtpx:hr></gpxtpx:TrackPointExtension></extensions>
    </trkpt>
    <trkpt lat="37.566743" lon="127.000207">
      <ele>32.0</ele>
      <time>2026-07-20T20:19:15.000Z</time>
      <extensions><gpxtpx:TrackPointExtension><gpxtpx:hr>140</gpxtpx:hr></gpxtpx:TrackPointExtension></extensions>
    </trkpt>
    <trkpt lat="37.566736" lon="127.000147">
      <ele>32.0</ele>
      <time>2026-07-20T20:19:16.000Z</time>
      <extensions><gpxtpx:TrackPointExtension><gpxtpx:hr>140</gpxtpx:hr></gpxtpx:TrackPointExtension></extensions>
    </trkpt>
    <trkpt lat="37.566738" lon="127.000087">
      <ele>32.0</ele>
      <time>2026-07-20T20:19:17.000Z</time>
      <extensions><gpxtpx:TrackPointExtension><gpxtpx:hr>142</gpxtpx:hr></gpxtpx:TrackPointExtension></extensions>
    </trkpt>
    <trkpt lat="37.566726" lon="127.000130">
      <ele>32.0</ele>
      <time>2026-07-20T20:19:18.000Z</time>
      <extensions><gpxtpx:TrackPointExtension><gpxtpx:hr>142</gpxtpx:hr></gpxtpx:TrackPointExtension></extensions>
    </trkpt>
    <trkpt lat="37.566706" lon="127.000166">
      <ele>32.0</ele>
      <time>2026-07-20T20:19:19.000Z</time>
      <extensions><gpxtpx:TrackPointExtension><gpxtpx:hr>142</gpxtpx:hr></gpxtpx:TrackPointExtension></extensions>
    </trkpt>
    <trkpt lat="37.566696" lon="127.000207">
      <ele>32.0</ele>
      <time>2026-07-20T20:19:20.000Z</time>
      <extensions><gpxtpx:TrackPointExtension><gpxtpx:hr>142</gpxtpx:hr></gpxtpx:TrackPointExtension></extensions>
    </trkpt>
    <trkpt lat="37.566688" lon="127.000234">
      <ele>32.0</ele>
      <time>2026-07-20T20:19:21.000Z</time>
      <extensions><gpxtpx:TrackPointExtension><gpxtpx:hr>143</gpxtpx:hr></gpxtpx:TrackPointExtension></extensions>
    </trkpt>
    <trkpt lat="37.566716" lon="127.000295">
      <ele>32.0</ele>
      <time>2026-07-20T20:19:22.000Z</time>
      <extensions><gpxtpx:TrackPointExtension><gpxtpx:hr>144</gpxtpx:hr></gpxtpx:TrackPointExtension></extensions>
    </trkpt>
    <trkpt lat="37.566737" lon="127.000375">
      <ele>32.0</ele>
      <time>2026-07-20T20:19:23.000Z</time>
      <extensions><gpxtpx:TrackPointExtension><gpxtpx:hr>146</gpxtpx:hr></gpxtpx:TrackPointExtension></extensions>
    </trkpt>
    <trkpt lat="37.566774" lon="127.000442">
      <ele>32.0</ele>
      <time>2026-07-20T20:19:24.000Z</time>
      <extensions><gpxtpx:TrackPointExtension><gpxtpx:hr>148</gpxtpx:hr></gpxtpx:TrackPointExtension></extensions>
    </trkpt>
    <trkpt lat="37.566803" lon="127.000525">
      <ele>32.0</ele>
      <time>2026-07-20T20:19:25.000Z</time>
      <extensions><gpxtpx:TrackPointExtension><gpxtpx:hr>149</gpxtpx:hr></gpxtpx:TrackPointExtension></extensions>
    </trkpt>
    <trkpt lat="37.566783" lon="127.000576">
      <ele>32.0</ele>
      <time>2026-07-20T20:19:26.000Z</time>
      <extensions><gpxtpx:TrackPointExtension><gpxtpx:hr>150</gpxtpx:hr></gpxtpx:TrackPointExtension></extensions>
    </trkpt>
    <trkpt lat="37.566762" lon="127.000613">
      <ele>32.0</ele>
      <time>2026-07-20T20:19:27.000Z</time>
      <extensions><gpxtpx:TrackPointExtension><gpxtpx:hr>150</gpxtpx:hr></gpxtpx:TrackPointExtension></extensions>
    </trkpt>
    <trkpt lat="37.566751" lon="127.000660">
      <ele>32.0</ele>
      <time>2026-07-20T20:19:28.000Z</time>
      <extensions><gpxtpx:TrackPointExtension><gpxtpx:hr>150</gpxtpx:hr></gpxtpx:TrackPointExtension></extensions>
    </trkpt>
    <trkpt lat="37.566735" lon="127.000679">
      <ele>32.0</ele>
      <time>2026-07-20T20:19:29.000Z</time>
      <extensions><gpxtpx:TrackPointExtension><gpxtpx:hr>150</gpxtpx:hr></gpxtpx:TrackPointExtension></extensions>
    </trkpt>
    <trkpt lat="37.566711" lon="127.000714">
      <ele>32.0</ele>
      <time>2026-07-20T20:19:30.000Z</time>
      <extensions><gpxtpx:TrackPointExtension><gpxtpx:hr>149</gpxtpx:hr></gpxtpx:TrackPointExtension></extensions>
    </trkpt>
    <trkpt lat="37.566695" lon="127.000689">
      <ele>32.0</ele>
      <time>2026-07-20T20:19:31.000Z</time>
      <extensions><gpxtpx:TrackPointExtension><gpxtpx:hr>149</gpxtpx:hr></gpxtpx:TrackPointExtension></extensions>
    </trkpt>
    <trkpt lat="37.566683" lon="127.000659">
      <ele>32.0</ele>
      <time>2026-07-20T20:19:32.000Z</time>
      <extensions><gpxtpx:TrackPointExtension><gpxtpx:hr>149</gpxtpx:hr></gpxtpx:TrackPointExtension></extensions>
    </trkpt>
    <trkpt lat="37.566662" lon="127.000629">
      <ele>32.0</ele>
      <time>2026-07-20T20:19:33.000Z</time>
      <extensions><gpxtpx:TrackPointExtension><gpxtpx:hr>148</gpxtpx:hr></gpxtpx:TrackPointExtension></extensions>
    </trkpt>
    <trkpt lat="37.566646" lon="127.000603">
      <ele>32.0</ele>
      <time>2026-07-20T20:19:34.000Z</time>
      <extensions><gpxtpx:TrackPointExtension><gpxtpx:hr>148</gpxtpx:hr></gpxtpx:TrackPointExtension></extensions>
    </trkpt>
    <trkpt lat="37.566630" lon="127.000581">
      <ele>32.0</ele>
      <time>2026-07-20T20:19:35.000Z</time>
      <extensions><gpxtpx:TrackPointExtension><gpxtpx:hr>148</gpxtpx:hr></gpxtpx:TrackPointExtension></extensions>
    </trkpt>
    <trkpt lat="37.566613" lon="127.000545">
      <ele>32.0</ele>
      <time>2026-07-20T20:19:36.000Z</time>
      <extensions><gpxtpx:TrackPointExtension><gpxtpx:hr>147</gpxtpx:hr></gpxtpx:TrackPointExtension></extensions>
    </trkpt>
    <trkpt lat="37.566606" lon="127.000512">
      <ele>32.0</ele>
      <time>2026-07-20T20:19:37.000Z</time>
      <extensions><gpxtpx:TrackPointExtension><gpxtpx:hr>147</gpxtpx:hr></gpxtpx:TrackPointExtension></extensions>
    </trkpt>
    <trkpt lat="37.566585" lon="127.000482">
      <ele>32.0</ele>
      <time>2026-07-20T20:19:38.000Z</time>
      <extensions><gpxtpx:TrackPointExtension><gpxtpx:hr>147</gpxtpx:hr></gpxtpx:TrackPointExtension></extensions>
    </trkpt>
    <trkpt lat="37.566596" lon="127.000511">
      <ele>32.0</ele>
      <time>2026-07-20T20:19:39.000Z</time>
      <extensions><gpxtpx:TrackPointExtension><gpxtpx:hr>147</gpxtpx:hr></gpxtpx:TrackPointExtension></extensions>
    </trkpt>
    <trkpt lat="37.566587" lon="127.000489">
      <ele>32.0</ele>
      <time>2026-07-20T20:19:40.000Z</time>
      <extensions><gpxtpx:TrackPointExtension><gpxtpx:hr>147</gpxtpx:hr></gpxtpx:TrackPointExtension></extensions>
    </trkpt>
    <trkpt lat="37.566599" lon="127.000497">
      <ele>32.0</ele>
      <time>2026-07-20T20:19:41.000Z</time>
      <extensions><gpxtpx:TrackPointExtension><gpxtpx:hr>145</gpxtpx:hr></gpxtpx:TrackPointExtension></extensions>
    </trkpt>
    <trkpt lat="37.566590" lon="127.000503">
      <ele>32.0</ele>
      <time>2026-07-20T20:19:42.000Z</time>
      <extensions><gpxtpx:TrackPointExtension><gpxtpx:hr>144</gpxtpx:hr></gpxtpx:TrackPointExtension></extensions>
    </trkpt>
    <trkpt lat="37.566595" lon="127.000509">
      <ele>32.0</ele>
      <time>2026-07-20T20:19:43.000Z</time>
      <extensions><gpxtpx:TrackPointExtension><gpxtpx:hr>143</gpxtpx:hr></gpxtpx:TrackPointExtension></extensions>
    </trkpt>
    <trkpt lat="37.566603" lon="127.000504">
      <ele>32.0</ele>
      <time>2026-07-20T20:19:44.000Z</time>
      <extensions><gpxtpx:TrackPointExtension><gpxtpx:hr>142</gpxtpx:hr></gpxtpx:TrackPointExtension></extensions>
    </trkpt>
    <trkpt lat="37.566601" lon="127.000514">
      <ele>32.0</ele>
      <time>2026-07-20T20:19:45.000Z</time>
      <extensions><gpxtpx:TrackPointExtension><gpxtpx:hr>140</gpxtpx:hr></gpxtpx:TrackPointExtension></extensions>
    </trkpt>
    <trkpt lat="37.566603" lon="127.000500">
      <ele>32.0</ele>
      <time>2026-07-20T20:19:46.000Z</time>
      <extensions><gpxtpx:TrackPointExtension><gpxtpx:hr>139</gpxtpx:hr></gpxtpx:TrackPointExtension></extensions>
    </trkpt>
    <trkpt lat="37.566601" lon="127.000501">
      <ele>32.0</ele>
      <time>2026-07-20T20:19:47.000Z</time>
      <extensions><gpxtpx:TrackPointExtension><gpxtpx:hr>138</gpxtpx:hr></gpxtpx:TrackPointExtension></extensions>
    </trkpt>
    <trkpt lat="37.566612" lon="127.000508">
      <ele>32.0</ele>
      <time>2026-07-20T20:19:48.000Z</time>
      <extensions><gpxtpx:TrackPointExtension><gpxtpx:hr>137</gpxtpx:hr></gpxtpx:TrackPointExtension></extensions>
    </trkpt>
    <trkpt lat="37.566624" lon="127.000522">
      <ele>32.0</ele>
      <time>2026-07-20T20:19:49.000Z</time>
      <extensions><gpxtpx:TrackPointExtension><gpxtpx:hr>137</gpxtpx:hr></gpxtpx:TrackPointExtension></extensions>
    </trkpt>
    <trkpt lat="37.566647" lon="127.000532">
      <ele>32.0</ele>
      <time>2026-07-20T20:19:50.000Z</time>
      <extensions><gpxtpx:TrackPointExtension><gpxtpx:hr>137</gpxtpx:hr></gpxtpx:TrackPointExtension></extensions>
    </trkpt>
    <trkpt lat="37.566672" lon="127.000541">
      <ele>32.0</ele>
      <time>2026-07-20T20:19:51.000Z</time>
      <extensions><gpxtpx:TrackPointExtension><gpxtpx:hr>137</gpxtpx:hr></gpxtpx:TrackPointExtension></extensions>
    </trkpt>
    <trkpt lat="37.566690" lon="127.000537">
      <ele>32.0</ele>
      <time>2026-07-20T20:19:52.000Z</time>
      <extensions><gpxtpx:TrackPointExtension><gpxtpx:hr>137</gpxtpx:hr></gpxtpx:TrackPointExtension></extensions>
    </trkpt>
    <trkpt lat="37.566723" lon="127.000555">
      <ele>32.0</ele>
      <time>2026-07-20T20:19:53.000Z</time>
      <extensions><gpxtpx:TrackPointExtension><gpxtpx:hr>138</gpxtpx:hr></gpxtpx:TrackPointExtension></extensions>
    </trkpt>
    <trkpt lat="37.566754" lon="127.000571">
      <ele>32.0</ele>
      <time>2026-07-20T20:19:54.000Z</time>
      <extensions><gpxtpx:TrackPointExtension><gpxtpx:hr>138</gpxtpx:hr></gpxtpx:TrackPointExtension></extensions>
    </trkpt>
    <trkpt lat="37.566778" lon="127.000569">
      <ele>32.0</ele>
      <time>2026-07-20T20:19:55.000Z</time>
      <extensions><gpxtpx:TrackPointExtension><gpxtpx:hr>138</gpxtpx:hr></gpxtpx:TrackPointExtension></extensions>
    </trkpt>
    <trkpt lat="37.566808" lon="127.000594">
      <ele>32.0</ele>
      <time>2026-07-20T20:19:56.000Z</time>
      <extensions><gpxtpx:TrackPointExtension><gpxtpx:hr>138</gpxtpx:hr></gpxtpx:TrackPointExtension></extensions>
    </trkpt>
    <trkpt lat="37.566829" lon="127.000592">
      <ele>32.0</ele>
      <time>2026-07-20T20:19:57.000Z</time>
      <extensions><gpxtpx:TrackPointExtension><gpxtpx:hr>138</gpxtpx:hr></gpxtpx:TrackPointExtension></extensions>
    </trkpt>
    <trkpt lat="37.566808" lon="127.000578">
      <ele>32.0</ele>
      <time>2026-07-20T20:19:58.000Z</time>
      <extensions><gpxtpx:TrackPointExtension><gpxtpx:hr>139</gpxtpx:hr></gpxtpx:TrackPointExtension></extensions>
    </trkpt>
    <trkpt lat="37.566788" lon="127.000549">
      <ele>32.0</ele>
      <time>2026-07-20T20:19:59.000Z</time>
      <extensions><gpxtpx:TrackPointExtension><gpxtpx:hr>139</gpxtpx:hr></gpxtpx:TrackPointExtension></extensions>
    </trkpt>
    <trkpt lat="37.566766" lon="127.000537">
      <ele>32.0</ele>
      <time>2026-07-20T20:20:00.000Z</time>
      <extensions><gpxtpx:TrackPointExtension><gpxtpx:hr>139</gpxtpx:hr></gpxtpx:TrackPointExtension></extensions>
    </trkpt>
    <trkpt lat="37.566742" lon="127.000508">
      <ele>32.0</ele>
      <time>2026-07-20T20:20:01.000Z</time>
      <extensions><gpxtpx:TrackPointExtension><gpxtpx:hr>139</gpxtpx:hr></gpxtpx:TrackPointExtension></extensions>
    </trkpt>
    <trkpt lat="37.566739" lon="127.000548">
      <ele>32.0</ele>
      <time>2026-07-20T20:20:02.000Z</time>
      <extensions><gpxtpx:TrackPointExtension><gpxtpx:hr>139</gpxtpx:hr></gpxtpx:TrackPointExtension></extensions>
    </trkpt>
    <trkpt lat="37.566741" lon="127.000590">
      <ele>32.0</ele>
      <time>2026-07-20T20:20:03.000Z</time>
      <extensions><gpxtpx:TrackPointExtension><gpxtpx:hr>140</gpxtpx:hr></gpxtpx:TrackPointExtension></extensions>
    </trkpt>
    <trkpt lat="37.566750" lon="127.000624">
      <ele>32.0</ele>
      <time>2026-07-20T20:20:04.000Z</time>
      <extensions><gpxtpx:TrackPointExtension><gpxtpx:hr>140</gpxtpx:hr></gpxtpx:TrackPointExtension></extensions>
    </trkpt>
    <trkpt lat="37.566744" lon="127.000665">
      <ele>32.0</ele>
      <time>2026-07-20T20:20:05.000Z</time>
      <extensions><gpxtpx:TrackPointExtension><gpxtpx:hr>140</gpxtpx:hr></gpxtpx:TrackPointExtension></extensions>
    </trkpt>
    <trkpt lat="37.566753" lon="127.000710">
      <ele>32.0</ele>
      <time>2026-07-20T20:20:06.000Z</time>
      <extensions><gpxtpx:TrackPointExtension><gpxtpx:hr>140</gpxtpx:hr></gpxtpx:TrackPointExtension></extensions>
    </trkpt>
    <trkpt lat="37.566746" lon="127.000739">
      <ele>32.0</ele>
      <time>2026-07-20T20:20:07.000Z</time>
      <extensions><gpxtpx:TrackPointExtension><gpxtpx:hr>140</gpxtpx:hr></gpxtpx:TrackPointExtension></extensions>
    </trkpt>
    <trkpt lat="37.566740" lon="127.000716">
      <ele>32.0</ele>
      <time>2026-07-20T20:20:08.000Z</time>
      <extensions><gpxtpx:TrackPointExtension><gpxtpx:hr>140</gpxtpx:hr></gpxtpx:TrackPointExtension></extensions>
    </trkpt>
    <trkpt lat="37.566728" lon="127.000705">
      <ele>32.0</ele>
      <time>2026-07-20T20:20:09.000Z</time>
      <extensions><gpxtpx:TrackPointExtension><gpxtpx:hr>140</gpxtpx:hr></gpxtpx:TrackPointExtension></extensions>
    </trkpt>
    <trkpt lat="37.566703" lon="127.000676">
      <ele>32.0</ele>
      <time>2026-07-20T20:20:10.000Z</time>
      <extensions><gpxtpx:TrackPointExtension><gpxtpx:hr>139</gpxtpx:hr></gpxtpx:TrackPointExtension></extensions>
    </trkpt>
    <trkpt lat="37.566701" lon="127.000673">
      <ele>32.0</ele>
      <time>2026-07-20T20:20:11.000Z</time>
      <extensions><gpxtpx:TrackPointExtension><gpxtpx:hr>139</gpxtpx:hr></gpxtpx:TrackPointExtension></extensions>
    </trkpt>
    <trkpt lat="37.566680" lon="127.000652">
      <ele>32.0</ele>
      <time>2026-07-20T20:20:12.000Z</time>
      <extensions><gpxtpx:TrackPointExtension><gpxtpx:hr>139</gpxtpx:hr></gpxtpx:TrackPointExtension></extensions>
    </trkpt>
    <trkpt lat="37.566691" lon="127.000651">
      <ele>32.0</ele>
      <time>2026-07-20T20:20:13.000Z</time>
      <extensions><gpxtpx:TrackPointExtension><gpxtpx:hr>138</gpxtpx:hr></gpxtpx:TrackPointExtension></extensions>
    </trkpt>
    <trkpt lat="37.566699" lon="127.000637">
      <ele>32.0</ele>
      <time>2026-07-20T20:20:14.000Z</time>
      <extensions><gpxtpx:TrackPointExtension><gpxtpx:hr>138</gpxtpx:hr></gpxtpx:TrackPointExtension></extensions>
    </trkpt>
    <trkpt lat="37.566700" lon="127.000628">
      <ele>32.0</ele>
      <time>2026-07-20T20:20:15.000Z</time>
      <extensions><gpxtpx:TrackPointExtension><gpxtpx:hr>137</gpxtpx:hr></gpxtpx:TrackPointExtension></extensions>
    </trkpt>
    <trkpt lat="37.566713" lon="127.000609">
      <ele>32.0</ele>
      <time>2026-07-20T20:20:16.000Z</time>
      <extensions><gpxtpx:TrackPointExtension><gpxtpx:hr>137</gpxtpx:hr></gpxtpx:TrackPointExtension></extensions>
    </trkpt>
    <trkpt lat="37.566719" lon="127.000594">
      <ele>32.0</ele>
      <time>2026-07-20T20:20:17.000Z</time>
      <extensions><gpxtpx:TrackPointExtension><gpxtpx:hr>136</gpxtpx:hr></gpxtpx:TrackPointExtension></extensions>
    </trkpt>
    <trkpt lat="37.566724" lon="127.000596">
      <ele>32.0</ele>
      <time>2026-07-20T20:20:18.000Z</time>
      <extensions><gpxtpx:TrackPointExtension><gpxtpx:hr>136</gpxtpx:hr></gpxtpx:TrackPointExtension></extensions>
    </trkpt>
    <trkpt lat="37.566729" lon="127.000613">
      <ele>32.0</ele>
      <time>2026-07-20T20:20:19.000Z</time>
      <extensions><gpxtpx:TrackPointExtension><gpxtpx:hr>136</gpxtpx:hr></gpxtpx:TrackPointExtension></extensions>
    </trkpt>
    <trkpt lat="37.566722" lon="127.000623">
      <ele>32.0</ele>
      <time>2026-07-20T20:20:20.000Z</time>
      <extensions><gpxtpx:TrackPointExtension><gpxtpx:hr>135</gpxtpx:hr></gpxtpx:TrackPointExtension></extensions>
    </trkpt>
    <trkpt lat="37.566713" lon="127.000643">
      <ele>32.0</ele>
      <time>2026-07-20T20:20:21.000Z</time>
      <extensions><gpxtpx:TrackPointExtension><gpxtpx:hr>135</gpxtpx:hr></gpxtpx:TrackPointExtension></extensions>
    </trkpt>
    <trkpt lat="37.566699" lon="127.000655">
      <ele>32.0</ele>
      <time>2026-07-20T20:20:22.000Z</time>
      <extensions><gpxtpx:TrackPointExtension><gpxtpx:hr>135</gpxtpx:hr></gpxtpx:TrackPointExtension></extensions>
    </trkpt>
    <trkpt lat="37.566694" lon="127.000664">
      <ele>32.0</ele>
      <time>2026-07-20T20:20:23.000Z</time>
      <extensions><gpxtpx:TrackPointExtension><gpxtpx:hr>134</gpxtpx:hr></gpxtpx:TrackPointExtension></extensions>
    </trkpt>
    <trkpt lat="37.566688" lon="127.000694">
      <ele>32.0</ele>
      <time>2026-07-20T20:20:24.000Z</time>
      <extensions><gpxtpx:TrackPointExtension><gpxtpx:hr>134</gpxtpx:hr></gpxtpx:TrackPointExtension></extensions>
    </trkpt>
    <trkpt lat="37.566688" lon="127.000702">
      <ele>32.0</ele>
      <time>2026-07-20T20:20:25.000Z</time>
      <extensions><gpxtpx:TrackPointExtension><gpxtpx:hr>134</gpxtpx:hr></gpxtpx:TrackPointExtension></extensions>
    </trkpt>
    <trkpt lat="37.566695" lon="127.000681">
      <ele>32.0</ele>
      <time>2026-07-20T20:20:26.000Z</time>
      <extensions><gpxtpx:TrackPointExtension><gpxtpx:hr>134</gpxtpx:hr></gpxtpx:TrackPointExtension></extensions>
    </trkpt>
    <trkpt lat="37.566679" lon="127.000699">
      <ele>32.0</ele>
      <time>2026-07-20T20:20:27.000Z</time>
      <extensions><gpxtpx:TrackPointExtension><gpxtpx:hr>133</gpxtpx:hr></gpxtpx:TrackPointExtension></extensions>
    </trkpt>
    <trkpt lat="37.566680" lon="127.000689">
      <ele>32.0</ele>
      <time>2026-07-20T20:20:28.000Z</time>
      <extensions><gpxtpx:TrackPointExtension><gpxtpx:hr>133</gpxtpx:hr></gpxtpx:TrackPointExtension></extensions>
    </trkpt>
    <trkpt lat="37.566682" lon="127.000686">
      <ele>32.0</ele>
      <time>2026-07-20T20:20:29.000Z</time>
      <extensions><gpxtpx:TrackPointExtension><gpxtpx:hr>132</gpxtpx:hr></gpxtpx:TrackPointExtension></extensions>
    </trkpt>
    <trkpt lat="37.566686" lon="127.000695">
      <ele>32.0</ele>
      <time>2026-07-20T20:20:30.000Z</time>
      <extensions><gpxtpx:TrackPointExtension><gpxtpx:hr>131</gpxtpx:hr></gpxtpx:TrackPointExtension></extensions>
    </trkpt>
    <trkpt lat="37.566693" lon="127.000691">
      <ele>32.0</ele>
      <time>2026-07-20T20:20:31.000Z</time>
      <extensions><gpxtpx:TrackPointExtension><gpxtpx:hr>131</gpxtpx:hr></gpxtpx:TrackPointExtension></extensions>
    </trkpt>
    <trkpt lat="37.566693" lon="127.000684">
      <ele>32.0</ele>
      <time>2026-07-20T20:20:32.000Z</time>
      <extensions><gpxtpx:TrackPointExtension><gpxtpx:hr>130</gpxtpx:hr></gpxtpx:TrackPointExtension></extensions>
    </trkpt>
    <trkpt lat="37.566696" lon="127.000686">
      <ele>32.0</ele>
      <time>2026-07-20T20:20:33.000Z</time>
      <extensions><gpxtpx:TrackPointExtension><gpxtpx:hr>129</gpxtpx:hr></gpxtpx:TrackPointExtension></extensions>
    </trkpt>
    <trkpt lat="37.566692" lon="127.000676">
      <ele>32.0</ele>
      <time>2026-07-20T20:20:34.000Z</time>
      <extensions><gpxtpx:TrackPointExtension><gpxtpx:hr>129</gpxtpx:hr></gpxtpx:TrackPointExtension></extensions>
    </trkpt>
    <trkpt lat="37.566695" lon="127.000680">
      <ele>32.0</ele>
      <time>2026-07-20T20:20:35.000Z</time>
      <extensions><gpxtpx:TrackPointExtension><gpxtpx:hr>128</gpxtpx:hr></gpxtpx:TrackPointExtension></extensions>
    </trkpt>
    <trkpt lat="37.566695" lon="127.000677">
      <ele>32.0</ele>
      <time>2026-07-20T20:20:36.000Z</time>
      <extensions><gpxtpx:TrackPointExtension><gpxtpx:hr>127</gpxtpx:hr></gpxtpx:TrackPointExtension></extensions>
    </trkpt>
    <trkpt lat="37.566699" lon="127.000674">
      <ele>32.0</ele>
      <time>2026-07-20T20:20:37.000Z</time>
      <extensions><gpxtpx:TrackPointExtension><gpxtpx:hr>127</gpxtpx:hr></gpxtpx:TrackPointExtension></extensions>
    </trkpt>
    <trkpt lat="37.566691" lon="127.000674">
      <ele>32.0</ele>
      <time>2026-07-20T20:20:38.000Z</time>
      <extensions><gpxtpx:TrackPointExtension><gpxtpx:hr>126</gpxtpx:hr></gpxtpx:TrackPointExtension></extensions>
    </trkpt>
    <trkpt lat="37.566697" lon="127.000664">
      <ele>32.0</ele>
      <time>2026-07-20T20:20:39.000Z</time>
      <extensions><gpxtpx:TrackPointExtension><gpxtpx:hr>126</gpxtpx:hr></gpxtpx:TrackPointExtension></extensions>
    </trkpt>
    <trkpt lat="37.566697" lon="127.000671">
      <ele>32.0</ele>
      <time>2026-07-20T20:20:40.000Z</time>
      <extensions><gpxtpx:TrackPointExtension><gpxtpx:hr>126</gpxtpx:hr></gpxtpx:TrackPointExtension></extensions>
    </trkpt>
    <trkpt lat="37.566696" lon="127.000669">
      <ele>32.0</ele>
      <time>2026-07-20T20:20:41.000Z</time>
      <extensions><gpxtpx:TrackPointExtension><gpxtpx:hr>125</gpxtpx:hr></gpxtpx:TrackPointExtension></extensions>
    </trkpt>
    <trkpt lat="37.566703" lon="127.000667">
      <ele>32.0</ele>
      <time>2026-07-20T20:20:42.000Z</time>
      <extensions><gpxtpx:TrackPointExtension><gpxtpx:hr>125</gpxtpx:hr></gpxtpx:TrackPointExtension></extensions>
    </trkpt>
    <trkpt lat="37.566698" lon="127.000665">
      <ele>32.0</ele>
      <time>2026-07-20T20:20:43.000Z</time>
      <extensions><gpxtpx:TrackPointExtension><gpxtpx:hr>124</gpxtpx:hr></gpxtpx:TrackPointExtension></extensions>
    </trkpt>
    <trkpt lat="37.566705" lon="127.000655">
      <ele>32.0</ele>
      <time>2026-07-20T20:20:44.000Z</time>
      <extensions><gpxtpx:TrackPointExtension><gpxtpx:hr>124</gpxtpx:hr></gpxtpx:TrackPointExtension></extensions>
    </trkpt>
    <trkpt lat="37.566714" lon="127.000657">
      <ele>32.0</ele>
      <time>2026-07-20T20:20:45.000Z</time>
      <extensions><gpxtpx:TrackPointExtension><gpxtpx:hr>124</gpxtpx:hr></gpxtpx:TrackPointExtension></extensions>
    </trkpt>
    <trkpt lat="37.566710" lon="127.000660">
      <ele>32.0</ele>
      <time>2026-07-20T20:20:46.000Z</time>
      <extensions><gpxtpx:TrackPointExtension><gpxtpx:hr>123</gpxtpx:hr></gpxtpx:TrackPointExtension></extensions>
    </trkpt>
    <trkpt lat="37.566713" lon="127.000654">
      <ele>32.0</ele>
      <time>2026-07-20T20:20:47.000Z</time>
      <extensions><gpxtpx:TrackPointExtension><gpxtpx:hr>123</gpxtpx:hr></gpxtpx:TrackPointExtension></extensions>
    </trkpt>
    <trkpt lat="37.566698" lon="127.000667">
      <ele>32.0</ele>
      <time>2026-07-20T20:20:48.000Z</time>
      <extensions><gpxtpx:TrackPointExtension><gpxtpx:hr>123</gpxtpx:hr></gpxtpx:TrackPointExtension></extensions>
    </trkpt>
    <trkpt lat="37.566685" lon="127.000688">
      <ele>32.0</ele>
      <time>2026-07-20T20:20:49.000Z</time>
      <extensions><gpxtpx:TrackPointExtension><gpxtpx:hr>124</gpxtpx:hr></gpxtpx:TrackPointExtension></extensions>
    </trkpt>
    <trkpt lat="37.566673" lon="127.000712">
      <ele>32.0</ele>
      <time>2026-07-20T20:20:50.000Z</time>
      <extensions><gpxtpx:TrackPointExtension><gpxtpx:hr>125</gpxtpx:hr></gpxtpx:TrackPointExtension></extensions>
    </trkpt>
    <trkpt lat="37.566663" lon="127.000751">
      <ele>32.0</ele>
      <time>2026-07-20T20:20:51.000Z</time>
      <extensions><gpxtpx:TrackPointExtension><gpxtpx:hr>126</gpxtpx:hr></gpxtpx:TrackPointExtension></extensions>
    </trkpt>
    <trkpt lat="37.566644" lon="127.000766">
      <ele>32.0</ele>
      <time>2026-07-20T20:20:52.000Z</time>
      <extensions><gpxtpx:TrackPointExtension><gpxtpx:hr>126</gpxtpx:hr></gpxtpx:TrackPointExtension></extensions>
    </trkpt>
    <trkpt lat="37.566657" lon="127.000746">
      <ele>32.0</ele>
      <time>2026-07-20T20:20:53.000Z</time>
      <extensions><gpxtpx:TrackPointExtension><gpxtpx:hr>127</gpxtpx:hr></gpxtpx:TrackPointExtension></extensions>
    </trkpt>
    <trkpt lat="37.566645" lon="127.000779">
      <ele>32.0</ele>
      <time>2026-07-20T20:20:54.000Z</time>
      <extensions><gpxtpx:TrackPointExtension><gpxtpx:hr>128</gpxtpx:hr></gpxtpx:TrackPointExtension></extensions>
    </trkpt>
    <trkpt lat="37.566656" lon="127.000778">
      <ele>32.0</ele>
      <time>2026-07-20T20:20:55.000Z</time>
      <extensions><gpxtpx:TrackPointExtension><gpxtpx:hr>128</gpxtpx:hr></gpxtpx:TrackPointExtension></extensions>
    </trkpt>
    <trkpt lat="37.566653" lon="127.000792">
      <ele>32.0</ele>
      <time>2026-07-20T20:20:56.000Z</time>
      <extensions><gpxtpx:TrackPointExtension><gpxtpx:hr>127</gpxtpx:hr></gpxtpx:TrackPointExtension></extensions>
    </trkpt>
    <trkpt lat="37.566650" lon="127.000787">
      <ele>32.0</ele>
      <time>2026-07-20T20:20:57.000Z</time>
      <extensions><gpxtpx:TrackPointExtension><gpxtpx:hr>127</gpxtpx:hr></gpxtpx:TrackPointExtension></extensions>
    </trkpt>
    <trkpt lat="37.566665" lon="127.000776">
      <ele>32.0</ele>
      <time>2026-07-20T20:20:58.000Z</time>
      <extensions><gpxtpx:TrackPointExtension><gpxtpx:hr>127</gpxtpx:hr></gpxtpx:TrackPointExtension></extensions>
    </trkpt>
    <trkpt lat="37.566667" lon="127.000778">
      <ele>32.0</ele>
      <time>2026-07-20T20:20:59.000Z</time>
      <extensions><gpxtpx:TrackPointExtension><gpxtpx:hr>127</gpxtpx:hr></gpxtpx:TrackPointExtension></extensions>
    </trkpt>
    <trkpt lat="37.566672" lon="127.000767">
      <ele>32.0</ele>
      <time>2026-07-20T20:21:00.000Z</time>
      <extensions><gpxtpx:TrackPointExtension><gpxtpx:hr>127</gpxtpx:hr></gpxtpx:TrackPointExtension></extensions>
    </trkpt>
    <trkpt lat="37.566685" lon="127.000754">
      <ele>32.0</ele>
      <time>2026-07-20T20:21:01.000Z</time>
      <extensions><gpxtpx:TrackPointExtension><gpxtpx:hr>127</gpxtpx:hr></gpxtpx:TrackPointExtension></extensions>
    </trkpt>
    <trkpt lat="37.566692" lon="127.000739">
      <ele>32.0</ele>
      <time>2026-07-20T20:21:02.000Z</time>
      <extensions><gpxtpx:TrackPointExtension><gpxtpx:hr>127</gpxtpx:hr></gpxtpx:TrackPointExtension></extensions>
    </trkpt>
    <trkpt lat="37.566697" lon="127.000733">
      <ele>32.0</ele>
      <time>2026-07-20T20:21:03.000Z</time>
      <extensions><gpxtpx:TrackPointExtension><gpxtpx:hr>127</gpxtpx:hr></gpxtpx:TrackPointExtension></extensions>
    </trkpt>
    <trkpt lat="37.566703" lon="127.000707">
      <ele>32.0</ele>
      <time>2026-07-20T20:21:04.000Z</time>
      <extensions><gpxtpx:TrackPointExtension><gpxtpx:hr>127</gpxtpx:hr></gpxtpx:TrackPointExtension></extensions>
    </trkpt>
    <trkpt lat="37.566716" lon="127.000698">
      <ele>32.0</ele>
      <time>2026-07-20T20:21:05.000Z</time>
      <extensions><gpxtpx:TrackPointExtension><gpxtpx:hr>127</gpxtpx:hr></gpxtpx:TrackPointExtension></extensions>
    </trkpt>
    <trkpt lat="37.566721" lon="127.000685">
      <ele>32.0</ele>
      <time>2026-07-20T20:21:06.000Z</time>
      <extensions><gpxtpx:TrackPointExtension><gpxtpx:hr>127</gpxtpx:hr></gpxtpx:TrackPointExtension></extensions>
    </trkpt>
    <trkpt lat="37.566741" lon="127.000684">
      <ele>32.0</ele>
      <time>2026-07-20T20:21:07.000Z</time>
      <extensions><gpxtpx:TrackPointExtension><gpxtpx:hr>127</gpxtpx:hr></gpxtpx:TrackPointExtension></extensions>
    </trkpt>
    <trkpt lat="37.566783" lon="127.000662">
      <ele>32.0</ele>
      <time>2026-07-20T20:21:08.000Z</time>
      <extensions><gpxtpx:TrackPointExtension><gpxtpx:hr>129</gpxtpx:hr></gpxtpx:TrackPointExtension></extensions>
    </trkpt>
    <trkpt lat="37.566845" lon="127.000624">
      <ele>32.0</ele>
      <time>2026-07-20T20:21:09.000Z</time>
      <extensions><gpxtpx:TrackPointExtension><gpxtpx:hr>131</gpxtpx:hr></gpxtpx:TrackPointExtension></extensions>
    </trkpt>
    <trkpt lat="37.566906" lon="127.000590">
      <ele>32.0</ele>
      <time>2026-07-20T20:21:10.000Z</time>
      <extensions><gpxtpx:TrackPointExtension><gpxtpx:hr>134</gpxtpx:hr></gpxtpx:TrackPointExtension></extensions>
    </trkpt>
    <trkpt lat="37.566848" lon="127.000656">
      <ele>32.0</ele>
      <time>2026-07-20T20:21:11.000Z</time>
      <extensions><gpxtpx:TrackPointExtension><gpxtpx:hr>136</gpxtpx:hr></gpxtpx:TrackPointExtension></extensions>
    </trkpt>
    <trkpt lat="37.566796" lon="127.000698">
      <ele>32.0</ele>
      <time>2026-07-20T20:21:12.000Z</time>
      <extensions><gpxtpx:TrackPointExtension><gpxtpx:hr>138</gpxtpx:hr></gpxtpx:TrackPointExtension></extensions>
    </trkpt>
    <trkpt lat="37.566796" lon="127.000701">
      <ele>32.0</ele>
      <time>2026-07-20T20:21:13.000Z</time>
      <extensions><gpxtpx:TrackPointExtension><gpxtpx:hr>140</gpxtpx:hr></gpxtpx:TrackPointExtension></extensions>
    </trkpt>
    <trkpt lat="37.566755" lon="127.000674">
      <ele>32.0</ele>
      <time>2026-07-20T20:21:14.000Z</time>
      <extensions><gpxtpx:TrackPointExtension><gpxtpx:hr>141</gpxtpx:hr></gpxtpx:TrackPointExtension></extensions>
    </trkpt>
    <trkpt lat="37.566726" lon="127.000661">
      <ele>32.0</ele>
      <time>2026-07-20T20:21:15.000Z</time>
      <extensions><gpxtpx:TrackPointExtension><gpxtpx:hr>141</gpxtpx:hr></gpxtpx:TrackPointExtension></extensions>
    </trkpt>
    <trkpt lat="37.566710" lon="127.000659">
      <ele>32.0</ele>
      <time>2026-07-20T20:21:16.000Z</time>
      <extensions><gpxtpx:TrackPointExtension><gpxtpx:hr>141</gpxtpx:hr></gpxtpx:TrackPointExtension></extensions>
    </trkpt>
    <trkpt lat="37.566691" lon="127.000642">
      <ele>32.0</ele>
      <time>2026-07-20T20:21:17.000Z</time>
      <extensions><gpxtpx:TrackPointExtension><gpxtpx:hr>141</gpxtpx:hr></gpxtpx:TrackPointExtension></extensions>
    </trkpt>
    <trkpt lat="37.566674" lon="127.000629">
      <ele>32.0</ele>
      <time>2026-07-20T20:21:18.000Z</time>
      <extensions><gpxtpx:TrackPointExtension><gpxtpx:hr>140</gpxtpx:hr></gpxtpx:TrackPointExtension></extensions>
    </trkpt>
    <trkpt lat="37.566657" lon="127.000638">
      <ele>32.0</ele>
      <time>2026-07-20T20:21:19.000Z</time>
      <extensions><gpxtpx:TrackPointExtension><gpxtpx:hr>140</gpxtpx:hr></gpxtpx:TrackPointExtension></extensions>
    </trkpt>
    <trkpt lat="37.566638" lon="127.000625">
      <ele>32.0</ele>
      <time>2026-07-20T20:21:20.000Z</time>
      <extensions><gpxtpx:TrackPointExtension><gpxtpx:hr>139</gpxtpx:hr></gpxtpx:TrackPointExtension></extensions>
    </trkpt>
    <trkpt lat="37.566657" lon="127.000607">
      <ele>32.0</ele>
      <time>2026-07-20T20:21:21.000Z</time>
      <extensions><gpxtpx:TrackPointExtension><gpxtpx:hr>139</gpxtpx:hr></gpxtpx:TrackPointExtension></extensions>
    </trkpt>
    <trkpt lat="37.566684" lon="127.000584">
      <ele>32.0</ele>
      <time>2026-07-20T20:21:22.000Z</time>
      <extensions><gpxtpx:TrackPointExtension><gpxtpx:hr>140</gpxtpx:hr></gpxtpx:TrackPointExtension></extensions>
    </trkpt>
    <trkpt lat="37.566708" lon="127.000557">
      <ele>32.0</ele>
      <time>2026-07-20T20:21:23.000Z</time>
      <extensions><gpxtpx:TrackPointExtension><gpxtpx:hr>140</gpxtpx:hr></gpxtpx:TrackPointExtension></extensions>
    </trkpt>
    <trkpt lat="37.566731" lon="127.000532">
      <ele>32.0</ele>
      <time>2026-07-20T20:21:24.000Z</time>
      <extensions><gpxtpx:TrackPointExtension><gpxtpx:hr>140</gpxtpx:hr></gpxtpx:TrackPointExtension></extensions>
    </trkpt>
    <trkpt lat="37.566750" lon="127.000501">
      <ele>32.0</ele>
      <time>2026-07-20T20:21:25.000Z</time>
      <extensions><gpxtpx:TrackPointExtension><gpxtpx:hr>140</gpxtpx:hr></gpxtpx:TrackPointExtension></extensions>
    </trkpt>
    <trkpt lat="37.566770" lon="127.000472">
      <ele>32.0</ele>
      <time>2026-07-20T20:21:26.000Z</time>
      <extensions><gpxtpx:TrackPointExtension><gpxtpx:hr>140</gpxtpx:hr></gpxtpx:TrackPointExtension></extensions>
    </trkpt>
    <trkpt lat="37.566797" lon="127.000448">
      <ele>32.0</ele>
      <time>2026-07-20T20:21:27.000Z</time>
      <extensions><gpxtpx:TrackPointExtension><gpxtpx:hr>141</gpxtpx:hr></gpxtpx:TrackPointExtension></extensions>
    </trkpt>
    <trkpt lat="37.566819" lon="127.000429">
      <ele>32.0</ele>
      <time>2026-07-20T20:21:28.000Z</time>
      <extensions><gpxtpx:TrackPointExtension><gpxtpx:hr>141</gpxtpx:hr></gpxtpx:TrackPointExtension></extensions>
    </trkpt>
    <trkpt lat="37.566831" lon="127.000403">
      <ele>32.0</ele>
      <time>2026-07-20T20:21:29.000Z</time>
      <extensions><gpxtpx:TrackPointExtension><gpxtpx:hr>141</gpxtpx:hr></gpxtpx:TrackPointExtension></extensions>
    </trkpt>
    <trkpt lat="37.566854" lon="127.000381">
      <ele>32.0</ele>
      <time>2026-07-20T20:21:30.000Z</time>
      <extensions><gpxtpx:TrackPointExtension><gpxtpx:hr>141</gpxtpx:hr></gpxtpx:TrackPointExtension></extensions>
    </trkpt>
    <trkpt lat="37.566874" lon="127.000359">
      <ele>32.0</ele>
      <time>2026-07-20T20:21:31.000Z</time>
      <extensions><gpxtpx:TrackPointExtension><gpxtpx:hr>141</gpxtpx:hr></gpxtpx:TrackPointExtension></extensions>
    </trkpt>
    <trkpt lat="37.566831" lon="127.000406">
      <ele>32.0</ele>
      <time>2026-07-20T20:21:32.000Z</time>
      <extensions><gpxtpx:TrackPointExtension><gpxtpx:hr>142</gpxtpx:hr></gpxtpx:TrackPointExtension></extensions>
    </trkpt>
    <trkpt lat="37.566772" lon="127.000447">
      <ele>32.0</ele>
      <time>2026-07-20T20:21:33.000Z</time>
      <extensions><gpxtpx:TrackPointExtension><gpxtpx:hr>144</gpxtpx:hr></gpxtpx:TrackPointExtension></extensions>
    </trkpt>
    <trkpt lat="37.566717" lon="127.000497">
      <ele>32.0</ele>
      <time>2026-07-20T20:21:34.000Z</time>
      <extensions><gpxtpx:TrackPointExtension><gpxtpx:hr>146</gpxtpx:hr></gpxtpx:TrackPointExtension></extensions>
    </trkpt>
    <trkpt lat="37.566669" lon="127.000562">
      <ele>32.0</ele>
      <time>2026-07-20T20:21:35.000Z</time>
      <extensions><gpxtpx:TrackPointExtension><gpxtpx:hr>147</gpxtpx:hr></gpxtpx:TrackPointExtension></extensions>
    </trkpt>
    <trkpt lat="37.566685" lon="127.000604">
      <ele>32.0</ele>
      <time>2026-07-20T20:21:36.000Z</time>
      <extensions><gpxtpx:TrackPointExtension><gpxtpx:hr>148</gpxtpx:hr></gpxtpx:TrackPointExtension></extensions>
    </trkpt>
    <trkpt lat="37.566703" lon="127.000633">
      <ele>32.0</ele>
      <time>2026-07-20T20:21:37.000Z</time>
      <extensions><gpxtpx:TrackPointExtension><gpxtpx:hr>148</gpxtpx:hr></gpxtpx:TrackPointExtension></extensions>
    </trkpt>
    <trkpt lat="37.566706" lon="127.000664">
      <ele>32.0</ele>
      <time>2026-07-20T20:21:38.000Z</time>
      <extensions><gpxtpx:TrackPointExtension><gpxtpx:hr>147</gpxtpx:hr></gpxtpx:TrackPointExtension></extensions>
    </trkpt>
    <trkpt lat="37.566725" lon="127.000689">
      <ele>32.0</ele>
      <time>2026-07-20T20:21:39.000Z</time>
      <extensions><gpxtpx:TrackPointExtension><gpxtpx:hr>147</gpxtpx:hr></gpxtpx:TrackPointExtension></extensions>
    </trkpt>
    <trkpt lat="37.566728" lon="127.000701">
      <ele>32.0</ele>
      <time>2026-07-20T20:21:40.000Z</time>
      <extensions><gpxtpx:TrackPointExtension><gpxtpx:hr>146</gpxtpx:hr></gpxtpx:TrackPointExtension></extensions>
    </trkpt>
    <trkpt lat="37.566730" lon="127.000688">
      <ele>32.0</ele>
      <time>2026-07-20T20:21:41.000Z</time>
      <extensions><gpxtpx:TrackPointExtension><gpxtpx:hr>145</gpxtpx:hr></gpxtpx:TrackPointExtension></extensions>
    </trkpt>
    <trkpt lat="37.566721" lon="127.000668">
      <ele>32.0</ele>
      <time>2026-07-20T20:21:42.000Z</time>
      <extensions><gpxtpx:TrackPointExtension><gpxtpx:hr>144</gpxtpx:hr></gpxtpx:TrackPointExtension></extensions>
    </trkpt>
    <trkpt lat="37.566722" lon="127.000656">
      <ele>32.0</ele>
      <time>2026-07-20T20:21:43.000Z</time>
      <extensions><gpxtpx:TrackPointExtension><gpxtpx:hr>143</gpxtpx:hr></gpxtpx:TrackPointExtension></extensions>
    </trkpt>
    <trkpt lat="37.566720" lon="127.000633">
      <ele>32.0</ele>
      <time>2026-07-20T20:21:44.000Z</time>
      <extensions><gpxtpx:TrackPointExtension><gpxtpx:hr>143</gpxtpx:hr></gpxtpx:TrackPointExtension></extensions>
    </trkpt>
    <trkpt lat="37.566718" lon="127.000628">
      <ele>32.0</ele>
      <time>2026-07-20T20:21:45.000Z</time>
      <extensions><gpxtpx:TrackPointExtension><gpxtpx:hr>142</gpxtpx:hr></gpxtpx:TrackPointExtension></extensions>
    </trkpt>
    <trkpt lat="37.566711" lon="127.000614">
      <ele>32.0</ele>
      <time>2026-07-20T20:21:46.000Z</time>
      <extensions><gpxtpx:TrackPointExtension><gpxtpx:hr>141</gpxtpx:hr></gpxtpx:TrackPointExtension></extensions>
    </trkpt>
    <trkpt lat="37.566715" lon="127.000589">
      <ele>32.0</ele>
      <time>2026-07-20T20:21:47.000Z</time>
      <extensions><gpxtpx:TrackPointExtension><gpxtpx:hr>140</gpxtpx:hr></gpxtpx:TrackPointExtension></extensions>
    </trkpt>
    <trkpt lat="37.566714" lon="127.000582">
      <ele>32.0</ele>
      <time>2026-07-20T20:21:48.000Z</time>
      <extensions><gpxtpx:TrackPointExtension><gpxtpx:hr>140</gpxtpx:hr></gpxtpx:TrackPointExtension></extensions>
    </trkpt>
    <trkpt lat="37.566707" lon="127.000568">
      <ele>32.0</ele>
      <time>2026-07-20T20:21:49.000Z</time>
      <extensions><gpxtpx:TrackPointExtension><gpxtpx:hr>139</gpxtpx:hr></gpxtpx:TrackPointExtension></extensions>
    </trkpt>
    <trkpt lat="37.566697" lon="127.000553">
      <ele>32.0</ele>
      <time>2026-07-20T20:21:50.000Z</time>
      <extensions><gpxtpx:TrackPointExtension><gpxtpx:hr>138</gpxtpx:hr></gpxtpx:TrackPointExtension></extensions>
    </trkpt>
    <trkpt lat="37.566716" lon="127.000567">
      <ele>32.0</ele>
      <time>2026-07-20T20:21:51.000Z</time>
      <extensions><gpxtpx:TrackPointExtension><gpxtpx:hr>138</gpxtpx:hr></gpxtpx:TrackPointExtension></extensions>
    </trkpt>
    <trkpt lat="37.566730" lon="127.000565">
      <ele>32.0</ele>
      <time>2026-07-20T20:21:52.000Z</time>
      <extensions><gpxtpx:TrackPointExtension><gpxtpx:hr>137</gpxtpx:hr></gpxtpx:TrackPointExtension></extensions>
    </trkpt>
    <trkpt lat="37.566731" lon="127.000576">
      <ele>32.0</ele>
      <time>2026-07-20T20:21:53.000Z</time>
      <extensions><gpxtpx:TrackPointExtension><gpxtpx:hr>137</gpxtpx:hr></gpxtpx:TrackPointExtension></extensions>
    </trkpt>
    <trkpt lat="37.566748" lon="127.000591">
      <ele>32.0</ele>
      <time>2026-07-20T20:21:54.000Z</time>
      <extensions><gpxtpx:TrackPointExtension><gpxtpx:hr>136</gpxtpx:hr></gpxtpx:TrackPointExtension></extensions>
    </trkpt>
    <trkpt lat="37.566760" lon="127.000597">
      <ele>32.0</ele>
      <time>2026-07-20T20:21:55.000Z</time>
      <extensions><gpxtpx:TrackPointExtension><gpxtpx:hr>136</gpxtpx:hr></gpxtpx:TrackPointExtension></extensions>
    </trkpt>
    <trkpt lat="37.566767" lon="127.000612">
      <ele>32.0</ele>
      <time>2026-07-20T20:21:56.000Z</time>
      <extensions><gpxtpx:TrackPointExtension><gpxtpx:hr>136</gpxtpx:hr></gpxtpx:TrackPointExtension></extensions>
    </trkpt>
    <trkpt lat="37.566781" lon="127.000619">
      <ele>32.0</ele>
      <time>2026-07-20T20:21:57.000Z</time>
      <extensions><gpxtpx:TrackPointExtension><gpxtpx:hr>135</gpxtpx:hr></gpxtpx:TrackPointExtension></extensions>
    </trkpt>
    <trkpt lat="37.566795" lon="127.000620">
      <ele>32.0</ele>
      <time>2026-07-20T20:21:58.000Z</time>
      <extensions><gpxtpx:TrackPointExtension><gpxtpx:hr>135</gpxtpx:hr></gpxtpx:TrackPointExtension></extensions>
    </trkpt>
    <trkpt lat="37.566791" lon="127.000651">
      <ele>32.0</ele>
      <time>2026-07-20T20:21:59.000Z</time>
      <extensions><gpxtpx:TrackPointExtension><gpxtpx:hr>135</gpxtpx:hr></gpxtpx:TrackPointExtension></extensions>
    </trkpt>
    <trkpt lat="37.566808" lon="127.000695">
      <ele>32.0</ele>
      <time>2026-07-20T20:22:00.000Z</time>
      <extensions><gpxtpx:TrackPointExtension><gpxtpx:hr>135</gpxtpx:hr></gpxtpx:TrackPointExtension></extensions>
    </trkpt>
    <trkpt lat="37.566820" lon="127.000727">
      <ele>32.0</ele>
      <time>2026-07-20T20:22:01.000Z</time>
      <extensions><gpxtpx:TrackPointExtension><gpxtpx:hr>136</gpxtpx:hr></gpxtpx:TrackPointExtension></extensions>
    </trkpt>
    <trkpt lat="37.566820" lon="127.000752">
      <ele>32.0</ele>
      <time>2026-07-20T20:22:02.000Z</time>
      <extensions><gpxtpx:TrackPointExtension><gpxtpx:hr>136</gpxtpx:hr></gpxtpx:TrackPointExtension></extensions>
    </trkpt>
    <trkpt lat="37.566838" lon="127.000793">
      <ele>32.0</ele>
      <time>2026-07-20T20:22:03.000Z</time>
      <extensions><gpxtpx:TrackPointExtension><gpxtpx:hr>136</gpxtpx:hr></gpxtpx:TrackPointExtension></extensions>
    </trkpt>
    <trkpt lat="37.566837" lon="127.000811">
      <ele>32.0</ele>
      <time>2026-07-20T20:22:04.000Z</time>
      <extensions><gpxtpx:TrackPointExtension><gpxtpx:hr>137</gpxtpx:hr></gpxtpx:TrackPointExtension></extensions>
    </trkpt>
    <trkpt lat="37.566849" lon="127.000847">
      <ele>32.0</ele>
      <time>2026-07-20T20:22:05.000Z</time>
      <extensions><gpxtpx:TrackPointExtension><gpxtpx:hr>137</gpxtpx:hr></gpxtpx:TrackPointExtension></extensions>
    </trkpt>
    <trkpt lat="37.566868" lon="127.000877">
      <ele>32.0</ele>
      <time>2026-07-20T20:22:06.000Z</time>
      <extensions><gpxtpx:TrackPointExtension><gpxtpx:hr>137</gpxtpx:hr></gpxtpx:TrackPointExtension></extensions>
    </trkpt>
    <trkpt lat="37.566861" lon="127.000909">
      <ele>32.0</ele>
      <time>2026-07-20T20:22:07.000Z</time>
      <extensions><gpxtpx:TrackPointExtension><gpxtpx:hr>137</gpxtpx:hr></gpxtpx:TrackPointExtension></extensions>
    </trkpt>
    <trkpt lat="37.566868" lon="127.000935">
      <ele>32.0</ele>
      <time>2026-07-20T20:22:08.000Z</time>
      <extensions><gpxtpx:TrackPointExtension><gpxtpx:hr>137</gpxtpx:hr></gpxtpx:TrackPointExtension></extensions>
    </trkpt>
    <trkpt lat="37.566874" lon="127.000952">
      <ele>32.0</ele>
      <time>2026-07-20T20:22:09.000Z</time>
      <extensions><gpxtpx:TrackPointExtension><gpxtpx:hr>136</gpxtpx:hr></gpxtpx:TrackPointExtension></extensions>
    </trkpt>
    <trkpt lat="37.566878" lon="127.000974">
      <ele>32.0</ele>
      <time>2026-07-20T20:22:10.000Z</time>
      <extensions><gpxtpx:TrackPointExtension><gpxtpx:hr>136</gpxtpx:hr></gpxtpx:TrackPointExtension></extensions>
    </trkpt>
    <trkpt lat="37.566876" lon="127.000977">
      <ele>32.0</ele>
      <time>2026-07-20T20:22:11.000Z</time>
      <extensions><gpxtpx:TrackPointExtension><gpxtpx:hr>136</gpxtpx:hr></gpxtpx:TrackPointExtension></extensions>
    </trkpt>
    <trkpt lat="37.566875" lon="127.001008">
      <ele>32.0</ele>
      <time>2026-07-20T20:22:12.000Z</time>
      <extensions><gpxtpx:TrackPointExtension><gpxtpx:hr>135</gpxtpx:hr></gpxtpx:TrackPointExtension></extensions>
    </trkpt>
    <trkpt lat="37.566886" lon="127.000955">
      <ele>32.0</ele>
      <time>2026-07-20T20:22:13.000Z</time>
      <extensions><gpxtpx:TrackPointExtension><gpxtpx:hr>136</gpxtpx:hr></gpxtpx:TrackPointExtension></extensions>
    </trkpt>
    <trkpt lat="37.566909" lon="127.000899">
      <ele>32.0</ele>
      <time>2026-07-20T20:22:14.000Z</time>
      <extensions><gpxtpx:TrackPointExtension><gpxtpx:hr>137</gpxtpx:hr></gpxtpx:TrackPointExtension></extensions>
    </trkpt>
    <trkpt lat="37.566920" lon="127.000832">
      <ele>32.0</ele>
      <time>2026-07-20T20:22:15.000Z</time>
      <extensions><gpxtpx:TrackPointExtension><gpxtpx:hr>139</gpxtpx:hr></gpxtpx:TrackPointExtension></extensions>
    </trkpt>
    <trkpt lat="37.566935" lon="127.000777">
      <ele>32.0</ele>
      <time>2026-07-20T20:22:16.000Z</time>
      <extensions><gpxtpx:TrackPointExtension><gpxtpx:hr>140</gpxtpx:hr></gpxtpx:TrackPointExtension></extensions>
    </trkpt>
    <trkpt lat="37.566934" lon="127.000731">
      <ele>32.0</ele>
      <time>2026-07-20T20:22:17.000Z</time>
      <extensions><gpxtpx:TrackPointExtension><gpxtpx:hr>141</gpxtpx:hr></gpxtpx:TrackPointExtension></extensions>
    </trkpt>
    <trkpt lat="37.566920" lon="127.000674">
      <ele>32.0</ele>
      <time>2026-07-20T20:22:18.000Z</time>
      <extensions><gpxtpx:TrackPointExtension><gpxtpx:hr>142</gpxtpx:hr></gpxtpx:TrackPointExtension></extensions>
    </trkpt>
    <trkpt lat="37.566916" lon="127.000618">
      <ele>32.0</ele>
      <time>2026-07-20T20:22:19.000Z</time>
      <extensions><gpxtpx:TrackPointExtension><gpxtpx:hr>142</gpxtpx:hr></gpxtpx:TrackPointExtension></extensions>
    </trkpt>
    <trkpt lat="37.566917" lon="127.000553">
      <ele>32.0</ele>
      <time>2026-07-20T20:22:20.000Z</time>
      <extensions><gpxtpx:TrackPointExtension><gpxtpx:hr>143</gpxtpx:hr></gpxtpx:TrackPointExtension></extensions>
    </trkpt>
    <trkpt lat="37.566906" lon="127.000510">
      <ele>32.0</ele>
      <time>2026-07-20T20:22:21.000Z</time>
      <extensions><gpxtpx:TrackPointExtension><gpxtpx:hr>144</gpxtpx:hr></gpxtpx:TrackPointExtension></extensions>
    </trkpt>
    <trkpt lat="37.566878" lon="127.000558">
      <ele>32.0</ele>
      <time>2026-07-20T20:22:22.000Z</time>
      <extensions><gpxtpx:TrackPointExtension><gpxtpx:hr>145</gpxtpx:hr></gpxtpx:TrackPointExtension></extensions>
    </trkpt>
    <trkpt lat="37.566838" lon="127.000630">
      <ele>32.0</ele>
      <time>2026-07-20T20:22:23.000Z</time>
      <extensions><gpxtpx:TrackPointExtension><gpxtpx:hr>147</gpxtpx:hr></gpxtpx:TrackPointExtension></extensions>
    </trkpt>
    <trkpt lat="37.566839" lon="127.000570">
      <ele>32.0</ele>
      <time>2026-07-20T20:22:24.000Z</time>
      <extensions><gpxtpx:TrackPointExtension><gpxtpx:hr>148</gpxtpx:hr></gpxtpx:TrackPointExtension></extensions>
    </trkpt>
    <trkpt lat="37.566844" lon="127.000516">
      <ele>32.0</ele>
      <time>2026-07-20T20:22:25.000Z</time>
      <extensions><gpxtpx:TrackPointExtension><gpxtpx:hr>148</gpxtpx:hr></gpxtpx:TrackPointExtension></extensions>
    </trkpt>
    <trkpt lat="37.566852" lon="127.000460">
      <ele>32.0</ele>
      <time>2026-07-20T20:22:26.000Z</time>
      <extensions><gpxtpx:TrackPointExtension><gpxtpx:hr>148</gpxtpx:hr></gpxtpx:TrackPointExtension></extensions>
    </trkpt>
    <trkpt lat="37.566858" lon="127.000417">
      <ele>32.0</ele>
      <time>2026-07-20T20:22:27.000Z</time>
      <extensions><gpxtpx:TrackPointExtension><gpxtpx:hr>148</gpxtpx:hr></gpxtpx:TrackPointExtension></extensions>
    </trkpt>
    <trkpt lat="37.566864" lon="127.000453">
      <ele>32.0</ele>
      <time>2026-07-20T20:22:28.000Z</time>
      <extensions><gpxtpx:TrackPointExtension><gpxtpx:hr>148</gpxtpx:hr></gpxtpx:TrackPointExtension></extensions>
    </trkpt>
    <trkpt lat="37.566863" lon="127.000483">
      <ele>32.0</ele>
      <time>2026-07-20T20:22:29.000Z</time>
      <extensions><gpxtpx:TrackPointExtension><gpxtpx:hr>147</gpxtpx:hr></gpxtpx:TrackPointExtension></extensions>
    </trkpt>
    <trkpt lat="37.566855" lon="127.000498">
      <ele>32.0</ele>
      <time>2026-07-20T20:22:30.000Z</time>
      <extensions><gpxtpx:TrackPointExtension><gpxtpx:hr>146</gpxtpx:hr></gpxtpx:TrackPointExtension></extensions>
    </trkpt>
    <trkpt lat="37.566856" lon="127.000515">
      <ele>32.0</ele>
      <time>2026-07-20T20:22:31.000Z</time>
      <extensions><gpxtpx:TrackPointExtension><gpxtpx:hr>145</gpxtpx:hr></gpxtpx:TrackPointExtension></extensions>
    </trkpt>
    <trkpt lat="37.566860" lon="127.000546">
      <ele>32.0</ele>
      <time>2026-07-20T20:22:32.000Z</time>
      <extensions><gpxtpx:TrackPointExtension><gpxtpx:hr>145</gpxtpx:hr></gpxtpx:TrackPointExtension></extensions>
    </trkpt>
    <trkpt lat="37.566854" lon="127.000560">
      <ele>32.0</ele>
      <time>2026-07-20T20:22:33.000Z</time>
      <extensions><gpxtpx:TrackPointExtension><gpxtpx:hr>144</gpxtpx:hr></gpxtpx:TrackPointExtension></extensions>
    </trkpt>
    <trkpt lat="37.566860" lon="127.000562">
      <ele>32.0</ele>
      <time>2026-07-20T20:22:34.000Z</time>
      <extensions><gpxtpx:TrackPointExtension><gpxtpx:hr>143</gpxtpx:hr></gpxtpx:TrackPointExtension></extensions>
    </trkpt>
    <trkpt lat="37.566865" lon="127.000565">
      <ele>32.0</ele>
      <time>2026-07-20T20:22:35.000Z</time>
      <extensions><gpxtpx:TrackPointExtension><gpxtpx:hr>141</gpxtpx:hr></gpxtpx:TrackPointExtension></extensions>
    </trkpt>
    <trkpt lat="37.566862" lon="127.000575">
      <ele>32.0</ele>
      <time>2026-07-20T20:22:36.000Z</time>
      <extensions><gpxtpx:TrackPointExtension><gpxtpx:hr>140</gpxtpx:hr></gpxtpx:TrackPointExtension></extensions>
    </trkpt>
    <trkpt lat="37.566858" lon="127.000578">
      <ele>32.0</ele>
      <time>2026-07-20T20:22:37.000Z</time>
      <extensions><gpxtpx:TrackPointExtension><gpxtpx:hr>139</gpxtpx:hr></gpxtpx:TrackPointExtension></extensions>
    </trkpt>
    <trkpt lat="37.566857" lon="127.000575">
      <ele>32.0</ele>
      <time>2026-07-20T20:22:38.000Z</time>
      <extensions><gpxtpx:TrackPointExtension><gpxtpx:hr>138</gpxtpx:hr></gpxtpx:TrackPointExtension></extensions>
    </trkpt>
    <trkpt lat="37.566846" lon="127.000582">
      <ele>32.0</ele>
      <time>2026-07-20T20:22:39.000Z</time>
      <extensions><gpxtpx:TrackPointExtension><gpxtpx:hr>138</gpxtpx:hr></gpxtpx:TrackPointExtension></extensions>
    </trkpt>
    <trkpt lat="37.566828" lon="127.000603">
      <ele>32.0</ele>
      <time>2026-07-20T20:22:40.000Z</time>
      <extensions><gpxtpx:TrackPointExtension><gpxtpx:hr>138</gpxtpx:hr></gpxtpx:TrackPointExtension></extensions>
    </trkpt>
    <trkpt lat="37.566805" lon="127.000613">
      <ele>32.0</ele>
      <time>2026-07-20T20:22:41.000Z</time>
      <extensions><gpxtpx:TrackPointExtension><gpxtpx:hr>138</gpxtpx:hr></gpxtpx:TrackPointExtension></extensions>
    </trkpt>
    <trkpt lat="37.566771" lon="127.000620">
      <ele>32.0</ele>
      <time>2026-07-20T20:22:42.000Z</time>
      <extensions><gpxtpx:TrackPointExtension><gpxtpx:hr>138</gpxtpx:hr></gpxtpx:TrackPointExtension></extensions>
    </trkpt>
    <trkpt lat="37.566772" lon="127.000581">
      <ele>32.0</ele>
      <time>2026-07-20T20:22:43.000Z</time>
      <extensions><gpxtpx:TrackPointExtension><gpxtpx:hr>138</gpxtpx:hr></gpxtpx:TrackPointExtension></extensions>
    </trkpt>
    <trkpt lat="37.566783" lon="127.000566">
      <ele>32.0</ele>
      <time>2026-07-20T20:22:44.000Z</time>
      <extensions><gpxtpx:TrackPointExtension><gpxtpx:hr>138</gpxtpx:hr></gpxtpx:TrackPointExtension></extensions>
    </trkpt>
    <trkpt lat="37.566773" lon="127.000547">
      <ele>32.0</ele>
      <time>2026-07-20T20:22:45.000Z</time>
      <extensions><gpxtpx:TrackPointExtension><gpxtpx:hr>137</gpxtpx:hr></gpxtpx:TrackPointExtension></extensions>
    </trkpt>
    <trkpt lat="37.566786" lon="127.000536">
      <ele>32.0</ele>
      <time>2026-07-20T20:22:46.000Z</time>
      <extensions><gpxtpx:TrackPointExtension><gpxtpx:hr>137</gpxtpx:hr></gpxtpx:TrackPointExtension></extensions>
    </trkpt>
    <trkpt lat="37.566782" lon="127.000512">
      <ele>32.0</ele>
      <time>2026-07-20T20:22:47.000Z</time>
      <extensions><gpxtpx:TrackPointExtension><gpxtpx:hr>137</gpxtpx:hr></gpxtpx:TrackPointExtension></extensions>
    </trkpt>
    <trkpt lat="37.566789" lon="127.000479">
      <ele>32.0</ele>
      <time>2026-07-20T20:22:48.000Z</time>
      <extensions><gpxtpx:TrackPointExtension><gpxtpx:hr>136</gpxtpx:hr></gpxtpx:TrackPointExtension></extensions>
    </trkpt>
    <trkpt lat="37.566795" lon="127.000474">
      <ele>32.0</ele>
      <time>2026-07-20T20:22:49.000Z</time>
      <extensions><gpxtpx:TrackPointExtension><gpxtpx:hr>136</gpxtpx:hr></gpxtpx:TrackPointExtension></extensions>
    </trkpt>
    <trkpt lat="37.566792" lon="127.000450">
      <ele>32.0</ele>
      <time>2026-07-20T20:22:50.000Z</time>
      <extensions><gpxtpx:TrackPointExtension><gpxtpx:hr>136</gpxtpx:hr></gpxtpx:TrackPointExtension></extensions>
    </trkpt>
    <trkpt lat="37.566794" lon="127.000436">
      <ele>32.0</ele>
      <time>2026-07-20T20:22:51.000Z</time>
      <extensions><gpxtpx:TrackPointExtension><gpxtpx:hr>135</gpxtpx:hr></gpxtpx:TrackPointExtension></extensions>
    </trkpt>
    <trkpt lat="37.566798" lon="127.000404">
      <ele>32.0</ele>
      <time>2026-07-20T20:22:52.000Z</time>
      <extensions><gpxtpx:TrackPointExtension><gpxtpx:hr>135</gpxtpx:hr></gpxtpx:TrackPointExtension></extensions>
    </trkpt>
    <trkpt lat="37.566800" lon="127.000373">
      <ele>32.0</ele>
      <time>2026-07-20T20:22:53.000Z</time>
      <extensions><gpxtpx:TrackPointExtension><gpxtpx:hr>135</gpxtpx:hr></gpxtpx:TrackPointExtension></extensions>
    </trkpt>
    <trkpt lat="37.566798" lon="127.000354">
      <ele>32.0</ele>
      <time>2026-07-20T20:22:54.000Z</time>
      <extensions><gpxtpx:TrackPointExtension><gpxtpx:hr>136</gpxtpx:hr></gpxtpx:TrackPointExtension></extensions>
    </trkpt>
    <trkpt lat="37.566800" lon="127.000312">
      <ele>32.0</ele>
      <time>2026-07-20T20:22:55.000Z</time>
      <extensions><gpxtpx:TrackPointExtension><gpxtpx:hr>136</gpxtpx:hr></gpxtpx:TrackPointExtension></extensions>
    </trkpt>
    <trkpt lat="37.566817" lon="127.000320">
      <ele>32.0</ele>
      <time>2026-07-20T20:22:56.000Z</time>
      <extensions><gpxtpx:TrackPointExtension><gpxtpx:hr>135</gpxtpx:hr></gpxtpx:TrackPointExtension></extensions>
    </trkpt>
    <trkpt lat="37.566815" lon="127.000319">
      <ele>32.0</ele>
      <time>2026-07-20T20:22:57.000Z</time>
      <extensions><gpxtpx:TrackPointExtension><gpxtpx:hr>135</gpxtpx:hr></gpxtpx:TrackPointExtension></extensions>
    </trkpt>
    <trkpt lat="37.566811" lon="127.000325">
      <ele>32.0</ele>
      <time>2026-07-20T20:22:58.000Z</time>
      <extensions><gpxtpx:TrackPointExtension><gpxtpx:hr>134</gpxtpx:hr></gpxtpx:TrackPointExtension></extensions>
    </trkpt>
    <trkpt lat="37.566839" lon="127.000262">
      <ele>32.0</ele>
      <time>2026-07-20T20:22:59.000Z</time>
      <extensions><gpxtpx:TrackPointExtension><gpxtpx:hr>135</gpxtpx:hr></gpxtpx:TrackPointExtension></extensions>
    </trkpt>
    <trkpt lat="37.566860" lon="127.000189">
      <ele>32.0</ele>
      <time>2026-07-20T20:23:00.000Z</time>
      <extensions><gpxtpx:TrackPointExtension><gpxtpx:hr>137</gpxtpx:hr></gpxtpx:TrackPointExtension></extensions>
    </trkpt>
    <trkpt lat="37.566837" lon="127.000274">
      <ele>32.0</ele>
      <time>2026-07-20T20:23:01.000Z</time>
      <extensions><gpxtpx:TrackPointExtension><gpxtpx:hr>139</gpxtpx:hr></gpxtpx:TrackPointExtension></extensions>
    </trkpt>
    <trkpt lat="37.566800" lon="127.000317">
      <ele>32.0</ele>
      <time>2026-07-20T20:23:02.000Z</time>
      <extensions><gpxtpx:TrackPointExtension><gpxtpx:hr>140</gpxtpx:hr></gpxtpx:TrackPointExtension></extensions>
    </trkpt>
    <trkpt lat="37.566783" lon="127.000363">
      <ele>32.0</ele>
      <time>2026-07-20T20:23:03.000Z</time>
      <extensions><gpxtpx:TrackPointExtension><gpxtpx:hr>141</gpxtpx:hr></gpxtpx:TrackPointExtension></extensions>
    </trkpt>
    <trkpt lat="37.566760" lon="127.000388">
      <ele>32.0</ele>
      <time>2026-07-20T20:23:04.000Z</time>
      <extensions><gpxtpx:TrackPointExtension><gpxtpx:hr>142</gpxtpx:hr></gpxtpx:TrackPointExtension></extensions>
    </trkpt>
    <trkpt lat="37.566741" lon="127.000420">
      <ele>32.0</ele>
      <time>2026-07-20T20:23:05.000Z</time>
      <extensions><gpxtpx:TrackPointExtension><gpxtpx:hr>142</gpxtpx:hr></gpxtpx:TrackPointExtension></extensions>
    </trkpt>
    <trkpt lat="37.566756" lon="127.000402">
      <ele>32.0</ele>
      <time>2026-07-20T20:23:06.000Z</time>
      <extensions><gpxtpx:TrackPointExtension><gpxtpx:hr>142</gpxtpx:hr></gpxtpx:TrackPointExtension></extensions>
    </trkpt>
    <trkpt lat="37.566733" lon="127.000431">
      <ele>32.0</ele>
      <time>2026-07-20T20:23:07.000Z</time>
      <extensions><gpxtpx:TrackPointExtension><gpxtpx:hr>142</gpxtpx:hr></gpxtpx:TrackPointExtension></extensions>
    </trkpt>
    <trkpt lat="37.566756" lon="127.000406">
      <ele>32.0</ele>
      <time>2026-07-20T20:23:08.000Z</time>
      <extensions><gpxtpx:TrackPointExtension><gpxtpx:hr>142</gpxtpx:hr></gpxtpx:TrackPointExtension></extensions>
    </trkpt>
    <trkpt lat="37.566743" lon="127.000435">
      <ele>32.0</ele>
      <time>2026-07-20T20:23:09.000Z</time>
      <extensions><gpxtpx:TrackPointExtension><gpxtpx:hr>142</gpxtpx:hr></gpxtpx:TrackPointExtension></extensions>
    </trkpt>
    <trkpt lat="37.566754" lon="127.000402">
      <ele>32.0</ele>
      <time>2026-07-20T20:23:10.000Z</time>
      <extensions><gpxtpx:TrackPointExtension><gpxtpx:hr>142</gpxtpx:hr></gpxtpx:TrackPointExtension></extensions>
    </trkpt>
    <trkpt lat="37.566745" lon="127.000429">
      <ele>32.0</ele>
      <time>2026-07-20T20:23:11.000Z</time>
      <extensions><gpxtpx:TrackPointExtension><gpxtpx:hr>142</gpxtpx:hr></gpxtpx:TrackPointExtension></extensions>
    </trkpt>
    <trkpt lat="37.566762" lon="127.000391">
      <ele>32.0</ele>
      <time>2026-07-20T20:23:12.000Z</time>
      <extensions><gpxtpx:TrackPointExtension><gpxtpx:hr>142</gpxtpx:hr></gpxtpx:TrackPointExtension></extensions>
    </trkpt>
    <trkpt lat="37.566774" lon="127.000437">
      <ele>32.0</ele>
      <time>2026-07-20T20:23:13.000Z</time>
      <extensions><gpxtpx:TrackPointExtension><gpxtpx:hr>143</gpxtpx:hr></gpxtpx:TrackPointExtension></extensions>
    </trkpt>
    <trkpt lat="37.566797" lon="127.000501">
      <ele>32.0</ele>
      <time>2026-07-20T20:23:14.000Z</time>
      <extensions><gpxtpx:TrackPointExtension><gpxtpx:hr>144</gpxtpx:hr></gpxtpx:TrackPointExtension></extensions>
    </trkpt>
    <trkpt lat="37.566823" lon="127.000545">
      <ele>32.0</ele>
      <time>2026-07-20T20:23:15.000Z</time>
      <extensions><gpxtpx:TrackPointExtension><gpxtpx:hr>145</gpxtpx:hr></gpxtpx:TrackPointExtension></extensions>
    </trkpt>
    <trkpt lat="37.566843" lon="127.000603">
      <ele>32.0</ele>
      <time>2026-07-20T20:23:16.000Z</time>
      <extensions><gpxtpx:TrackPointExtension><gpxtpx:hr>145</gpxtpx:hr></gpxtpx:TrackPointExtension></extensions>
    </trkpt>
    <trkpt lat="37.566864" lon="127.000654">
      <ele>32.0</ele>
      <time>2026-07-20T20:23:17.000Z</time>
      <extensions><gpxtpx:TrackPointExtension><gpxtpx:hr>146</gpxtpx:hr></gpxtpx:TrackPointExtension></extensions>
    </trkpt>
    <trkpt lat="37.566880" lon="127.000702">
      <ele>32.0</ele>
      <time>2026-07-20T20:23:18.000Z</time>
      <extensions><gpxtpx:TrackPointExtension><gpxtpx:hr>147</gpxtpx:hr></gpxtpx:TrackPointExtension></extensions>
    </trkpt>
    <trkpt lat="37.566906" lon="127.000751">
      <ele>32.0</ele>
      <time>2026-07-20T20:23:19.000Z</time>
      <extensions><gpxtpx:TrackPointExtension><gpxtpx:hr>147</gpxtpx:hr></gpxtpx:TrackPointExtension></extensions>
    </trkpt>
    <trkpt lat="37.566889" lon="127.000732">
      <ele>32.0</ele>
      <time>2026-07-20T20:23:20.000Z</time>
      <extensions><gpxtpx:TrackPointExtension><gpxtpx:hr>147</gpxtpx:hr></gpxtpx:TrackPointExtension></extensions>
    </trkpt>
    <trkpt lat="37.566893" lon="127.000737">
      <ele>32.0</ele>
      <time>2026-07-20T20:23:21.000Z</time>
      <extensions><gpxtpx:TrackPointExtension><gpxtpx:hr>145</gpxtpx:hr></gpxtpx:TrackPointExtension></extensions>
    </trkpt>
    <trkpt lat="37.566886" lon="127.000727">
      <ele>32.0</ele>
      <time>2026-07-20T20:23:22.000Z</time>
      <extensions><gpxtpx:TrackPointExtension><gpxtpx:hr>144</gpxtpx:hr></gpxtpx:TrackPointExtension></extensions>
    </trkpt>
    <trkpt lat="37.566876" lon="127.000682">
      <ele>32.0</ele>
      <time>2026-07-20T20:23:23.000Z</time>
      <extensions><gpxtpx:TrackPointExtension><gpxtpx:hr>144</gpxtpx:hr></gpxtpx:TrackPointExtension></extensions>
    </trkpt>
    <trkpt lat="37.566866" lon="127.000630">
      <ele>32.0</ele>
      <time>2026-07-20T20:23:24.000Z</time>
      <extensions><gpxtpx:TrackPointExtension><gpxtpx:hr>145</gpxtpx:hr></gpxtpx:TrackPointExtension></extensions>
    </trkpt>
    <trkpt lat="37.566856" lon="127.000581">
      <ele>32.0</ele>
      <time>2026-07-20T20:23:25.000Z</time>
      <extensions><gpxtpx:TrackPointExtension><gpxtpx:hr>146</gpxtpx:hr></gpxtpx:TrackPointExtension></extensions>
    </trkpt>
    <trkpt lat="37.566836" lon="127.000521">
      <ele>32.0</ele>
      <time>2026-07-20T20:23:26.000Z</time>
      <extensions><gpxtpx:TrackPointExtension><gpxtpx:hr>147</gpxtpx:hr></gpxtpx:TrackPointExtension></extensions>
    </trkpt>
    <trkpt lat="37.566822" lon="127.000453">
      <ele>32.0</ele>
      <time>2026-07-20T20:23:27.000Z</time>
      <extensions><gpxtpx:TrackPointExtension><gpxtpx:hr>147</gpxtpx:hr></gpxtpx:TrackPointExtension></extensions>
    </trkpt>
    <trkpt lat="37.566805" lon="127.000395">
      <ele>32.0</ele>
      <time>2026-07-20T20:23:28.000Z</time>
      <extensions><gpxtpx:TrackPointExtension><gpxtpx:hr>148</gpxtpx:hr></gpxtpx:TrackPointExtension></extensions>
    </trkpt>
    <trkpt lat="37.566805" lon="127.000344">
      <ele>32.0</ele>
      <time>2026-07-20T20:23:29.000Z</time>
      <extensions><gpxtpx:TrackPointExtension><gpxtpx:hr>149</gpxtpx:hr></gpxtpx:TrackPointExtension></extensions>
    </trkpt>
    <trkpt lat="37.566789" lon="127.000423">
      <ele>32.0</ele>
      <time>2026-07-20T20:23:30.000Z</time>
      <extensions><gpxtpx:TrackPointExtension><gpxtpx:hr>150</gpxtpx:hr></gpxtpx:TrackPointExtension></extensions>
    </trkpt>
    <trkpt lat="37.566787" lon="127.000503">
      <ele>32.0</ele>
      <time>2026-07-20T20:23:31.000Z</time>
      <extensions><gpxtpx:TrackPointExtension><gpxtpx:hr>151</gpxtpx:hr></gpxtpx:TrackPointExtension></extensions>
    </trkpt>
    <trkpt lat="37.566787" lon="127.000417">
      <ele>32.0</ele>
      <time>2026-07-20T20:23:32.000Z</time>
      <extensions><gpxtpx:TrackPointExtension><gpxtpx:hr>153</gpxtpx:hr></gpxtpx:TrackPointExtension></extensions>
    </trkpt>
    <trkpt lat="37.566788" lon="127.000500">
      <ele>32.0</ele>
      <time>2026-07-20T20:23:33.000Z</time>
      <extensions><gpxtpx:TrackPointExtension><gpxtpx:hr>154</gpxtpx:hr></gpxtpx:TrackPointExtension></extensions>
    </trkpt>
    <trkpt lat="37.566771" lon="127.000556">
      <ele>32.0</ele>
      <time>2026-07-20T20:23:34.000Z</time>
      <extensions><gpxtpx:TrackPointExtension><gpxtpx:hr>155</gpxtpx:hr></gpxtpx:TrackPointExtension></extensions>
    </trkpt>
    <trkpt lat="37.566754" lon="127.000580">
      <ele>32.0</ele>
      <time>2026-07-20T20:23:35.000Z</time>
      <extensions><gpxtpx:TrackPointExtension><gpxtpx:hr>154</gpxtpx:hr></gpxtpx:TrackPointExtension></extensions>
    </trkpt>
    <trkpt lat="37.566754" lon="127.000608">
      <ele>32.0</ele>
      <time>2026-07-20T20:23:36.000Z</time>
      <extensions><gpxtpx:TrackPointExtension><gpxtpx:hr>153</gpxtpx:hr></gpxtpx:TrackPointExtension></extensions>
    </trkpt>
    <trkpt lat="37.566743" lon="127.000623">
      <ele>32.0</ele>
      <time>2026-07-20T20:23:37.000Z</time>
      <extensions><gpxtpx:TrackPointExtension><gpxtpx:hr>152</gpxtpx:hr></gpxtpx:TrackPointExtension></extensions>
    </trkpt>
    <trkpt lat="37.566746" lon="127.000658">
      <ele>32.0</ele>
      <time>2026-07-20T20:23:38.000Z</time>
      <extensions><gpxtpx:TrackPointExtension><gpxtpx:hr>151</gpxtpx:hr></gpxtpx:TrackPointExtension></extensions>
    </trkpt>
    <trkpt lat="37.566735" lon="127.000670">
      <ele>32.0</ele>
      <time>2026-07-20T20:23:39.000Z</time>
      <extensions><gpxtpx:TrackPointExtension><gpxtpx:hr>150</gpxtpx:hr></gpxtpx:TrackPointExtension></extensions>
    </trkpt>
    <trkpt lat="37.566734" lon="127.000691">
      <ele>32.0</ele>
      <time>2026-07-20T20:23:40.000Z</time>
      <extensions><gpxtpx:TrackPointExtension><gpxtpx:hr>149</gpxtpx:hr></gpxtpx:TrackPointExtension></extensions>
    </trkpt>
    <trkpt lat="37.566723" lon="127.000637">
      <ele>32.0</ele>
      <time>2026-07-20T20:23:41.000Z</time>
      <extensions><gpxtpx:TrackPointExtension><gpxtpx:hr>149</gpxtpx:hr></gpxtpx:TrackPointExtension></extensions>
    </trkpt>
    <trkpt lat="37.566718" lon="127.000589">
      <ele>32.0</ele>
      <time>2026-07-20T20:23:42.000Z</time>
      <extensions><gpxtpx:TrackPointExtension><gpxtpx:hr>149</gpxtpx:hr></gpxtpx:TrackPointExtension></extensions>
    </trkpt>
    <trkpt lat="37.566705" lon="127.000525">
      <ele>32.0</ele>
      <time>2026-07-20T20:23:43.000Z</time>
      <extensions><gpxtpx:TrackPointExtension><gpxtpx:hr>150</gpxtpx:hr></gpxtpx:TrackPointExtension></extensions>
    </trkpt>
    <trkpt lat="37.566707" lon="127.000478">
      <ele>32.0</ele>
      <time>2026-07-20T20:23:44.000Z</time>
      <extensions><gpxtpx:TrackPointExtension><gpxtpx:hr>150</gpxtpx:hr></gpxtpx:TrackPointExtension></extensions>
    </trkpt>
    <trkpt lat="37.566700" lon="127.000415">
      <ele>32.0</ele>
      <time>2026-07-20T20:23:45.000Z</time>
      <extensions><gpxtpx:TrackPointExtension><gpxtpx:hr>151</gpxtpx:hr></gpxtpx:TrackPointExtension></extensions>
    </trkpt>
    <trkpt lat="37.566716" lon="127.000457">
      <ele>32.0</ele>
      <time>2026-07-20T20:23:46.000Z</time>
      <extensions><gpxtpx:TrackPointExtension><gpxtpx:hr>150</gpxtpx:hr></gpxtpx:TrackPointExtension></extensions>
    </trkpt>
    <trkpt lat="37.566715" lon="127.000475">
      <ele>32.0</ele>
      <time>2026-07-20T20:23:47.000Z</time>
      <extensions><gpxtpx:TrackPointExtension><gpxtpx:hr>150</gpxtpx:hr></gpxtpx:TrackPointExtension></extensions>
    </trkpt>
    <trkpt lat="37.566734" lon="127.000490">
      <ele>32.0</ele>
      <time>2026-07-20T20:23:48.000Z</time>
      <extensions><gpxtpx:TrackPointExtension><gpxtpx:hr>149</gpxtpx:hr></gpxtpx:TrackPointExtension></extensions>
    </trkpt>
    <trkpt lat="37.566742" lon="127.000504">
      <ele>32.0</ele>
      <time>2026-07-20T20:23:49.000Z</time>
      <extensions><gpxtpx:TrackPointExtension><gpxtpx:hr>148</gpxtpx:hr></gpxtpx:TrackPointExtension></extensions>
    </trkpt>
    <trkpt lat="37.566748" lon="127.000530">
      <ele>32.0</ele>
      <time>2026-07-20T20:23:50.000Z</time>
      <extensions><gpxtpx:TrackPointExtension><gpxtpx:hr>147</gpxtpx:hr></gpxtpx:TrackPointExtension></extensions>
    </trkpt>
    <trkpt lat="37.566752" lon="127.000544">
      <ele>32.0</ele>
      <time>2026-07-20T20:23:51.000Z</time>
      <extensions><gpxtpx:TrackPointExtension><gpxtpx:hr>146</gpxtpx:hr></gpxtpx:TrackPointExtension></extensions>
    </trkpt>
    <trkpt lat="37.566765" lon="127.000554">
      <ele>32.0</ele>
      <time>2026-07-20T20:23:52.000Z</time>
      <extensions><gpxtpx:TrackPointExtension><gpxtpx:hr>145</gpxtpx:hr></gpxtpx:TrackPointExtension></extensions>
    </trkpt>
    <trkpt lat="37.566767" lon="127.000581">
      <ele>32.0</ele>
      <time>2026-07-20T20:23:53.000Z</time>
      <extensions><gpxtpx:TrackPointExtension><gpxtpx:hr>144</gpxtpx:hr></gpxtpx:TrackPointExtension></extensions>
    </trkpt>
    <trkpt lat="37.566781" lon="127.000590">
      <ele>32.0</ele>
      <time>2026-07-20T20:23:54.000Z</time>
      <extensions><gpxtpx:TrackPointExtension><gpxtpx:hr>144</gpxtpx:hr></gpxtpx:TrackPointExtension></extensions>
    </trkpt>
    <trkpt lat="37.566803" lon="127.000613">
      <ele>32.0</ele>
      <time>2026-07-20T20:23:55.000Z</time>
      <extensions><gpxtpx:TrackPointExtension><gpxtpx:hr>144</gpxtpx:hr></gpxtpx:TrackPointExtension></extensions>
    </trkpt>
    <trkpt lat="37.566812" lon="127.000642">
      <ele>32.0</ele>
      <time>2026-07-20T20:23:56.000Z</time>
      <extensions><gpxtpx:TrackPointExtension><gpxtpx:hr>144</gpxtpx:hr></gpxtpx:TrackPointExtension></extensions>
    </trkpt>
    <trkpt lat="37.566839" lon="127.000663">
      <ele>32.0</ele>
      <time>2026-07-20T20:23:57.000Z</time>
      <extensions><gpxtpx:TrackPointExtension><gpxtpx:hr>143</gpxtpx:hr></gpxtpx:TrackPointExtension></extensions>
    </trkpt>
    <trkpt lat="37.566862" lon="127.000692">
      <ele>32.0</ele>
      <time>2026-07-20T20:23:58.000Z</time>
      <extensions><gpxtpx:TrackPointExtension><gpxtpx:hr>143</gpxtpx:hr></gpxtpx:TrackPointExtension></extensions>
    </trkpt>
    <trkpt lat="37.566876" lon="127.000710">
      <ele>32.0</ele>
      <time>2026-07-20T20:23:59.000Z</time>
      <extensions><gpxtpx:TrackPointExtension><gpxtpx:hr>143</gpxtpx:hr></gpxtpx:TrackPointExtension></extensions>
    </trkpt>
    <trkpt lat="37.566893" lon="127.000738">
      <ele>32.0</ele>
      <time>2026-07-20T20:24:00.000Z</time>
      <extensions><gpxtpx:TrackPointExtension><gpxtpx:hr>143</gpxtpx:hr></gpxtpx:TrackPointExtension></extensions>
    </trkpt>
    <trkpt lat="37.566883" lon="127.000707">
      <ele>32.0</ele>
      <time>2026-07-20T20:24:01.000Z</time>
      <extensions><gpxtpx:TrackPointExtension><gpxtpx:hr>143</gpxtpx:hr></gpxtpx:TrackPointExtension></extensions>
    </trkpt>
    <trkpt lat="37.566896" lon="127.000688">
      <ele>32.0</ele>
      <time>2026-07-20T20:24:02.000Z</time>
      <extensions><gpxtpx:TrackPointExtension><gpxtpx:hr>143</gpxtpx:hr></gpxtpx:TrackPointExtension></extensions>
    </trkpt>
    <trkpt lat="37.566914" lon="127.000685">
      <ele>32.0</ele>
      <time>2026-07-20T20:24:03.000Z</time>
      <extensions><gpxtpx:TrackPointExtension><gpxtpx:hr>142</gpxtpx:hr></gpxtpx:TrackPointExtension></extensions>
    </trkpt>
    <trkpt lat="37.566921" lon="127.000664">
      <ele>32.0</ele>
      <time>2026-07-20T20:24:04.000Z</time>
      <extensions><gpxtpx:TrackPointExtension><gpxtpx:hr>142</gpxtpx:hr></gpxtpx:TrackPointExtension></extensions>
    </trkpt>
    <trkpt lat="37.566947" lon="127.000667">
      <ele>32.0</ele>
      <time>2026-07-20T20:24:05.000Z</time>
      <extensions><gpxtpx:TrackPointExtension><gpxtpx:hr>141</gpxtpx:hr></gpxtpx:TrackPointExtension></extensions>
    </trkpt>
    <trkpt lat="37.566949" lon="127.000640">
      <ele>32.0</ele>
      <time>2026-07-20T20:24:06.000Z</time>
      <extensions><gpxtpx:TrackPointExtension><gpxtpx:hr>141</gpxtpx:hr></gpxtpx:TrackPointExtension></extensions>
    </trkpt>
    <trkpt lat="37.566969" lon="127.000635">
      <ele>32.0</ele>
      <time>2026-07-20T20:24:07.000Z</time>
      <extensions><gpxtpx:TrackPointExtension><gpxtpx:hr>140</gpxtpx:hr></gpxtpx:TrackPointExtension></extensions>
    </trkpt>
    <trkpt lat="37.566979" lon="127.000622">
      <ele>32.0</ele>
      <time>2026-07-20T20:24:08.000Z</time>
      <extensions><gpxtpx:TrackPointExtension><gpxtpx:hr>139</gpxtpx:hr></gpxtpx:TrackPointExtension></extensions>
    </trkpt>
    <trkpt lat="37.566989" lon="127.000628">
      <ele>32.0</ele>
      <time>2026-07-20T20:24:09.000Z</time>
      <extensions><gpxtpx:TrackPointExtension><gpxtpx:hr>139</gpxtpx:hr></gpxtpx:TrackPointExtension></extensions>
    </trkpt>
    <trkpt lat="37.567001" lon="127.000615">
      <ele>32.0</ele>
      <time>2026-07-20T20:24:10.000Z</time>
      <extensions><gpxtpx:TrackPointExtension><gpxtpx:hr>138</gpxtpx:hr></gpxtpx:TrackPointExtension></extensions>
    </trkpt>
    <trkpt lat="37.567013" lon="127.000606">
      <ele>32.0</ele>
      <time>2026-07-20T20:24:11.000Z</time>
      <extensions><gpxtpx:TrackPointExtension><gpxtpx:hr>138</gpxtpx:hr></gpxtpx:TrackPointExtension></extensions>
    </trkpt>
    <trkpt lat="37.567005" lon="127.000609">
      <ele>32.0</ele>
      <time>2026-07-20T20:24:12.000Z</time>
      <extensions><gpxtpx:TrackPointExtension><gpxtpx:hr>137</gpxtpx:hr></gpxtpx:TrackPointExtension></extensions>
    </trkpt>
    <trkpt lat="37.566975" lon="127.000646">
      <ele>32.0</ele>
      <time>2026-07-20T20:24:13.000Z</time>
      <extensions><gpxtpx:TrackPointExtension><gpxtpx:hr>138</gpxtpx:hr></gpxtpx:TrackPointExtension></extensions>
    </trkpt>
    <trkpt lat="37.566938" lon="127.000686">
      <ele>32.0</ele>
      <time>2026-07-20T20:24:14.000Z</time>
      <extensions><gpxtpx:TrackPointExtension><gpxtpx:hr>139</gpxtpx:hr></gpxtpx:TrackPointExtension></extensions>
    </trkpt>
    <trkpt lat="37.566910" lon="127.000727">
      <ele>32.0</ele>
      <time>2026-07-20T20:24:15.000Z</time>
      <extensions><gpxtpx:TrackPointExtension><gpxtpx:hr>140</gpxtpx:hr></gpxtpx:TrackPointExtension></extensions>
    </trkpt>
    <trkpt lat="37.566878" lon="127.000761">
      <ele>32.0</ele>
      <time>2026-07-20T20:24:16.000Z</time>
      <extensions><gpxtpx:TrackPointExtension><gpxtpx:hr>141</gpxtpx:hr></gpxtpx:TrackPointExtension></extensions>
    </trkpt>
    <trkpt lat="37.566874" lon="127.000752">
      <ele>32.0</ele>
      <time>2026-07-20T20:24:17.000Z</time>
      <extensions><gpxtpx:TrackPointExtension><gpxtpx:hr>140</gpxtpx:hr></gpxtpx:TrackPointExtension></extensions>
    </trkpt>
    <trkpt lat="37.566872" lon="127.000738">
      <ele>32.0</ele>
      <time>2026-07-20T20:24:18.000Z</time>
      <extensions><gpxtpx:TrackPointExtension><gpxtpx:hr>139</gpxtpx:hr></gpxtpx:TrackPointExtension></extensions>
    </trkpt>
    <trkpt lat="37.566864" lon="127.000743">
      <ele>32.0</ele>
      <time>2026-07-20T20:24:19.000Z</time>
      <extensions><gpxtpx:TrackPointExtension><gpxtpx:hr>138</gpxtpx:hr></gpxtpx:TrackPointExtension></extensions>
    </trkpt>
    <trkpt lat="37.566869" lon="127.000733">
      <ele>32.0</ele>
      <time>2026-07-20T20:24:20.000Z</time>
      <extensions><gpxtpx:TrackPointExtension><gpxtpx:hr>137</gpxtpx:hr></gpxtpx:TrackPointExtension></extensions>
    </trkpt>
    <trkpt lat="37.566872" lon="127.000731">
      <ele>32.0</ele>
      <time>2026-07-20T20:24:21.000Z</time>
      <extensions><gpxtpx:TrackPointExtension><gpxtpx:hr>136</gpxtpx:hr></gpxtpx:TrackPointExtension></extensions>
    </trkpt>
    <trkpt lat="37.566871" lon="127.000728">
      <ele>32.0</ele>
      <time>2026-07-20T20:24:22.000Z</time>
      <extensions><gpxtpx:TrackPointExtension><gpxtpx:hr>135</gpxtpx:hr></gpxtpx:TrackPointExtension></extensions>
    </trkpt>
    <trkpt lat="37.566862" lon="127.000729">
      <ele>32.0</ele>
      <time>2026-07-20T20:24:23.000Z</time>
      <extensions><gpxtpx:TrackPointExtension><gpxtpx:hr>134</gpxtpx:hr></gpxtpx:TrackPointExtension></extensions>
    </trkpt>
    <trkpt lat="37.566860" lon="127.000687">
      <ele>32.0</ele>
      <time>2026-07-20T20:24:24.000Z</time>
      <extensions><gpxtpx:TrackPointExtension><gpxtpx:hr>135</gpxtpx:hr></gpxtpx:TrackPointExtension></extensions>
    </trkpt>
    <trkpt lat="37.566854" lon="127.000641">
      <ele>32.0</ele>
      <time>2026-07-20T20:24:25.000Z</time>
      <extensions><gpxtpx:TrackPointExtension><gpxtpx:hr>136</gpxtpx:hr></gpxtpx:TrackPointExtension></extensions>
    </trkpt>
    <trkpt lat="37.566844" lon="127.000571">
      <ele>32.0</ele>
      <time>2026-07-20T20:24:26.000Z</time>
      <extensions><gpxtpx:TrackPointExtension><gpxtpx:hr>137</gpxtpx:hr></gpxtpx:TrackPointExtension></extensions>
    </trkpt>
    <trkpt lat="37.566831" lon="127.000516">
      <ele>32.0</ele>
      <time>2026-07-20T20:24:27.000Z</time>
      <extensions><gpxtpx:TrackPointExtension><gpxtpx:hr>138</gpxtpx:hr></gpxtpx:TrackPointExtension></extensions>
    </trkpt>
    <trkpt lat="37.566818" lon="127.000458">
      <ele>32.0</ele>
      <time>2026-07-20T20:24:28.000Z</time>
      <extensions><gpxtpx:TrackPointExtension><gpxtpx:hr>139</gpxtpx:hr></gpxtpx:TrackPointExtension></extensions>
    </trkpt>
    <trkpt lat="37.566852" lon="127.000425">
      <ele>32.0</ele>
      <time>2026-07-20T20:24:29.000Z</time>
      <extensions><gpxtpx:TrackPointExtension><gpxtpx:hr>140</gpxtpx:hr></gpxtpx:TrackPointExtension></extensions>
    </trkpt>
    <trkpt lat="37.566880" lon="127.000379">
      <ele>32.0</ele>
      <time>2026-07-20T20:24:30.000Z</time>
      <extensions><gpxtpx:TrackPointExtension><gpxtpx:hr>141</gpxtpx:hr></gpxtpx:TrackPointExtension></extensions>
    </trkpt>
    <trkpt lat="37.566918" lon="127.000345">
      <ele>32.0</ele>
      <time>2026-07-20T20:24:31.000Z</time>
      <extensions><gpxtpx:TrackPointExtension><gpxtpx:hr>142</gpxtpx:hr></gpxtpx:TrackPointExtension></extensions>
    </trkpt>
    <trkpt lat="37.566953" lon="127.000288">
      <ele>32.0</ele>
      <time>2026-07-20T20:24:32.000Z</time>
      <extensions><gpxtpx:TrackPointExtension><gpxtpx:hr>143</gpxtpx:hr></gpxtpx:TrackPointExtension></extensions>
    </trkpt>
    <trkpt lat="37.566989" lon="127.000251">
      <ele>32.0</ele>
      <time>2026-07-20T20:24:33.000Z</time>
      <extensions><gpxtpx:TrackPointExtension><gpxtpx:hr>144</gpxtpx:hr></gpxtpx:TrackPointExtension></extensions>
    </trkpt>
    <trkpt lat="37.567023" lon="127.000209">
      <ele>32.0</ele>
      <time>2026-07-20T20:24:34.000Z</time>
      <extensions><gpxtpx:TrackPointExtension><gpxtpx:hr>145</gpxtpx:hr></gpxtpx:TrackPointExtension></extensions>
    </trkpt>
    <trkpt lat="37.566982" lon="127.000241">
      <ele>32.0</ele>
      <time>2026-07-20T20:24:35.000Z</time>
      <extensions><gpxtpx:TrackPointExtension><gpxtpx:hr>146</gpxtpx:hr></gpxtpx:TrackPointExtension></extensions>
    </trkpt>
    <trkpt lat="37.566974" lon="127.000244">
      <ele>32.0</ele>
      <time>2026-07-20T20:24:36.000Z</time>
      <extensions><gpxtpx:TrackPointExtension><gpxtpx:hr>145</gpxtpx:hr></gpxtpx:TrackPointExtension></extensions>
    </trkpt>
    <trkpt lat="37.566971" lon="127.000241">
      <ele>32.0</ele>
      <time>2026-07-20T20:24:37.000Z</time>
      <extensions><gpxtpx:TrackPointExtension><gpxtpx:hr>144</gpxtpx:hr></gpxtpx:TrackPointExtension></extensions>
    </trkpt>
    <trkpt lat="37.566958" lon="127.000237">
      <ele>32.0</ele>
      <time>2026-07-20T20:24:38.000Z</time>
      <extensions><gpxtpx:TrackPointExtension><gpxtpx:hr>143</gpxtpx:hr></gpxtpx:TrackPointExtension></extensions>
    </trkpt>
    <trkpt lat="37.566963" lon="127.000239">
      <ele>32.0</ele>
      <time>2026-07-20T20:24:39.000Z</time>
      <extensions><gpxtpx:TrackPointExtension><gpxtpx:hr>142</gpxtpx:hr></gpxtpx:TrackPointExtension></extensions>
    </trkpt>
    <trkpt lat="37.566962" lon="127.000236">
      <ele>32.0</ele>
      <time>2026-07-20T20:24:40.000Z</time>
      <extensions><gpxtpx:TrackPointExtension><gpxtpx:hr>140</gpxtpx:hr></gpxtpx:TrackPointExtension></extensions>
    </trkpt>
    <trkpt lat="37.566960" lon="127.000225">
      <ele>32.0</ele>
      <time>2026-07-20T20:24:41.000Z</time>
      <extensions><gpxtpx:TrackPointExtension><gpxtpx:hr>139</gpxtpx:hr></gpxtpx:TrackPointExtension></extensions>
    </trkpt>
    <trkpt lat="37.566953" lon="127.000268">
      <ele>32.0</ele>
      <time>2026-07-20T20:24:42.000Z</time>
      <extensions><gpxtpx:TrackPointExtension><gpxtpx:hr>140</gpxtpx:hr></gpxtpx:TrackPointExtension></extensions>
    </trkpt>
    <trkpt lat="37.566945" lon="127.000327">
      <ele>32.0</ele>
      <time>2026-07-20T20:24:43.000Z</time>
      <extensions><gpxtpx:TrackPointExtension><gpxtpx:hr>140</gpxtpx:hr></gpxtpx:TrackPointExtension></extensions>
    </trkpt>
    <trkpt lat="37.566929" lon="127.000376">
      <ele>32.0</ele>
      <time>2026-07-20T20:24:44.000Z</time>
      <extensions><gpxtpx:TrackPointExtension><gpxtpx:hr>141</gpxtpx:hr></gpxtpx:TrackPointExtension></extensions>
    </trkpt>
    <trkpt lat="37.566890" lon="127.000449">
      <ele>32.0</ele>
      <time>2026-07-20T20:24:45.000Z</time>
      <extensions><gpxtpx:TrackPointExtension><gpxtpx:hr>143</gpxtpx:hr></gpxtpx:TrackPointExtension></extensions>
    </trkpt>
    <trkpt lat="37.566854" lon="127.000521">
      <ele>32.0</ele>
      <time>2026-07-20T20:24:46.000Z</time>
      <extensions><gpxtpx:TrackPointExtension><gpxtpx:hr>145</gpxtpx:hr></gpxtpx:TrackPointExtension></extensions>
    </trkpt>
    <trkpt lat="37.566819" lon="127.000564">
      <ele>32.0</ele>
      <time>2026-07-20T20:24:47.000Z</time>
      <extensions><gpxtpx:TrackPointExtension><gpxtpx:hr>146</gpxtpx:hr></gpxtpx:TrackPointExtension></extensions>
    </trkpt>
    <trkpt lat="37.566781" lon="127.000606">
      <ele>32.0</ele>
      <time>2026-07-20T20:24:48.000Z</time>
      <extensions><gpxtpx:TrackPointExtension><gpxtpx:hr>147</gpxtpx:hr></gpxtpx:TrackPointExtension></extensions>
    </trkpt>
    <trkpt lat="37.566747" lon="127.000642">
      <ele>32.0</ele>
      <time>2026-07-20T20:24:49.000Z</time>
      <extensions><gpxtpx:TrackPointExtension><gpxtpx:hr>147</gpxtpx:hr></gpxtpx:TrackPointExtension></extensions>
    </trkpt>
    <trkpt lat="37.566714" lon="127.000679">
      <ele>32.0</ele>
      <time>2026-07-20T20:24:50.000Z</time>
      <extensions><gpxtpx:TrackPointExtension><gpxtpx:hr>148</gpxtpx:hr></gpxtpx:TrackPointExtension></extensions>
    </trkpt>
    <trkpt lat="37.566680" lon="127.000715">
      <ele>32.0</ele>
      <time>2026-07-20T20:24:51.000Z</time>
      <extensions><gpxtpx:TrackPointExtension><gpxtpx:hr>149</gpxtpx:hr></gpxtpx:TrackPointExtension></extensions>
    </trkpt>
    <trkpt lat="37.566651" lon="127.000759">
      <ele>32.0</ele>
      <time>2026-07-20T20:24:52.000Z</time>
      <extensions><gpxtpx:TrackPointExtension><gpxtpx:hr>149</gpxtpx:hr></gpxtpx:TrackPointExtension></extensions>
    </trkpt>
    <trkpt lat="37.566615" lon="127.000809">
      <ele>32.0</ele>
      <time>2026-07-20T20:24:53.000Z</time>
      <extensions><gpxtpx:TrackPointExtension><gpxtpx:hr>150</gpxtpx:hr></gpxtpx:TrackPointExtension></extensions>
    </trkpt>
    <trkpt lat="37.566632" lon="127.000825">
      <ele>32.0</ele>
      <time>2026-07-20T20:24:54.000Z</time>
      <extensions><gpxtpx:TrackPointExtension><gpxtpx:hr>149</gpxtpx:hr></gpxtpx:TrackPointExtension></extensions>
    </trkpt>
    <trkpt lat="37.566630" lon="127.000825">
      <ele>32.0</ele>
      <time>2026-07-20T20:24:55.000Z</time>
      <extensions><gpxtpx:TrackPointExtension><gpxtpx:hr>148</gpxtpx:hr></gpxtpx:TrackPointExtension></extensions>
    </trkpt>
    <trkpt lat="37.566638" lon="127.000835">
      <ele>32.0</ele>
      <time>2026-07-20T20:24:56.000Z</time>
      <extensions><gpxtpx:TrackPointExtension><gpxtpx:hr>146</gpxtpx:hr></gpxtpx:TrackPointExtension></extensions>
    </trkpt>
    <trkpt lat="37.566640" lon="127.000830">
      <ele>32.0</ele>
      <time>2026-07-20T20:24:57.000Z</time>
      <extensions><gpxtpx:TrackPointExtension><gpxtpx:hr>145</gpxtpx:hr></gpxtpx:TrackPointExtension></extensions>
    </trkpt>
    <trkpt lat="37.566643" lon="127.000831">
      <ele>32.0</ele>
      <time>2026-07-20T20:24:58.000Z</time>
      <extensions><gpxtpx:TrackPointExtension><gpxtpx:hr>143</gpxtpx:hr></gpxtpx:TrackPointExtension></extensions>
    </trkpt>
    <trkpt lat="37.566642" lon="127.000823">
      <ele>32.0</ele>
      <time>2026-07-20T20:24:59.000Z</time>
      <extensions><gpxtpx:TrackPointExtension><gpxtpx:hr>142</gpxtpx:hr></gpxtpx:TrackPointExtension></extensions>
    </trkpt>
    <trkpt lat="37.566642" lon="127.000811">
      <ele>32.0</ele>
      <time>2026-07-20T20:25:00.000Z</time>
      <extensions><gpxtpx:TrackPointExtension><gpxtpx:hr>141</gpxtpx:hr></gpxtpx:TrackPointExtension></extensions>
    </trkpt>
    <trkpt lat="37.566668" lon="127.000797">
      <ele>32.0</ele>
      <time>2026-07-20T20:25:01.000Z</time>
      <extensions><gpxtpx:TrackPointExtension><gpxtpx:hr>141</gpxtpx:hr></gpxtpx:TrackPointExtension></extensions>
    </trkpt>
    <trkpt lat="37.566714" lon="127.000776">
      <ele>32.0</ele>
      <time>2026-07-20T20:25:02.000Z</time>
      <extensions><gpxtpx:TrackPointExtension><gpxtpx:hr>142</gpxtpx:hr></gpxtpx:TrackPointExtension></extensions>
    </trkpt>
    <trkpt lat="37.566757" lon="127.000767">
      <ele>32.0</ele>
      <time>2026-07-20T20:25:03.000Z</time>
      <extensions><gpxtpx:TrackPointExtension><gpxtpx:hr>143</gpxtpx:hr></gpxtpx:TrackPointExtension></extensions>
    </trkpt>
    <trkpt lat="37.566786" lon="127.000789">
      <ele>32.0</ele>
      <time>2026-07-20T20:25:04.000Z</time>
      <extensions><gpxtpx:TrackPointExtension><gpxtpx:hr>144</gpxtpx:hr></gpxtpx:TrackPointExtension></extensions>
    </trkpt>
    <trkpt lat="37.566802" lon="127.000819">
      <ele>32.0</ele>
      <time>2026-07-20T20:25:05.000Z</time>
      <extensions><gpxtpx:TrackPointExtension><gpxtpx:hr>143</gpxtpx:hr></gpxtpx:TrackPointExtension></extensions>
    </trkpt>
    <trkpt lat="37.566819" lon="127.000836">
      <ele>32.0</ele>
      <time>2026-07-20T20:25:06.000Z</time>
      <extensions><gpxtpx:TrackPointExtension><gpxtpx:hr>143</gpxtpx:hr></gpxtpx:TrackPointExtension></extensions>
    </trkpt>
    <trkpt lat="37.566842" lon="127.000846">
      <ele>32.0</ele>
      <time>2026-07-20T20:25:07.000Z</time>
      <extensions><gpxtpx:TrackPointExtension><gpxtpx:hr>143</gpxtpx:hr></gpxtpx:TrackPointExtension></extensions>
    </trkpt>
    <trkpt lat="37.566851" lon="127.000857">
      <ele>32.0</ele>
      <time>2026-07-20T20:25:08.000Z</time>
      <extensions><gpxtpx:TrackPointExtension><gpxtpx:hr>142</gpxtpx:hr></gpxtpx:TrackPointExtension></extensions>
    </trkpt>
    <trkpt lat="37.566860" lon="127.000870">
      <ele>32.0</ele>
      <time>2026-07-20T20:25:09.000Z</time>
      <extensions><gpxtpx:TrackPointExtension><gpxtpx:hr>141</gpxtpx:hr></gpxtpx:TrackPointExtension></extensions>
    </trkpt>
    <trkpt lat="37.566871" lon="127.000884">
      <ele>32.0</ele>
      <time>2026-07-20T20:25:10.000Z</time>
      <extensions><gpxtpx:TrackPointExtension><gpxtpx:hr>141</gpxtpx:hr></gpxtpx:TrackPointExtension></extensions>
    </trkpt>
    <trkpt lat="37.566855" lon="127.000874">
      <ele>32.0</ele>
      <time>2026-07-20T20:25:11.000Z</time>
      <extensions><gpxtpx:TrackPointExtension><gpxtpx:hr>141</gpxtpx:hr></gpxtpx:TrackPointExtension></extensions>
    </trkpt>
    <trkpt lat="37.566847" lon="127.000837">
      <ele>32.0</ele>
      <time>2026-07-20T20:25:12.000Z</time>
      <extensions><gpxtpx:TrackPointExtension><gpxtpx:hr>141</gpxtpx:hr></gpxtpx:TrackPointExtension></extensions>
    </trkpt>
    <trkpt lat="37.566833" lon="127.000800">
      <ele>32.0</ele>
      <time>2026-07-20T20:25:13.000Z</time>
      <extensions><gpxtpx:TrackPointExtension><gpxtpx:hr>141</gpxtpx:hr></gpxtpx:TrackPointExtension></extensions>
    </trkpt>
    <trkpt lat="37.566812" lon="127.000770">
      <ele>32.0</ele>
      <time>2026-07-20T20:25:14.000Z</time>
      <extensions><gpxtpx:TrackPointExtension><gpxtpx:hr>141</gpxtpx:hr></gpxtpx:TrackPointExtension></extensions>
    </trkpt>
    <trkpt lat="37.566804" lon="127.000742">
      <ele>32.0</ele>
      <time>2026-07-20T20:25:15.000Z</time>
      <extensions><gpxtpx:TrackPointExtension><gpxtpx:hr>141</gpxtpx:hr></gpxtpx:TrackPointExtension></extensions>
    </trkpt>
    <trkpt lat="37.566808" lon="127.000773">
      <ele>32.0</ele>
      <time>2026-07-20T20:25:16.000Z</time>
      <extensions><gpxtpx:TrackPointExtension><gpxtpx:hr>141</gpxtpx:hr></gpxtpx:TrackPointExtension></extensions>
    </trkpt>
    <trkpt lat="37.566822" lon="127.000770">
      <ele>32.0</ele>
      <time>2026-07-20T20:25:17.000Z</time>
      <extensions><gpxtpx:TrackPointExtension><gpxtpx:hr>140</gpxtpx:hr></gpxtpx:TrackPointExtension></extensions>
    </trkpt>
    <trkpt lat="37.566820" lon="127.000758">
      <ele>32.0</ele>
      <time>2026-07-20T20:25:18.000Z</time>
      <extensions><gpxtpx:TrackPointExtension><gpxtpx:hr>139</gpxtpx:hr></gpxtpx:TrackPointExtension></extensions>
    </trkpt>
    <trkpt lat="37.566827" lon="127.000749">
      <ele>32.0</ele>
      <time>2026-07-20T20:25:19.000Z</time>
      <extensions><gpxtpx:TrackPointExtension><gpxtpx:hr>138</gpxtpx:hr></gpxtpx:TrackPointExtension></extensions>
    </trkpt>
    <trkpt lat="37.566819" lon="127.000751">
      <ele>32.0</ele>
      <time>2026-07-20T20:25:20.000Z</time>
      <extensions><gpxtpx:TrackPointExtension><gpxtpx:hr>137</gpxtpx:hr></gpxtpx:TrackPointExtension></extensions>
    </trkpt>
    <trkpt lat="37.566829" lon="127.000740">
      <ele>32.0</ele>
      <time>2026-07-20T20:25:21.000Z</time>
      <extensions><gpxtpx:TrackPointExtension><gpxtpx:hr>136</gpxtpx:hr></gpxtpx:TrackPointExtension></extensions>
    </trkpt>
    <trkpt lat="37.566817" lon="127.000738">
      <ele>32.0</ele>
      <time>2026-07-20T20:25:22.000Z</time>
      <extensions><gpxtpx:TrackPointExtension><gpxtpx:hr>135</gpxtpx:hr></gpxtpx:TrackPointExtension></extensions>
    </trkpt>
    <trkpt lat="37.566825" lon="127.000732">
      <ele>32.0</ele>
      <time>2026-07-20T20:25:23.000Z</time>
      <extensions><gpxtpx:TrackPointExtension><gpxtpx:hr>135</gpxtpx:hr></gpxtpx:TrackPointExtension></extensions>
    </trkpt>
    <trkpt lat="37.566831" lon="127.000728">
      <ele>32.0</ele>
      <time>2026-07-20T20:25:24.000Z</time>
      <extensions><gpxtpx:TrackPointExtension><gpxtpx:hr>134</gpxtpx:hr></gpxtpx:TrackPointExtension></extensions>
    </trkpt>
    <trkpt lat="37.566831" lon="127.000703">
      <ele>32.0</ele>
      <time>2026-07-20T20:25:25.000Z</time>
      <extensions><gpxtpx:TrackPointExtension><gpxtpx:hr>134</gpxtpx:hr></gpxtpx:TrackPointExtension></extensions>
    </trkpt>
    <trkpt lat="37.566840" lon="127.000682">
      <ele>32.0</ele>
      <time>2026-07-20T20:25:26.000Z</time>
      <extensions><gpxtpx:TrackPointExtension><gpxtpx:hr>134</gpxtpx:hr></gpxtpx:TrackPointExtension></extensions>
    </trkpt>
    <trkpt lat="37.566837" lon="127.000660">
      <ele>32.0</ele>
      <time>2026-07-20T20:25:27.000Z</time>
      <extensions><gpxtpx:TrackPointExtension><gpxtpx:hr>134</gpxtpx:hr></gpxtpx:TrackPointExtension></extensions>
    </trkpt>
    <trkpt lat="37.566831" lon="127.000623">
      <ele>32.0</ele>
      <time>2026-07-20T20:25:28.000Z</time>
      <extensions><gpxtpx:TrackPointExtension><gpxtpx:hr>134</gpxtpx:hr></gpxtpx:TrackPointExtension></extensions>
    </trkpt>
    <trkpt lat="37.566822" lon="127.000591">
      <ele>32.0</ele>
      <time>2026-07-20T20:25:29.000Z</time>
      <extensions><gpxtpx:TrackPointExtension><gpxtpx:hr>135</gpxtpx:hr></gpxtpx:TrackPointExtension></extensions>
    </trkpt>
    <trkpt lat="37.566813" lon="127.000565">
      <ele>32.0</ele>
      <time>2026-07-20T20:25:30.000Z</time>
      <extensions><gpxtpx:TrackPointExtension><gpxtpx:hr>135</gpxtpx:hr></gpxtpx:TrackPointExtension></extensions>
    </trkpt>
    <trkpt lat="37.566807" lon="127.000524">
      <ele>32.0</ele>
      <time>2026-07-20T20:25:31.000Z</time>
      <extensions><gpxtpx:TrackPointExtension><gpxtpx:hr>136</gpxtpx:hr></gpxtpx:TrackPointExtension></extensions>
    </trkpt>
    <trkpt lat="37.566802" lon="127.000557">
      <ele>32.0</ele>
      <time>2026-07-20T20:25:32.000Z</time>
      <extensions><gpxtpx:TrackPointExtension><gpxtpx:hr>136</gpxtpx:hr></gpxtpx:TrackPointExtension></extensions>
    </trkpt>
    <trkpt lat="37.566802" lon="127.000598">
      <ele>32.0</ele>
      <time>2026-07-20T20:25:33.000Z</time>
      <extensions><gpxtpx:TrackPointExtension><gpxtpx:hr>136</gpxtpx:hr></gpxtpx:TrackPointExtension></extensions>
    </trkpt>
    <trkpt lat="37.566800" lon="127.000647">
      <ele>32.0</ele>
      <time>2026-07-20T20:25:34.000Z</time>
      <extensions><gpxtpx:TrackPointExtension><gpxtpx:hr>137</gpxtpx:hr></gpxtpx:TrackPointExtension></extensions>
    </trkpt>
    <trkpt lat="37.566800" lon="127.000682">
      <ele>32.0</ele>
      <time>2026-07-20T20:25:35.000Z</time>
      <extensions><gpxtpx:TrackPointExtension><gpxtpx:hr>137</gpxtpx:hr></gpxtpx:TrackPointExtension></extensions>
    </trkpt>
    <trkpt lat="37.566794" lon="127.000708">
      <ele>32.0</ele>
      <time>2026-07-20T20:25:36.000Z</time>
      <extensions><gpxtpx:TrackPointExtension><gpxtpx:hr>138</gpxtpx:hr></gpxtpx:TrackPointExtension></extensions>
    </trkpt>
    <trkpt lat="37.566800" lon="127.000761">
      <ele>32.0</ele>
      <time>2026-07-20T20:25:37.000Z</time>
      <extensions><gpxtpx:TrackPointExtension><gpxtpx:hr>138</gpxtpx:hr></gpxtpx:TrackPointExtension></extensions>
    </trkpt>
    <trkpt lat="37.566788" lon="127.000796">
      <ele>32.0</ele>
      <time>2026-07-20T20:25:38.000Z</time>
      <extensions><gpxtpx:TrackPointExtension><gpxtpx:hr>138</gpxtpx:hr></gpxtpx:TrackPointExtension></extensions>
    </trkpt>
    <trkpt lat="37.566798" lon="127.000825">
      <ele>32.0</ele>
      <time>2026-07-20T20:25:39.000Z</time>
      <extensions><gpxtpx:TrackPointExtension><gpxtpx:hr>138</gpxtpx:hr></gpxtpx:TrackPointExtension></extensions>
    </trkpt>
    <trkpt lat="37.566787" lon="127.000859">
      <ele>32.0</ele>
      <time>2026-07-20T20:25:40.000Z</time>
      <extensions><gpxtpx:TrackPointExtension><gpxtpx:hr>139</gpxtpx:hr></gpxtpx:TrackPointExtension></extensions>
    </trkpt>
    <trkpt lat="37.566783" lon="127.000905">
      <ele>32.0</ele>
      <time>2026-07-20T20:25:41.000Z</time>
      <extensions><gpxtpx:TrackPointExtension><gpxtpx:hr>139</gpxtpx:hr></gpxtpx:TrackPointExtension></extensions>
    </trkpt>
    <trkpt lat="37.566791" lon="127.000936">
      <ele>32.0</ele>
      <time>2026-07-20T20:25:42.000Z</time>
      <extensions><gpxtpx:TrackPointExtension><gpxtpx:hr>139</gpxtpx:hr></gpxtpx:TrackPointExtension></extensions>
    </trkpt>
    <trkpt lat="37.566784" lon="127.000984">
      <ele>32.0</ele>
      <time>2026-07-20T20:25:43.000Z</time>
      <extensions><gpxtpx:TrackPointExtension><gpxtpx:hr>140</gpxtpx:hr></gpxtpx:TrackPointExtension></extensions>
    </trkpt>
    <trkpt lat="37.566760" lon="127.000927">
      <ele>32.0</ele>
      <time>2026-07-20T20:25:44.000Z</time>
      <extensions><gpxtpx:TrackPointExtension><gpxtpx:hr>140</gpxtpx:hr></gpxtpx:TrackPointExtension></extensions>
    </trkpt>
    <trkpt lat="37.566750" lon="127.000869">
      <ele>32.0</ele>
      <time>2026-07-20T20:25:45.000Z</time>
      <extensions><gpxtpx:TrackPointExtension><gpxtpx:hr>141</gpxtpx:hr></gpxtpx:TrackPointExtension></extensions>
    </trkpt>
    <trkpt lat="37.566722" lon="127.000823">
      <ele>32.0</ele>
      <time>2026-07-20T20:25:46.000Z</time>
      <extensions><gpxtpx:TrackPointExtension><gpxtpx:hr>142</gpxtpx:hr></gpxtpx:TrackPointExtension></extensions>
    </trkpt>
    <trkpt lat="37.566704" lon="127.000758">
      <ele>32.0</ele>
      <time>2026-07-20T20:25:47.000Z</time>
      <extensions><gpxtpx:TrackPointExtension><gpxtpx:hr>144</gpxtpx:hr></gpxtpx:TrackPointExtension></extensions>
    </trkpt>
    <trkpt lat="37.566681" lon="127.000720">
      <ele>32.0</ele>
      <time>2026-07-20T20:25:48.000Z</time>
      <extensions><gpxtpx:TrackPointExtension><gpxtpx:hr>144</gpxtpx:hr></gpxtpx:TrackPointExtension></extensions>
    </trkpt>
    <trkpt lat="37.566671" lon="127.000698">
      <ele>32.0</ele>
      <time>2026-07-20T20:25:49.000Z</time>
      <extensions><gpxtpx:TrackPointExtension><gpxtpx:hr>144</gpxtpx:hr></gpxtpx:TrackPointExtension></extensions>
    </trkpt>
    <trkpt lat="37.566660" lon="127.000661">
      <ele>32.0</ele>
      <time>2026-07-20T20:25:50.000Z</time>
      <extensions><gpxtpx:TrackPointExtension><gpxtpx:hr>143</gpxtpx:hr></gpxtpx:TrackPointExtension></extensions>
    </trkpt>
    <trkpt lat="37.566660" lon="127.000647">
      <ele>32.0</ele>
      <time>2026-07-20T20:25:51.000Z</time>
      <extensions><gpxtpx:TrackPointExtension><gpxtpx:hr>143</gpxtpx:hr></gpxtpx:TrackPointExtension></extensions>
    </trkpt>
    <trkpt lat="37.566668" lon="127.000662">
      <ele>32.0</ele>
      <time>2026-07-20T20:25:52.000Z</time>
      <extensions><gpxtpx:TrackPointExtension><gpxtpx:hr>142</gpxtpx:hr></gpxtpx:TrackPointExtension></extensions>
    </trkpt>
    <trkpt lat="37.566665" lon="127.000683">
      <ele>32.0</ele>
      <time>2026-07-20T20:25:53.000Z</time>
      <extensions><gpxtpx:TrackPointExtension><gpxtpx:hr>142</gpxtpx:hr></gpxtpx:TrackPointExtension></extensions>
    </trkpt>
    <trkpt lat="37.566676" lon="127.000713">
      <ele>32.0</ele>
      <time>2026-07-20T20:25:54.000Z</time>
      <extensions><gpxtpx:TrackPointExtension><gpxtpx:hr>141</gpxtpx:hr></gpxtpx:TrackPointExtension></extensions>
    </trkpt>
    <trkpt lat="37.566672" lon="127.000720">
      <ele>32.0</ele>
      <time>2026-07-20T20:25:55.000Z</time>
      <extensions><gpxtpx:TrackPointExtension><gpxtpx:hr>141</gpxtpx:hr></gpxtpx:TrackPointExtension></extensions>
    </trkpt>
    <trkpt lat="37.566674" lon="127.000744">
      <ele>32.0</ele>
      <time>2026-07-20T20:25:56.000Z</time>
      <extensions><gpxtpx:TrackPointExtension><gpxtpx:hr>140</gpxtpx:hr></gpxtpx:TrackPointExtension></extensions>
    </trkpt>
    <trkpt lat="37.566677" lon="127.000763">
      <ele>32.0</ele>
      <time>2026-07-20T20:25:57.000Z</time>
      <extensions><gpxtpx:TrackPointExtension><gpxtpx:hr>139</gpxtpx:hr></gpxtpx:TrackPointExtension></extensions>
    </trkpt>
    <trkpt lat="37.566679" lon="127.000767">
      <ele>32.0</ele>
      <time>2026-07-20T20:25:58.000Z</time>
      <extensions><gpxtpx:TrackPointExtension><gpxtpx:hr>139</gpxtpx:hr></gpxtpx:TrackPointExtension></extensions>
    </trkpt>
    <trkpt lat="37.566681" lon="127.000786">
      <ele>32.0</ele>
      <time>2026-07-20T20:25:59.000Z</time>
      <extensions><gpxtpx:TrackPointExtension><gpxtpx:hr>138</gpxtpx:hr></gpxtpx:TrackPointExtension></extensions>
    </trkpt>
    <trkpt lat="37.566681" lon="127.000817">
      <ele>32.0</ele>
      <time>2026-07-20T20:26:00.000Z</time>
      <extensions><gpxtpx:TrackPointExtension><gpxtpx:hr>138</gpxtpx:hr></gpxtpx:TrackPointExtension></extensions>
    </trkpt>
    <trkpt lat="37.566685" lon="127.000820">
      <ele>32.0</ele>
      <time>2026-07-20T20:26:01.000Z</time>
      <extensions><gpxtpx:TrackPointExtension><gpxtpx:hr>137</gpxtpx:hr></gpxtpx:TrackPointExtension></extensions>
    </trkpt>
    <trkpt lat="37.566667" lon="127.000864">
      <ele>32.0</ele>
      <time>2026-07-20T20:26:02.000Z</time>
      <extensions><gpxtpx:TrackPointExtension><gpxtpx:hr>138</gpxtpx:hr></gpxtpx:TrackPointExtension></extensions>
    </trkpt>
    <trkpt lat="37.566658" lon="127.000921">
      <ele>32.0</ele>
      <time>2026-07-20T20:26:03.000Z</time>
      <extensions><gpxtpx:TrackPointExtension><gpxtpx:hr>139</gpxtpx:hr></gpxtpx:TrackPointExtension></extensions>
    </trkpt>
    <trkpt lat="37.566640" lon="127.000971">
      <ele>32.0</ele>
      <time>2026-07-20T20:26:04.000Z</time>
      <extensions><gpxtpx:TrackPointExtension><gpxtpx:hr>140</gpxtpx:hr></gpxtpx:TrackPointExtension></extensions>
    </trkpt>
    <trkpt lat="37.566618" lon="127.001023">
      <ele>32.0</ele>
      <time>2026-07-20T20:26:05.000Z</time>
      <extensions><gpxtpx:TrackPointExtension><gpxtpx:hr>141</gpxtpx:hr></gpxtpx:TrackPointExtension></extensions>
    </trkpt>
    <trkpt lat="37.566600" lon="127.001083">
      <ele>32.0</ele>
      <time>2026-07-20T20:26:06.000Z</time>
      <extensions><gpxtpx:TrackPointExtension><gpxtpx:hr>142</gpxtpx:hr></gpxtpx:TrackPointExtension></extensions>
    </trkpt>
    <trkpt lat="37.566611" lon="127.001014">
      <ele>32.0</ele>
      <time>2026-07-20T20:26:07.000Z</time>
      <extensions><gpxtpx:TrackPointExtension><gpxtpx:hr>143</gpxtpx:hr></gpxtpx:TrackPointExtension></extensions>
    </trkpt>
    <trkpt lat="37.566640" lon="127.000929">
      <ele>32.0</ele>
      <time>2026-07-20T20:26:08.000Z</time>
      <extensions><gpxtpx:TrackPointExtension><gpxtpx:hr>145</gpxtpx:hr></gpxtpx:TrackPointExtension></extensions>
    </trkpt>
    <trkpt lat="37.566661" lon="127.000842">
      <ele>32.0</ele>
      <time>2026-07-20T20:26:09.000Z</time>
      <extensions><gpxtpx:TrackPointExtension><gpxtpx:hr>147</gpxtpx:hr></gpxtpx:TrackPointExtension></extensions>
    </trkpt>
    <trkpt lat="37.566676" lon="127.000755">
      <ele>32.0</ele>
      <time>2026-07-20T20:26:10.000Z</time>
      <extensions><gpxtpx:TrackPointExtension><gpxtpx:hr>149</gpxtpx:hr></gpxtpx:TrackPointExtension></extensions>
    </trkpt>
    <trkpt lat="37.566639" lon="127.000810">
      <ele>32.0</ele>
      <time>2026-07-20T20:26:11.000Z</time>
      <extensions><gpxtpx:TrackPointExtension><gpxtpx:hr>150</gpxtpx:hr></gpxtpx:TrackPointExtension></extensions>
    </trkpt>
    <trkpt lat="37.566611" lon="127.000865">
      <ele>32.0</ele>
      <time>2026-07-20T20:26:12.000Z</time>
      <extensions><gpxtpx:TrackPointExtension><gpxtpx:hr>151</gpxtpx:hr></gpxtpx:TrackPointExtension></extensions>
    </trkpt>
    <trkpt lat="37.566640" lon="127.000819">
      <ele>32.0</ele>
      <time>2026-07-20T20:26:13.000Z</time>
      <extensions><gpxtpx:TrackPointExtension><gpxtpx:hr>151</gpxtpx:hr></gpxtpx:TrackPointExtension></extensions>
    </trkpt>
    <trkpt lat="37.566640" lon="127.000875">
      <ele>32.0</ele>
      <time>2026-07-20T20:26:14.000Z</time>
      <extensions><gpxtpx:TrackPointExtension><gpxtpx:hr>151</gpxtpx:hr></gpxtpx:TrackPointExtension></extensions>
    </trkpt>
    <trkpt lat="37.566632" lon="127.000903">
      <ele>32.0</ele>
      <time>2026-07-20T20:26:15.000Z</time>
      <extensions><gpxtpx:TrackPointExtension><gpxtpx:hr>151</gpxtpx:hr></gpxtpx:TrackPointExtension></extensions>
    </trkpt>
    <trkpt lat="37.566632" lon="127.000941">
      <ele>32.0</ele>
      <time>2026-07-20T20:26:16.000Z</time>
      <extensions><gpxtpx:TrackPointExtension><gpxtpx:hr>151</gpxtpx:hr></gpxtpx:TrackPointExtension></extensions>
    </trkpt>
    <trkpt lat="37.566628" lon="127.000995">
      <ele>32.0</ele>
      <time>2026-07-20T20:26:17.000Z</time>
      <extensions><gpxtpx:TrackPointExtension><gpxtpx:hr>150</gpxtpx:hr></gpxtpx:TrackPointExtension></extensions>
    </trkpt>
    <trkpt lat="37.566636" lon="127.000959">
      <ele>32.0</ele>
      <time>2026-07-20T20:26:18.000Z</time>
      <extensions><gpxtpx:TrackPointExtension><gpxtpx:hr>150</gpxtpx:hr></gpxtpx:TrackPointExtension></extensions>
    </trkpt>
    <trkpt lat="37.566628" lon="127.000981">
      <ele>32.0</ele>
      <time>2026-07-20T20:26:19.000Z</time>
      <extensions><gpxtpx:TrackPointExtension><gpxtpx:hr>150</gpxtpx:hr></gpxtpx:TrackPointExtension></extensions>
    </trkpt>
    <trkpt lat="37.566627" lon="127.000948">
      <ele>32.0</ele>
      <time>2026-07-20T20:26:20.000Z</time>
      <extensions><gpxtpx:TrackPointExtension><gpxtpx:hr>149</gpxtpx:hr></gpxtpx:TrackPointExtension></extensions>
    </trkpt>
    <trkpt lat="37.566631" lon="127.000986">
      <ele>32.0</ele>
      <time>2026-07-20T20:26:21.000Z</time>
      <extensions><gpxtpx:TrackPointExtension><gpxtpx:hr>149</gpxtpx:hr></gpxtpx:TrackPointExtension></extensions>
    </trkpt>
    <trkpt lat="37.566636" lon="127.000957">
      <ele>32.0</ele>
      <time>2026-07-20T20:26:22.000Z</time>
      <extensions><gpxtpx:TrackPointExtension><gpxtpx:hr>149</gpxtpx:hr></gpxtpx:TrackPointExtension></extensions>
    </trkpt>
    <trkpt lat="37.566633" lon="127.000990">
      <ele>32.0</ele>
      <time>2026-07-20T20:26:23.000Z</time>
      <extensions><gpxtpx:TrackPointExtension><gpxtpx:hr>149</gpxtpx:hr></gpxtpx:TrackPointExtension></extensions>
    </trkpt>
    <trkpt lat="37.566630" lon="127.000962">
      <ele>32.0</ele>
      <time>2026-07-20T20:26:24.000Z</time>
      <extensions><gpxtpx:TrackPointExtension><gpxtpx:hr>149</gpxtpx:hr></gpxtpx:TrackPointExtension></extensions>
    </trkpt>
    <trkpt lat="37.566637" lon="127.000904">
      <ele>32.0</ele>
      <time>2026-07-20T20:26:25.000Z</time>
      <extensions><gpxtpx:TrackPointExtension><gpxtpx:hr>149</gpxtpx:hr></gpxtpx:TrackPointExtension></extensions>
    </trkpt>
    <trkpt lat="37.566649" lon="127.000842">
      <ele>32.0</ele>
      <time>2026-07-20T20:26:26.000Z</time>
      <extensions><gpxtpx:TrackPointExtension><gpxtpx:hr>150</gpxtpx:hr></gpxtpx:TrackPointExtension></extensions>
    </trkpt>
    <trkpt lat="37.566656" lon="127.000787">
      <ele>32.0</ele>
      <time>2026-07-20T20:26:27.000Z</time>
      <extensions><gpxtpx:TrackPointExtension><gpxtpx:hr>150</gpxtpx:hr></gpxtpx:TrackPointExtension></extensions>
    </trkpt>
    <trkpt lat="37.566678" lon="127.000736">
      <ele>32.0</ele>
      <time>2026-07-20T20:26:28.000Z</time>
      <extensions><gpxtpx:TrackPointExtension><gpxtpx:hr>151</gpxtpx:hr></gpxtpx:TrackPointExtension></extensions>
    </trkpt>
    <trkpt lat="37.566683" lon="127.000668">
      <ele>32.0</ele>
      <time>2026-07-20T20:26:29.000Z</time>
      <extensions><gpxtpx:TrackPointExtension><gpxtpx:hr>151</gpxtpx:hr></gpxtpx:TrackPointExtension></extensions>
    </trkpt>
    <trkpt lat="37.566691" lon="127.000615">
      <ele>32.0</ele>
      <time>2026-07-20T20:26:30.000Z</time>
      <extensions><gpxtpx:TrackPointExtension><gpxtpx:hr>152</gpxtpx:hr></gpxtpx:TrackPointExtension></extensions>
    </trkpt>
    <trkpt lat="37.566689" lon="127.000641">
      <ele>32.0</ele>
      <time>2026-07-20T20:26:31.000Z</time>
      <extensions><gpxtpx:TrackPointExtension><gpxtpx:hr>150</gpxtpx:hr></gpxtpx:TrackPointExtension></extensions>
    </trkpt>
    <trkpt lat="37.566677" lon="127.000647">
      <ele>32.0</ele>
      <time>2026-07-20T20:26:32.000Z</time>
      <extensions><gpxtpx:TrackPointExtension><gpxtpx:hr>149</gpxtpx:hr></gpxtpx:TrackPointExtension></extensions>
    </trkpt>
    <trkpt lat="37.566676" lon="127.000647">
      <ele>32.0</ele>
      <time>2026-07-20T20:26:33.000Z</time>
      <extensions><gpxtpx:TrackPointExtension><gpxtpx:hr>147</gpxtpx:hr></gpxtpx:TrackPointExtension></extensions>
    </trkpt>
    <trkpt lat="37.566685" lon="127.000647">
      <ele>32.0</ele>
      <time>2026-07-20T20:26:34.000Z</time>
      <extensions><gpxtpx:TrackPointExtension><gpxtpx:hr>146</gpxtpx:hr></gpxtpx:TrackPointExtension></extensions>
    </trkpt>
    <trkpt lat="37.566676" lon="127.000657">
      <ele>32.0</ele>
      <time>2026-07-20T20:26:35.000Z</time>
      <extensions><gpxtpx:TrackPointExtension><gpxtpx:hr>145</gpxtpx:hr></gpxtpx:TrackPointExtension></extensions>
    </trkpt>
    <trkpt lat="37.566657" lon="127.000657">
      <ele>32.0</ele>
      <time>2026-07-20T20:26:36.000Z</time>
      <extensions><gpxtpx:TrackPointExtension><gpxtpx:hr>144</gpxtpx:hr></gpxtpx:TrackPointExtension></extensions>
    </trkpt>
    <trkpt lat="37.566652" lon="127.000666">
      <ele>32.0</ele>
      <time>2026-07-20T20:26:37.000Z</time>
      <extensions><gpxtpx:TrackPointExtension><gpxtpx:hr>143</gpxtpx:hr></gpxtpx:TrackPointExtension></extensions>
    </trkpt>
    <trkpt lat="37.566634" lon="127.000678">
      <ele>32.0</ele>
      <time>2026-07-20T20:26:38.000Z</time>
      <extensions><gpxtpx:TrackPointExtension><gpxtpx:hr>142</gpxtpx:hr></gpxtpx:TrackPointExtension></extensions>
    </trkpt>
    <trkpt lat="37.566656" lon="127.000660">
      <ele>32.0</ele>
      <time>2026-07-20T20:26:39.000Z</time>
      <extensions><gpxtpx:TrackPointExtension><gpxtpx:hr>142</gpxtpx:hr></gpxtpx:TrackPointExtension></extensions>
    </trkpt>
    <trkpt lat="37.566658" lon="127.000641">
      <ele>32.0</ele>
      <time>2026-07-20T20:26:40.000Z</time>
      <extensions><gpxtpx:TrackPointExtension><gpxtpx:hr>141</gpxtpx:hr></gpxtpx:TrackPointExtension></extensions>
    </trkpt>
    <trkpt lat="37.566673" lon="127.000624">
      <ele>32.0</ele>
      <time>2026-07-20T20:26:41.000Z</time>
      <extensions><gpxtpx:TrackPointExtension><gpxtpx:hr>141</gpxtpx:hr></gpxtpx:TrackPointExtension></extensions>
    </trkpt>
    <trkpt lat="37.566687" lon="127.000624">
      <ele>32.0</ele>
      <time>2026-07-20T20:26:42.000Z</time>
      <extensions><gpxtpx:TrackPointExtension><gpxtpx:hr>140</gpxtpx:hr></gpxtpx:TrackPointExtension></extensions>
    </trkpt>
    <trkpt lat="37.566694" lon="127.000601">
      <ele>32.0</ele>
      <time>2026-07-20T20:26:43.000Z</time>
      <extensions><gpxtpx:TrackPointExtension><gpxtpx:hr>139</gpxtpx:hr></gpxtpx:TrackPointExtension></extensions>
    </trkpt>
    <trkpt lat="37.566694" lon="127.000599">
      <ele>32.0</ele>
      <time>2026-07-20T20:26:44.000Z</time>
      <extensions><gpxtpx:TrackPointExtension><gpxtpx:hr>139</gpxtpx:hr></gpxtpx:TrackPointExtension></extensions>
    </trkpt>
    <trkpt lat="37.566705" lon="127.000570">
      <ele>32.0</ele>
      <time>2026-07-20T20:26:45.000Z</time>
      <extensions><gpxtpx:TrackPointExtension><gpxtpx:hr>139</gpxtpx:hr></gpxtpx:TrackPointExtension></extensions>
    </trkpt>
    <trkpt lat="37.566723" lon="127.000539">
      <ele>32.0</ele>
      <time>2026-07-20T20:26:46.000Z</time>
      <extensions><gpxtpx:TrackPointExtension><gpxtpx:hr>139</gpxtpx:hr></gpxtpx:TrackPointExtension></extensions>
    </trkpt>
    <trkpt lat="37.566726" lon="127.000501">
      <ele>32.0</ele>
      <time>2026-07-20T20:26:47.000Z</time>
      <extensions><gpxtpx:TrackPointExtension><gpxtpx:hr>139</gpxtpx:hr></gpxtpx:TrackPointExtension></extensions>
    </trkpt>
    <trkpt lat="37.566741" lon="127.000468">
      <ele>32.0</ele>
      <time>2026-07-20T20:26:48.000Z</time>
      <extensions><gpxtpx:TrackPointExtension><gpxtpx:hr>139</gpxtpx:hr></gpxtpx:TrackPointExtension></extensions>
    </trkpt>
    <trkpt lat="37.566759" lon="127.000435">
      <ele>32.0</ele>
      <time>2026-07-20T20:26:49.000Z</time>
      <extensions><gpxtpx:TrackPointExtension><gpxtpx:hr>139</gpxtpx:hr></gpxtpx:TrackPointExtension></extensions>
    </trkpt>
    <trkpt lat="37.566698" lon="127.000415">
      <ele>32.0</ele>
      <time>2026-07-20T20:26:50.000Z</time>
      <extensions><gpxtpx:TrackPointExtension><gpxtpx:hr>141</gpxtpx:hr></gpxtpx:TrackPointExtension></extensions>
    </trkpt>
    <trkpt lat="37.566642" lon="127.000393">
      <ele>32.0</ele>
      <time>2026-07-20T20:26:51.000Z</time>
      <extensions><gpxtpx:TrackPointExtension><gpxtpx:hr>142</gpxtpx:hr></gpxtpx:TrackPointExtension></extensions>
    </trkpt>
    <trkpt lat="37.566664" lon="127.000325">
      <ele>32.0</ele>
      <time>2026-07-20T20:26:52.000Z</time>
      <extensions><gpxtpx:TrackPointExtension><gpxtpx:hr>144</gpxtpx:hr></gpxtpx:TrackPointExtension></extensions>
    </trkpt>
    <trkpt lat="37.566695" lon="127.000276">
      <ele>32.0</ele>
      <time>2026-07-20T20:26:53.000Z</time>
      <extensions><gpxtpx:TrackPointExtension><gpxtpx:hr>145</gpxtpx:hr></gpxtpx:TrackPointExtension></extensions>
    </trkpt>
    <trkpt lat="37.566712" lon="127.000214">
      <ele>32.0</ele>
      <time>2026-07-20T20:26:54.000Z</time>
      <extensions><gpxtpx:TrackPointExtension><gpxtpx:hr>145</gpxtpx:hr></gpxtpx:TrackPointExtension></extensions>
    </trkpt>
    <trkpt lat="37.566732" lon="127.000171">
      <ele>32.0</ele>
      <time>2026-07-20T20:26:55.000Z</time>
      <extensions><gpxtpx:TrackPointExtension><gpxtpx:hr>146</gpxtpx:hr></gpxtpx:TrackPointExtension></extensions>
    </trkpt>
    <trkpt lat="37.566756" lon="127.000115">
      <ele>32.0</ele>
      <time>2026-07-20T20:26:56.000Z</time>
      <extensions><gpxtpx:TrackPointExtension><gpxtpx:hr>147</gpxtpx:hr></gpxtpx:TrackPointExtension></extensions>
    </trkpt>
    <trkpt lat="37.566782" lon="127.000052">
      <ele>32.0</ele>
      <time>2026-07-20T20:26:57.000Z</time>
      <extensions><gpxtpx:TrackPointExtension><gpxtpx:hr>148</gpxtpx:hr></gpxtpx:TrackPointExtension></extensions>
    </trkpt>
    <trkpt lat="37.566790" lon="127.000099">
      <ele>32.0</ele>
      <time>2026-07-20T20:26:58.000Z</time>
      <extensions><gpxtpx:TrackPointExtension><gpxtpx:hr>148</gpxtpx:hr></gpxtpx:TrackPointExtension></extensions>
    </trkpt>
    <trkpt lat="37.566803" lon="127.000132">
      <ele>32.0</ele>
      <time>2026-07-20T20:26:59.000Z</time>
      <extensions><gpxtpx:TrackPointExtension><gpxtpx:hr>148</gpxtpx:hr></gpxtpx:TrackPointExtension></extensions>
    </trkpt>
    <trkpt lat="37.566796" lon="127.000158">
      <ele>32.0</ele>
      <time>2026-07-20T20:27:00.000Z</time>
      <extensions><gpxtpx:TrackPointExtension><gpxtpx:hr>147</gpxtpx:hr></gpxtpx:TrackPointExtension></extensions>
    </trkpt>
    <trkpt lat="37.566808" lon="127.000169">
      <ele>32.0</ele>
      <time>2026-07-20T20:27:01.000Z</time>
      <extensions><gpxtpx:TrackPointExtension><gpxtpx:hr>146</gpxtpx:hr></gpxtpx:TrackPointExtension></extensions>
    </trkpt>
    <trkpt lat="37.566805" lon="127.000187">
      <ele>32.0</ele>
      <time>2026-07-20T20:27:02.000Z</time>
      <extensions><gpxtpx:TrackPointExtension><gpxtpx:hr>146</gpxtpx:hr></gpxtpx:TrackPointExtension></extensions>
    </trkpt>
    <trkpt lat="37.566819" lon="127.000219">
      <ele>32.0</ele>
      <time>2026-07-20T20:27:03.000Z</time>
      <extensions><gpxtpx:TrackPointExtension><gpxtpx:hr>145</gpxtpx:hr></gpxtpx:TrackPointExtension></extensions>
    </trkpt>
    <trkpt lat="37.566794" lon="127.000210">
      <ele>32.0</ele>
      <time>2026-07-20T20:27:04.000Z</time>
      <extensions><gpxtpx:TrackPointExtension><gpxtpx:hr>144</gpxtpx:hr></gpxtpx:TrackPointExtension></extensions>
    </trkpt>
    <trkpt lat="37.566784" lon="127.000215">
      <ele>32.0</ele>
      <time>2026-07-20T20:27:05.000Z</time>
      <extensions><gpxtpx:TrackPointExtension><gpxtpx:hr>143</gpxtpx:hr></gpxtpx:TrackPointExtension></extensions>
    </trkpt>
    <trkpt lat="37.566765" lon="127.000201">
      <ele>32.0</ele>
      <time>2026-07-20T20:27:06.000Z</time>
      <extensions><gpxtpx:TrackPointExtension><gpxtpx:hr>143</gpxtpx:hr></gpxtpx:TrackPointExtension></extensions>
    </trkpt>
    <trkpt lat="37.566757" lon="127.000202">
      <ele>32.0</ele>
      <time>2026-07-20T20:27:07.000Z</time>
      <extensions><gpxtpx:TrackPointExtension><gpxtpx:hr>142</gpxtpx:hr></gpxtpx:TrackPointExtension></extensions>
    </trkpt>
    <trkpt lat="37.566736" lon="127.000211">
      <ele>32.0</ele>
      <time>2026-07-20T20:27:08.000Z</time>
      <extensions><gpxtpx:TrackPointExtension><gpxtpx:hr>141</gpxtpx:hr></gpxtpx:TrackPointExtension></extensions>
    </trkpt>
    <trkpt lat="37.566738" lon="127.000217">
      <ele>32.0</ele>
      <time>2026-07-20T20:27:09.000Z</time>
      <extensions><gpxtpx:TrackPointExtension><gpxtpx:hr>141</gpxtpx:hr></gpxtpx:TrackPointExtension></extensions>
    </trkpt>
    <trkpt lat="37.566741" lon="127.000235">
      <ele>32.0</ele>
      <time>2026-07-20T20:27:10.000Z</time>
      <extensions><gpxtpx:TrackPointExtension><gpxtpx:hr>140</gpxtpx:hr></gpxtpx:TrackPointExtension></extensions>
    </trkpt>
    <trkpt lat="37.566738" lon="127.000261">
      <ele>32.0</ele>
      <time>2026-07-20T20:27:11.000Z</time>
      <extensions><gpxtpx:TrackPointExtension><gpxtpx:hr>140</gpxtpx:hr></gpxtpx:TrackPointExtension></extensions>
    </trkpt>
    <trkpt lat="37.566737" lon="127.000282">
      <ele>32.0</ele>
      <time>2026-07-20T20:27:12.000Z</time>
      <extensions><gpxtpx:TrackPointExtension><gpxtpx:hr>140</gpxtpx:hr></gpxtpx:TrackPointExtension></extensions>
    </trkpt>
    <trkpt lat="37.566739" lon="127.000310">
      <ele>32.0</ele>
      <time>2026-07-20T20:27:13.000Z</time>
      <extensions><gpxtpx:TrackPointExtension><gpxtpx:hr>139</gpxtpx:hr></gpxtpx:TrackPointExtension></extensions>
    </trkpt>
    <trkpt lat="37.566734" lon="127.000334">
      <ele>32.0</ele>
      <time>2026-07-20T20:27:14.000Z</time>
      <extensions><gpxtpx:TrackPointExtension><gpxtpx:hr>139</gpxtpx:hr></gpxtpx:TrackPointExtension></extensions>
    </trkpt>
    <trkpt lat="37.566753" lon="127.000339">
      <ele>32.0</ele>
      <time>2026-07-20T20:27:15.000Z</time>
      <extensions><gpxtpx:TrackPointExtension><gpxtpx:hr>139</gpxtpx:hr></gpxtpx:TrackPointExtension></extensions>
    </trkpt>
    <trkpt lat="37.566782" lon="127.000357">
      <ele>32.0</ele>
      <time>2026-07-20T20:27:16.000Z</time>
      <extensions><gpxtpx:TrackPointExtension><gpxtpx:hr>139</gpxtpx:hr></gpxtpx:TrackPointExtension></extensions>
    </trkpt>
    <trkpt lat="37.566813" lon="127.000385">
      <ele>32.0</ele>
      <time>2026-07-20T20:27:17.000Z</time>
      <extensions><gpxtpx:TrackPointExtension><gpxtpx:hr>139</gpxtpx:hr></gpxtpx:TrackPointExtension></extensions>
    </trkpt>
    <trkpt lat="37.566830" lon="127.000405">
      <ele>32.0</ele>
      <time>2026-07-20T20:27:18.000Z</time>
      <extensions><gpxtpx:TrackPointExtension><gpxtpx:hr>139</gpxtpx:hr></gpxtpx:TrackPointExtension></extensions>
    </trkpt>
    <trkpt lat="37.566860" lon="127.000425">
      <ele>32.0</ele>
      <time>2026-07-20T20:27:19.000Z</time>
      <extensions><gpxtpx:TrackPointExtension><gpxtpx:hr>140</gpxtpx:hr></gpxtpx:TrackPointExtension></extensions>
    </trkpt>
    <trkpt lat="37.566888" lon="127.000446">
      <ele>32.0</ele>
      <time>2026-07-20T20:27:20.000Z</time>
      <extensions><gpxtpx:TrackPointExtension><gpxtpx:hr>140</gpxtpx:hr></gpxtpx:TrackPointExtension></extensions>
    </trkpt>
    <trkpt lat="37.566908" lon="127.000453">
      <ele>32.0</ele>
      <time>2026-07-20T20:27:21.000Z</time>
      <extensions><gpxtpx:TrackPointExtension><gpxtpx:hr>140</gpxtpx:hr></gpxtpx:TrackPointExtension></extensions>
    </trkpt>
    <trkpt lat="37.566939" lon="127.000477">
      <ele>32.0</ele>
      <time>2026-07-20T20:27:22.000Z</time>
      <extensions><gpxtpx:TrackPointExtension><gpxtpx:hr>140</gpxtpx:hr></gpxtpx:TrackPointExtension></extensions>
    </trkpt>
    <trkpt lat="37.566923" lon="127.000466">
      <ele>32.0</ele>
      <time>2026-07-20T20:27:23.000Z</time>
      <extensions><gpxtpx:TrackPointExtension><gpxtpx:hr>140</gpxtpx:hr></gpxtpx:TrackPointExtension></extensions>
    </trkpt>
    <trkpt lat="37.566901" lon="127.000457">
      <ele>32.0</ele>
      <time>2026-07-20T20:27:24.000Z</time>
      <extensions><gpxtpx:TrackPointExtension><gpxtpx:hr>140</gpxtpx:hr></gpxtpx:TrackPointExtension></extensions>
    </trkpt>
    <trkpt lat="37.566879" lon="127.000444">
      <ele>32.0</ele>
      <time>2026-07-20T20:27:25.000Z</time>
      <extensions><gpxtpx:TrackPointExtension><gpxtpx:hr>140</gpxtpx:hr></gpxtpx:TrackPointExtension></extensions>
    </trkpt>
    <trkpt lat="37.566863" lon="127.000451">
      <ele>32.0</ele>
      <time>2026-07-20T20:27:26.000Z</time>
      <extensions><gpxtpx:TrackPointExtension><gpxtpx:hr>139</gpxtpx:hr></gpxtpx:TrackPointExtension></extensions>
    </trkpt>
    <trkpt lat="37.566848" lon="127.000437">
      <ele>32.0</ele>
      <time>2026-07-20T20:27:27.000Z</time>
      <extensions><gpxtpx:TrackPointExtension><gpxtpx:hr>139</gpxtpx:hr></gpxtpx:TrackPointExtension></extensions>
    </trkpt>
    <trkpt lat="37.566860" lon="127.000447">
      <ele>32.0</ele>
      <time>2026-07-20T20:27:28.000Z</time>
      <extensions><gpxtpx:TrackPointExtension><gpxtpx:hr>138</gpxtpx:hr></gpxtpx:TrackPointExtension></extensions>
    </trkpt>
    <trkpt lat="37.566873" lon="127.000452">
      <ele>32.0</ele>
      <time>2026-07-20T20:27:29.000Z</time>
      <extensions><gpxtpx:TrackPointExtension><gpxtpx:hr>138</gpxtpx:hr></gpxtpx:TrackPointExtension></extensions>
    </trkpt>
    <trkpt lat="37.566884" lon="127.000446">
      <ele>32.0</ele>
      <time>2026-07-20T20:27:30.000Z</time>
      <extensions><gpxtpx:TrackPointExtension><gpxtpx:hr>137</gpxtpx:hr></gpxtpx:TrackPointExtension></extensions>
    </trkpt>
    <trkpt lat="37.566895" lon="127.000454">
      <ele>32.0</ele>
      <time>2026-07-20T20:27:31.000Z</time>
      <extensions><gpxtpx:TrackPointExtension><gpxtpx:hr>137</gpxtpx:hr></gpxtpx:TrackPointExtension></extensions>
    </trkpt>
    <trkpt lat="37.566915" lon="127.000447">
      <ele>32.0</ele>
      <time>2026-07-20T20:27:32.000Z</time>
      <extensions><gpxtpx:TrackPointExtension><gpxtpx:hr>136</gpxtpx:hr></gpxtpx:TrackPointExtension></extensions>
    </trkpt>
    <trkpt lat="37.566933" lon="127.000458">
      <ele>32.0</ele>
      <time>2026-07-20T20:27:33.000Z</time>
      <extensions><gpxtpx:TrackPointExtension><gpxtpx:hr>136</gpxtpx:hr></gpxtpx:TrackPointExtension></extensions>
    </trkpt>
    <trkpt lat="37.566940" lon="127.000456">
      <ele>32.0</ele>
      <time>2026-07-20T20:27:34.000Z</time>
      <extensions><gpxtpx:TrackPointExtension><gpxtpx:hr>136</gpxtpx:hr></gpxtpx:TrackPointExtension></extensions>
    </trkpt>
    <trkpt lat="37.566958" lon="127.000463">
      <ele>32.0</ele>
      <time>2026-07-20T20:27:35.000Z</time>
      <extensions><gpxtpx:TrackPointExtension><gpxtpx:hr>135</gpxtpx:hr></gpxtpx:TrackPointExtension></extensions>
    </trkpt>
    <trkpt lat="37.566950" lon="127.000470">
      <ele>32.0</ele>
      <time>2026-07-20T20:27:36.000Z</time>
      <extensions><gpxtpx:TrackPointExtension><gpxtpx:hr>135</gpxtpx:hr></gpxtpx:TrackPointExtension></extensions>
    </trkpt>
    <trkpt lat="37.566940" lon="127.000464">
      <ele>32.0</ele>
      <time>2026-07-20T20:27:37.000Z</time>
      <extensions><gpxtpx:TrackPointExtension><gpxtpx:hr>135</gpxtpx:hr></gpxtpx:TrackPointExtension></extensions>
    </trkpt>
    <trkpt lat="37.566922" lon="127.000458">
      <ele>32.0</ele>
      <time>2026-07-20T20:27:38.000Z</time>
      <extensions><gpxtpx:TrackPointExtension><gpxtpx:hr>134</gpxtpx:hr></gpxtpx:TrackPointExtension></extensions>
    </trkpt>
    <trkpt lat="37.566909" lon="127.000449">
      <ele>32.0</ele>
      <time>2026-07-20T20:27:39.000Z</time>
      <extensions><gpxtpx:TrackPointExtension><gpxtpx:hr>134</gpxtpx:hr></gpxtpx:TrackPointExtension></extensions>
    </trkpt>
    <trkpt lat="37.566883" lon="127.000451">
      <ele>32.0</ele>
      <time>2026-07-20T20:27:40.000Z</time>
      <extensions><gpxtpx:TrackPointExtension><gpxtpx:hr>134</gpxtpx:hr></gpxtpx:TrackPointExtension></extensions>
    </trkpt>
    <trkpt lat="37.566844" lon="127.000417">
      <ele>32.0</ele>
      <time>2026-07-20T20:27:41.000Z</time>
      <extensions><gpxtpx:TrackPointExtension><gpxtpx:hr>136</gpxtpx:hr></gpxtpx:TrackPointExtension></extensions>
    </trkpt>
    <trkpt lat="37.566798" lon="127.000364">
      <ele>32.0</ele>
      <time>2026-07-20T20:27:42.000Z</time>
      <extensions><gpxtpx:TrackPointExtension><gpxtpx:hr>138</gpxtpx:hr></gpxtpx:TrackPointExtension></extensions>
    </trkpt>
    <trkpt lat="37.566844" lon="127.000399">
      <ele>32.0</ele>
      <time>2026-07-20T20:27:43.000Z</time>
      <extensions><gpxtpx:TrackPointExtension><gpxtpx:hr>139</gpxtpx:hr></gpxtpx:TrackPointExtension></extensions>
    </trkpt>
    <trkpt lat="37.566879" lon="127.000429">
      <ele>32.0</ele>
      <time>2026-07-20T20:27:44.000Z</time>
      <extensions><gpxtpx:TrackPointExtension><gpxtpx:hr>140</gpxtpx:hr></gpxtpx:TrackPointExtension></extensions>
    </trkpt>
    <trkpt lat="37.566916" lon="127.000441">
      <ele>32.0</ele>
      <time>2026-07-20T20:27:45.000Z</time>
      <extensions><gpxtpx:TrackPointExtension><gpxtpx:hr>141</gpxtpx:hr></gpxtpx:TrackPointExtension></extensions>
    </trkpt>
    <trkpt lat="37.566969" lon="127.000477">
      <ele>32.0</ele>
      <time>2026-07-20T20:27:46.000Z</time>
      <extensions><gpxtpx:TrackPointExtension><gpxtpx:hr>142</gpxtpx:hr></gpxtpx:TrackPointExtension></extensions>
    </trkpt>
    <trkpt lat="37.566924" lon="127.000442">
      <ele>32.0</ele>
      <time>2026-07-20T20:27:47.000Z</time>
      <extensions><gpxtpx:TrackPointExtension><gpxtpx:hr>143</gpxtpx:hr></gpxtpx:TrackPointExtension></extensions>
    </trkpt>
    <trkpt lat="37.566970" lon="127.000473">
      <ele>32.0</ele>
      <time>2026-07-20T20:27:48.000Z</time>
      <extensions><gpxtpx:TrackPointExtension><gpxtpx:hr>144</gpxtpx:hr></gpxtpx:TrackPointExtension></extensions>
    </trkpt>
    <trkpt lat="37.566936" lon="127.000517">
      <ele>32.0</ele>
      <time>2026-07-20T20:27:49.000Z</time>
      <extensions><gpxtpx:TrackPointExtension><gpxtpx:hr>145</gpxtpx:hr></gpxtpx:TrackPointExtension></extensions>
    </trkpt>
    <trkpt lat="37.566914" lon="127.000566">
      <ele>32.0</ele>
      <time>2026-07-20T20:27:50.000Z</time>
      <extensions><gpxtpx:TrackPointExtension><gpxtpx:hr>145</gpxtpx:hr></gpxtpx:TrackPointExtension></extensions>
    </trkpt>
    <trkpt lat="37.566899" lon="127.000590">
      <ele>32.0</ele>
      <time>2026-07-20T20:27:51.000Z</time>
      <extensions><gpxtpx:TrackPointExtension><gpxtpx:hr>145</gpxtpx:hr></gpxtpx:TrackPointExtension></extensions>
    </trkpt>
    <trkpt lat="37.566878" lon="127.000638">
      <ele>32.0</ele>
      <time>2026-07-20T20:27:52.000Z</time>
      <extensions><gpxtpx:TrackPointExtension><gpxtpx:hr>145</gpxtpx:hr></gpxtpx:TrackPointExtension></extensions>
    </trkpt>
    <trkpt lat="37.566879" lon="127.000609">
      <ele>32.0</ele>
      <time>2026-07-20T20:27:53.000Z</time>
      <extensions><gpxtpx:TrackPointExtension><gpxtpx:hr>145</gpxtpx:hr></gpxtpx:TrackPointExtension></extensions>
    </trkpt>
    <trkpt lat="37.566875" lon="127.000579">
      <ele>32.0</ele>
      <time>2026-07-20T20:27:54.000Z</time>
      <extensions><gpxtpx:TrackPointExtension><gpxtpx:hr>145</gpxtpx:hr></gpxtpx:TrackPointExtension></extensions>
    </trkpt>
    <trkpt lat="37.566861" lon="127.000551">
      <ele>32.0</ele>
      <time>2026-07-20T20:27:55.000Z</time>
      <extensions><gpxtpx:TrackPointExtension><gpxtpx:hr>144</gpxtpx:hr></gpxtpx:TrackPointExtension></extensions>
    </trkpt>
    <trkpt lat="37.566856" lon="127.000537">
      <ele>32.0</ele>
      <time>2026-07-20T20:27:56.000Z</time>
      <extensions><gpxtpx:TrackPointExtension><gpxtpx:hr>143</gpxtpx:hr></gpxtpx:TrackPointExtension></extensions>
    </trkpt>
    <trkpt lat="37.566860" lon="127.000526">
      <ele>32.0</ele>
      <time>2026-07-20T20:27:57.000Z</time>
      <extensions><gpxtpx:TrackPointExtension><gpxtpx:hr>143</gpxtpx:hr></gpxtpx:TrackPointExtension></extensions>
    </trkpt>
    <trkpt lat="37.566849" lon="127.000507">
      <ele>32.0</ele>
      <time>2026-07-20T20:27:58.000Z</time>
      <extensions><gpxtpx:TrackPointExtension><gpxtpx:hr>142</gpxtpx:hr></gpxtpx:TrackPointExtension></extensions>
    </trkpt>
    <trkpt lat="37.566848" lon="127.000492">
      <ele>32.0</ele>
      <time>2026-07-20T20:27:59.000Z</time>
      <extensions><gpxtpx:TrackPointExtension><gpxtpx:hr>141</gpxtpx:hr></gpxtpx:TrackPointExtension></extensions>
    </trkpt>
    <trkpt lat="37.566845" lon="127.000524">
      <ele>32.0</ele>
      <time>2026-07-20T20:28:00.000Z</time>
      <extensions><gpxtpx:TrackPointExtension><gpxtpx:hr>141</gpxtpx:hr></gpxtpx:TrackPointExtension></extensions>
    </trkpt>
    <trkpt lat="37.566846" lon="127.000544">
      <ele>32.0</ele>
      <time>2026-07-20T20:28:01.000Z</time>
      <extensions><gpxtpx:TrackPointExtension><gpxtpx:hr>141</gpxtpx:hr></gpxtpx:TrackPointExtension></extensions>
    </trkpt>
    <trkpt lat="37.566840" lon="127.000569">
      <ele>32.0</ele>
      <time>2026-07-20T20:28:02.000Z</time>
      <extensions><gpxtpx:TrackPointExtension><gpxtpx:hr>141</gpxtpx:hr></gpxtpx:TrackPointExtension></extensions>
    </trkpt>
    <trkpt lat="37.566840" lon="127.000611">
      <ele>32.0</ele>
      <time>2026-07-20T20:28:03.000Z</time>
      <extensions><gpxtpx:TrackPointExtension><gpxtpx:hr>141</gpxtpx:hr></gpxtpx:TrackPointExtension></extensions>
    </trkpt>
    <trkpt lat="37.566844" lon="127.000641">
      <ele>32.0</ele>
      <time>2026-07-20T20:28:04.000Z</time>
      <extensions><gpxtpx:TrackPointExtension><gpxtpx:hr>141</gpxtpx:hr></gpxtpx:TrackPointExtension></extensions>
    </trkpt>
    <trkpt lat="37.566832" lon="127.000688">
      <ele>32.0</ele>
      <time>2026-07-20T20:28:05.000Z</time>
      <extensions><gpxtpx:TrackPointExtension><gpxtpx:hr>141</gpxtpx:hr></gpxtpx:TrackPointExtension></extensions>
    </trkpt>
    <trkpt lat="37.566831" lon="127.000710">
      <ele>32.0</ele>
      <time>2026-07-20T20:28:06.000Z</time>
      <extensions><gpxtpx:TrackPointExtension><gpxtpx:hr>141</gpxtpx:hr></gpxtpx:TrackPointExtension></extensions>
    </trkpt>
    <trkpt lat="37.566833" lon="127.000759">
      <ele>32.0</ele>
      <time>2026-07-20T20:28:07.000Z</time>
      <extensions><gpxtpx:TrackPointExtension><gpxtpx:hr>141</gpxtpx:hr></gpxtpx:TrackPointExtension></extensions>
    </trkpt>
    <trkpt lat="37.566830" lon="127.000797">
      <ele>32.0</ele>
      <time>2026-07-20T20:28:08.000Z</time>
      <extensions><gpxtpx:TrackPointExtension><gpxtpx:hr>141</gpxtpx:hr></gpxtpx:TrackPointExtension></extensions>
    </trkpt>
    <trkpt lat="37.566819" lon="127.000824">
      <ele>32.0</ele>
      <time>2026-07-20T20:28:09.000Z</time>
      <extensions><gpxtpx:TrackPointExtension><gpxtpx:hr>141</gpxtpx:hr></gpxtpx:TrackPointExtension></extensions>
    </trkpt>
    <trkpt lat="37.566826" lon="127.000863">
      <ele>32.0</ele>
      <time>2026-07-20T20:28:10.000Z</time>
      <extensions><gpxtpx:TrackPointExtension><gpxtpx:hr>141</gpxtpx:hr></gpxtpx:TrackPointExtension></extensions>
    </trkpt>
    <trkpt lat="37.566824" lon="127.000902">
      <ele>32.0</ele>
      <time>2026-07-20T20:28:11.000Z</time>
      <extensions><gpxtpx:TrackPointExtension><gpxtpx:hr>141</gpxtpx:hr></gpxtpx:TrackPointExtension></extensions>
    </trkpt>
    <trkpt lat="37.566812" lon="127.000910">
      <ele>32.0</ele>
      <time>2026-07-20T20:28:12.000Z</time>
      <extensions><gpxtpx:TrackPointExtension><gpxtpx:hr>140</gpxtpx:hr></gpxtpx:TrackPointExtension></extensions>
    </trkpt>
    <trkpt lat="37.566813" lon="127.000913">
      <ele>32.0</ele>
      <time>2026-07-20T20:28:13.000Z</time>
      <extensions><gpxtpx:TrackPointExtension><gpxtpx:hr>139</gpxtpx:hr></gpxtpx:TrackPointExtension></extensions>
    </trkpt>
    <trkpt lat="37.566807" lon="127.000883">
      <ele>32.0</ele>
      <time>2026-07-20T20:28:14.000Z</time>
      <extensions><gpxtpx:TrackPointExtension><gpxtpx:hr>139</gpxtpx:hr></gpxtpx:TrackPointExtension></extensions>
    </trkpt>
    <trkpt lat="37.566807" lon="127.000866">
      <ele>32.0</ele>
      <time>2026-07-20T20:28:15.000Z</time>
      <extensions><gpxtpx:TrackPointExtension><gpxtpx:hr>139</gpxtpx:hr></gpxtpx:TrackPointExtension></extensions>
    </trkpt>
    <trkpt lat="37.566815" lon="127.000818">
      <ele>32.0</ele>
      <time>2026-07-20T20:28:16.000Z</time>
      <extensions><gpxtpx:TrackPointExtension><gpxtpx:hr>139</gpxtpx:hr></gpxtpx:TrackPointExtension></extensions>
    </trkpt>
    <trkpt lat="37.566817" lon="127.000793">
      <ele>32.0</ele>
      <time>2026-07-20T20:28:17.000Z</time>
      <extensions><gpxtpx:TrackPointExtension><gpxtpx:hr>139</gpxtpx:hr></gpxtpx:TrackPointExtension></extensions>
    </trkpt>
    <trkpt lat="37.566820" lon="127.000754">
      <ele>32.0</ele>
      <time>2026-07-20T20:28:18.000Z</time>
      <extensions><gpxtpx:TrackPointExtension><gpxtpx:hr>139</gpxtpx:hr></gpxtpx:TrackPointExtension></extensions>
    </trkpt>
    <trkpt lat="37.566813" lon="127.000728">
      <ele>32.0</ele>
      <time>2026-07-20T20:28:19.000Z</time>
      <extensions><gpxtpx:TrackPointExtension><gpxtpx:hr>139</gpxtpx:hr></gpxtpx:TrackPointExtension></extensions>
    </trkpt>
    <trkpt lat="37.566817" lon="127.000688">
      <ele>32.0</ele>
      <time>2026-07-20T20:28:20.000Z</time>
      <extensions><gpxtpx:TrackPointExtension><gpxtpx:hr>139</gpxtpx:hr></gpxtpx:TrackPointExtension></extensions>
    </trkpt>
    <trkpt lat="37.566821" lon="127.000663">
      <ele>32.0</ele>
      <time>2026-07-20T20:28:21.000Z</time>
      <extensions><gpxtpx:TrackPointExtension><gpxtpx:hr>139</gpxtpx:hr></gpxtpx:TrackPointExtension></extensions>
    </trkpt>
    <trkpt lat="37.566820" lon="127.000621">
      <ele>32.0</ele>
      <time>2026-07-20T20:28:22.000Z</time>
      <extensions><gpxtpx:TrackPointExtension><gpxtpx:hr>139</gpxtpx:hr></gpxtpx:TrackPointExtension></extensions>
    </trkpt>
    <trkpt lat="37.566818" lon="127.000599">
      <ele>32.0</ele>
      <time>2026-07-20T20:28:23.000Z</time>
      <extensions><gpxtpx:TrackPointExtension><gpxtpx:hr>139</gpxtpx:hr></gpxtpx:TrackPointExtension></extensions>
    </trkpt>
    <trkpt lat="37.566816" lon="127.000551">
      <ele>32.0</ele>
      <time>2026-07-20T20:28:24.000Z</time>
      <extensions><gpxtpx:TrackPointExtension><gpxtpx:hr>140</gpxtpx:hr></gpxtpx:TrackPointExtension></extensions>
    </trkpt>
    <trkpt lat="37.566819" lon="127.000512">
      <ele>32.0</ele>
      <time>2026-07-20T20:28:25.000Z</time>
      <extensions><gpxtpx:TrackPointExtension><gpxtpx:hr>140</gpxtpx:hr></gpxtpx:TrackPointExtension></extensions>
    </trkpt>
    <trkpt lat="37.566829" lon="127.000553">
      <ele>32.0</ele>
      <time>2026-07-20T20:28:26.000Z</time>
      <extensions><gpxtpx:TrackPointExtension><gpxtpx:hr>140</gpxtpx:hr></gpxtpx:TrackPointExtension></extensions>
    </trkpt>
    <trkpt lat="37.566853" lon="127.000593">
      <ele>32.0</ele>
      <time>2026-07-20T20:28:27.000Z</time>
      <extensions><gpxtpx:TrackPointExtension><gpxtpx:hr>141</gpxtpx:hr></gpxtpx:TrackPointExtension></extensions>
    </trkpt>
    <trkpt lat="37.566869" lon="127.000631">
      <ele>32.0</ele>
      <time>2026-07-20T20:28:28.000Z</time>
      <extensions><gpxtpx:TrackPointExtension><gpxtpx:hr>141</gpxtpx:hr></gpxtpx:TrackPointExtension></extensions>
    </trkpt>
    <trkpt lat="37.566872" lon="127.000646">
      <ele>32.0</ele>
      <time>2026-07-20T20:28:29.000Z</time>
      <extensions><gpxtpx:TrackPointExtension><gpxtpx:hr>141</gpxtpx:hr></gpxtpx:TrackPointExtension></extensions>
    </trkpt>
    <trkpt lat="37.566893" lon="127.000676">
      <ele>32.0</ele>
      <time>2026-07-20T20:28:30.000Z</time>
      <extensions><gpxtpx:TrackPointExtension><gpxtpx:hr>141</gpxtpx:hr></gpxtpx:TrackPointExtension></extensions>
    </trkpt>
    <trkpt lat="37.566927" lon="127.000660">
      <ele>32.0</ele>
      <time>2026-07-20T20:28:31.000Z</time>
      <extensions><gpxtpx:TrackPointExtension><gpxtpx:hr>141</gpxtpx:hr></gpxtpx:TrackPointExtension></extensions>
    </trkpt>
    <trkpt lat="37.566963" lon="127.000622">
      <ele>32.0</ele>
      <time>2026-07-20T20:28:32.000Z</time>
      <extensions><gpxtpx:TrackPointExtension><gpxtpx:hr>142</gpxtpx:hr></gpxtpx:TrackPointExtension></extensions>
    </trkpt>
    <trkpt lat="37.567006" lon="127.000592">
      <ele>32.0</ele>
      <time>2026-07-20T20:28:33.000Z</time>
      <extensions><gpxtpx:TrackPointExtension><gpxtpx:hr>143</gpxtpx:hr></gpxtpx:TrackPointExtension></extensions>
    </trkpt>
    <trkpt lat="37.566970" lon="127.000614">
      <ele>32.0</ele>
      <time>2026-07-20T20:28:34.000Z</time>
      <extensions><gpxtpx:TrackPointExtension><gpxtpx:hr>144</gpxtpx:hr></gpxtpx:TrackPointExtension></extensions>
    </trkpt>
    <trkpt lat="37.566920" lon="127.000607">
      <ele>32.0</ele>
      <time>2026-07-20T20:28:35.000Z</time>
      <extensions><gpxtpx:TrackPointExtension><gpxtpx:hr>145</gpxtpx:hr></gpxtpx:TrackPointExtension></extensions>
    </trkpt>
    <trkpt lat="37.566868" lon="127.000583">
      <ele>32.0</ele>
      <time>2026-07-20T20:28:36.000Z</time>
      <extensions><gpxtpx:TrackPointExtension><gpxtpx:hr>146</gpxtpx:hr></gpxtpx:TrackPointExtension></extensions>
    </trkpt>
    <trkpt lat="37.566827" lon="127.000573">
      <ele>32.0</ele>
      <time>2026-07-20T20:28:37.000Z</time>
      <extensions><gpxtpx:TrackPointExtension><gpxtpx:hr>147</gpxtpx:hr></gpxtpx:TrackPointExtension></extensions>
    </trkpt>
    <trkpt lat="37.566803" lon="127.000532">
      <ele>32.0</ele>
      <time>2026-07-20T20:28:38.000Z</time>
      <extensions><gpxtpx:TrackPointExtension><gpxtpx:hr>147</gpxtpx:hr></gpxtpx:TrackPointExtension></extensions>
    </trkpt>
    <trkpt lat="37.566779" lon="127.000489">
      <ele>32.0</ele>
      <time>2026-07-20T20:28:39.000Z</time>
      <extensions><gpxtpx:TrackPointExtension><gpxtpx:hr>148</gpxtpx:hr></gpxtpx:TrackPointExtension></extensions>
    </trkpt>
    <trkpt lat="37.566750" lon="127.000438">
      <ele>32.0</ele>
      <time>2026-07-20T20:28:40.000Z</time>
      <extensions><gpxtpx:TrackPointExtension><gpxtpx:hr>149</gpxtpx:hr></gpxtpx:TrackPointExtension></extensions>
    </trkpt>
    <trkpt lat="37.566719" lon="127.000395">
      <ele>32.0</ele>
      <time>2026-07-20T20:28:41.000Z</time>
      <extensions><gpxtpx:TrackPointExtension><gpxtpx:hr>149</gpxtpx:hr></gpxtpx:TrackPointExtension></extensions>
    </trkpt>
    <trkpt lat="37.566691" lon="127.000332">
      <ele>32.0</ele>
      <time>2026-07-20T20:28:42.000Z</time>
      <extensions><gpxtpx:TrackPointExtension><gpxtpx:hr>150</gpxtpx:hr></gpxtpx:TrackPointExtension></extensions>
    </trkpt>
    <trkpt lat="37.566661" lon="127.000280">
      <ele>32.0</ele>
      <time>2026-07-20T20:28:43.000Z</time>
      <extensions><gpxtpx:TrackPointExtension><gpxtpx:hr>150</gpxtpx:hr></gpxtpx:TrackPointExtension></extensions>
    </trkpt>
    <trkpt lat="37.566677" lon="127.000340">
      <ele>32.0</ele>
      <time>2026-07-20T20:28:44.000Z</time>
      <extensions><gpxtpx:TrackPointExtension><gpxtpx:hr>151</gpxtpx:hr></gpxtpx:TrackPointExtension></extensions>
    </trkpt>
    <trkpt lat="37.566701" lon="127.000369">
      <ele>32.0</ele>
      <time>2026-07-20T20:28:45.000Z</time>
      <extensions><gpxtpx:TrackPointExtension><gpxtpx:hr>151</gpxtpx:hr></gpxtpx:TrackPointExtension></extensions>
    </trkpt>
    <trkpt lat="37.566721" lon="127.000421">
      <ele>32.0</ele>
      <time>2026-07-20T20:28:46.000Z</time>
      <extensions><gpxtpx:TrackPointExtension><gpxtpx:hr>151</gpxtpx:hr></gpxtpx:TrackPointExtension></extensions>
    </trkpt>
    <trkpt lat="37.566734" lon="127.000457">
      <ele>32.0</ele>
      <time>2026-07-20T20:28:47.000Z</time>
      <extensions><gpxtpx:TrackPointExtension><gpxtpx:hr>151</gpxtpx:hr></gpxtpx:TrackPointExtension></extensions>
    </trkpt>
    <trkpt lat="37.566747" lon="127.000479">
      <ele>32.0</ele>
      <time>2026-07-20T20:28:48.000Z</time>
      <extensions><gpxtpx:TrackPointExtension><gpxtpx:hr>150</gpxtpx:hr></gpxtpx:TrackPointExtension></extensions>
    </trkpt>
    <trkpt lat="37.566764" lon="127.000514">
      <ele>32.0</ele>
      <time>2026-07-20T20:28:49.000Z</time>
      <extensions><gpxtpx:TrackPointExtension><gpxtpx:hr>150</gpxtpx:hr></gpxtpx:TrackPointExtension></extensions>
    </trkpt>
    <trkpt lat="37.566772" lon="127.000541">
      <ele>32.0</ele>
      <time>2026-07-20T20:28:50.000Z</time>
      <extensions><gpxtpx:TrackPointExtension><gpxtpx:hr>149</gpxtpx:hr></gpxtpx:TrackPointExtension></extensions>
    </trkpt>
    <trkpt lat="37.566791" lon="127.000571">
      <ele>32.0</ele>
      <time>2026-07-20T20:28:51.000Z</time>
      <extensions><gpxtpx:TrackPointExtension><gpxtpx:hr>149</gpxtpx:hr></gpxtpx:TrackPointExtension></extensions>
    </trkpt>
    <trkpt lat="37.566800" lon="127.000615">
      <ele>32.0</ele>
      <time>2026-07-20T20:28:52.000Z</time>
      <extensions><gpxtpx:TrackPointExtension><gpxtpx:hr>149</gpxtpx:hr></gpxtpx:TrackPointExtension></extensions>
    </trkpt>
    <trkpt lat="37.566817" lon="127.000637">
      <ele>32.0</ele>
      <time>2026-07-20T20:28:53.000Z</time>
      <extensions><gpxtpx:TrackPointExtension><gpxtpx:hr>148</gpxtpx:hr></gpxtpx:TrackPointExtension></extensions>
    </trkpt>
    <trkpt lat="37.566832" lon="127.000665">
      <ele>32.0</ele>
      <time>2026-07-20T20:28:54.000Z</time>
      <extensions><gpxtpx:TrackPointExtension><gpxtpx:hr>148</gpxtpx:hr></gpxtpx:TrackPointExtension></extensions>
    </trkpt>
    <trkpt lat="37.566843" lon="127.000694">
      <ele>32.0</ele>
      <time>2026-07-20T20:28:55.000Z</time>
      <extensions><gpxtpx:TrackPointExtension><gpxtpx:hr>148</gpxtpx:hr></gpxtpx:TrackPointExtension></extensions>
    </trkpt>
    <trkpt lat="37.566827" lon="127.000721">
      <ele>32.0</ele>
      <time>2026-07-20T20:28:56.000Z</time>
      <extensions><gpxtpx:TrackPointExtension><gpxtpx:hr>147</gpxtpx:hr></gpxtpx:TrackPointExtension></extensions>
    </trkpt>
    <trkpt lat="37.566828" lon="127.000746">
      <ele>32.0</ele>
      <time>2026-07-20T20:28:57.000Z</time>
      <extensions><gpxtpx:TrackPointExtension><gpxtpx:hr>146</gpxtpx:hr></gpxtpx:TrackPointExtension></extensions>
    </trkpt>
    <trkpt lat="37.566817" lon="127.000752">
      <ele>32.0</ele>
      <time>2026-07-20T20:28:58.000Z</time>
      <extensions><gpxtpx:TrackPointExtension><gpxtpx:hr>145</gpxtpx:hr></gpxtpx:TrackPointExtension></extensions>
    </trkpt>
    <trkpt lat="37.566814" lon="127.000764">
      <ele>32.0</ele>
      <time>2026-07-20T20:28:59.000Z</time>
      <extensions><gpxtpx:TrackPointExtension><gpxtpx:hr>145</gpxtpx:hr></gpxtpx:TrackPointExtension></extensions>
    </trkpt>
    <trkpt lat="37.566808" lon="127.000778">
      <ele>32.0</ele>
      <time>2026-07-20T20:29:00.000Z</time>
      <extensions><gpxtpx:TrackPointExtension><gpxtpx:hr>144</gpxtpx:hr></gpxtpx:TrackPointExtension></extensions>
    </trkpt>
    <trkpt lat="37.566790" lon="127.000764">
      <ele>32.0</ele>
      <time>2026-07-20T20:29:01.000Z</time>
      <extensions><gpxtpx:TrackPointExtension><gpxtpx:hr>143</gpxtpx:hr></gpxtpx:TrackPointExtension></extensions>
    </trkpt>
    <trkpt lat="37.566783" lon="127.000744">
      <ele>32.0</ele>
      <time>2026-07-20T20:29:02.000Z</time>
      <extensions><gpxtpx:TrackPointExtension><gpxtpx:hr>143</gpxtpx:hr></gpxtpx:TrackPointExtension></extensions>
    </trkpt>
    <trkpt lat="37.566767" lon="127.000711">
      <ele>32.0</ele>
      <time>2026-07-20T20:29:03.000Z</time>
      <extensions><gpxtpx:TrackPointExtension><gpxtpx:hr>143</gpxtpx:hr></gpxtpx:TrackPointExtension></extensions>
    </trkpt>
    <trkpt lat="37.566753" lon="127.000696">
      <ele>32.0</ele>
      <time>2026-07-20T20:29:04.000Z</time>
      <extensions><gpxtpx:TrackPointExtension><gpxtpx:hr>143</gpxtpx:hr></gpxtpx:TrackPointExtension></extensions>
    </trkpt>
    <trkpt lat="37.566737" lon="127.000664">
      <ele>32.0</ele>
      <time>2026-07-20T20:29:05.000Z</time>
      <extensions><gpxtpx:TrackPointExtension><gpxtpx:hr>143</gpxtpx:hr></gpxtpx:TrackPointExtension></extensions>
    </trkpt>
    <trkpt lat="37.566719" lon="127.000634">
      <ele>32.0</ele>
      <time>2026-07-20T20:29:06.000Z</time>
      <extensions><gpxtpx:TrackPointExtension><gpxtpx:hr>143</gpxtpx:hr></gpxtpx:TrackPointExtension></extensions>
    </trkpt>
    <trkpt lat="37.566707" lon="127.000593">
      <ele>32.0</ele>
      <time>2026-07-20T20:29:07.000Z</time>
      <extensions><gpxtpx:TrackPointExtension><gpxtpx:hr>143</gpxtpx:hr></gpxtpx:TrackPointExtension></extensions>
    </trkpt>
    <trkpt lat="37.566732" lon="127.000561">
      <ele>32.0</ele>
      <time>2026-07-20T20:29:08.000Z</time>
      <extensions><gpxtpx:TrackPointExtension><gpxtpx:hr>143</gpxtpx:hr></gpxtpx:TrackPointExtension></extensions>
    </trkpt>
    <trkpt lat="37.566764" lon="127.000530">
      <ele>32.0</ele>
      <time>2026-07-20T20:29:09.000Z</time>
      <extensions><gpxtpx:TrackPointExtension><gpxtpx:hr>144</gpxtpx:hr></gpxtpx:TrackPointExtension></extensions>
    </trkpt>
    <trkpt lat="37.566794" lon="127.000491">
      <ele>32.0</ele>
      <time>2026-07-20T20:29:10.000Z</time>
      <extensions><gpxtpx:TrackPointExtension><gpxtpx:hr>145</gpxtpx:hr></gpxtpx:TrackPointExtension></extensions>
    </trkpt>
    <trkpt lat="37.566833" lon="127.000446">
      <ele>32.0</ele>
      <time>2026-07-20T20:29:11.000Z</time>
      <extensions><gpxtpx:TrackPointExtension><gpxtpx:hr>145</gpxtpx:hr></gpxtpx:TrackPointExtension></extensions>
    </trkpt>
    <trkpt lat="37.566796" lon="127.000488">
      <ele>32.0</ele>
      <time>2026-07-20T20:29:12.000Z</time>
      <extensions><gpxtpx:TrackPointExtension><gpxtpx:hr>146</gpxtpx:hr></gpxtpx:TrackPointExtension></extensions>
    </trkpt>
    <trkpt lat="37.566833" lon="127.000447">
      <ele>32.0</ele>
      <time>2026-07-20T20:29:13.000Z</time>
      <extensions><gpxtpx:TrackPointExtension><gpxtpx:hr>147</gpxtpx:hr></gpxtpx:TrackPointExtension></extensions>
    </trkpt>
    <trkpt lat="37.566827" lon="127.000444">
      <ele>32.0</ele>
      <time>2026-07-20T20:29:14.000Z</time>
      <extensions><gpxtpx:TrackPointExtension><gpxtpx:hr>147</gpxtpx:hr></gpxtpx:TrackPointExtension></extensions>
    </trkpt>
    <trkpt lat="37.566814" lon="127.000455">
      <ele>32.0</ele>
      <time>2026-07-20T20:29:15.000Z</time>
      <extensions><gpxtpx:TrackPointExtension><gpxtpx:hr>145</gpxtpx:hr></gpxtpx:TrackPointExtension></extensions>
    </trkpt>
    <trkpt lat="37.566811" lon="127.000440">
      <ele>32.0</ele>
      <time>2026-07-20T20:29:16.000Z</time>
      <extensions><gpxtpx:TrackPointExtension><gpxtpx:hr>144</gpxtpx:hr></gpxtpx:TrackPointExtension></extensions>
    </trkpt>
    <trkpt lat="37.566814" lon="127.000442">
      <ele>32.0</ele>
      <time>2026-07-20T20:29:17.000Z</time>
      <extensions><gpxtpx:TrackPointExtension><gpxtpx:hr>143</gpxtpx:hr></gpxtpx:TrackPointExtension></extensions>
    </trkpt>
    <trkpt lat="37.566801" lon="127.000476">
      <ele>32.0</ele>
      <time>2026-07-20T20:29:18.000Z</time>
      <extensions><gpxtpx:TrackPointExtension><gpxtpx:hr>143</gpxtpx:hr></gpxtpx:TrackPointExtension></extensions>
    </trkpt>
    <trkpt lat="37.566797" lon="127.000532">
      <ele>32.0</ele>
      <time>2026-07-20T20:29:19.000Z</time>
      <extensions><gpxtpx:TrackPointExtension><gpxtpx:hr>143</gpxtpx:hr></gpxtpx:TrackPointExtension></extensions>
    </trkpt>
    <trkpt lat="37.566787" lon="127.000596">
      <ele>32.0</ele>
      <time>2026-07-20T20:29:20.000Z</time>
      <extensions><gpxtpx:TrackPointExtension><gpxtpx:hr>144</gpxtpx:hr></gpxtpx:TrackPointExtension></extensions>
    </trkpt>
    <trkpt lat="37.566810" lon="127.000671">
      <ele>32.0</ele>
      <time>2026-07-20T20:29:21.000Z</time>
      <extensions><gpxtpx:TrackPointExtension><gpxtpx:hr>146</gpxtpx:hr></gpxtpx:TrackPointExtension></extensions>
    </trkpt>
    <trkpt lat="37.566849" lon="127.000726">
      <ele>32.0</ele>
      <time>2026-07-20T20:29:22.000Z</time>
      <extensions><gpxtpx:TrackPointExtension><gpxtpx:hr>147</gpxtpx:hr></gpxtpx:TrackPointExtension></extensions>
    </trkpt>
    <trkpt lat="37.566877" lon="127.000810">
      <ele>32.0</ele>
      <time>2026-07-20T20:29:23.000Z</time>
      <extensions><gpxtpx:TrackPointExtension><gpxtpx:hr>149</gpxtpx:hr></gpxtpx:TrackPointExtension></extensions>
    </trkpt>
    <trkpt lat="37.566845" lon="127.000766">
      <ele>32.0</ele>
      <time>2026-07-20T20:29:24.000Z</time>
      <extensions><gpxtpx:TrackPointExtension><gpxtpx:hr>149</gpxtpx:hr></gpxtpx:TrackPointExtension></extensions>
    </trkpt>
    <trkpt lat="37.566819" lon="127.000746">
      <ele>32.0</ele>
      <time>2026-07-20T20:29:25.000Z</time>
      <extensions><gpxtpx:TrackPointExtension><gpxtpx:hr>149</gpxtpx:hr></gpxtpx:TrackPointExtension></extensions>
    </trkpt>
    <trkpt lat="37.566807" lon="127.000734">
      <ele>32.0</ele>
      <time>2026-07-20T20:29:26.000Z</time>
      <extensions><gpxtpx:TrackPointExtension><gpxtpx:hr>148</gpxtpx:hr></gpxtpx:TrackPointExtension></extensions>
    </trkpt>
    <trkpt lat="37.566791" lon="127.000723">
      <ele>32.0</ele>
      <time>2026-07-20T20:29:27.000Z</time>
      <extensions><gpxtpx:TrackPointExtension><gpxtpx:hr>147</gpxtpx:hr></gpxtpx:TrackPointExtension></extensions>
    </trkpt>
    <trkpt lat="37.566782" lon="127.000700">
      <ele>32.0</ele>
      <time>2026-07-20T20:29:28.000Z</time>
      <extensions><gpxtpx:TrackPointExtension><gpxtpx:hr>147</gpxtpx:hr></gpxtpx:TrackPointExtension></extensions>
    </trkpt>
    <trkpt lat="37.566763" lon="127.000687">
      <ele>32.0</ele>
      <time>2026-07-20T20:29:29.000Z</time>
      <extensions><gpxtpx:TrackPointExtension><gpxtpx:hr>146</gpxtpx:hr></gpxtpx:TrackPointExtension></extensions>
    </trkpt>
    <trkpt lat="37.566794" lon="127.000694">
      <ele>32.0</ele>
      <time>2026-07-20T20:29:30.000Z</time>
      <extensions><gpxtpx:TrackPointExtension><gpxtpx:hr>146</gpxtpx:hr></gpxtpx:TrackPointExtension></extensions>
    </trkpt>
    <trkpt lat="37.566839" lon="127.000701">
      <ele>32.0</ele>
      <time>2026-07-20T20:29:31.000Z</time>
      <extensions><gpxtpx:TrackPointExtension><gpxtpx:hr>146</gpxtpx:hr></gpxtpx:TrackPointExtension></extensions>
    </trkpt>
    <trkpt lat="37.566888" lon="127.000716">
      <ele>32.0</ele>
      <time>2026-07-20T20:29:32.000Z</time>
      <extensions><gpxtpx:TrackPointExtension><gpxtpx:hr>147</gpxtpx:hr></gpxtpx:TrackPointExtension></extensions>
    </trkpt>
    <trkpt lat="37.566900" lon="127.000666">
      <ele>32.0</ele>
      <time>2026-07-20T20:29:33.000Z</time>
      <extensions><gpxtpx:TrackPointExtension><gpxtpx:hr>147</gpxtpx:hr></gpxtpx:TrackPointExtension></extensions>
    </trkpt>
    <trkpt lat="37.566915" lon="127.000634">
      <ele>32.0</ele>
      <time>2026-07-20T20:29:34.000Z</time>
      <extensions><gpxtpx:TrackPointExtension><gpxtpx:hr>147</gpxtpx:hr></gpxtpx:TrackPointExtension></extensions>
    </trkpt>
    <trkpt lat="37.566934" lon="127.000590">
      <ele>32.0</ele>
      <time>2026-07-20T20:29:35.000Z</time>
      <extensions><gpxtpx:TrackPointExtension><gpxtpx:hr>147</gpxtpx:hr></gpxtpx:TrackPointExtension></extensions>
    </trkpt>
    <trkpt lat="37.566951" lon="127.000554">
      <ele>32.0</ele>
      <time>2026-07-20T20:29:36.000Z</time>
      <extensions><gpxtpx:TrackPointExtension><gpxtpx:hr>147</gpxtpx:hr></gpxtpx:TrackPointExtension></extensions>
    </trkpt>
    <trkpt lat="37.566953" lon="127.000527">
      <ele>32.0</ele>
      <time>2026-07-20T20:29:37.000Z</time>
      <extensions><gpxtpx:TrackPointExtension><gpxtpx:hr>147</gpxtpx:hr></gpxtpx:TrackPointExtension></extensions>
    </trkpt>
    <trkpt lat="37.566966" lon="127.000490">
      <ele>32.0</ele>
      <time>2026-07-20T20:29:38.000Z</time>
      <extensions><gpxtpx:TrackPointExtension><gpxtpx:hr>147</gpxtpx:hr></gpxtpx:TrackPointExtension></extensions>
    </trkpt>
    <trkpt lat="37.566983" lon="127.000451">
      <ele>32.0</ele>
      <time>2026-07-20T20:29:39.000Z</time>
      <extensions><gpxtpx:TrackPointExtension><gpxtpx:hr>147</gpxtpx:hr></gpxtpx:TrackPointExtension></extensions>
    </trkpt>
    <trkpt lat="37.567001" lon="127.000428">
      <ele>32.0</ele>
      <time>2026-07-20T20:29:40.000Z</time>
      <extensions><gpxtpx:TrackPointExtension><gpxtpx:hr>147</gpxtpx:hr></gpxtpx:TrackPointExtension></extensions>
    </trkpt>
    <trkpt lat="37.566981" lon="127.000449">
      <ele>32.0</ele>
      <time>2026-07-20T20:29:41.000Z</time>
      <extensions><gpxtpx:TrackPointExtension><gpxtpx:hr>146</gpxtpx:hr></gpxtpx:TrackPointExtension></extensions>
    </trkpt>
    <trkpt lat="37.566999" lon="127.000423">
      <ele>32.0</ele>
      <time>2026-07-20T20:29:42.000Z</time>
      <extensions><gpxtpx:TrackPointExtension><gpxtpx:hr>146</gpxtpx:hr></gpxtpx:TrackPointExtension></extensions>
    </trkpt>
    <trkpt lat="37.567000" lon="127.000395">
      <ele>32.0</ele>
      <time>2026-07-20T20:29:43.000Z</time>
      <extensions><gpxtpx:TrackPointExtension><gpxtpx:hr>146</gpxtpx:hr></gpxtpx:TrackPointExtension></extensions>
    </trkpt>
    <trkpt lat="37.566999" lon="127.000366">
      <ele>32.0</ele>
      <time>2026-07-20T20:29:44.000Z</time>
      <extensions><gpxtpx:TrackPointExtension><gpxtpx:hr>145</gpxtpx:hr></gpxtpx:TrackPointExtension></extensions>
    </trkpt>
    <trkpt lat="37.567002" lon="127.000353">
      <ele>32.0</ele>
      <time>2026-07-20T20:29:45.000Z</time>
      <extensions><gpxtpx:TrackPointExtension><gpxtpx:hr>144</gpxtpx:hr></gpxtpx:TrackPointExtension></extensions>
    </trkpt>
    <trkpt lat="37.566995" lon="127.000327">
      <ele>32.0</ele>
      <time>2026-07-20T20:29:46.000Z</time>
      <extensions><gpxtpx:TrackPointExtension><gpxtpx:hr>144</gpxtpx:hr></gpxtpx:TrackPointExtension></extensions>
    </trkpt>
    <trkpt lat="37.567003" lon="127.000338">
      <ele>32.0</ele>
      <time>2026-07-20T20:29:47.000Z</time>
      <extensions><gpxtpx:TrackPointExtension><gpxtpx:hr>143</gpxtpx:hr></gpxtpx:TrackPointExtension></extensions>
    </trkpt>
    <trkpt lat="37.566994" lon="127.000347">
      <ele>32.0</ele>
      <time>2026-07-20T20:29:48.000Z</time>
      <extensions><gpxtpx:TrackPointExtension><gpxtpx:hr>141</gpxtpx:hr></gpxtpx:TrackPointExtension></extensions>
    </trkpt>
    <trkpt lat="37.566995" lon="127.000353">
      <ele>32.0</ele>
      <time>2026-07-20T20:29:49.000Z</time>
      <extensions><gpxtpx:TrackPointExtension><gpxtpx:hr>140</gpxtpx:hr></gpxtpx:TrackPointExtension></extensions>
    </trkpt>
    <trkpt lat="37.567003" lon="127.000356">
      <ele>32.0</ele>
      <time>2026-07-20T20:29:50.000Z</time>
      <extensions><gpxtpx:TrackPointExtension><gpxtpx:hr>139</gpxtpx:hr></gpxtpx:TrackPointExtension></extensions>
    </trkpt>
    <trkpt lat="37.567005" lon="127.000353">
      <ele>32.0</ele>
      <time>2026-07-20T20:29:51.000Z</time>
      <extensions><gpxtpx:TrackPointExtension><gpxtpx:hr>138</gpxtpx:hr></gpxtpx:TrackPointExtension></extensions>
    </trkpt>
    <trkpt lat="37.567006" lon="127.000350">
      <ele>32.0</ele>
      <time>2026-07-20T20:29:52.000Z</time>
      <extensions><gpxtpx:TrackPointExtension><gpxtpx:hr>137</gpxtpx:hr></gpxtpx:TrackPointExtension></extensions>
    </trkpt>
    <trkpt lat="37.566967" lon="127.000378">
      <ele>32.0</ele>
      <time>2026-07-20T20:29:53.000Z</time>
      <extensions><gpxtpx:TrackPointExtension><gpxtpx:hr>138</gpxtpx:hr></gpxtpx:TrackPointExtension></extensions>
    </trkpt>
    <trkpt lat="37.566940" lon="127.000400">
      <ele>32.0</ele>
      <time>2026-07-20T20:29:54.000Z</time>
      <extensions><gpxtpx:TrackPointExtension><gpxtpx:hr>138</gpxtpx:hr></gpxtpx:TrackPointExtension></extensions>
    </trkpt>
    <trkpt lat="37.566899" lon="127.000435">
      <ele>32.0</ele>
      <time>2026-07-20T20:29:55.000Z</time>
      <extensions><gpxtpx:TrackPointExtension><gpxtpx:hr>140</gpxtpx:hr></gpxtpx:TrackPointExtension></extensions>
    </trkpt>
    <trkpt lat="37.566850" lon="127.000459">
      <ele>32.0</ele>
      <time>2026-07-20T20:29:56.000Z</time>
      <extensions><gpxtpx:TrackPointExtension><gpxtpx:hr>141</gpxtpx:hr></gpxtpx:TrackPointExtension></extensions>
    </trkpt>
    <trkpt lat="37.566809" lon="127.000479">
      <ele>32.0</ele>
      <time>2026-07-20T20:29:57.000Z</time>
      <extensions><gpxtpx:TrackPointExtension><gpxtpx:hr>142</gpxtpx:hr></gpxtpx:TrackPointExtension></extensions>
    </trkpt>
    <trkpt lat="37.566758" lon="127.000510">
      <ele>32.0</ele>
      <time>2026-07-20T20:29:58.000Z</time>
      <extensions><gpxtpx:TrackPointExtension><gpxtpx:hr>143</gpxtpx:hr></gpxtpx:TrackPointExtension></extensions>
    </trkpt>
    <trkpt lat="37.566710" lon="127.000542">
      <ele>32.0</ele>
      <time>2026-07-20T20:29:59.000Z</time>
      <extensions><gpxtpx:TrackPointExtension><gpxtpx:hr>144</gpxtpx:hr></gpxtpx:TrackPointExtension></extensions>
    </trkpt>
    <trkpt lat="37.566755" lon="127.000532">
      <ele>32.0</ele>
      <time>2026-07-20T20:30:00.000Z</time>
      <extensions><gpxtpx:TrackPointExtension><gpxtpx:hr>144</gpxtpx:hr></gpxtpx:TrackPointExtension></extensions>
    </trkpt>
    <trkpt lat="37.566784" lon="127.000543">
      <ele>32.0</ele>
      <time>2026-07-20T20:30:01.000Z</time>
      <extensions><gpxtpx:TrackPointExtension><gpxtpx:hr>145</gpxtpx:hr></gpxtpx:TrackPointExtension></extensions>
    </trkpt>
    <trkpt lat="37.566816" lon="127.000544">
      <ele>32.0</ele>
      <time>2026-07-20T20:30:02.000Z</time>
      <extensions><gpxtpx:TrackPointExtension><gpxtpx:hr>145</gpxtpx:hr></gpxtpx:TrackPointExtension></extensions>
    </trkpt>
    <trkpt lat="37.566860" lon="127.000528">
      <ele>32.0</ele>
      <time>2026-07-20T20:30:03.000Z</time>
      <extensions><gpxtpx:TrackPointExtension><gpxtpx:hr>145</gpxtpx:hr></gpxtpx:TrackPointExtension></extensions>
    </trkpt>
    <trkpt lat="37.566858" lon="127.000529">
      <ele>32.0</ele>
      <time>2026-07-20T20:30:04.000Z</time>
      <extensions><gpxtpx:TrackPointExtension><gpxtpx:hr>144</gpxtpx:hr></gpxtpx:TrackPointExtension></extensions>
    </trkpt>
    <trkpt lat="37.566860" lon="127.000517">
      <ele>32.0</ele>
      <time>2026-07-20T20:30:05.000Z</time>
      <extensions><gpxtpx:TrackPointExtension><gpxtpx:hr>143</gpxtpx:hr></gpxtpx:TrackPointExtension></extensions>
    </trkpt>
    <trkpt lat="37.566865" lon="127.000533">
      <ele>32.0</ele>
      <time>2026-07-20T20:30:06.000Z</time>
      <extensions><gpxtpx:TrackPointExtension><gpxtpx:hr>142</gpxtpx:hr></gpxtpx:TrackPointExtension></extensions>
    </trkpt>
    <trkpt lat="37.566872" lon="127.000562">
      <ele>32.0</ele>
      <time>2026-07-20T20:30:07.000Z</time>
      <extensions><gpxtpx:TrackPointExtension><gpxtpx:hr>142</gpxtpx:hr></gpxtpx:TrackPointExtension></extensions>
    </trkpt>
    <trkpt lat="37.566882" lon="127.000581">
      <ele>32.0</ele>
      <time>2026-07-20T20:30:08.000Z</time>
      <extensions><gpxtpx:TrackPointExtension><gpxtpx:hr>142</gpxtpx:hr></gpxtpx:TrackPointExtension></extensions>
    </trkpt>
    <trkpt lat="37.566903" lon="127.000623">
      <ele>32.0</ele>
      <time>2026-07-20T20:30:09.000Z</time>
      <extensions><gpxtpx:TrackPointExtension><gpxtpx:hr>142</gpxtpx:hr></gpxtpx:TrackPointExtension></extensions>
    </trkpt>
    <trkpt lat="37.566908" lon="127.000661">
      <ele>32.0</ele>
      <time>2026-07-20T20:30:10.000Z</time>
      <extensions><gpxtpx:TrackPointExtension><gpxtpx:hr>142</gpxtpx:hr></gpxtpx:TrackPointExtension></extensions>
    </trkpt>
    <trkpt lat="37.566917" lon="127.000685">
      <ele>32.0</ele>
      <time>2026-07-20T20:30:11.000Z</time>
      <extensions><gpxtpx:TrackPointExtension><gpxtpx:hr>142</gpxtpx:hr></gpxtpx:TrackPointExtension></extensions>
    </trkpt>
    <trkpt lat="37.566939" lon="127.000727">
      <ele>32.0</ele>
      <time>2026-07-20T20:30:12.000Z</time>
      <extensions><gpxtpx:TrackPointExtension><gpxtpx:hr>142</gpxtpx:hr></gpxtpx:TrackPointExtension></extensions>
    </trkpt>
    <trkpt lat="37.566906" lon="127.000749">
      <ele>32.0</ele>
      <time>2026-07-20T20:30:13.000Z</time>
      <extensions><gpxtpx:TrackPointExtension><gpxtpx:hr>142</gpxtpx:hr></gpxtpx:TrackPointExtension></extensions>
    </trkpt>
    <trkpt lat="37.566875" lon="127.000755">
      <ele>32.0</ele>
      <time>2026-07-20T20:30:14.000Z</time>
      <extensions><gpxtpx:TrackPointExtension><gpxtpx:hr>143</gpxtpx:hr></gpxtpx:TrackPointExtension></extensions>
    </trkpt>
    <trkpt lat="37.566848" lon="127.000768">
      <ele>32.0</ele>
      <time>2026-07-20T20:30:15.000Z</time>
      <extensions><gpxtpx:TrackPointExtension><gpxtpx:hr>143</gpxtpx:hr></gpxtpx:TrackPointExtension></extensions>
    </trkpt>
    <trkpt lat="37.566829" lon="127.000786">
      <ele>32.0</ele>
      <time>2026-07-20T20:30:16.000Z</time>
      <extensions><gpxtpx:TrackPointExtension><gpxtpx:hr>143</gpxtpx:hr></gpxtpx:TrackPointExtension></extensions>
    </trkpt>
    <trkpt lat="37.566804" lon="127.000800">
      <ele>32.0</ele>
      <time>2026-07-20T20:30:17.000Z</time>
      <extensions><gpxtpx:TrackPointExtension><gpxtpx:hr>142</gpxtpx:hr></gpxtpx:TrackPointExtension></extensions>
    </trkpt>
    <trkpt lat="37.566804" lon="127.000780">
      <ele>32.0</ele>
      <time>2026-07-20T20:30:18.000Z</time>
      <extensions><gpxtpx:TrackPointExtension><gpxtpx:hr>142</gpxtpx:hr></gpxtpx:TrackPointExtension></extensions>
    </trkpt>
    <trkpt lat="37.566798" lon="127.000746">
      <ele>32.0</ele>
      <time>2026-07-20T20:30:19.000Z</time>
      <extensions><gpxtpx:TrackPointExtension><gpxtpx:hr>142</gpxtpx:hr></gpxtpx:TrackPointExtension></extensions>
    </trkpt>
    <trkpt lat="37.566803" lon="127.000725">
      <ele>32.0</ele>
      <time>2026-07-20T20:30:20.000Z</time>
      <extensions><gpxtpx:TrackPointExtension><gpxtpx:hr>142</gpxtpx:hr></gpxtpx:TrackPointExtension></extensions>
    </trkpt>
    <trkpt lat="37.566803" lon="127.000706">
      <ele>32.0</ele>
      <time>2026-07-20T20:30:21.000Z</time>
      <extensions><gpxtpx:TrackPointExtension><gpxtpx:hr>141</gpxtpx:hr></gpxtpx:TrackPointExtension></extensions>
    </trkpt>
    <trkpt lat="37.566803" lon="127.000674">
      <ele>32.0</ele>
      <time>2026-07-20T20:30:22.000Z</time>
      <extensions><gpxtpx:TrackPointExtension><gpxtpx:hr>141</gpxtpx:hr></gpxtpx:TrackPointExtension></extensions>
    </trkpt>
    <trkpt lat="37.566794" lon="127.000662">
      <ele>32.0</ele>
      <time>2026-07-20T20:30:23.000Z</time>
      <extensions><gpxtpx:TrackPointExtension><gpxtpx:hr>140</gpxtpx:hr></gpxtpx:TrackPointExtension></extensions>
    </trkpt>
    <trkpt lat="37.566793" lon="127.000641">
      <ele>32.0</ele>
      <time>2026-07-20T20:30:24.000Z</time>
      <extensions><gpxtpx:TrackPointExtension><gpxtpx:hr>140</gpxtpx:hr></gpxtpx:TrackPointExtension></extensions>
    </trkpt>
    <trkpt lat="37.566791" lon="127.000618">
      <ele>32.0</ele>
      <time>2026-07-20T20:30:25.000Z</time>
      <extensions><gpxtpx:TrackPointExtension><gpxtpx:hr>139</gpxtpx:hr></gpxtpx:TrackPointExtension></extensions>
    </trkpt>
    <trkpt lat="37.566808" lon="127.000660">
      <ele>32.0</ele>
      <time>2026-07-20T20:30:26.000Z</time>
      <extensions><gpxtpx:TrackPointExtension><gpxtpx:hr>140</gpxtpx:hr></gpxtpx:TrackPointExtension></extensions>
    </trkpt>
    <trkpt lat="37.566831" lon="127.000697">
      <ele>32.0</ele>
      <time>2026-07-20T20:30:27.000Z</time>
      <extensions><gpxtpx:TrackPointExtension><gpxtpx:hr>141</gpxtpx:hr></gpxtpx:TrackPointExtension></extensions>
    </trkpt>
    <trkpt lat="37.566844" lon="127.000754">
      <ele>32.0</ele>
      <time>2026-07-20T20:30:28.000Z</time>
      <extensions><gpxtpx:TrackPointExtension><gpxtpx:hr>142</gpxtpx:hr></gpxtpx:TrackPointExtension></extensions>
    </trkpt>
    <trkpt lat="37.566870" lon="127.000813">
      <ele>32.0</ele>
      <time>2026-07-20T20:30:29.000Z</time>
      <extensions><gpxtpx:TrackPointExtension><gpxtpx:hr>143</gpxtpx:hr></gpxtpx:TrackPointExtension></extensions>
    </trkpt>
    <trkpt lat="37.566901" lon="127.000858">
      <ele>32.0</ele>
      <time>2026-07-20T20:30:30.000Z</time>
      <extensions><gpxtpx:TrackPointExtension><gpxtpx:hr>143</gpxtpx:hr></gpxtpx:TrackPointExtension></extensions>
    </trkpt>
    <trkpt lat="37.566916" lon="127.000913">
      <ele>32.0</ele>
      <time>2026-07-20T20:30:31.000Z</time>
      <extensions><gpxtpx:TrackPointExtension><gpxtpx:hr>144</gpxtpx:hr></gpxtpx:TrackPointExtension></extensions>
    </trkpt>
    <trkpt lat="37.566943" lon="127.000971">
      <ele>32.0</ele>
      <time>2026-07-20T20:30:32.000Z</time>
      <extensions><gpxtpx:TrackPointExtension><gpxtpx:hr>145</gpxtpx:hr></gpxtpx:TrackPointExtension></extensions>
    </trkpt>
    <trkpt lat="37.566931" lon="127.000926">
      <ele>32.0</ele>
      <time>2026-07-20T20:30:33.000Z</time>
      <extensions><gpxtpx:TrackPointExtension><gpxtpx:hr>145</gpxtpx:hr></gpxtpx:TrackPointExtension></extensions>
    </trkpt>
    <trkpt lat="37.566919" lon="127.000901">
      <ele>32.0</ele>
      <time>2026-07-20T20:30:34.000Z</time>
      <extensions><gpxtpx:TrackPointExtension><gpxtpx:hr>145</gpxtpx:hr></gpxtpx:TrackPointExtension></extensions>
    </trkpt>
    <trkpt lat="37.566906" lon="127.000877">
      <ele>32.0</ele>
      <time>2026-07-20T20:30:35.000Z</time>
      <extensions><gpxtpx:TrackPointExtension><gpxtpx:hr>145</gpxtpx:hr></gpxtpx:TrackPointExtension></extensions>
    </trkpt>
    <trkpt lat="37.566907" lon="127.000861">
      <ele>32.0</ele>
      <time>2026-07-20T20:30:36.000Z</time>
      <extensions><gpxtpx:TrackPointExtension><gpxtpx:hr>144</gpxtpx:hr></gpxtpx:TrackPointExtension></extensions>
    </trkpt>
    <trkpt lat="37.566891" lon="127.000841">
      <ele>32.0</ele>
      <time>2026-07-20T20:30:37.000Z</time>
      <extensions><gpxtpx:TrackPointExtension><gpxtpx:hr>143</gpxtpx:hr></gpxtpx:TrackPointExtension></extensions>
    </trkpt>
    <trkpt lat="37.566889" lon="127.000811">
      <ele>32.0</ele>
      <time>2026-07-20T20:30:38.000Z</time>
      <extensions><gpxtpx:TrackPointExtension><gpxtpx:hr>143</gpxtpx:hr></gpxtpx:TrackPointExtension></extensions>
    </trkpt>
    <trkpt lat="37.566887" lon="127.000794">
      <ele>32.0</ele>
      <time>2026-07-20T20:30:39.000Z</time>
      <extensions><gpxtpx:TrackPointExtension><gpxtpx:hr>142</gpxtpx:hr></gpxtpx:TrackPointExtension></extensions>
    </trkpt>
    <trkpt lat="37.566872" lon="127.000778">
      <ele>32.0</ele>
      <time>2026-07-20T20:30:40.000Z</time>
      <extensions><gpxtpx:TrackPointExtension><gpxtpx:hr>141</gpxtpx:hr></gpxtpx:TrackPointExtension></extensions>
    </trkpt>
    <trkpt lat="37.566870" lon="127.000761">
      <ele>32.0</ele>
      <time>2026-07-20T20:30:41.000Z</time>
      <extensions><gpxtpx:TrackPointExtension><gpxtpx:hr>141</gpxtpx:hr></gpxtpx:TrackPointExtension></extensions>
    </trkpt>
    <trkpt lat="37.566861" lon="127.000743">
      <ele>32.0</ele>
      <time>2026-07-20T20:30:42.000Z</time>
      <extensions><gpxtpx:TrackPointExtension><gpxtpx:hr>140</gpxtpx:hr></gpxtpx:TrackPointExtension></extensions>
    </trkpt>
    <trkpt lat="37.566864" lon="127.000728">
      <ele>32.0</ele>
      <time>2026-07-20T20:30:43.000Z</time>
      <extensions><gpxtpx:TrackPointExtension><gpxtpx:hr>140</gpxtpx:hr></gpxtpx:TrackPointExtension></extensions>
    </trkpt>
    <trkpt lat="37.566842" lon="127.000715">
      <ele>32.0</ele>
      <time>2026-07-20T20:30:44.000Z</time>
      <extensions><gpxtpx:TrackPointExtension><gpxtpx:hr>140</gpxtpx:hr></gpxtpx:TrackPointExtension></extensions>
    </trkpt>
    <trkpt lat="37.566812" lon="127.000689">
      <ele>32.0</ele>
      <time>2026-07-20T20:30:45.000Z</time>
      <extensions><gpxtpx:TrackPointExtension><gpxtpx:hr>140</gpxtpx:hr></gpxtpx:TrackPointExtension></extensions>
    </trkpt>
    <trkpt lat="37.566801" lon="127.000662">
      <ele>32.0</ele>
      <time>2026-07-20T20:30:46.000Z</time>
      <extensions><gpxtpx:TrackPointExtension><gpxtpx:hr>140</gpxtpx:hr></gpxtpx:TrackPointExtension></extensions>
    </trkpt>
    <trkpt lat="37.566767" lon="127.000652">
      <ele>32.0</ele>
      <time>2026-07-20T20:30:47.000Z</time>
      <extensions><gpxtpx:TrackPointExtension><gpxtpx:hr>140</gpxtpx:hr></gpxtpx:TrackPointExtension></extensions>
    </trkpt>
    <trkpt lat="37.566747" lon="127.000619">
      <ele>32.0</ele>
      <time>2026-07-20T20:30:48.000Z</time>
      <extensions><gpxtpx:TrackPointExtension><gpxtpx:hr>140</gpxtpx:hr></gpxtpx:TrackPointExtension></extensions>
    </trkpt>
    <trkpt lat="37.566720" lon="127.000595">
      <ele>32.0</ele>
      <time>2026-07-20T20:30:49.000Z</time>
      <extensions><gpxtpx:TrackPointExtension><gpxtpx:hr>141</gpxtpx:hr></gpxtpx:TrackPointExtension></extensions>
    </trkpt>
    <trkpt lat="37.566706" lon="127.000569">
      <ele>32.0</ele>
      <time>2026-07-20T20:30:50.000Z</time>
      <extensions><gpxtpx:TrackPointExtension><gpxtpx:hr>141</gpxtpx:hr></gpxtpx:TrackPointExtension></extensions>
    </trkpt>
    <trkpt lat="37.566669" lon="127.000547">
      <ele>32.0</ele>
      <time>2026-07-20T20:30:51.000Z</time>
      <extensions><gpxtpx:TrackPointExtension><gpxtpx:hr>141</gpxtpx:hr></gpxtpx:TrackPointExtension></extensions>
    </trkpt>
    <trkpt lat="37.566691" lon="127.000591">
      <ele>32.0</ele>
      <time>2026-07-20T20:30:52.000Z</time>
      <extensions><gpxtpx:TrackPointExtension><gpxtpx:hr>141</gpxtpx:hr></gpxtpx:TrackPointExtension></extensions>
    </trkpt>
    <trkpt lat="37.566698" lon="127.000625">
      <ele>32.0</ele>
      <time>2026-07-20T20:30:53.000Z</time>
      <extensions><gpxtpx:TrackPointExtension><gpxtpx:hr>141</gpxtpx:hr></gpxtpx:TrackPointExtension></extensions>
    </trkpt>
    <trkpt lat="37.566708" lon="127.000650">
      <ele>32.0</ele>
      <time>2026-07-20T20:30:54.000Z</time>
      <extensions><gpxtpx:TrackPointExtension><gpxtpx:hr>141</gpxtpx:hr></gpxtpx:TrackPointExtension></extensions>
    </trkpt>
    <trkpt lat="37.566722" lon="127.000684">
      <ele>32.0</ele>
      <time>2026-07-20T20:30:55.000Z</time>
      <extensions><gpxtpx:TrackPointExtension><gpxtpx:hr>142</gpxtpx:hr></gpxtpx:TrackPointExtension></extensions>
    </trkpt>
    <trkpt lat="37.566732" lon="127.000723">
      <ele>32.0</ele>
      <time>2026-07-20T20:30:56.000Z</time>
      <extensions><gpxtpx:TrackPointExtension><gpxtpx:hr>142</gpxtpx:hr></gpxtpx:TrackPointExtension></extensions>
    </trkpt>
    <trkpt lat="37.566751" lon="127.000757">
      <ele>32.0</ele>
      <time>2026-07-20T20:30:57.000Z</time>
      <extensions><gpxtpx:TrackPointExtension><gpxtpx:hr>142</gpxtpx:hr></gpxtpx:TrackPointExtension></extensions>
    </trkpt>
    <trkpt lat="37.566761" lon="127.000783">
      <ele>32.0</ele>
      <time>2026-07-20T20:30:58.000Z</time>
      <extensions><gpxtpx:TrackPointExtension><gpxtpx:hr>142</gpxtpx:hr></gpxtpx:TrackPointExtension></extensions>
    </trkpt>
    <trkpt lat="37.566772" lon="127.000818">
      <ele>32.0</ele>
      <time>2026-07-20T20:30:59.000Z</time>
      <extensions><gpxtpx:TrackPointExtension><gpxtpx:hr>142</gpxtpx:hr></gpxtpx:TrackPointExtension></extensions>
    </trkpt>
    <trkpt lat="37.566781" lon="127.000849">
      <ele>32.0</ele>
      <time>2026-07-20T20:31:00.000Z</time>
      <extensions><gpxtpx:TrackPointExtension><gpxtpx:hr>142</gpxtpx:hr></gpxtpx:TrackPointExtension></extensions>
    </trkpt>
    <trkpt lat="37.566812" lon="127.000874">
      <ele>32.0</ele>
      <time>2026-07-20T20:31:01.000Z</time>
      <extensions><gpxtpx:TrackPointExtension><gpxtpx:hr>142</gpxtpx:hr></gpxtpx:TrackPointExtension></extensions>
    </trkpt>
    <trkpt lat="37.566832" lon="127.000895">
      <ele>32.0</ele>
      <time>2026-07-20T20:31:02.000Z</time>
      <extensions><gpxtpx:TrackPointExtension><gpxtpx:hr>142</gpxtpx:hr></gpxtpx:TrackPointExtension></extensions>
    </trkpt>
    <trkpt lat="37.566855" lon="127.000923">
      <ele>32.0</ele>
      <time>2026-07-20T20:31:03.000Z</time>
      <extensions><gpxtpx:TrackPointExtension><gpxtpx:hr>142</gpxtpx:hr></gpxtpx:TrackPointExtension></extensions>
    </trkpt>
    <trkpt lat="37.566878" lon="127.000944">
      <ele>32.0</ele>
      <time>2026-07-20T20:31:04.000Z</time>
      <extensions><gpxtpx:TrackPointExtension><gpxtpx:hr>142</gpxtpx:hr></gpxtpx:TrackPointExtension></extensions>
    </trkpt>
    <trkpt lat="37.566901" lon="127.000969">
      <ele>32.0</ele>
      <time>2026-07-20T20:31:05.000Z</time>
      <extensions><gpxtpx:TrackPointExtension><gpxtpx:hr>142</gpxtpx:hr></gpxtpx:TrackPointExtension></extensions>
    </trkpt>
    <trkpt lat="37.566914" lon="127.001004">
      <ele>32.0</ele>
      <time>2026-07-20T20:31:06.000Z</time>
      <extensions><gpxtpx:TrackPointExtension><gpxtpx:hr>142</gpxtpx:hr></gpxtpx:TrackPointExtension></extensions>
    </trkpt>
    <trkpt lat="37.566935" lon="127.001031">
      <ele>32.0</ele>
      <time>2026-07-20T20:31:07.000Z</time>
      <extensions><gpxtpx:TrackPointExtension><gpxtpx:hr>142</gpxtpx:hr></gpxtpx:TrackPointExtension></extensions>
    </trkpt>
    <trkpt lat="37.566968" lon="127.001054">
      <ele>32.0</ele>
      <time>2026-07-20T20:31:08.000Z</time>
      <extensions><gpxtpx:TrackPointExtension><gpxtpx:hr>142</gpxtpx:hr></gpxtpx:TrackPointExtension></extensions>
    </trkpt>
    <trkpt lat="37.566981" lon="127.001063">
      <ele>32.0</ele>
      <time>2026-07-20T20:31:09.000Z</time>
      <extensions><gpxtpx:TrackPointExtension><gpxtpx:hr>142</gpxtpx:hr></gpxtpx:TrackPointExtension></extensions>
    </trkpt>
    <trkpt lat="37.566982" lon="127.000999">
      <ele>32.0</ele>
      <time>2026-07-20T20:31:10.000Z</time>
      <extensions><gpxtpx:TrackPointExtension><gpxtpx:hr>144</gpxtpx:hr></gpxtpx:TrackPointExtension></extensions>
    </trkpt>
    <trkpt lat="37.566991" lon="127.000921">
      <ele>32.0</ele>
      <time>2026-07-20T20:31:11.000Z</time>
      <extensions><gpxtpx:TrackPointExtension><gpxtpx:hr>145</gpxtpx:hr></gpxtpx:TrackPointExtension></extensions>
    </trkpt>
    <trkpt lat="37.566987" lon="127.000892">
      <ele>32.0</ele>
      <time>2026-07-20T20:31:12.000Z</time>
      <extensions><gpxtpx:TrackPointExtension><gpxtpx:hr>145</gpxtpx:hr></gpxtpx:TrackPointExtension></extensions>
    </trkpt>
    <trkpt lat="37.566985" lon="127.000886">
      <ele>32.0</ele>
      <time>2026-07-20T20:31:13.000Z</time>
      <extensions><gpxtpx:TrackPointExtension><gpxtpx:hr>144</gpxtpx:hr></gpxtpx:TrackPointExtension></extensions>
    </trkpt>
    <trkpt lat="37.566969" lon="127.000818">
      <ele>32.0</ele>
      <time>2026-07-20T20:31:14.000Z</time>
      <extensions><gpxtpx:TrackPointExtension><gpxtpx:hr>145</gpxtpx:hr></gpxtpx:TrackPointExtension></extensions>
    </trkpt>
    <trkpt lat="37.566957" lon="127.000741">
      <ele>32.0</ele>
      <time>2026-07-20T20:31:15.000Z</time>
      <extensions><gpxtpx:TrackPointExtension><gpxtpx:hr>146</gpxtpx:hr></gpxtpx:TrackPointExtension></extensions>
    </trkpt>
    <trkpt lat="37.566946" lon="127.000653">
      <ele>32.0</ele>
      <time>2026-07-20T20:31:16.000Z</time>
      <extensions><gpxtpx:TrackPointExtension><gpxtpx:hr>148</gpxtpx:hr></gpxtpx:TrackPointExtension></extensions>
    </trkpt>
    <trkpt lat="37.566930" lon="127.000564">
      <ele>32.0</ele>
      <time>2026-07-20T20:31:17.000Z</time>
      <extensions><gpxtpx:TrackPointExtension><gpxtpx:hr>150</gpxtpx:hr></gpxtpx:TrackPointExtension></extensions>
    </trkpt>
    <trkpt lat="37.566916" lon="127.000481">
      <ele>32.0</ele>
      <time>2026-07-20T20:31:18.000Z</time>
      <extensions><gpxtpx:TrackPointExtension><gpxtpx:hr>152</gpxtpx:hr></gpxtpx:TrackPointExtension></extensions>
    </trkpt>
    <trkpt lat="37.566895" lon="127.000471">
      <ele>32.0</ele>
      <time>2026-07-20T20:31:19.000Z</time>
      <extensions><gpxtpx:TrackPointExtension><gpxtpx:hr>151</gpxtpx:hr></gpxtpx:TrackPointExtension></extensions>
    </trkpt>
    <trkpt lat="37.566892" lon="127.000472">
      <ele>32.0</ele>
      <time>2026-07-20T20:31:20.000Z</time>
      <extensions><gpxtpx:TrackPointExtension><gpxtpx:hr>149</gpxtpx:hr></gpxtpx:TrackPointExtension></extensions>
    </trkpt>
    <trkpt lat="37.566887" lon="127.000464">
      <ele>32.0</ele>
      <time>2026-07-20T20:31:21.000Z</time>
      <extensions><gpxtpx:TrackPointExtension><gpxtpx:hr>148</gpxtpx:hr></gpxtpx:TrackPointExtension></extensions>
    </trkpt>
    <trkpt lat="37.566885" lon="127.000465">
      <ele>32.0</ele>
      <time>2026-07-20T20:31:22.000Z</time>
      <extensions><gpxtpx:TrackPointExtension><gpxtpx:hr>146</gpxtpx:hr></gpxtpx:TrackPointExtension></extensions>
    </trkpt>
    <trkpt lat="37.566892" lon="127.000469">
      <ele>32.0</ele>
      <time>2026-07-20T20:31:23.000Z</time>
      <extensions><gpxtpx:TrackPointExtension><gpxtpx:hr>145</gpxtpx:hr></gpxtpx:TrackPointExtension></extensions>
    </trkpt>
    <trkpt lat="37.566882" lon="127.000469">
      <ele>32.0</ele>
      <time>2026-07-20T20:31:24.000Z</time>
      <extensions><gpxtpx:TrackPointExtension><gpxtpx:hr>144</gpxtpx:hr></gpxtpx:TrackPointExtension></extensions>
    </trkpt>
    <trkpt lat="37.566883" lon="127.000467">
      <ele>32.0</ele>
      <time>2026-07-20T20:31:25.000Z</time>
      <extensions><gpxtpx:TrackPointExtension><gpxtpx:hr>142</gpxtpx:hr></gpxtpx:TrackPointExtension></extensions>
    </trkpt>
    <trkpt lat="37.566881" lon="127.000472">
      <ele>32.0</ele>
      <time>2026-07-20T20:31:26.000Z</time>
      <extensions><gpxtpx:TrackPointExtension><gpxtpx:hr>141</gpxtpx:hr></gpxtpx:TrackPointExtension></extensions>
    </trkpt>
    <trkpt lat="37.566890" lon="127.000482">
      <ele>32.0</ele>
      <time>2026-07-20T20:31:27.000Z</time>
      <extensions><gpxtpx:TrackPointExtension><gpxtpx:hr>140</gpxtpx:hr></gpxtpx:TrackPointExtension></extensions>
    </trkpt>
    <trkpt lat="37.566892" lon="127.000478">
      <ele>32.0</ele>
      <time>2026-07-20T20:31:28.000Z</time>
      <extensions><gpxtpx:TrackPointExtension><gpxtpx:hr>139</gpxtpx:hr></gpxtpx:TrackPointExtension></extensions>
    </trkpt>
    <trkpt lat="37.566873" lon="127.000483">
      <ele>32.0</ele>
      <time>2026-07-20T20:31:29.000Z</time>
      <extensions><gpxtpx:TrackPointExtension><gpxtpx:hr>138</gpxtpx:hr></gpxtpx:TrackPointExtension></extensions>
    </trkpt>
    <trkpt lat="37.566856" lon="127.000471">
      <ele>32.0</ele>
      <time>2026-07-20T20:31:30.000Z</time>
      <extensions><gpxtpx:TrackPointExtension><gpxtpx:hr>138</gpxtpx:hr></gpxtpx:TrackPointExtension></extensions>
    </trkpt>
    <trkpt lat="37.566823" lon="127.000477">
      <ele>32.0</ele>
      <time>2026-07-20T20:31:31.000Z</time>
      <extensions><gpxtpx:TrackPointExtension><gpxtpx:hr>138</gpxtpx:hr></gpxtpx:TrackPointExtension></extensions>
    </trkpt>
    <trkpt lat="37.566804" lon="127.000478">
      <ele>32.0</ele>
      <time>2026-07-20T20:31:32.000Z</time>
      <extensions><gpxtpx:TrackPointExtension><gpxtpx:hr>138</gpxtpx:hr></gpxtpx:TrackPointExtension></extensions>
    </trkpt>
    <trkpt lat="37.566774" lon="127.000462">
      <ele>32.0</ele>
      <time>2026-07-20T20:31:33.000Z</time>
      <extensions><gpxtpx:TrackPointExtension><gpxtpx:hr>138</gpxtpx:hr></gpxtpx:TrackPointExtension></extensions>
    </trkpt>
    <trkpt lat="37.566789" lon="127.000494">
      <ele>32.0</ele>
      <time>2026-07-20T20:31:34.000Z</time>
      <extensions><gpxtpx:TrackPointExtension><gpxtpx:hr>138</gpxtpx:hr></gpxtpx:TrackPointExtension></extensions>
    </trkpt>
    <trkpt lat="37.566803" lon="127.000531">
      <ele>32.0</ele>
      <time>2026-07-20T20:31:35.000Z</time>
      <extensions><gpxtpx:TrackPointExtension><gpxtpx:hr>139</gpxtpx:hr></gpxtpx:TrackPointExtension></extensions>
    </trkpt>
    <trkpt lat="37.566821" lon="127.000547">
      <ele>32.0</ele>
      <time>2026-07-20T20:31:36.000Z</time>
      <extensions><gpxtpx:TrackPointExtension><gpxtpx:hr>139</gpxtpx:hr></gpxtpx:TrackPointExtension></extensions>
    </trkpt>
    <trkpt lat="37.566840" lon="127.000589">
      <ele>32.0</ele>
      <time>2026-07-20T20:31:37.000Z</time>
      <extensions><gpxtpx:TrackPointExtension><gpxtpx:hr>139</gpxtpx:hr></gpxtpx:TrackPointExtension></extensions>
    </trkpt>
    <trkpt lat="37.566848" lon="127.000623">
      <ele>32.0</ele>
      <time>2026-07-20T20:31:38.000Z</time>
      <extensions><gpxtpx:TrackPointExtension><gpxtpx:hr>139</gpxtpx:hr></gpxtpx:TrackPointExtension></extensions>
    </trkpt>
    <trkpt lat="37.566873" lon="127.000653">
      <ele>32.0</ele>
      <time>2026-07-20T20:31:39.000Z</time>
      <extensions><gpxtpx:TrackPointExtension><gpxtpx:hr>139</gpxtpx:hr></gpxtpx:TrackPointExtension></extensions>
    </trkpt>
    <trkpt lat="37.566877" lon="127.000681">
      <ele>32.0</ele>
      <time>2026-07-20T20:31:40.000Z</time>
      <extensions><gpxtpx:TrackPointExtension><gpxtpx:hr>140</gpxtpx:hr></gpxtpx:TrackPointExtension></extensions>
    </trkpt>
    <trkpt lat="37.566901" lon="127.000703">
      <ele>32.0</ele>
      <time>2026-07-20T20:31:41.000Z</time>
      <extensions><gpxtpx:TrackPointExtension><gpxtpx:hr>140</gpxtpx:hr></gpxtpx:TrackPointExtension></extensions>
    </trkpt>
    <trkpt lat="37.566880" lon="127.000705">
      <ele>32.0</ele>
      <time>2026-07-20T20:31:42.000Z</time>
      <extensions><gpxtpx:TrackPointExtension><gpxtpx:hr>140</gpxtpx:hr></gpxtpx:TrackPointExtension></extensions>
    </trkpt>
    <trkpt lat="37.566863" lon="127.000691">
      <ele>32.0</ele>
      <time>2026-07-20T20:31:43.000Z</time>
      <extensions><gpxtpx:TrackPointExtension><gpxtpx:hr>139</gpxtpx:hr></gpxtpx:TrackPointExtension></extensions>
    </trkpt>
    <trkpt lat="37.566842" lon="127.000670">
      <ele>32.0</ele>
      <time>2026-07-20T20:31:44.000Z</time>
      <extensions><gpxtpx:TrackPointExtension><gpxtpx:hr>139</gpxtpx:hr></gpxtpx:TrackPointExtension></extensions>
    </trkpt>
    <trkpt lat="37.566835" lon="127.000672">
      <ele>32.0</ele>
      <time>2026-07-20T20:31:45.000Z</time>
      <extensions><gpxtpx:TrackPointExtension><gpxtpx:hr>139</gpxtpx:hr></gpxtpx:TrackPointExtension></extensions>
    </trkpt>
    <trkpt lat="37.566822" lon="127.000658">
      <ele>32.0</ele>
      <time>2026-07-20T20:31:46.000Z</time>
      <extensions><gpxtpx:TrackPointExtension><gpxtpx:hr>138</gpxtpx:hr></gpxtpx:TrackPointExtension></extensions>
    </trkpt>
    <trkpt lat="37.566809" lon="127.000651">
      <ele>32.0</ele>
      <time>2026-07-20T20:31:47.000Z</time>
      <extensions><gpxtpx:TrackPointExtension><gpxtpx:hr>137</gpxtpx:hr></gpxtpx:TrackPointExtension></extensions>
    </trkpt>
    <trkpt lat="37.566791" lon="127.000654">
      <ele>32.0</ele>
      <time>2026-07-20T20:31:48.000Z</time>
      <extensions><gpxtpx:TrackPointExtension><gpxtpx:hr>137</gpxtpx:hr></gpxtpx:TrackPointExtension></extensions>
    </trkpt>
    <trkpt lat="37.566781" lon="127.000635">
      <ele>32.0</ele>
      <time>2026-07-20T20:31:49.000Z</time>
      <extensions><gpxtpx:TrackPointExtension><gpxtpx:hr>137</gpxtpx:hr></gpxtpx:TrackPointExtension></extensions>
    </trkpt>
    <trkpt lat="37.566772" lon="127.000627">
      <ele>32.0</ele>
      <time>2026-07-20T20:31:50.000Z</time>
      <extensions><gpxtpx:TrackPointExtension><gpxtpx:hr>136</gpxtpx:hr></gpxtpx:TrackPointExtension></extensions>
    </trkpt>
    <trkpt lat="37.566750" lon="127.000591">
      <ele>32.0</ele>
      <time>2026-07-20T20:31:51.000Z</time>
      <extensions><gpxtpx:TrackPointExtension><gpxtpx:hr>137</gpxtpx:hr></gpxtpx:TrackPointExtension></extensions>
    </trkpt>
    <trkpt lat="37.566736" lon="127.000532">
      <ele>32.0</ele>
      <time>2026-07-20T20:31:52.000Z</time>
      <extensions><gpxtpx:TrackPointExtension><gpxtpx:hr>138</gpxtpx:hr></gpxtpx:TrackPointExtension></extensions>
    </trkpt>
    <trkpt lat="37.566717" lon="127.000481">
      <ele>32.0</ele>
      <time>2026-07-20T20:31:53.000Z</time>
      <extensions><gpxtpx:TrackPointExtension><gpxtpx:hr>139</gpxtpx:hr></gpxtpx:TrackPointExtension></extensions>
    </trkpt>
    <trkpt lat="37.566721" lon="127.000542">
      <ele>32.0</ele>
      <time>2026-07-20T20:31:54.000Z</time>
      <extensions><gpxtpx:TrackPointExtension><gpxtpx:hr>140</gpxtpx:hr></gpxtpx:TrackPointExtension></extensions>
    </trkpt>
    <trkpt lat="37.566724" lon="127.000585">
      <ele>32.0</ele>
      <time>2026-07-20T20:31:55.000Z</time>
      <extensions><gpxtpx:TrackPointExtension><gpxtpx:hr>140</gpxtpx:hr></gpxtpx:TrackPointExtension></extensions>
    </trkpt>
    <trkpt lat="37.566723" lon="127.000616">
      <ele>32.0</ele>
      <time>2026-07-20T20:31:56.000Z</time>
      <extensions><gpxtpx:TrackPointExtension><gpxtpx:hr>141</gpxtpx:hr></gpxtpx:TrackPointExtension></extensions>
    </trkpt>
    <trkpt lat="37.566727" lon="127.000658">
      <ele>32.0</ele>
      <time>2026-07-20T20:31:57.000Z</time>
      <extensions><gpxtpx:TrackPointExtension><gpxtpx:hr>141</gpxtpx:hr></gpxtpx:TrackPointExtension></extensions>
    </trkpt>
    <trkpt lat="37.566714" lon="127.000697">
      <ele>32.0</ele>
      <time>2026-07-20T20:31:58.000Z</time>
      <extensions><gpxtpx:TrackPointExtension><gpxtpx:hr>141</gpxtpx:hr></gpxtpx:TrackPointExtension></extensions>
    </trkpt>
    <trkpt lat="37.566715" lon="127.000729">
      <ele>32.0</ele>
      <time>2026-07-20T20:31:59.000Z</time>
      <extensions><gpxtpx:TrackPointExtension><gpxtpx:hr>141</gpxtpx:hr></gpxtpx:TrackPointExtension></extensions>
    </trkpt>
    <trkpt lat="37.566717" lon="127.000772">
      <ele>32.0</ele>
      <time>2026-07-20T20:32:00.000Z</time>
      <extensions><gpxtpx:TrackPointExtension><gpxtpx:hr>141</gpxtpx:hr></gpxtpx:TrackPointExtension></extensions>
    </trkpt>
    <trkpt lat="37.566718" lon="127.000817">
      <ele>32.0</ele>
      <time>2026-07-20T20:32:01.000Z</time>
      <extensions><gpxtpx:TrackPointExtension><gpxtpx:hr>141</gpxtpx:hr></gpxtpx:TrackPointExtension></extensions>
    </trkpt>
    <trkpt lat="37.566725" lon="127.000852">
      <ele>32.0</ele>
      <time>2026-07-20T20:32:02.000Z</time>
      <extensions><gpxtpx:TrackPointExtension><gpxtpx:hr>142</gpxtpx:hr></gpxtpx:TrackPointExtension></extensions>
    </trkpt>
    <trkpt lat="37.566720" lon="127.000878">
      <ele>32.0</ele>
      <time>2026-07-20T20:32:03.000Z</time>
      <extensions><gpxtpx:TrackPointExtension><gpxtpx:hr>142</gpxtpx:hr></gpxtpx:TrackPointExtension></extensions>
    </trkpt>
    <trkpt lat="37.566720" lon="127.000915">
      <ele>32.0</ele>
      <time>2026-07-20T20:32:04.000Z</time>
      <extensions><gpxtpx:TrackPointExtension><gpxtpx:hr>142</gpxtpx:hr></gpxtpx:TrackPointExtension></extensions>
    </trkpt>
    <trkpt lat="37.566724" lon="127.000899">
      <ele>32.0</ele>
      <time>2026-07-20T20:32:05.000Z</time>
      <extensions><gpxtpx:TrackPointExtension><gpxtpx:hr>141</gpxtpx:hr></gpxtpx:TrackPointExtension></extensions>
    </trkpt>
    <trkpt lat="37.566712" lon="127.000903">
      <ele>32.0</ele>
      <time>2026-07-20T20:32:06.000Z</time>
      <extensions><gpxtpx:TrackPointExtension><gpxtpx:hr>140</gpxtpx:hr></gpxtpx:TrackPointExtension></extensions>
    </trkpt>
    <trkpt lat="37.566721" lon="127.000895">
      <ele>32.0</ele>
      <time>2026-07-20T20:32:07.000Z</time>
      <extensions><gpxtpx:TrackPointExtension><gpxtpx:hr>138</gpxtpx:hr></gpxtpx:TrackPointExtension></extensions>
    </trkpt>
    <trkpt lat="37.566722" lon="127.000890">
      <ele>32.0</ele>
      <time>2026-07-20T20:32:08.000Z</time>
      <extensions><gpxtpx:TrackPointExtension><gpxtpx:hr>137</gpxtpx:hr></gpxtpx:TrackPointExtension></extensions>
    </trkpt>
    <trkpt lat="37.566722" lon="127.000890">
      <ele>32.0</ele>
      <time>2026-07-20T20:32:09.000Z</time>
      <extensions><gpxtpx:TrackPointExtension><gpxtpx:hr>136</gpxtpx:hr></gpxtpx:TrackPointExtension></extensions>
    </trkpt>
    <trkpt lat="37.566719" lon="127.000886">
      <ele>32.0</ele>
      <time>2026-07-20T20:32:10.000Z</time>
      <extensions><gpxtpx:TrackPointExtension><gpxtpx:hr>135</gpxtpx:hr></gpxtpx:TrackPointExtension></extensions>
    </trkpt>
    <trkpt lat="37.566718" lon="127.000884">
      <ele>32.0</ele>
      <time>2026-07-20T20:32:11.000Z</time>
      <extensions><gpxtpx:TrackPointExtension><gpxtpx:hr>134</gpxtpx:hr></gpxtpx:TrackPointExtension></extensions>
    </trkpt>
    <trkpt lat="37.566714" lon="127.000886">
      <ele>32.0</ele>
      <time>2026-07-20T20:32:12.000Z</time>
      <extensions><gpxtpx:TrackPointExtension><gpxtpx:hr>134</gpxtpx:hr></gpxtpx:TrackPointExtension></extensions>
    </trkpt>
    <trkpt lat="37.566736" lon="127.000821">
      <ele>32.0</ele>
      <time>2026-07-20T20:32:13.000Z</time>
      <extensions><gpxtpx:TrackPointExtension><gpxtpx:hr>135</gpxtpx:hr></gpxtpx:TrackPointExtension></extensions>
    </trkpt>
    <trkpt lat="37.566752" lon="127.000753">
      <ele>32.0</ele>
      <time>2026-07-20T20:32:14.000Z</time>
      <extensions><gpxtpx:TrackPointExtension><gpxtpx:hr>137</gpxtpx:hr></gpxtpx:TrackPointExtension></extensions>
    </trkpt>
    <trkpt lat="37.566718" lon="127.000778">
      <ele>32.0</ele>
      <time>2026-07-20T20:32:15.000Z</time>
      <extensions><gpxtpx:TrackPointExtension><gpxtpx:hr>138</gpxtpx:hr></gpxtpx:TrackPointExtension></extensions>
    </trkpt>
    <trkpt lat="37.566673" lon="127.000778">
      <ele>32.0</ele>
      <time>2026-07-20T20:32:16.000Z</time>
      <extensions><gpxtpx:TrackPointExtension><gpxtpx:hr>139</gpxtpx:hr></gpxtpx:TrackPointExtension></extensions>
    </trkpt>
    <trkpt lat="37.566631" lon="127.000814">
      <ele>32.0</ele>
      <time>2026-07-20T20:32:17.000Z</time>
      <extensions><gpxtpx:TrackPointExtension><gpxtpx:hr>140</gpxtpx:hr></gpxtpx:TrackPointExtension></extensions>
    </trkpt>
    <trkpt lat="37.566577" lon="127.000826">
      <ele>32.0</ele>
      <time>2026-07-20T20:32:18.000Z</time>
      <extensions><gpxtpx:TrackPointExtension><gpxtpx:hr>142</gpxtpx:hr></gpxtpx:TrackPointExtension></extensions>
    </trkpt>
    <trkpt lat="37.566619" lon="127.000800">
      <ele>32.0</ele>
      <time>2026-07-20T20:32:19.000Z</time>
      <extensions><gpxtpx:TrackPointExtension><gpxtpx:hr>143</gpxtpx:hr></gpxtpx:TrackPointExtension></extensions>
    </trkpt>
    <trkpt lat="37.566658" lon="127.000799">
      <ele>32.0</ele>
      <time>2026-07-20T20:32:20.000Z</time>
      <extensions><gpxtpx:TrackPointExtension><gpxtpx:hr>143</gpxtpx:hr></gpxtpx:TrackPointExtension></extensions>
    </trkpt>
    <trkpt lat="37.566675" lon="127.000794">
      <ele>32.0</ele>
      <time>2026-07-20T20:32:21.000Z</time>
      <extensions><gpxtpx:TrackPointExtension><gpxtpx:hr>143</gpxtpx:hr></gpxtpx:TrackPointExtension></extensions>
    </trkpt>
    <trkpt lat="37.566693" lon="127.000791">
      <ele>32.0</ele>
      <time>2026-07-20T20:32:22.000Z</time>
      <extensions><gpxtpx:TrackPointExtension><gpxtpx:hr>142</gpxtpx:hr></gpxtpx:TrackPointExtension></extensions>
    </trkpt>
    <trkpt lat="37.566712" lon="127.000797">
      <ele>32.0</ele>
      <time>2026-07-20T20:32:23.000Z</time>
      <extensions><gpxtpx:TrackPointExtension><gpxtpx:hr>142</gpxtpx:hr></gpxtpx:TrackPointExtension></extensions>
    </trkpt>
    <trkpt lat="37.566726" lon="127.000790">
      <ele>32.0</ele>
      <time>2026-07-20T20:32:24.000Z</time>
      <extensions><gpxtpx:TrackPointExtension><gpxtpx:hr>141</gpxtpx:hr></gpxtpx:TrackPointExtension></extensions>
    </trkpt>
    <trkpt lat="37.566738" lon="127.000781">
      <ele>32.0</ele>
      <time>2026-07-20T20:32:25.000Z</time>
      <extensions><gpxtpx:TrackPointExtension><gpxtpx:hr>141</gpxtpx:hr></gpxtpx:TrackPointExtension></extensions>
    </trkpt>
    <trkpt lat="37.566754" lon="127.000786">
      <ele>32.0</ele>
      <time>2026-07-20T20:32:26.000Z</time>
      <extensions><gpxtpx:TrackPointExtension><gpxtpx:hr>140</gpxtpx:hr></gpxtpx:TrackPointExtension></extensions>
    </trkpt>
    <trkpt lat="37.566741" lon="127.000778">
      <ele>32.0</ele>
      <time>2026-07-20T20:32:27.000Z</time>
      <extensions><gpxtpx:TrackPointExtension><gpxtpx:hr>139</gpxtpx:hr></gpxtpx:TrackPointExtension></extensions>
    </trkpt>
    <trkpt lat="37.566761" lon="127.000778">
      <ele>32.0</ele>
      <time>2026-07-20T20:32:28.000Z</time>
      <extensions><gpxtpx:TrackPointExtension><gpxtpx:hr>139</gpxtpx:hr></gpxtpx:TrackPointExtension></extensions>
    </trkpt>
    <trkpt lat="37.566742" lon="127.000783">
      <ele>32.0</ele>
      <time>2026-07-20T20:32:29.000Z</time>
      <extensions><gpxtpx:TrackPointExtension><gpxtpx:hr>138</gpxtpx:hr></gpxtpx:TrackPointExtension></extensions>
    </trkpt>
    <trkpt lat="37.566751" lon="127.000783">
      <ele>32.0</ele>
      <time>2026-07-20T20:32:30.000Z</time>
      <extensions><gpxtpx:TrackPointExtension><gpxtpx:hr>138</gpxtpx:hr></gpxtpx:TrackPointExtension></extensions>
    </trkpt>
    <trkpt lat="37.566766" lon="127.000776">
      <ele>32.0</ele>
      <time>2026-07-20T20:32:31.000Z</time>
      <extensions><gpxtpx:TrackPointExtension><gpxtpx:hr>137</gpxtpx:hr></gpxtpx:TrackPointExtension></extensions>
    </trkpt>
    <trkpt lat="37.566767" lon="127.000777">
      <ele>32.0</ele>
      <time>2026-07-20T20:32:32.000Z</time>
      <extensions><gpxtpx:TrackPointExtension><gpxtpx:hr>136</gpxtpx:hr></gpxtpx:TrackPointExtension></extensions>
    </trkpt>
    <trkpt lat="37.566771" lon="127.000774">
      <ele>32.0</ele>
      <time>2026-07-20T20:32:33.000Z</time>
      <extensions><gpxtpx:TrackPointExtension><gpxtpx:hr>135</gpxtpx:hr></gpxtpx:TrackPointExtension></extensions>
    </trkpt>
    <trkpt lat="37.566775" lon="127.000776">
      <ele>32.0</ele>
      <time>2026-07-20T20:32:34.000Z</time>
      <extensions><gpxtpx:TrackPointExtension><gpxtpx:hr>134</gpxtpx:hr></gpxtpx:TrackPointExtension></extensions>
    </trkpt>
    <trkpt lat="37.566768" lon="127.000771">
      <ele>32.0</ele>
      <time>2026-07-20T20:32:35.000Z</time>
      <extensions><gpxtpx:TrackPointExtension><gpxtpx:hr>134</gpxtpx:hr></gpxtpx:TrackPointExtension></extensions>
    </trkpt>
    <trkpt lat="37.566781" lon="127.000768">
      <ele>32.0</ele>
      <time>2026-07-20T20:32:36.000Z</time>
      <extensions><gpxtpx:TrackPointExtension><gpxtpx:hr>133</gpxtpx:hr></gpxtpx:TrackPointExtension></extensions>
    </trkpt>
    <trkpt lat="37.566772" lon="127.000775">
      <ele>32.0</ele>
      <time>2026-07-20T20:32:37.000Z</time>
      <extensions><gpxtpx:TrackPointExtension><gpxtpx:hr>132</gpxtpx:hr></gpxtpx:TrackPointExtension></extensions>
    </trkpt>
    <trkpt lat="37.566754" lon="127.000728">
      <ele>32.0</ele>
      <time>2026-07-20T20:32:38.000Z</time>
      <extensions><gpxtpx:TrackPointExtension><gpxtpx:hr>133</gpxtpx:hr></gpxtpx:TrackPointExtension></extensions>
    </trkpt>
    <trkpt lat="37.566746" lon="127.000688">
      <ele>32.0</ele>
      <time>2026-07-20T20:32:39.000Z</time>
      <extensions><gpxtpx:TrackPointExtension><gpxtpx:hr>134</gpxtpx:hr></gpxtpx:TrackPointExtension></extensions>
    </trkpt>
    <trkpt lat="37.566717" lon="127.000635">
      <ele>32.0</ele>
      <time>2026-07-20T20:32:40.000Z</time>
      <extensions><gpxtpx:TrackPointExtension><gpxtpx:hr>135</gpxtpx:hr></gpxtpx:TrackPointExtension></extensions>
    </trkpt>
    <trkpt lat="37.566703" lon="127.000573">
      <ele>32.0</ele>
      <time>2026-07-20T20:32:41.000Z</time>
      <extensions><gpxtpx:TrackPointExtension><gpxtpx:hr>137</gpxtpx:hr></gpxtpx:TrackPointExtension></extensions>
    </trkpt>
    <trkpt lat="37.566681" lon="127.000530">
      <ele>32.0</ele>
      <time>2026-07-20T20:32:42.000Z</time>
      <extensions><gpxtpx:TrackPointExtension><gpxtpx:hr>138</gpxtpx:hr></gpxtpx:TrackPointExtension></extensions>
    </trkpt>
    <trkpt lat="37.566657" lon="127.000462">
      <ele>32.0</ele>
      <time>2026-07-20T20:32:43.000Z</time>
      <extensions><gpxtpx:TrackPointExtension><gpxtpx:hr>139</gpxtpx:hr></gpxtpx:TrackPointExtension></extensions>
    </trkpt>
    <trkpt lat="37.566634" lon="127.000406">
      <ele>32.0</ele>
      <time>2026-07-20T20:32:44.000Z</time>
      <extensions><gpxtpx:TrackPointExtension><gpxtpx:hr>140</gpxtpx:hr></gpxtpx:TrackPointExtension></extensions>
    </trkpt>
    <trkpt lat="37.566646" lon="127.000387">
      <ele>32.0</ele>
      <time>2026-07-20T20:32:45.000Z</time>
      <extensions><gpxtpx:TrackPointExtension><gpxtpx:hr>141</gpxtpx:hr></gpxtpx:TrackPointExtension></extensions>
    </trkpt>
    <trkpt lat="37.566664" lon="127.000358">
      <ele>32.0</ele>
      <time>2026-07-20T20:32:46.000Z</time>
      <extensions><gpxtpx:TrackPointExtension><gpxtpx:hr>140</gpxtpx:hr></gpxtpx:TrackPointExtension></extensions>
    </trkpt>
    <trkpt lat="37.566674" lon="127.000338">
      <ele>32.0</ele>
      <time>2026-07-20T20:32:47.000Z</time>
      <extensions><gpxtpx:TrackPointExtension><gpxtpx:hr>140</gpxtpx:hr></gpxtpx:TrackPointExtension></extensions>
    </trkpt>
    <trkpt lat="37.566682" lon="127.000317">
      <ele>32.0</ele>
      <time>2026-07-20T20:32:48.000Z</time>
      <extensions><gpxtpx:TrackPointExtension><gpxtpx:hr>140</gpxtpx:hr></gpxtpx:TrackPointExtension></extensions>
    </trkpt>
    <trkpt lat="37.566691" lon="127.000299">
      <ele>32.0</ele>
      <time>2026-07-20T20:32:49.000Z</time>
      <extensions><gpxtpx:TrackPointExtension><gpxtpx:hr>139</gpxtpx:hr></gpxtpx:TrackPointExtension></extensions>
    </trkpt>
    <trkpt lat="37.566702" lon="127.000279">
      <ele>32.0</ele>
      <time>2026-07-20T20:32:50.000Z</time>
      <extensions><gpxtpx:TrackPointExtension><gpxtpx:hr>139</gpxtpx:hr></gpxtpx:TrackPointExtension></extensions>
    </trkpt>
    <trkpt lat="37.566710" lon="127.000257">
      <ele>32.0</ele>
      <time>2026-07-20T20:32:51.000Z</time>
      <extensions><gpxtpx:TrackPointExtension><gpxtpx:hr>139</gpxtpx:hr></gpxtpx:TrackPointExtension></extensions>
    </trkpt>
    <trkpt lat="37.566708" lon="127.000270">
      <ele>32.0</ele>
      <time>2026-07-20T20:32:52.000Z</time>
      <extensions><gpxtpx:TrackPointExtension><gpxtpx:hr>138</gpxtpx:hr></gpxtpx:TrackPointExtension></extensions>
    </trkpt>
    <trkpt lat="37.566709" lon="127.000260">
      <ele>32.0</ele>
      <time>2026-07-20T20:32:53.000Z</time>
      <extensions><gpxtpx:TrackPointExtension><gpxtpx:hr>137</gpxtpx:hr></gpxtpx:TrackPointExtension></extensions>
    </trkpt>
    <trkpt lat="37.566714" lon="127.000269">
      <ele>32.0</ele>
      <time>2026-07-20T20:32:54.000Z</time>
      <extensions><gpxtpx:TrackPointExtension><gpxtpx:hr>136</gpxtpx:hr></gpxtpx:TrackPointExtension></extensions>
    </trkpt>
    <trkpt lat="37.566719" lon="127.000274">
      <ele>32.0</ele>
      <time>2026-07-20T20:32:55.000Z</time>
      <extensions><gpxtpx:TrackPointExtension><gpxtpx:hr>135</gpxtpx:hr></gpxtpx:TrackPointExtension></extensions>
    </trkpt>
    <trkpt lat="37.566717" lon="127.000274">
      <ele>32.0</ele>
      <time>2026-07-20T20:32:56.000Z</time>
      <extensions><gpxtpx:TrackPointExtension><gpxtpx:hr>134</gpxtpx:hr></gpxtpx:TrackPointExtension></extensions>
    </trkpt>
    <trkpt lat="37.566718" lon="127.000261">
      <ele>32.0</ele>
      <time>2026-07-20T20:32:57.000Z</time>
      <extensions><gpxtpx:TrackPointExtension><gpxtpx:hr>133</gpxtpx:hr></gpxtpx:TrackPointExtension></extensions>
    </trkpt>
    <trkpt lat="37.566724" lon="127.000262">
      <ele>32.0</ele>
      <time>2026-07-20T20:32:58.000Z</time>
      <extensions><gpxtpx:TrackPointExtension><gpxtpx:hr>132</gpxtpx:hr></gpxtpx:TrackPointExtension></extensions>
    </trkpt>
    <trkpt lat="37.566725" lon="127.000268">
      <ele>32.0</ele>
      <time>2026-07-20T20:32:59.000Z</time>
      <extensions><gpxtpx:TrackPointExtension><gpxtpx:hr>131</gpxtpx:hr></gpxtpx:TrackPointExtension></extensions>
    </trkpt>
    <trkpt lat="37.566725" lon="127.000277">
      <ele>32.0</ele>
      <time>2026-07-20T20:33:00.000Z</time>
      <extensions><gpxtpx:TrackPointExtension><gpxtpx:hr>131</gpxtpx:hr></gpxtpx:TrackPointExtension></extensions>
    </trkpt>
    <trkpt lat="37.566727" lon="127.000282">
      <ele>32.0</ele>
      <time>2026-07-20T20:33:01.000Z</time>
      <extensions><gpxtpx:TrackPointExtension><gpxtpx:hr>131</gpxtpx:hr></gpxtpx:TrackPointExtension></extensions>
    </trkpt>
    <trkpt lat="37.566748" lon="127.000307">
      <ele>32.0</ele>
      <time>2026-07-20T20:33:02.000Z</time>
      <extensions><gpxtpx:TrackPointExtension><gpxtpx:hr>131</gpxtpx:hr></gpxtpx:TrackPointExtension></extensions>
    </trkpt>
    <trkpt lat="37.566766" lon="127.000331">
      <ele>32.0</ele>
      <time>2026-07-20T20:33:03.000Z</time>
      <extensions><gpxtpx:TrackPointExtension><gpxtpx:hr>131</gpxtpx:hr></gpxtpx:TrackPointExtension></extensions>
    </trkpt>
    <trkpt lat="37.566779" lon="127.000364">
      <ele>32.0</ele>
      <time>2026-07-20T20:33:04.000Z</time>
      <extensions><gpxtpx:TrackPointExtension><gpxtpx:hr>132</gpxtpx:hr></gpxtpx:TrackPointExtension></extensions>
    </trkpt>
    <trkpt lat="37.566801" lon="127.000404">
      <ele>32.0</ele>
      <time>2026-07-20T20:33:05.000Z</time>
      <extensions><gpxtpx:TrackPointExtension><gpxtpx:hr>133</gpxtpx:hr></gpxtpx:TrackPointExtension></extensions>
    </trkpt>
    <trkpt lat="37.566814" lon="127.000419">
      <ele>32.0</ele>
      <time>2026-07-20T20:33:06.000Z</time>
      <extensions><gpxtpx:TrackPointExtension><gpxtpx:hr>133</gpxtpx:hr></gpxtpx:TrackPointExtension></extensions>
    </trkpt>
    <trkpt lat="37.566840" lon="127.000460">
      <ele>32.0</ele>
      <time>2026-07-20T20:33:07.000Z</time>
      <extensions><gpxtpx:TrackPointExtension><gpxtpx:hr>134</gpxtpx:hr></gpxtpx:TrackPointExtension></extensions>
    </trkpt>
    <trkpt lat="37.566858" lon="127.000482">
      <ele>32.0</ele>
      <time>2026-07-20T20:33:08.000Z</time>
      <extensions><gpxtpx:TrackPointExtension><gpxtpx:hr>135</gpxtpx:hr></gpxtpx:TrackPointExtension></extensions>
    </trkpt>
    <trkpt lat="37.566884" lon="127.000521">
      <ele>32.0</ele>
      <time>2026-07-20T20:33:09.000Z</time>
      <extensions><gpxtpx:TrackPointExtension><gpxtpx:hr>135</gpxtpx:hr></gpxtpx:TrackPointExtension></extensions>
    </trkpt>
    <trkpt lat="37.566894" lon="127.000540">
      <ele>32.0</ele>
      <time>2026-07-20T20:33:10.000Z</time>
      <extensions><gpxtpx:TrackPointExtension><gpxtpx:hr>135</gpxtpx:hr></gpxtpx:TrackPointExtension></extensions>
    </trkpt>
    <trkpt lat="37.566872" lon="127.000514">
      <ele>32.0</ele>
      <time>2026-07-20T20:33:11.000Z</time>
      <extensions><gpxtpx:TrackPointExtension><gpxtpx:hr>136</gpxtpx:hr></gpxtpx:TrackPointExtension></extensions>
    </trkpt>
    <trkpt lat="37.566862" lon="127.000514">
      <ele>32.0</ele>
      <time>2026-07-20T20:33:12.000Z</time>
      <extensions><gpxtpx:TrackPointExtension><gpxtpx:hr>135</gpxtpx:hr></gpxtpx:TrackPointExtension></extensions>
    </trkpt>
    <trkpt lat="37.566866" lon="127.000525">
      <ele>32.0</ele>
      <time>2026-07-20T20:33:13.000Z</time>
      <extensions><gpxtpx:TrackPointExtension><gpxtpx:hr>135</gpxtpx:hr></gpxtpx:TrackPointExtension></extensions>
    </trkpt>
    <trkpt lat="37.566856" lon="127.000524">
      <ele>32.0</ele>
      <time>2026-07-20T20:33:14.000Z</time>
      <extensions><gpxtpx:TrackPointExtension><gpxtpx:hr>134</gpxtpx:hr></gpxtpx:TrackPointExtension></extensions>
    </trkpt>
    <trkpt lat="37.566864" lon="127.000521">
      <ele>32.0</ele>
      <time>2026-07-20T20:33:15.000Z</time>
      <extensions><gpxtpx:TrackPointExtension><gpxtpx:hr>133</gpxtpx:hr></gpxtpx:TrackPointExtension></extensions>
    </trkpt>
    <trkpt lat="37.566858" lon="127.000516">
      <ele>32.0</ele>
      <time>2026-07-20T20:33:16.000Z</time>
      <extensions><gpxtpx:TrackPointExtension><gpxtpx:hr>132</gpxtpx:hr></gpxtpx:TrackPointExtension></extensions>
    </trkpt>
    <trkpt lat="37.566861" lon="127.000516">
      <ele>32.0</ele>
      <time>2026-07-20T20:33:17.000Z</time>
      <extensions><gpxtpx:TrackPointExtension><gpxtpx:hr>131</gpxtpx:hr></gpxtpx:TrackPointExtension></extensions>
    </trkpt>
    <trkpt lat="37.566846" lon="127.000525">
      <ele>32.0</ele>
      <time>2026-07-20T20:33:18.000Z</time>
      <extensions><gpxtpx:TrackPointExtension><gpxtpx:hr>131</gpxtpx:hr></gpxtpx:TrackPointExtension></extensions>
    </trkpt>
    <trkpt lat="37.566843" lon="127.000535">
      <ele>32.0</ele>
      <time>2026-07-20T20:33:19.000Z</time>
      <extensions><gpxtpx:TrackPointExtension><gpxtpx:hr>131</gpxtpx:hr></gpxtpx:TrackPointExtension></extensions>
    </trkpt>
    <trkpt lat="37.566831" lon="127.000546">
      <ele>32.0</ele>
      <time>2026-07-20T20:33:20.000Z</time>
      <extensions><gpxtpx:TrackPointExtension><gpxtpx:hr>131</gpxtpx:hr></gpxtpx:TrackPointExtension></extensions>
    </trkpt>
    <trkpt lat="37.566817" lon="127.000563">
      <ele>32.0</ele>
      <time>2026-07-20T20:33:21.000Z</time>
      <extensions><gpxtpx:TrackPointExtension><gpxtpx:hr>131</gpxtpx:hr></gpxtpx:TrackPointExtension></extensions>
    </trkpt>
    <trkpt lat="37.566798" lon="127.000580">
      <ele>32.0</ele>
      <time>2026-07-20T20:33:22.000Z</time>
      <extensions><gpxtpx:TrackPointExtension><gpxtpx:hr>131</gpxtpx:hr></gpxtpx:TrackPointExtension></extensions>
    </trkpt>
    <trkpt lat="37.566783" lon="127.000608">
      <ele>32.0</ele>
      <time>2026-07-20T20:33:23.000Z</time>
      <extensions><gpxtpx:TrackPointExtension><gpxtpx:hr>131</gpxtpx:hr></gpxtpx:TrackPointExtension></extensions>
    </trkpt>
    <trkpt lat="37.566762" lon="127.000629">
      <ele>32.0</ele>
      <time>2026-07-20T20:33:24.000Z</time>
      <extensions><gpxtpx:TrackPointExtension><gpxtpx:hr>132</gpxtpx:hr></gpxtpx:TrackPointExtension></extensions>
    </trkpt>
    <trkpt lat="37.566742" lon="127.000640">
      <ele>32.0</ele>
      <time>2026-07-20T20:33:25.000Z</time>
      <extensions><gpxtpx:TrackPointExtension><gpxtpx:hr>132</gpxtpx:hr></gpxtpx:TrackPointExtension></extensions>
    </trkpt>
    <trkpt lat="37.566713" lon="127.000668">
      <ele>32.0</ele>
      <time>2026-07-20T20:33:26.000Z</time>
      <extensions><gpxtpx:TrackPointExtension><gpxtpx:hr>133</gpxtpx:hr></gpxtpx:TrackPointExtension></extensions>
    </trkpt>
    <trkpt lat="37.566699" lon="127.000688">
      <ele>32.0</ele>
      <time>2026-07-20T20:33:27.000Z</time>
      <extensions><gpxtpx:TrackPointExtension><gpxtpx:hr>133</gpxtpx:hr></gpxtpx:TrackPointExtension></extensions>
    </trkpt>
    <trkpt lat="37.566671" lon="127.000706">
      <ele>32.0</ele>
      <time>2026-07-20T20:33:28.000Z</time>
      <extensions><gpxtpx:TrackPointExtension><gpxtpx:hr>134</gpxtpx:hr></gpxtpx:TrackPointExtension></extensions>
    </trkpt>
    <trkpt lat="37.566687" lon="127.000665">
      <ele>32.0</ele>
      <time>2026-07-20T20:33:29.000Z</time>
      <extensions><gpxtpx:TrackPointExtension><gpxtpx:hr>135</gpxtpx:hr></gpxtpx:TrackPointExtension></extensions>
    </trkpt>
    <trkpt lat="37.566701" lon="127.000612">
      <ele>32.0</ele>
      <time>2026-07-20T20:33:30.000Z</time>
      <extensions><gpxtpx:TrackPointExtension><gpxtpx:hr>136</gpxtpx:hr></gpxtpx:TrackPointExtension></extensions>
    </trkpt>
    <trkpt lat="37.566723" lon="127.000566">
      <ele>32.0</ele>
      <time>2026-07-20T20:33:31.000Z</time>
      <extensions><gpxtpx:TrackPointExtension><gpxtpx:hr>137</gpxtpx:hr></gpxtpx:TrackPointExtension></extensions>
    </trkpt>
    <trkpt lat="37.566710" lon="127.000611">
      <ele>32.0</ele>
      <time>2026-07-20T20:33:32.000Z</time>
      <extensions><gpxtpx:TrackPointExtension><gpxtpx:hr>138</gpxtpx:hr></gpxtpx:TrackPointExtension></extensions>
    </trkpt>
    <trkpt lat="37.566703" lon="127.000651">
      <ele>32.0</ele>
      <time>2026-07-20T20:33:33.000Z</time>
      <extensions><gpxtpx:TrackPointExtension><gpxtpx:hr>139</gpxtpx:hr></gpxtpx:TrackPointExtension></extensions>
    </trkpt>
    <trkpt lat="37.566681" lon="127.000696">
      <ele>32.0</ele>
      <time>2026-07-20T20:33:34.000Z</time>
      <extensions><gpxtpx:TrackPointExtension><gpxtpx:hr>139</gpxtpx:hr></gpxtpx:TrackPointExtension></extensions>
    </trkpt>
    <trkpt lat="37.566675" lon="127.000721">
      <ele>32.0</ele>
      <time>2026-07-20T20:33:35.000Z</time>
      <extensions><gpxtpx:TrackPointExtension><gpxtpx:hr>140</gpxtpx:hr></gpxtpx:TrackPointExtension></extensions>
    </trkpt>
    <trkpt lat="37.566668" lon="127.000766">
      <ele>32.0</ele>
      <time>2026-07-20T20:33:36.000Z</time>
      <extensions><gpxtpx:TrackPointExtension><gpxtpx:hr>140</gpxtpx:hr></gpxtpx:TrackPointExtension></extensions>
    </trkpt>
    <trkpt lat="37.566657" lon="127.000798">
      <ele>32.0</ele>
      <time>2026-07-20T20:33:37.000Z</time>
      <extensions><gpxtpx:TrackPointExtension><gpxtpx:hr>140</gpxtpx:hr></gpxtpx:TrackPointExtension></extensions>
    </trkpt>
    <trkpt lat="37.566651" lon="127.000829">
      <ele>32.0</ele>
      <time>2026-07-20T20:33:38.000Z</time>
      <extensions><gpxtpx:TrackPointExtension><gpxtpx:hr>140</gpxtpx:hr></gpxtpx:TrackPointExtension></extensions>
    </trkpt>
    <trkpt lat="37.566648" lon="127.000858">
      <ele>32.0</ele>
      <time>2026-07-20T20:33:39.000Z</time>
      <extensions><gpxtpx:TrackPointExtension><gpxtpx:hr>140</gpxtpx:hr></gpxtpx:TrackPointExtension></extensions>
    </trkpt>
    <trkpt lat="37.566643" lon="127.000884">
      <ele>32.0</ele>
      <time>2026-07-20T20:33:40.000Z</time>
      <extensions><gpxtpx:TrackPointExtension><gpxtpx:hr>140</gpxtpx:hr></gpxtpx:TrackPointExtension></extensions>
    </trkpt>
    <trkpt lat="37.566634" lon="127.000881">
      <ele>32.0</ele>
      <time>2026-07-20T20:33:41.000Z</time>
      <extensions><gpxtpx:TrackPointExtension><gpxtpx:hr>139</gpxtpx:hr></gpxtpx:TrackPointExtension></extensions>
    </trkpt>
    <trkpt lat="37.566632" lon="127.000868">
      <ele>32.0</ele>
      <time>2026-07-20T20:33:42.000Z</time>
      <extensions><gpxtpx:TrackPointExtension><gpxtpx:hr>138</gpxtpx:hr></gpxtpx:TrackPointExtension></extensions>
    </trkpt>
    <trkpt lat="37.566635" lon="127.000864">
      <ele>32.0</ele>
      <time>2026-07-20T20:33:43.000Z</time>
      <extensions><gpxtpx:TrackPointExtension><gpxtpx:hr>137</gpxtpx:hr></gpxtpx:TrackPointExtension></extensions>
    </trkpt>
    <trkpt lat="37.566635" lon="127.000872">
      <ele>32.0</ele>
      <time>2026-07-20T20:33:44.000Z</time>
      <extensions><gpxtpx:TrackPointExtension><gpxtpx:hr>136</gpxtpx:hr></gpxtpx:TrackPointExtension></extensions>
    </trkpt>
    <trkpt lat="37.566636" lon="127.000860">
      <ele>32.0</ele>
      <time>2026-07-20T20:33:45.000Z</time>
      <extensions><gpxtpx:TrackPointExtension><gpxtpx:hr>135</gpxtpx:hr></gpxtpx:TrackPointExtension></extensions>
    </trkpt>
    <trkpt lat="37.566627" lon="127.000867">
      <ele>32.0</ele>
      <time>2026-07-20T20:33:46.000Z</time>
      <extensions><gpxtpx:TrackPointExtension><gpxtpx:hr>134</gpxtpx:hr></gpxtpx:TrackPointExtension></extensions>
    </trkpt>
    <trkpt lat="37.566667" lon="127.000856">
      <ele>32.0</ele>
      <time>2026-07-20T20:33:47.000Z</time>
      <extensions><gpxtpx:TrackPointExtension><gpxtpx:hr>135</gpxtpx:hr></gpxtpx:TrackPointExtension></extensions>
    </trkpt>
    <trkpt lat="37.566709" lon="127.000836">
      <ele>32.0</ele>
      <time>2026-07-20T20:33:48.000Z</time>
      <extensions><gpxtpx:TrackPointExtension><gpxtpx:hr>136</gpxtpx:hr></gpxtpx:TrackPointExtension></extensions>
    </trkpt>
    <trkpt lat="37.566745" lon="127.000817">
      <ele>32.0</ele>
      <time>2026-07-20T20:33:49.000Z</time>
      <extensions><gpxtpx:TrackPointExtension><gpxtpx:hr>137</gpxtpx:hr></gpxtpx:TrackPointExtension></extensions>
    </trkpt>
    <trkpt lat="37.566793" lon="127.000792">
      <ele>32.0</ele>
      <time>2026-07-20T20:33:50.000Z</time>
      <extensions><gpxtpx:TrackPointExtension><gpxtpx:hr>139</gpxtpx:hr></gpxtpx:TrackPointExtension></extensions>
    </trkpt>
    <trkpt lat="37.566841" lon="127.000767">
      <ele>32.0</ele>
      <time>2026-07-20T20:33:51.000Z</time>
      <extensions><gpxtpx:TrackPointExtension><gpxtpx:hr>140</gpxtpx:hr></gpxtpx:TrackPointExtension></extensions>
    </trkpt>
    <trkpt lat="37.566880" lon="127.000759">
      <ele>32.0</ele>
      <time>2026-07-20T20:33:52.000Z</time>
      <extensions><gpxtpx:TrackPointExtension><gpxtpx:hr>141</gpxtpx:hr></gpxtpx:TrackPointExtension></extensions>
    </trkpt>
    <trkpt lat="37.566925" lon="127.000733">
      <ele>32.0</ele>
      <time>2026-07-20T20:33:53.000Z</time>
      <extensions><gpxtpx:TrackPointExtension><gpxtpx:hr>142</gpxtpx:hr></gpxtpx:TrackPointExtension></extensions>
    </trkpt>
    <trkpt lat="37.566914" lon="127.000704">
      <ele>32.0</ele>
      <time>2026-07-20T20:33:54.000Z</time>
      <extensions><gpxtpx:TrackPointExtension><gpxtpx:hr>142</gpxtpx:hr></gpxtpx:TrackPointExtension></extensions>
    </trkpt>
    <trkpt lat="37.566897" lon="127.000669">
      <ele>32.0</ele>
      <time>2026-07-20T20:33:55.000Z</time>
      <extensions><gpxtpx:TrackPointExtension><gpxtpx:hr>142</gpxtpx:hr></gpxtpx:TrackPointExtension></extensions>
    </trkpt>
    <trkpt lat="37.566892" lon="127.000660">
      <ele>32.0</ele>
      <time>2026-07-20T20:33:56.000Z</time>
      <extensions><gpxtpx:TrackPointExtension><gpxtpx:hr>142</gpxtpx:hr></gpxtpx:TrackPointExtension></extensions>
    </trkpt>
    <trkpt lat="37.566881" lon="127.000637">
      <ele>32.0</ele>
      <time>2026-07-20T20:33:57.000Z</time>
      <extensions><gpxtpx:TrackPointExtension><gpxtpx:hr>141</gpxtpx:hr></gpxtpx:TrackPointExtension></extensions>
    </trkpt>
    <trkpt lat="37.566866" lon="127.000624">
      <ele>32.0</ele>
      <time>2026-07-20T20:33:58.000Z</time>
      <extensions><gpxtpx:TrackPointExtension><gpxtpx:hr>140</gpxtpx:hr></gpxtpx:TrackPointExtension></extensions>
    </trkpt>
    <trkpt lat="37.566858" lon="127.000596">
      <ele>32.0</ele>
      <time>2026-07-20T20:33:59.000Z</time>
      <extensions><gpxtpx:TrackPointExtension><gpxtpx:hr>140</gpxtpx:hr></gpxtpx:TrackPointExtension></extensions>
    </trkpt>
    <trkpt lat="37.566855" lon="127.000582">
      <ele>32.0</ele>
      <time>2026-07-20T20:34:00.000Z</time>
      <extensions><gpxtpx:TrackPointExtension><gpxtpx:hr>139</gpxtpx:hr></gpxtpx:TrackPointExtension></extensions>
    </trkpt>
    <trkpt lat="37.566848" lon="127.000564">
      <ele>32.0</ele>
      <time>2026-07-20T20:34:01.000Z</time>
      <extensions><gpxtpx:TrackPointExtension><gpxtpx:hr>139</gpxtpx:hr></gpxtpx:TrackPointExtension></extensions>
    </trkpt>
    <trkpt lat="37.566835" lon="127.000553">
      <ele>32.0</ele>
      <time>2026-07-20T20:34:02.000Z</time>
      <extensions><gpxtpx:TrackPointExtension><gpxtpx:hr>138</gpxtpx:hr></gpxtpx:TrackPointExtension></extensions>
    </trkpt>
    <trkpt lat="37.566823" lon="127.000559">
      <ele>32.0</ele>
      <time>2026-07-20T20:34:03.000Z</time>
      <extensions><gpxtpx:TrackPointExtension><gpxtpx:hr>138</gpxtpx:hr></gpxtpx:TrackPointExtension></extensions>
    </trkpt>
    <trkpt lat="37.566804" lon="127.000553">
      <ele>32.0</ele>
      <time>2026-07-20T20:34:04.000Z</time>
      <extensions><gpxtpx:TrackPointExtension><gpxtpx:hr>138</gpxtpx:hr></gpxtpx:TrackPointExtension></extensions>
    </trkpt>
    <trkpt lat="37.566784" lon="127.000553">
      <ele>32.0</ele>
      <time>2026-07-20T20:34:05.000Z</time>
      <extensions><gpxtpx:TrackPointExtension><gpxtpx:hr>137</gpxtpx:hr></gpxtpx:TrackPointExtension></extensions>
    </trkpt>
    <trkpt lat="37.566775" lon="127.000554">
      <ele>32.0</ele>
      <time>2026-07-20T20:34:06.000Z</time>
      <extensions><gpxtpx:TrackPointExtension><gpxtpx:hr>137</gpxtpx:hr></gpxtpx:TrackPointExtension></extensions>
    </trkpt>
    <trkpt lat="37.566756" lon="127.000535">
      <ele>32.0</ele>
      <time>2026-07-20T20:34:07.000Z</time>
      <extensions><gpxtpx:TrackPointExtension><gpxtpx:hr>137</gpxtpx:hr></gpxtpx:TrackPointExtension></extensions>
    </trkpt>
    <trkpt lat="37.566737" lon="127.000535">
      <ele>32.0</ele>
      <time>2026-07-20T20:34:08.000Z</time>
      <extensions><gpxtpx:TrackPointExtension><gpxtpx:hr>136</gpxtpx:hr></gpxtpx:TrackPointExtension></extensions>
    </trkpt>
    <trkpt lat="37.566725" lon="127.000530">
      <ele>32.0</ele>
      <time>2026-07-20T20:34:09.000Z</time>
      <extensions><gpxtpx:TrackPointExtension><gpxtpx:hr>136</gpxtpx:hr></gpxtpx:TrackPointExtension></extensions>
    </trkpt>
    <trkpt lat="37.566715" lon="127.000534">
      <ele>32.0</ele>
      <time>2026-07-20T20:34:10.000Z</time>
      <extensions><gpxtpx:TrackPointExtension><gpxtpx:hr>135</gpxtpx:hr></gpxtpx:TrackPointExtension></extensions>
    </trkpt>
    <trkpt lat="37.566735" lon="127.000532">
      <ele>32.0</ele>
      <time>2026-07-20T20:34:11.000Z</time>
      <extensions><gpxtpx:TrackPointExtension><gpxtpx:hr>135</gpxtpx:hr></gpxtpx:TrackPointExtension></extensions>
    </trkpt>
    <trkpt lat="37.566745" lon="127.000537">
      <ele>32.0</ele>
      <time>2026-07-20T20:34:12.000Z</time>
      <extensions><gpxtpx:TrackPointExtension><gpxtpx:hr>135</gpxtpx:hr></gpxtpx:TrackPointExtension></extensions>
    </trkpt>
    <trkpt lat="37.566754" lon="127.000543">
      <ele>32.0</ele>
      <time>2026-07-20T20:34:13.000Z</time>
      <extensions><gpxtpx:TrackPointExtension><gpxtpx:hr>135</gpxtpx:hr></gpxtpx:TrackPointExtension></extensions>
    </trkpt>
    <trkpt lat="37.566774" lon="127.000547">
      <ele>32.0</ele>
      <time>2026-07-20T20:34:14.000Z</time>
      <extensions><gpxtpx:TrackPointExtension><gpxtpx:hr>134</gpxtpx:hr></gpxtpx:TrackPointExtension></extensions>
    </trkpt>
    <trkpt lat="37.566786" lon="127.000536">
      <ele>32.0</ele>
      <time>2026-07-20T20:34:15.000Z</time>
      <extensions><gpxtpx:TrackPointExtension><gpxtpx:hr>134</gpxtpx:hr></gpxtpx:TrackPointExtension></extensions>
    </trkpt>
    <trkpt lat="37.566804" lon="127.000547">
      <ele>32.0</ele>
      <time>2026-07-20T20:34:16.000Z</time>
      <extensions><gpxtpx:TrackPointExtension><gpxtpx:hr>134</gpxtpx:hr></gpxtpx:TrackPointExtension></extensions>
    </trkpt>
    <trkpt lat="37.566818" lon="127.000545">
      <ele>32.0</ele>
      <time>2026-07-20T20:34:17.000Z</time>
      <extensions><gpxtpx:TrackPointExtension><gpxtpx:hr>134</gpxtpx:hr></gpxtpx:TrackPointExtension></extensions>
    </trkpt>
    <trkpt lat="37.566871" lon="127.000530">
      <ele>32.0</ele>
      <time>2026-07-20T20:34:18.000Z</time>
      <extensions><gpxtpx:TrackPointExtension><gpxtpx:hr>136</gpxtpx:hr></gpxtpx:TrackPointExtension></extensions>
    </trkpt>
    <trkpt lat="37.566942" lon="127.000517">
      <ele>32.0</ele>
      <time>2026-07-20T20:34:19.000Z</time>
      <extensions><gpxtpx:TrackPointExtension><gpxtpx:hr>138</gpxtpx:hr></gpxtpx:TrackPointExtension></extensions>
    </trkpt>
    <trkpt lat="37.566921" lon="127.000461">
      <ele>32.0</ele>
      <time>2026-07-20T20:34:20.000Z</time>
      <extensions><gpxtpx:TrackPointExtension><gpxtpx:hr>139</gpxtpx:hr></gpxtpx:TrackPointExtension></extensions>
    </trkpt>
    <trkpt lat="37.566912" lon="127.000420">
      <ele>32.0</ele>
      <time>2026-07-20T20:34:21.000Z</time>
      <extensions><gpxtpx:TrackPointExtension><gpxtpx:hr>139</gpxtpx:hr></gpxtpx:TrackPointExtension></extensions>
    </trkpt>
    <trkpt lat="37.566896" lon="127.000381">
      <ele>32.0</ele>
      <time>2026-07-20T20:34:22.000Z</time>
      <extensions><gpxtpx:TrackPointExtension><gpxtpx:hr>140</gpxtpx:hr></gpxtpx:TrackPointExtension></extensions>
    </trkpt>
    <trkpt lat="37.566885" lon="127.000335">
      <ele>32.0</ele>
      <time>2026-07-20T20:34:23.000Z</time>
      <extensions><gpxtpx:TrackPointExtension><gpxtpx:hr>140</gpxtpx:hr></gpxtpx:TrackPointExtension></extensions>
    </trkpt>
    <trkpt lat="37.566868" lon="127.000302">
      <ele>32.0</ele>
      <time>2026-07-20T20:34:24.000Z</time>
      <extensions><gpxtpx:TrackPointExtension><gpxtpx:hr>140</gpxtpx:hr></gpxtpx:TrackPointExtension></extensions>
    </trkpt>
    <trkpt lat="37.566861" lon="127.000261">
      <ele>32.0</ele>
      <time>2026-07-20T20:34:25.000Z</time>
      <extensions><gpxtpx:TrackPointExtension><gpxtpx:hr>141</gpxtpx:hr></gpxtpx:TrackPointExtension></extensions>
    </trkpt>
    <trkpt lat="37.566848" lon="127.000239">
      <ele>32.0</ele>
      <time>2026-07-20T20:34:26.000Z</time>
      <extensions><gpxtpx:TrackPointExtension><gpxtpx:hr>141</gpxtpx:hr></gpxtpx:TrackPointExtension></extensions>
    </trkpt>
    <trkpt lat="37.566851" lon="127.000309">
      <ele>32.0</ele>
      <time>2026-07-20T20:34:27.000Z</time>
      <extensions><gpxtpx:TrackPointExtension><gpxtpx:hr>142</gpxtpx:hr></gpxtpx:TrackPointExtension></extensions>
    </trkpt>
    <trkpt lat="37.566861" lon="127.000387">
      <ele>32.0</ele>
      <time>2026-07-20T20:34:28.000Z</time>
      <extensions><gpxtpx:TrackPointExtension><gpxtpx:hr>144</gpxtpx:hr></gpxtpx:TrackPointExtension></extensions>
    </trkpt>
    <trkpt lat="37.566857" lon="127.000473">
      <ele>32.0</ele>
      <time>2026-07-20T20:34:29.000Z</time>
      <extensions><gpxtpx:TrackPointExtension><gpxtpx:hr>146</gpxtpx:hr></gpxtpx:TrackPointExtension></extensions>
    </trkpt>
    <trkpt lat="37.566857" lon="127.000390">
      <ele>32.0</ele>
      <time>2026-07-20T20:34:30.000Z</time>
      <extensions><gpxtpx:TrackPointExtension><gpxtpx:hr>148</gpxtpx:hr></gpxtpx:TrackPointExtension></extensions>
    </trkpt>
    <trkpt lat="37.566865" lon="127.000480">
      <ele>32.0</ele>
      <time>2026-07-20T20:34:31.000Z</time>
      <extensions><gpxtpx:TrackPointExtension><gpxtpx:hr>149</gpxtpx:hr></gpxtpx:TrackPointExtension></extensions>
    </trkpt>
    <trkpt lat="37.566819" lon="127.000425">
      <ele>32.0</ele>
      <time>2026-07-20T20:34:32.000Z</time>
      <extensions><gpxtpx:TrackPointExtension><gpxtpx:hr>150</gpxtpx:hr></gpxtpx:TrackPointExtension></extensions>
    </trkpt>
    <trkpt lat="37.566790" lon="127.000370">
      <ele>32.0</ele>
      <time>2026-07-20T20:34:33.000Z</time>
      <extensions><gpxtpx:TrackPointExtension><gpxtpx:hr>151</gpxtpx:hr></gpxtpx:TrackPointExtension></extensions>
    </trkpt>
    <trkpt lat="37.566750" lon="127.000310">
      <ele>32.0</ele>
      <time>2026-07-20T20:34:34.000Z</time>
      <extensions><gpxtpx:TrackPointExtension><gpxtpx:hr>152</gpxtpx:hr></gpxtpx:TrackPointExtension></extensions>
    </trkpt>
    <trkpt lat="37.566731" lon="127.000267">
      <ele>32.0</ele>
      <time>2026-07-20T20:34:35.000Z</time>
      <extensions><gpxtpx:TrackPointExtension><gpxtpx:hr>152</gpxtpx:hr></gpxtpx:TrackPointExtension></extensions>
    </trkpt>
    <trkpt lat="37.566699" lon="127.000231">
      <ele>32.0</ele>
      <time>2026-07-20T20:34:36.000Z</time>
      <extensions><gpxtpx:TrackPointExtension><gpxtpx:hr>153</gpxtpx:hr></gpxtpx:TrackPointExtension></extensions>
    </trkpt>
    <trkpt lat="37.566675" lon="127.000186">
      <ele>32.0</ele>
      <time>2026-07-20T20:34:37.000Z</time>
      <extensions><gpxtpx:TrackPointExtension><gpxtpx:hr>153</gpxtpx:hr></gpxtpx:TrackPointExtension></extensions>
    </trkpt>
    <trkpt lat="37.566642" lon="127.000145">
      <ele>32.0</ele>
      <time>2026-07-20T20:34:38.000Z</time>
      <extensions><gpxtpx:TrackPointExtension><gpxtpx:hr>154</gpxtpx:hr></gpxtpx:TrackPointExtension></extensions>
    </trkpt>
    <trkpt lat="37.566642" lon="127.000181">
      <ele>32.0</ele>
      <time>2026-07-20T20:34:39.000Z</time>
      <extensions><gpxtpx:TrackPointExtension><gpxtpx:hr>153</gpxtpx:hr></gpxtpx:TrackPointExtension></extensions>
    </trkpt>
    <trkpt lat="37.566637" lon="127.000213">
      <ele>32.0</ele>
      <time>2026-07-20T20:34:40.000Z</time>
      <extensions><gpxtpx:TrackPointExtension><gpxtpx:hr>153</gpxtpx:hr></gpxtpx:TrackPointExtension></extensions>
    </trkpt>
    <trkpt lat="37.566643" lon="127.000239">
      <ele>32.0</ele>
      <time>2026-07-20T20:34:41.000Z</time>
      <extensions><gpxtpx:TrackPointExtension><gpxtpx:hr>152</gpxtpx:hr></gpxtpx:TrackPointExtension></extensions>
    </trkpt>
    <trkpt lat="37.566635" lon="127.000270">
      <ele>32.0</ele>
      <time>2026-07-20T20:34:42.000Z</time>
      <extensions><gpxtpx:TrackPointExtension><gpxtpx:hr>151</gpxtpx:hr></gpxtpx:TrackPointExtension></extensions>
    </trkpt>
    <trkpt lat="37.566638" lon="127.000295">
      <ele>32.0</ele>
      <time>2026-07-20T20:34:43.000Z</time>
      <extensions><gpxtpx:TrackPointExtension><gpxtpx:hr>150</gpxtpx:hr></gpxtpx:TrackPointExtension></extensions>
    </trkpt>
    <trkpt lat="37.566636" lon="127.000312">
      <ele>32.0</ele>
      <time>2026-07-20T20:34:44.000Z</time>
      <extensions><gpxtpx:TrackPointExtension><gpxtpx:hr>149</gpxtpx:hr></gpxtpx:TrackPointExtension></extensions>
    </trkpt>
    <trkpt lat="37.566635" lon="127.000334">
      <ele>32.0</ele>
      <time>2026-07-20T20:34:45.000Z</time>
      <extensions><gpxtpx:TrackPointExtension><gpxtpx:hr>148</gpxtpx:hr></gpxtpx:TrackPointExtension></extensions>
    </trkpt>
    <trkpt lat="37.566646" lon="127.000349">
      <ele>32.0</ele>
      <time>2026-07-20T20:34:46.000Z</time>
      <extensions><gpxtpx:TrackPointExtension><gpxtpx:hr>147</gpxtpx:hr></gpxtpx:TrackPointExtension></extensions>
    </trkpt>
    <trkpt lat="37.566641" lon="127.000369">
      <ele>32.0</ele>
      <time>2026-07-20T20:34:47.000Z</time>
      <extensions><gpxtpx:TrackPointExtension><gpxtpx:hr>146</gpxtpx:hr></gpxtpx:TrackPointExtension></extensions>
    </trkpt>
    <trkpt lat="37.566642" lon="127.000370">
      <ele>32.0</ele>
      <time>2026-07-20T20:34:48.000Z</time>
      <extensions><gpxtpx:TrackPointExtension><gpxtpx:hr>145</gpxtpx:hr></gpxtpx:TrackPointExtension></extensions>
    </trkpt>
    <trkpt lat="37.566637" lon="127.000390">
      <ele>32.0</ele>
      <time>2026-07-20T20:34:49.000Z</time>
      <extensions><gpxtpx:TrackPointExtension><gpxtpx:hr>144</gpxtpx:hr></gpxtpx:TrackPointExtension></extensions>
    </trkpt>
    <trkpt lat="37.566654" lon="127.000410">
      <ele>32.0</ele>
      <time>2026-07-20T20:34:50.000Z</time>
      <extensions><gpxtpx:TrackPointExtension><gpxtpx:hr>144</gpxtpx:hr></gpxtpx:TrackPointExtension></extensions>
    </trkpt>
    <trkpt lat="37.566669" lon="127.000424">
      <ele>32.0</ele>
      <time>2026-07-20T20:34:51.000Z</time>
      <extensions><gpxtpx:TrackPointExtension><gpxtpx:hr>143</gpxtpx:hr></gpxtpx:TrackPointExtension></extensions>
    </trkpt>
    <trkpt lat="37.566702" lon="127.000449">
      <ele>32.0</ele>
      <time>2026-07-20T20:34:52.000Z</time>
      <extensions><gpxtpx:TrackPointExtension><gpxtpx:hr>143</gpxtpx:hr></gpxtpx:TrackPointExtension></extensions>
    </trkpt>
    <trkpt lat="37.566720" lon="127.000486">
      <ele>32.0</ele>
      <time>2026-07-20T20:34:53.000Z</time>
      <extensions><gpxtpx:TrackPointExtension><gpxtpx:hr>144</gpxtpx:hr></gpxtpx:TrackPointExtension></extensions>
    </trkpt>
    <trkpt lat="37.566736" lon="127.000502">
      <ele>32.0</ele>
      <time>2026-07-20T20:34:54.000Z</time>
      <extensions><gpxtpx:TrackPointExtension><gpxtpx:hr>144</gpxtpx:hr></gpxtpx:TrackPointExtension></extensions>
    </trkpt>
    <trkpt lat="37.566764" lon="127.000539">
      <ele>32.0</ele>
      <time>2026-07-20T20:34:55.000Z</time>
      <extensions><gpxtpx:TrackPointExtension><gpxtpx:hr>144</gpxtpx:hr></gpxtpx:TrackPointExtension></extensions>
    </trkpt>
    <trkpt lat="37.566781" lon="127.000563">
      <ele>32.0</ele>
      <time>2026-07-20T20:34:56.000Z</time>
      <extensions><gpxtpx:TrackPointExtension><gpxtpx:hr>144</gpxtpx:hr></gpxtpx:TrackPointExtension></extensions>
    </trkpt>
    <trkpt lat="37.566801" lon="127.000591">
      <ele>32.0</ele>
      <time>2026-07-20T20:34:57.000Z</time>
      <extensions><gpxtpx:TrackPointExtension><gpxtpx:hr>144</gpxtpx:hr></gpxtpx:TrackPointExtension></extensions>
    </trkpt>
    <trkpt lat="37.566825" lon="127.000615">
      <ele>32.0</ele>
      <time>2026-07-20T20:34:58.000Z</time>
      <extensions><gpxtpx:TrackPointExtension><gpxtpx:hr>144</gpxtpx:hr></gpxtpx:TrackPointExtension></extensions>
    </trkpt>
    <trkpt lat="37.566847" lon="127.000627">
      <ele>32.0</ele>
      <time>2026-07-20T20:34:59.000Z</time>
      <extensions><gpxtpx:TrackPointExtension><gpxtpx:hr>144</gpxtpx:hr></gpxtpx:TrackPointExtension></extensions>
    </trkpt>
    <trkpt lat="37.566815" lon="127.000607">
      <ele>32.0</ele>
      <time>2026-07-20T20:35:00.000Z</time>
      <extensions><gpxtpx:TrackPointExtension><gpxtpx:hr>144</gpxtpx:hr></gpxtpx:TrackPointExtension></extensions>
    </trkpt>
    <trkpt lat="37.566787" lon="127.000568">
      <ele>32.0</ele>
      <time>2026-07-20T20:35:01.000Z</time>
      <extensions><gpxtpx:TrackPointExtension><gpxtpx:hr>145</gpxtpx:hr></gpxtpx:TrackPointExtension></extensions>
    </trkpt>
    <trkpt lat="37.566749" lon="127.000544">
      <ele>32.0</ele>
      <time>2026-07-20T20:35:02.000Z</time>
      <extensions><gpxtpx:TrackPointExtension><gpxtpx:hr>145</gpxtpx:hr></gpxtpx:TrackPointExtension></extensions>
    </trkpt>
    <trkpt lat="37.566706" lon="127.000504">
      <ele>32.0</ele>
      <time>2026-07-20T20:35:03.000Z</time>
      <extensions><gpxtpx:TrackPointExtension><gpxtpx:hr>146</gpxtpx:hr></gpxtpx:TrackPointExtension></extensions>
    </trkpt>
    <trkpt lat="37.566749" lon="127.000535">
      <ele>32.0</ele>
      <time>2026-07-20T20:35:04.000Z</time>
      <extensions><gpxtpx:TrackPointExtension><gpxtpx:hr>147</gpxtpx:hr></gpxtpx:TrackPointExtension></extensions>
    </trkpt>
    <trkpt lat="37.566716" lon="127.000508">
      <ele>32.0</ele>
      <time>2026-07-20T20:35:05.000Z</time>
      <extensions><gpxtpx:TrackPointExtension><gpxtpx:hr>147</gpxtpx:hr></gpxtpx:TrackPointExtension></extensions>
    </trkpt>
    <trkpt lat="37.566713" lon="127.000544">
      <ele>32.0</ele>
      <time>2026-07-20T20:35:06.000Z</time>
      <extensions><gpxtpx:TrackPointExtension><gpxtpx:hr>147</gpxtpx:hr></gpxtpx:TrackPointExtension></extensions>
    </trkpt>
    <trkpt lat="37.566696" lon="127.000573">
      <ele>32.0</ele>
      <time>2026-07-20T20:35:07.000Z</time>
      <extensions><gpxtpx:TrackPointExtension><gpxtpx:hr>147</gpxtpx:hr></gpxtpx:TrackPointExtension></extensions>
    </trkpt>
    <trkpt lat="37.566697" lon="127.000592">
      <ele>32.0</ele>
      <time>2026-07-20T20:35:08.000Z</time>
      <extensions><gpxtpx:TrackPointExtension><gpxtpx:hr>146</gpxtpx:hr></gpxtpx:TrackPointExtension></extensions>
    </trkpt>
    <trkpt lat="37.566700" lon="127.000615">
      <ele>32.0</ele>
      <time>2026-07-20T20:35:09.000Z</time>
      <extensions><gpxtpx:TrackPointExtension><gpxtpx:hr>145</gpxtpx:hr></gpxtpx:TrackPointExtension></extensions>
    </trkpt>
    <trkpt lat="37.566697" lon="127.000633">
      <ele>32.0</ele>
      <time>2026-07-20T20:35:10.000Z</time>
      <extensions><gpxtpx:TrackPointExtension><gpxtpx:hr>144</gpxtpx:hr></gpxtpx:TrackPointExtension></extensions>
    </trkpt>
    <trkpt lat="37.566694" lon="127.000656">
      <ele>32.0</ele>
      <time>2026-07-20T20:35:11.000Z</time>
      <extensions><gpxtpx:TrackPointExtension><gpxtpx:hr>144</gpxtpx:hr></gpxtpx:TrackPointExtension></extensions>
    </trkpt>
    <trkpt lat="37.566690" lon="127.000677">
      <ele>32.0</ele>
      <time>2026-07-20T20:35:12.000Z</time>
      <extensions><gpxtpx:TrackPointExtension><gpxtpx:hr>143</gpxtpx:hr></gpxtpx:TrackPointExtension></extensions>
    </trkpt>
    <trkpt lat="37.566679" lon="127.000686">
      <ele>32.0</ele>
      <time>2026-07-20T20:35:13.000Z</time>
      <extensions><gpxtpx:TrackPointExtension><gpxtpx:hr>142</gpxtpx:hr></gpxtpx:TrackPointExtension></extensions>
    </trkpt>
    <trkpt lat="37.566684" lon="127.000705">
      <ele>32.0</ele>
      <time>2026-07-20T20:35:14.000Z</time>
      <extensions><gpxtpx:TrackPointExtension><gpxtpx:hr>142</gpxtpx:hr></gpxtpx:TrackPointExtension></extensions>
    </trkpt>
    <trkpt lat="37.566681" lon="127.000715">
      <ele>32.0</ele>
      <time>2026-07-20T20:35:15.000Z</time>
      <extensions><gpxtpx:TrackPointExtension><gpxtpx:hr>141</gpxtpx:hr></gpxtpx:TrackPointExtension></extensions>
    </trkpt>
    <trkpt lat="37.566678" lon="127.000732">
      <ele>32.0</ele>
      <time>2026-07-20T20:35:16.000Z</time>
      <extensions><gpxtpx:TrackPointExtension><gpxtpx:hr>140</gpxtpx:hr></gpxtpx:TrackPointExtension></extensions>
    </trkpt>
    <trkpt lat="37.566674" lon="127.000732">
      <ele>32.0</ele>
      <time>2026-07-20T20:35:17.000Z</time>
      <extensions><gpxtpx:TrackPointExtension><gpxtpx:hr>139</gpxtpx:hr></gpxtpx:TrackPointExtension></extensions>
    </trkpt>
    <trkpt lat="37.566673" lon="127.000734">
      <ele>32.0</ele>
      <time>2026-07-20T20:35:18.000Z</time>
      <extensions><gpxtpx:TrackPointExtension><gpxtpx:hr>138</gpxtpx:hr></gpxtpx:TrackPointExtension></extensions>
    </trkpt>
    <trkpt lat="37.566673" lon="127.000737">
      <ele>32.0</ele>
      <time>2026-07-20T20:35:19.000Z</time>
      <extensions><gpxtpx:TrackPointExtension><gpxtpx:hr>137</gpxtpx:hr></gpxtpx:TrackPointExtension></extensions>
    </trkpt>
    <trkpt lat="37.566666" lon="127.000734">
      <ele>32.0</ele>
      <time>2026-07-20T20:35:20.000Z</time>
      <extensions><gpxtpx:TrackPointExtension><gpxtpx:hr>136</gpxtpx:hr></gpxtpx:TrackPointExtension></extensions>
    </trkpt>
    <trkpt lat="37.566662" lon="127.000734">
      <ele>32.0</ele>
      <time>2026-07-20T20:35:21.000Z</time>
      <extensions><gpxtpx:TrackPointExtension><gpxtpx:hr>135</gpxtpx:hr></gpxtpx:TrackPointExtension></extensions>
    </trkpt>
    <trkpt lat="37.566665" lon="127.000726">
      <ele>32.0</ele>
      <time>2026-07-20T20:35:22.000Z</time>
      <extensions><gpxtpx:TrackPointExtension><gpxtpx:hr>134</gpxtpx:hr></gpxtpx:TrackPointExtension></extensions>
    </trkpt>
    <trkpt lat="37.566662" lon="127.000707">
      <ele>32.0</ele>
      <time>2026-07-20T20:35:23.000Z</time>
      <extensions><gpxtpx:TrackPointExtension><gpxtpx:hr>134</gpxtpx:hr></gpxtpx:TrackPointExtension></extensions>
    </trkpt>
    <trkpt lat="37.566654" lon="127.000700">
      <ele>32.0</ele>
      <time>2026-07-20T20:35:24.000Z</time>
      <extensions><gpxtpx:TrackPointExtension><gpxtpx:hr>134</gpxtpx:hr></gpxtpx:TrackPointExtension></extensions>
    </trkpt>
    <trkpt lat="37.566649" lon="127.000667">
      <ele>32.0</ele>
      <time>2026-07-20T20:35:25.000Z</time>
      <extensions><gpxtpx:TrackPointExtension><gpxtpx:hr>134</gpxtpx:hr></gpxtpx:TrackPointExtension></extensions>
    </trkpt>
    <trkpt lat="37.566649" lon="127.000636">
      <ele>32.0</ele>
      <time>2026-07-20T20:35:26.000Z</time>
      <extensions><gpxtpx:TrackPointExtension><gpxtpx:hr>134</gpxtpx:hr></gpxtpx:TrackPointExtension></extensions>
    </trkpt>
    <trkpt lat="37.566645" lon="127.000611">
      <ele>32.0</ele>
      <time>2026-07-20T20:35:27.000Z</time>
      <extensions><gpxtpx:TrackPointExtension><gpxtpx:hr>134</gpxtpx:hr></gpxtpx:TrackPointExtension></extensions>
    </trkpt>
    <trkpt lat="37.566638" lon="127.000587">
      <ele>32.0</ele>
      <time>2026-07-20T20:35:28.000Z</time>
      <extensions><gpxtpx:TrackPointExtension><gpxtpx:hr>134</gpxtpx:hr></gpxtpx:TrackPointExtension></extensions>
    </trkpt>
    <trkpt lat="37.566623" lon="127.000551">
      <ele>32.0</ele>
      <time>2026-07-20T20:35:29.000Z</time>
      <extensions><gpxtpx:TrackPointExtension><gpxtpx:hr>135</gpxtpx:hr></gpxtpx:TrackPointExtension></extensions>
    </trkpt>
    <trkpt lat="37.566620" lon="127.000519">
      <ele>32.0</ele>
      <time>2026-07-20T20:35:30.000Z</time>
      <extensions><gpxtpx:TrackPointExtension><gpxtpx:hr>135</gpxtpx:hr></gpxtpx:TrackPointExtension></extensions>
    </trkpt>
    <trkpt lat="37.566610" lon="127.000469">
      <ele>32.0</ele>
      <time>2026-07-20T20:35:31.000Z</time>
      <extensions><gpxtpx:TrackPointExtension><gpxtpx:hr>136</gpxtpx:hr></gpxtpx:TrackPointExtension></extensions>
    </trkpt>
    <trkpt lat="37.566605" lon="127.000432">
      <ele>32.0</ele>
      <time>2026-07-20T20:35:32.000Z</time>
      <extensions><gpxtpx:TrackPointExtension><gpxtpx:hr>136</gpxtpx:hr></gpxtpx:TrackPointExtension></extensions>
    </trkpt>
    <trkpt lat="37.566613" lon="127.000451">
      <ele>32.0</ele>
      <time>2026-07-20T20:35:33.000Z</time>
      <extensions><gpxtpx:TrackPointExtension><gpxtpx:hr>136</gpxtpx:hr></gpxtpx:TrackPointExtension></extensions>
    </trkpt>
    <trkpt lat="37.566605" lon="127.000460">
      <ele>32.0</ele>
      <time>2026-07-20T20:35:34.000Z</time>
      <extensions><gpxtpx:TrackPointExtension><gpxtpx:hr>135</gpxtpx:hr></gpxtpx:TrackPointExtension></extensions>
    </trkpt>
    <trkpt lat="37.566611" lon="127.000465">
      <ele>32.0</ele>
      <time>2026-07-20T20:35:35.000Z</time>
      <extensions><gpxtpx:TrackPointExtension><gpxtpx:hr>134</gpxtpx:hr></gpxtpx:TrackPointExtension></extensions>
    </trkpt>
    <trkpt lat="37.566608" lon="127.000454">
      <ele>32.0</ele>
      <time>2026-07-20T20:35:36.000Z</time>
      <extensions><gpxtpx:TrackPointExtension><gpxtpx:hr>133</gpxtpx:hr></gpxtpx:TrackPointExtension></extensions>
    </trkpt>
    <trkpt lat="37.566608" lon="127.000462">
      <ele>32.0</ele>
      <time>2026-07-20T20:35:37.000Z</time>
      <extensions><gpxtpx:TrackPointExtension><gpxtpx:hr>132</gpxtpx:hr></gpxtpx:TrackPointExtension></extensions>
    </trkpt>
    <trkpt lat="37.566611" lon="127.000456">
      <ele>32.0</ele>
      <time>2026-07-20T20:35:38.000Z</time>
      <extensions><gpxtpx:TrackPointExtension><gpxtpx:hr>132</gpxtpx:hr></gpxtpx:TrackPointExtension></extensions>
    </trkpt>
    <trkpt lat="37.566616" lon="127.000471">
      <ele>32.0</ele>
      <time>2026-07-20T20:35:39.000Z</time>
      <extensions><gpxtpx:TrackPointExtension><gpxtpx:hr>131</gpxtpx:hr></gpxtpx:TrackPointExtension></extensions>
    </trkpt>
    <trkpt lat="37.566618" lon="127.000468">
      <ele>32.0</ele>
      <time>2026-07-20T20:35:40.000Z</time>
      <extensions><gpxtpx:TrackPointExtension><gpxtpx:hr>130</gpxtpx:hr></gpxtpx:TrackPointExtension></extensions>
    </trkpt>
    <trkpt lat="37.566653" lon="127.000489">
      <ele>32.0</ele>
      <time>2026-07-20T20:35:41.000Z</time>
      <extensions><gpxtpx:TrackPointExtension><gpxtpx:hr>131</gpxtpx:hr></gpxtpx:TrackPointExtension></extensions>
    </trkpt>
    <trkpt lat="37.566694" lon="127.000530">
      <ele>32.0</ele>
      <time>2026-07-20T20:35:42.000Z</time>
      <extensions><gpxtpx:TrackPointExtension><gpxtpx:hr>133</gpxtpx:hr></gpxtpx:TrackPointExtension></extensions>
    </trkpt>
    <trkpt lat="37.566727" lon="127.000558">
      <ele>32.0</ele>
      <time>2026-07-20T20:35:43.000Z</time>
      <extensions><gpxtpx:TrackPointExtension><gpxtpx:hr>134</gpxtpx:hr></gpxtpx:TrackPointExtension></extensions>
    </trkpt>
    <trkpt lat="37.566742" lon="127.000534">
      <ele>32.0</ele>
      <time>2026-07-20T20:35:44.000Z</time>
      <extensions><gpxtpx:TrackPointExtension><gpxtpx:hr>134</gpxtpx:hr></gpxtpx:TrackPointExtension></extensions>
    </trkpt>
    <trkpt lat="37.566757" lon="127.000510">
      <ele>32.0</ele>
      <time>2026-07-20T20:35:45.000Z</time>
      <extensions><gpxtpx:TrackPointExtension><gpxtpx:hr>135</gpxtpx:hr></gpxtpx:TrackPointExtension></extensions>
    </trkpt>
    <trkpt lat="37.566783" lon="127.000493">
      <ele>32.0</ele>
      <time>2026-07-20T20:35:46.000Z</time>
      <extensions><gpxtpx:TrackPointExtension><gpxtpx:hr>135</gpxtpx:hr></gpxtpx:TrackPointExtension></extensions>
    </trkpt>
    <trkpt lat="37.566795" lon="127.000465">
      <ele>32.0</ele>
      <time>2026-07-20T20:35:47.000Z</time>
      <extensions><gpxtpx:TrackPointExtension><gpxtpx:hr>135</gpxtpx:hr></gpxtpx:TrackPointExtension></extensions>
    </trkpt>
    <trkpt lat="37.566798" lon="127.000451">
      <ele>32.0</ele>
      <time>2026-07-20T20:35:48.000Z</time>
      <extensions><gpxtpx:TrackPointExtension><gpxtpx:hr>135</gpxtpx:hr></gpxtpx:TrackPointExtension></extensions>
    </trkpt>
    <trkpt lat="37.566822" lon="127.000444">
      <ele>32.0</ele>
      <time>2026-07-20T20:35:49.000Z</time>
      <extensions><gpxtpx:TrackPointExtension><gpxtpx:hr>134</gpxtpx:hr></gpxtpx:TrackPointExtension></extensions>
    </trkpt>
    <trkpt lat="37.566831" lon="127.000424">
      <ele>32.0</ele>
      <time>2026-07-20T20:35:50.000Z</time>
      <extensions><gpxtpx:TrackPointExtension><gpxtpx:hr>134</gpxtpx:hr></gpxtpx:TrackPointExtension></extensions>
    </trkpt>
    <trkpt lat="37.566834" lon="127.000464">
      <ele>32.0</ele>
      <time>2026-07-20T20:35:51.000Z</time>
      <extensions><gpxtpx:TrackPointExtension><gpxtpx:hr>135</gpxtpx:hr></gpxtpx:TrackPointExtension></extensions>
    </trkpt>
    <trkpt lat="37.566838" lon="127.000527">
      <ele>32.0</ele>
      <time>2026-07-20T20:35:52.000Z</time>
      <extensions><gpxtpx:TrackPointExtension><gpxtpx:hr>136</gpxtpx:hr></gpxtpx:TrackPointExtension></extensions>
    </trkpt>
    <trkpt lat="37.566826" lon="127.000580">
      <ele>32.0</ele>
      <time>2026-07-20T20:35:53.000Z</time>
      <extensions><gpxtpx:TrackPointExtension><gpxtpx:hr>137</gpxtpx:hr></gpxtpx:TrackPointExtension></extensions>
    </trkpt>
    <trkpt lat="37.566845" lon="127.000630">
      <ele>32.0</ele>
      <time>2026-07-20T20:35:54.000Z</time>
      <extensions><gpxtpx:TrackPointExtension><gpxtpx:hr>138</gpxtpx:hr></gpxtpx:TrackPointExtension></extensions>
    </trkpt>
    <trkpt lat="37.566850" lon="127.000680">
      <ele>32.0</ele>
      <time>2026-07-20T20:35:55.000Z</time>
      <extensions><gpxtpx:TrackPointExtension><gpxtpx:hr>139</gpxtpx:hr></gpxtpx:TrackPointExtension></extensions>
    </trkpt>
    <trkpt lat="37.566869" lon="127.000724">
      <ele>32.0</ele>
      <time>2026-07-20T20:35:56.000Z</time>
      <extensions><gpxtpx:TrackPointExtension><gpxtpx:hr>140</gpxtpx:hr></gpxtpx:TrackPointExtension></extensions>
    </trkpt>
    <trkpt lat="37.566873" lon="127.000774">
      <ele>32.0</ele>
      <time>2026-07-20T20:35:57.000Z</time>
      <extensions><gpxtpx:TrackPointExtension><gpxtpx:hr>140</gpxtpx:hr></gpxtpx:TrackPointExtension></extensions>
    </trkpt>
    <trkpt lat="37.566883" lon="127.000807">
      <ele>32.0</ele>
      <time>2026-07-20T20:35:58.000Z</time>
      <extensions><gpxtpx:TrackPointExtension><gpxtpx:hr>141</gpxtpx:hr></gpxtpx:TrackPointExtension></extensions>
    </trkpt>
    <trkpt lat="37.566901" lon="127.000852">
      <ele>32.0</ele>
      <time>2026-07-20T20:35:59.000Z</time>
      <extensions><gpxtpx:TrackPointExtension><gpxtpx:hr>141</gpxtpx:hr></gpxtpx:TrackPointExtension></extensions>
    </trkpt>
    <trkpt lat="37.566903" lon="127.000873">
      <ele>32.0</ele>
      <time>2026-07-20T20:36:00.000Z</time>
      <extensions><gpxtpx:TrackPointExtension><gpxtpx:hr>141</gpxtpx:hr></gpxtpx:TrackPointExtension></extensions>
    </trkpt>
    <trkpt lat="37.566899" lon="127.000850">
      <ele>32.0</ele>
      <time>2026-07-20T20:36:01.000Z</time>
      <extensions><gpxtpx:TrackPointExtension><gpxtpx:hr>141</gpxtpx:hr></gpxtpx:TrackPointExtension></extensions>
    </trkpt>
    <trkpt lat="37.566908" lon="127.000878">
      <ele>32.0</ele>
      <time>2026-07-20T20:36:02.000Z</time>
      <extensions><gpxtpx:TrackPointExtension><gpxtpx:hr>141</gpxtpx:hr></gpxtpx:TrackPointExtension></extensions>
    </trkpt>
    <trkpt lat="37.566915" lon="127.000853">
      <ele>32.0</ele>
      <time>2026-07-20T20:36:03.000Z</time>
      <extensions><gpxtpx:TrackPointExtension><gpxtpx:hr>141</gpxtpx:hr></gpxtpx:TrackPointExtension></extensions>
    </trkpt>
    <trkpt lat="37.566917" lon="127.000829">
      <ele>32.0</ele>
      <time>2026-07-20T20:36:04.000Z</time>
      <extensions><gpxtpx:TrackPointExtension><gpxtpx:hr>140</gpxtpx:hr></gpxtpx:TrackPointExtension></extensions>
    </trkpt>
    <trkpt lat="37.566922" lon="127.000802">
      <ele>32.0</ele>
      <time>2026-07-20T20:36:05.000Z</time>
      <extensions><gpxtpx:TrackPointExtension><gpxtpx:hr>140</gpxtpx:hr></gpxtpx:TrackPointExtension></extensions>
    </trkpt>
    <trkpt lat="37.566915" lon="127.000789">
      <ele>32.0</ele>
      <time>2026-07-20T20:36:06.000Z</time>
      <extensions><gpxtpx:TrackPointExtension><gpxtpx:hr>139</gpxtpx:hr></gpxtpx:TrackPointExtension></extensions>
    </trkpt>
    <trkpt lat="37.566928" lon="127.000782">
      <ele>32.0</ele>
      <time>2026-07-20T20:36:07.000Z</time>
      <extensions><gpxtpx:TrackPointExtension><gpxtpx:hr>139</gpxtpx:hr></gpxtpx:TrackPointExtension></extensions>
    </trkpt>
    <trkpt lat="37.566917" lon="127.000783">
      <ele>32.0</ele>
      <time>2026-07-20T20:36:08.000Z</time>
      <extensions><gpxtpx:TrackPointExtension><gpxtpx:hr>138</gpxtpx:hr></gpxtpx:TrackPointExtension></extensions>
    </trkpt>
    <trkpt lat="37.566913" lon="127.000771">
      <ele>32.0</ele>
      <time>2026-07-20T20:36:09.000Z</time>
      <extensions><gpxtpx:TrackPointExtension><gpxtpx:hr>137</gpxtpx:hr></gpxtpx:TrackPointExtension></extensions>
    </trkpt>
    <trkpt lat="37.566911" lon="127.000774">
      <ele>32.0</ele>
      <time>2026-07-20T20:36:10.000Z</time>
      <extensions><gpxtpx:TrackPointExtension><gpxtpx:hr>136</gpxtpx:hr></gpxtpx:TrackPointExtension></extensions>
    </trkpt>
    <trkpt lat="37.566912" lon="127.000778">
      <ele>32.0</ele>
      <time>2026-07-20T20:36:11.000Z</time>
      <extensions><gpxtpx:TrackPointExtension><gpxtpx:hr>135</gpxtpx:hr></gpxtpx:TrackPointExtension></extensions>
    </trkpt>
    <trkpt lat="37.566918" lon="127.000790">
      <ele>32.0</ele>
      <time>2026-07-20T20:36:12.000Z</time>
      <extensions><gpxtpx:TrackPointExtension><gpxtpx:hr>134</gpxtpx:hr></gpxtpx:TrackPointExtension></extensions>
    </trkpt>
    <trkpt lat="37.566906" lon="127.000792">
      <ele>32.0</ele>
      <time>2026-07-20T20:36:13.000Z</time>
      <extensions><gpxtpx:TrackPointExtension><gpxtpx:hr>133</gpxtpx:hr></gpxtpx:TrackPointExtension></extensions>
    </trkpt>
    <trkpt lat="37.566913" lon="127.000797">
      <ele>32.0</ele>
      <time>2026-07-20T20:36:14.000Z</time>
      <extensions><gpxtpx:TrackPointExtension><gpxtpx:hr>132</gpxtpx:hr></gpxtpx:TrackPointExtension></extensions>
    </trkpt>
    <trkpt lat="37.566896" lon="127.000826">
      <ele>32.0</ele>
      <time>2026-07-20T20:36:15.000Z</time>
      <extensions><gpxtpx:TrackPointExtension><gpxtpx:hr>133</gpxtpx:hr></gpxtpx:TrackPointExtension></extensions>
    </trkpt>
    <trkpt lat="37.566888" lon="127.000876">
      <ele>32.0</ele>
      <time>2026-07-20T20:36:16.000Z</time>
      <extensions><gpxtpx:TrackPointExtension><gpxtpx:hr>134</gpxtpx:hr></gpxtpx:TrackPointExtension></extensions>
    </trkpt>
    <trkpt lat="37.566871" lon="127.000922">
      <ele>32.0</ele>
      <time>2026-07-20T20:36:17.000Z</time>
      <extensions><gpxtpx:TrackPointExtension><gpxtpx:hr>135</gpxtpx:hr></gpxtpx:TrackPointExtension></extensions>
    </trkpt>
    <trkpt lat="37.566863" lon="127.000912">
      <ele>32.0</ele>
      <time>2026-07-20T20:36:18.000Z</time>
      <extensions><gpxtpx:TrackPointExtension><gpxtpx:hr>135</gpxtpx:hr></gpxtpx:TrackPointExtension></extensions>
    </trkpt>
    <trkpt lat="37.566852" lon="127.000908">
      <ele>32.0</ele>
      <time>2026-07-20T20:36:19.000Z</time>
      <extensions><gpxtpx:TrackPointExtension><gpxtpx:hr>134</gpxtpx:hr></gpxtpx:TrackPointExtension></extensions>
    </trkpt>
    <trkpt lat="37.566857" lon="127.000903">
      <ele>32.0</ele>
      <time>2026-07-20T20:36:20.000Z</time>
      <extensions><gpxtpx:TrackPointExtension><gpxtpx:hr>134</gpxtpx:hr></gpxtpx:TrackPointExtension></extensions>
    </trkpt>
    <trkpt lat="37.566863" lon="127.000906">
      <ele>32.0</ele>
      <time>2026-07-20T20:36:21.000Z</time>
      <extensions><gpxtpx:TrackPointExtension><gpxtpx:hr>133</gpxtpx:hr></gpxtpx:TrackPointExtension></extensions>
    </trkpt>
    <trkpt lat="37.566851" lon="127.000903">
      <ele>32.0</ele>
      <time>2026-07-20T20:36:22.000Z</time>
      <extensions><gpxtpx:TrackPointExtension><gpxtpx:hr>132</gpxtpx:hr></gpxtpx:TrackPointExtension></extensions>
    </trkpt>
    <trkpt lat="37.566854" lon="127.000900">
      <ele>32.0</ele>
      <time>2026-07-20T20:36:23.000Z</time>
      <extensions><gpxtpx:TrackPointExtension><gpxtpx:hr>131</gpxtpx:hr></gpxtpx:TrackPointExtension></extensions>
    </trkpt>
    <trkpt lat="37.566855" lon="127.000891">
      <ele>32.0</ele>
      <time>2026-07-20T20:36:24.000Z</time>
      <extensions><gpxtpx:TrackPointExtension><gpxtpx:hr>131</gpxtpx:hr></gpxtpx:TrackPointExtension></extensions>
    </trkpt>
    <trkpt lat="37.566852" lon="127.000885">
      <ele>32.0</ele>
      <time>2026-07-20T20:36:25.000Z</time>
      <extensions><gpxtpx:TrackPointExtension><gpxtpx:hr>130</gpxtpx:hr></gpxtpx:TrackPointExtension></extensions>
    </trkpt>
    <trkpt lat="37.566853" lon="127.000874">
      <ele>32.0</ele>
      <time>2026-07-20T20:36:26.000Z</time>
      <extensions><gpxtpx:TrackPointExtension><gpxtpx:hr>130</gpxtpx:hr></gpxtpx:TrackPointExtension></extensions>
    </trkpt>
    <trkpt lat="37.566859" lon="127.000865">
      <ele>32.0</ele>
      <time>2026-07-20T20:36:27.000Z</time>
      <extensions><gpxtpx:TrackPointExtension><gpxtpx:hr>130</gpxtpx:hr></gpxtpx:TrackPointExtension></extensions>
    </trkpt>
    <trkpt lat="37.566856" lon="127.000852">
      <ele>32.0</ele>
      <time>2026-07-20T20:36:28.000Z</time>
      <extensions><gpxtpx:TrackPointExtension><gpxtpx:hr>129</gpxtpx:hr></gpxtpx:TrackPointExtension></extensions>
    </trkpt>
    <trkpt lat="37.566865" lon="127.000835">
      <ele>32.0</ele>
      <time>2026-07-20T20:36:29.000Z</time>
      <extensions><gpxtpx:TrackPointExtension><gpxtpx:hr>129</gpxtpx:hr></gpxtpx:TrackPointExtension></extensions>
    </trkpt>
    <trkpt lat="37.566854" lon="127.000814">
      <ele>32.0</ele>
      <time>2026-07-20T20:36:30.000Z</time>
      <extensions><gpxtpx:TrackPointExtension><gpxtpx:hr>129</gpxtpx:hr></gpxtpx:TrackPointExtension></extensions>
    </trkpt>
    <trkpt lat="37.566865" lon="127.000800">
      <ele>32.0</ele>
      <time>2026-07-20T20:36:31.000Z</time>
      <extensions><gpxtpx:TrackPointExtension><gpxtpx:hr>129</gpxtpx:hr></gpxtpx:TrackPointExtension></extensions>
    </trkpt>
    <trkpt lat="37.566854" lon="127.000791">
      <ele>32.0</ele>
      <time>2026-07-20T20:36:32.000Z</time>
      <extensions><gpxtpx:TrackPointExtension><gpxtpx:hr>129</gpxtpx:hr></gpxtpx:TrackPointExtension></extensions>
    </trkpt>
    <trkpt lat="37.566844" lon="127.000780">
      <ele>32.0</ele>
      <time>2026-07-20T20:36:33.000Z</time>
      <extensions><gpxtpx:TrackPointExtension><gpxtpx:hr>129</gpxtpx:hr></gpxtpx:TrackPointExtension></extensions>
    </trkpt>
    <trkpt lat="37.566844" lon="127.000767">
      <ele>32.0</ele>
      <time>2026-07-20T20:36:34.000Z</time>
      <extensions><gpxtpx:TrackPointExtension><gpxtpx:hr>129</gpxtpx:hr></gpxtpx:TrackPointExtension></extensions>
    </trkpt>
    <trkpt lat="37.566839" lon="127.000736">
      <ele>32.0</ele>
      <time>2026-07-20T20:36:35.000Z</time>
      <extensions><gpxtpx:TrackPointExtension><gpxtpx:hr>129</gpxtpx:hr></gpxtpx:TrackPointExtension></extensions>
    </trkpt>
    <trkpt lat="37.566828" lon="127.000726">
      <ele>32.0</ele>
      <time>2026-07-20T20:36:36.000Z</time>
      <extensions><gpxtpx:TrackPointExtension><gpxtpx:hr>129</gpxtpx:hr></gpxtpx:TrackPointExtension></extensions>
    </trkpt>
    <trkpt lat="37.566832" lon="127.000716">
      <ele>32.0</ele>
      <time>2026-07-20T20:36:37.000Z</time>
      <extensions><gpxtpx:TrackPointExtension><gpxtpx:hr>129</gpxtpx:hr></gpxtpx:TrackPointExtension></extensions>
    </trkpt>
    <trkpt lat="37.566816" lon="127.000699">
      <ele>32.0</ele>
      <time>2026-07-20T20:36:38.000Z</time>
      <extensions><gpxtpx:TrackPointExtension><gpxtpx:hr>129</gpxtpx:hr></gpxtpx:TrackPointExtension></extensions>
    </trkpt>
    <trkpt lat="37.566822" lon="127.000664">
      <ele>32.0</ele>
      <time>2026-07-20T20:36:39.000Z</time>
      <extensions><gpxtpx:TrackPointExtension><gpxtpx:hr>129</gpxtpx:hr></gpxtpx:TrackPointExtension></extensions>
    </trkpt>
    <trkpt lat="37.566816" lon="127.000650">
      <ele>32.0</ele>
      <time>2026-07-20T20:36:40.000Z</time>
      <extensions><gpxtpx:TrackPointExtension><gpxtpx:hr>129</gpxtpx:hr></gpxtpx:TrackPointExtension></extensions>
    </trkpt>
    <trkpt lat="37.566808" lon="127.000638">
      <ele>32.0</ele>
      <time>2026-07-20T20:36:41.000Z</time>
      <extensions><gpxtpx:TrackPointExtension><gpxtpx:hr>129</gpxtpx:hr></gpxtpx:TrackPointExtension></extensions>
    </trkpt>
    <trkpt lat="37.566814" lon="127.000635">
      <ele>32.0</ele>
      <time>2026-07-20T20:36:42.000Z</time>
      <extensions><gpxtpx:TrackPointExtension><gpxtpx:hr>128</gpxtpx:hr></gpxtpx:TrackPointExtension></extensions>
    </trkpt>
    <trkpt lat="37.566810" lon="127.000634">
      <ele>32.0</ele>
      <time>2026-07-20T20:36:43.000Z</time>
      <extensions><gpxtpx:TrackPointExtension><gpxtpx:hr>128</gpxtpx:hr></gpxtpx:TrackPointExtension></extensions>
    </trkpt>
    <trkpt lat="37.566813" lon="127.000607">
      <ele>32.0</ele>
      <time>2026-07-20T20:36:44.000Z</time>
      <extensions><gpxtpx:TrackPointExtension><gpxtpx:hr>128</gpxtpx:hr></gpxtpx:TrackPointExtension></extensions>
    </trkpt>
    <trkpt lat="37.566820" lon="127.000596">
      <ele>32.0</ele>
      <time>2026-07-20T20:36:45.000Z</time>
      <extensions><gpxtpx:TrackPointExtension><gpxtpx:hr>128</gpxtpx:hr></gpxtpx:TrackPointExtension></extensions>
    </trkpt>
    <trkpt lat="37.566836" lon="127.000569">
      <ele>32.0</ele>
      <time>2026-07-20T20:36:46.000Z</time>
      <extensions><gpxtpx:TrackPointExtension><gpxtpx:hr>129</gpxtpx:hr></gpxtpx:TrackPointExtension></extensions>
    </trkpt>
    <trkpt lat="37.566846" lon="127.000536">
      <ele>32.0</ele>
      <time>2026-07-20T20:36:47.000Z</time>
      <extensions><gpxtpx:TrackPointExtension><gpxtpx:hr>130</gpxtpx:hr></gpxtpx:TrackPointExtension></extensions>
    </trkpt>
    <trkpt lat="37.566829" lon="127.000552">
      <ele>32.0</ele>
      <time>2026-07-20T20:36:48.000Z</time>
      <extensions><gpxtpx:TrackPointExtension><gpxtpx:hr>130</gpxtpx:hr></gpxtpx:TrackPointExtension></extensions>
    </trkpt>
    <trkpt lat="37.566792" lon="127.000547">
      <ele>32.0</ele>
      <time>2026-07-20T20:36:49.000Z</time>
      <extensions><gpxtpx:TrackPointExtension><gpxtpx:hr>131</gpxtpx:hr></gpxtpx:TrackPointExtension></extensions>
    </trkpt>
    <trkpt lat="37.566766" lon="127.000570">
      <ele>32.0</ele>
      <time>2026-07-20T20:36:50.000Z</time>
      <extensions><gpxtpx:TrackPointExtension><gpxtpx:hr>132</gpxtpx:hr></gpxtpx:TrackPointExtension></extensions>
    </trkpt>
    <trkpt lat="37.566740" lon="127.000581">
      <ele>32.0</ele>
      <time>2026-07-20T20:36:51.000Z</time>
      <extensions><gpxtpx:TrackPointExtension><gpxtpx:hr>132</gpxtpx:hr></gpxtpx:TrackPointExtension></extensions>
    </trkpt>
    <trkpt lat="37.566705" lon="127.000590">
      <ele>32.0</ele>
      <time>2026-07-20T20:36:52.000Z</time>
      <extensions><gpxtpx:TrackPointExtension><gpxtpx:hr>133</gpxtpx:hr></gpxtpx:TrackPointExtension></extensions>
    </trkpt>
    <trkpt lat="37.566671" lon="127.000602">
      <ele>32.0</ele>
      <time>2026-07-20T20:36:53.000Z</time>
      <extensions><gpxtpx:TrackPointExtension><gpxtpx:hr>134</gpxtpx:hr></gpxtpx:TrackPointExtension></extensions>
    </trkpt>
    <trkpt lat="37.566641" lon="127.000596">
      <ele>32.0</ele>
      <time>2026-07-20T20:36:54.000Z</time>
      <extensions><gpxtpx:TrackPointExtension><gpxtpx:hr>134</gpxtpx:hr></gpxtpx:TrackPointExtension></extensions>
    </trkpt>
    <trkpt lat="37.566657" lon="127.000580">
      <ele>32.0</ele>
      <time>2026-07-20T20:36:55.000Z</time>
      <extensions><gpxtpx:TrackPointExtension><gpxtpx:hr>134</gpxtpx:hr></gpxtpx:TrackPointExtension></extensions>
    </trkpt>
    <trkpt lat="37.566652" lon="127.000546">
      <ele>32.0</ele>
      <time>2026-07-20T20:36:56.000Z</time>
      <extensions><gpxtpx:TrackPointExtension><gpxtpx:hr>134</gpxtpx:hr></gpxtpx:TrackPointExtension></extensions>
    </trkpt>
    <trkpt lat="37.566659" lon="127.000537">
      <ele>32.0</ele>
      <time>2026-07-20T20:36:57.000Z</time>
      <extensions><gpxtpx:TrackPointExtension><gpxtpx:hr>134</gpxtpx:hr></gpxtpx:TrackPointExtension></extensions>
    </trkpt>
    <trkpt lat="37.566663" lon="127.000511">
      <ele>32.0</ele>
      <time>2026-07-20T20:36:58.000Z</time>
      <extensions><gpxtpx:TrackPointExtension><gpxtpx:hr>134</gpxtpx:hr></gpxtpx:TrackPointExtension></extensions>
    </trkpt>
    <trkpt lat="37.566666" lon="127.000524">
      <ele>32.0</ele>
      <time>2026-07-20T20:36:59.000Z</time>
      <extensions><gpxtpx:TrackPointExtension><gpxtpx:hr>133</gpxtpx:hr></gpxtpx:TrackPointExtension></extensions>
    </trkpt>
    <trkpt lat="37.566663" lon="127.000528">
      <ele>32.0</ele>
      <time>2026-07-20T20:37:00.000Z</time>
      <extensions><gpxtpx:TrackPointExtension><gpxtpx:hr>132</gpxtpx:hr></gpxtpx:TrackPointExtension></extensions>
    </trkpt>
    <trkpt lat="37.566665" lon="127.000522">
      <ele>32.0</ele>
      <time>2026-07-20T20:37:01.000Z</time>
      <extensions><gpxtpx:TrackPointExtension><gpxtpx:hr>132</gpxtpx:hr></gpxtpx:TrackPointExtension></extensions>
    </trkpt>
    <trkpt lat="37.566662" lon="127.000531">
      <ele>32.0</ele>
      <time>2026-07-20T20:37:02.000Z</time>
      <extensions><gpxtpx:TrackPointExtension><gpxtpx:hr>131</gpxtpx:hr></gpxtpx:TrackPointExtension></extensions>
    </trkpt>
    <trkpt lat="37.566664" lon="127.000533">
      <ele>32.0</ele>
      <time>2026-07-20T20:37:03.000Z</time>
      <extensions><gpxtpx:TrackPointExtension><gpxtpx:hr>130</gpxtpx:hr></gpxtpx:TrackPointExtension></extensions>
    </trkpt>
    <trkpt lat="37.566660" lon="127.000545">
      <ele>32.0</ele>
      <time>2026-07-20T20:37:04.000Z</time>
      <extensions><gpxtpx:TrackPointExtension><gpxtpx:hr>130</gpxtpx:hr></gpxtpx:TrackPointExtension></extensions>
    </trkpt>
    <trkpt lat="37.566672" lon="127.000546">
      <ele>32.0</ele>
      <time>2026-07-20T20:37:05.000Z</time>
      <extensions><gpxtpx:TrackPointExtension><gpxtpx:hr>130</gpxtpx:hr></gpxtpx:TrackPointExtension></extensions>
    </trkpt>
    <trkpt lat="37.566682" lon="127.000584">
      <ele>32.0</ele>
      <time>2026-07-20T20:37:06.000Z</time>
      <extensions><gpxtpx:TrackPointExtension><gpxtpx:hr>130</gpxtpx:hr></gpxtpx:TrackPointExtension></extensions>
    </trkpt>
    <trkpt lat="37.566693" lon="127.000615">
      <ele>32.0</ele>
      <time>2026-07-20T20:37:07.000Z</time>
      <extensions><gpxtpx:TrackPointExtension><gpxtpx:hr>130</gpxtpx:hr></gpxtpx:TrackPointExtension></extensions>
    </trkpt>
    <trkpt lat="37.566700" lon="127.000644">
      <ele>32.0</ele>
      <time>2026-07-20T20:37:08.000Z</time>
      <extensions><gpxtpx:TrackPointExtension><gpxtpx:hr>131</gpxtpx:hr></gpxtpx:TrackPointExtension></extensions>
    </trkpt>
    <trkpt lat="37.566714" lon="127.000683">
      <ele>32.0</ele>
      <time>2026-07-20T20:37:09.000Z</time>
      <extensions><gpxtpx:TrackPointExtension><gpxtpx:hr>132</gpxtpx:hr></gpxtpx:TrackPointExtension></extensions>
    </trkpt>
    <trkpt lat="37.566714" lon="127.000715">
      <ele>32.0</ele>
      <time>2026-07-20T20:37:10.000Z</time>
      <extensions><gpxtpx:TrackPointExtension><gpxtpx:hr>132</gpxtpx:hr></gpxtpx:TrackPointExtension></extensions>
    </trkpt>
    <trkpt lat="37.566729" lon="127.000747">
      <ele>32.0</ele>
      <time>2026-07-20T20:37:11.000Z</time>
      <extensions><gpxtpx:TrackPointExtension><gpxtpx:hr>133</gpxtpx:hr></gpxtpx:TrackPointExtension></extensions>
    </trkpt>
    <trkpt lat="37.566736" lon="127.000786">
      <ele>32.0</ele>
      <time>2026-07-20T20:37:12.000Z</time>
      <extensions><gpxtpx:TrackPointExtension><gpxtpx:hr>133</gpxtpx:hr></gpxtpx:TrackPointExtension></extensions>
    </trkpt>
    <trkpt lat="37.566803" lon="127.000767">
      <ele>32.0</ele>
      <time>2026-07-20T20:37:13.000Z</time>
      <extensions><gpxtpx:TrackPointExtension><gpxtpx:hr>135</gpxtpx:hr></gpxtpx:TrackPointExtension></extensions>
    </trkpt>
    <trkpt lat="37.566859" lon="127.000737">
      <ele>32.0</ele>
      <time>2026-07-20T20:37:14.000Z</time>
      <extensions><gpxtpx:TrackPointExtension><gpxtpx:hr>137</gpxtpx:hr></gpxtpx:TrackPointExtension></extensions>
    </trkpt>
    <trkpt lat="37.566920" lon="127.000716">
      <ele>32.0</ele>
      <time>2026-07-20T20:37:15.000Z</time>
      <extensions><gpxtpx:TrackPointExtension><gpxtpx:hr>139</gpxtpx:hr></gpxtpx:TrackPointExtension></extensions>
    </trkpt>
    <trkpt lat="37.566987" lon="127.000690">
      <ele>32.0</ele>
      <time>2026-07-20T20:37:16.000Z</time>
      <extensions><gpxtpx:TrackPointExtension><gpxtpx:hr>141</gpxtpx:hr></gpxtpx:TrackPointExtension></extensions>
    </trkpt>
    <trkpt lat="37.566932" lon="127.000712">
      <ele>32.0</ele>
      <time>2026-07-20T20:37:17.000Z</time>
      <extensions><gpxtpx:TrackPointExtension><gpxtpx:hr>143</gpxtpx:hr></gpxtpx:TrackPointExtension></extensions>
    </trkpt>
    <trkpt lat="37.566920" lon="127.000691">
      <ele>32.0</ele>
      <time>2026-07-20T20:37:18.000Z</time>
      <extensions><gpxtpx:TrackPointExtension><gpxtpx:hr>143</gpxtpx:hr></gpxtpx:TrackPointExtension></extensions>
    </trkpt>
    <trkpt lat="37.566912" lon="127.000691">
      <ele>32.0</ele>
      <time>2026-07-20T20:37:19.000Z</time>
      <extensions><gpxtpx:TrackPointExtension><gpxtpx:hr>142</gpxtpx:hr></gpxtpx:TrackPointExtension></extensions>
    </trkpt>
    <trkpt lat="37.566916" lon="127.000677">
      <ele>32.0</ele>
      <time>2026-07-20T20:37:20.000Z</time>
      <extensions><gpxtpx:TrackPointExtension><gpxtpx:hr>141</gpxtpx:hr></gpxtpx:TrackPointExtension></extensions>
    </trkpt>
    <trkpt lat="37.566918" lon="127.000677">
      <ele>32.0</ele>
      <time>2026-07-20T20:37:21.000Z</time>
      <extensions><gpxtpx:TrackPointExtension><gpxtpx:hr>139</gpxtpx:hr></gpxtpx:TrackPointExtension></extensions>
    </trkpt>
    <trkpt lat="37.566921" lon="127.000686">
      <ele>32.0</ele>
      <time>2026-07-20T20:37:22.000Z</time>
      <extensions><gpxtpx:TrackPointExtension><gpxtpx:hr>139</gpxtpx:hr></gpxtpx:TrackPointExtension></extensions>
    </trkpt>
    <trkpt lat="37.566925" lon="127.000711">
      <ele>32.0</ele>
      <time>2026-07-20T20:37:23.000Z</time>
      <extensions><gpxtpx:TrackPointExtension><gpxtpx:hr>139</gpxtpx:hr></gpxtpx:TrackPointExtension></extensions>
    </trkpt>
    <trkpt lat="37.566928" lon="127.000740">
      <ele>32.0</ele>
      <time>2026-07-20T20:37:24.000Z</time>
      <extensions><gpxtpx:TrackPointExtension><gpxtpx:hr>138</gpxtpx:hr></gpxtpx:TrackPointExtension></extensions>
    </trkpt>
    <trkpt lat="37.566938" lon="127.000767">
      <ele>32.0</ele>
      <time>2026-07-20T20:37:25.000Z</time>
      <extensions><gpxtpx:TrackPointExtension><gpxtpx:hr>138</gpxtpx:hr></gpxtpx:TrackPointExtension></extensions>
    </trkpt>
    <trkpt lat="37.566961" lon="127.000797">
      <ele>32.0</ele>
      <time>2026-07-20T20:37:26.000Z</time>
      <extensions><gpxtpx:TrackPointExtension><gpxtpx:hr>139</gpxtpx:hr></gpxtpx:TrackPointExtension></extensions>
    </trkpt>
    <trkpt lat="37.566948" lon="127.000763">
      <ele>32.0</ele>
      <time>2026-07-20T20:37:27.000Z</time>
      <extensions><gpxtpx:TrackPointExtension><gpxtpx:hr>139</gpxtpx:hr></gpxtpx:TrackPointExtension></extensions>
    </trkpt>
    <trkpt lat="37.566956" lon="127.000795">
      <ele>32.0</ele>
      <time>2026-07-20T20:37:28.000Z</time>
      <extensions><gpxtpx:TrackPointExtension><gpxtpx:hr>139</gpxtpx:hr></gpxtpx:TrackPointExtension></extensions>
    </trkpt>
    <trkpt lat="37.566949" lon="127.000763">
      <ele>32.0</ele>
      <time>2026-07-20T20:37:29.000Z</time>
      <extensions><gpxtpx:TrackPointExtension><gpxtpx:hr>140</gpxtpx:hr></gpxtpx:TrackPointExtension></extensions>
    </trkpt>
    <trkpt lat="37.566959" lon="127.000799">
      <ele>32.0</ele>
      <time>2026-07-20T20:37:30.000Z</time>
      <extensions><gpxtpx:TrackPointExtension><gpxtpx:hr>140</gpxtpx:hr></gpxtpx:TrackPointExtension></extensions>
    </trkpt>
    <trkpt lat="37.566945" lon="127.000766">
      <ele>32.0</ele>
      <time>2026-07-20T20:37:31.000Z</time>
      <extensions><gpxtpx:TrackPointExtension><gpxtpx:hr>140</gpxtpx:hr></gpxtpx:TrackPointExtension></extensions>
    </trkpt>
    <trkpt lat="37.566960" lon="127.000795">
      <ele>32.0</ele>
      <time>2026-07-20T20:37:32.000Z</time>
      <extensions><gpxtpx:TrackPointExtension><gpxtpx:hr>140</gpxtpx:hr></gpxtpx:TrackPointExtension></extensions>
    </trkpt>
    <trkpt lat="37.566955" lon="127.000817">
      <ele>32.0</ele>
      <time>2026-07-20T20:37:33.000Z</time>
      <extensions><gpxtpx:TrackPointExtension><gpxtpx:hr>139</gpxtpx:hr></gpxtpx:TrackPointExtension></extensions>
    </trkpt>
    <trkpt lat="37.566945" lon="127.000813">
      <ele>32.0</ele>
      <time>2026-07-20T20:37:34.000Z</time>
      <extensions><gpxtpx:TrackPointExtension><gpxtpx:hr>138</gpxtpx:hr></gpxtpx:TrackPointExtension></extensions>
    </trkpt>
    <trkpt lat="37.566948" lon="127.000826">
      <ele>32.0</ele>
      <time>2026-07-20T20:37:35.000Z</time>
      <extensions><gpxtpx:TrackPointExtension><gpxtpx:hr>137</gpxtpx:hr></gpxtpx:TrackPointExtension></extensions>
    </trkpt>
    <trkpt lat="37.566946" lon="127.000817">
      <ele>32.0</ele>
      <time>2026-07-20T20:37:36.000Z</time>
      <extensions><gpxtpx:TrackPointExtension><gpxtpx:hr>136</gpxtpx:hr></gpxtpx:TrackPointExtension></extensions>
    </trkpt>
    <trkpt lat="37.566994" lon="127.000801">
      <ele>32.0</ele>
      <time>2026-07-20T20:37:37.000Z</time>
      <extensions><gpxtpx:TrackPointExtension><gpxtpx:hr>138</gpxtpx:hr></gpxtpx:TrackPointExtension></extensions>
    </trkpt>
    <trkpt lat="37.567037" lon="127.000762">
      <ele>32.0</ele>
      <time>2026-07-20T20:37:38.000Z</time>
      <extensions><gpxtpx:TrackPointExtension><gpxtpx:hr>139</gpxtpx:hr></gpxtpx:TrackPointExtension></extensions>
    </trkpt>
    <trkpt lat="37.566987" lon="127.000806">
      <ele>32.0</ele>
      <time>2026-07-20T20:37:39.000Z</time>
      <extensions><gpxtpx:TrackPointExtension><gpxtpx:hr>141</gpxtpx:hr></gpxtpx:TrackPointExtension></extensions>
    </trkpt>
    <trkpt lat="37.567045" lon="127.000748">
      <ele>32.0</ele>
      <time>2026-07-20T20:37:40.000Z</time>
      <extensions><gpxtpx:TrackPointExtension><gpxtpx:hr>144</gpxtpx:hr></gpxtpx:TrackPointExtension></extensions>
    </trkpt>
    <trkpt lat="37.566989" lon="127.000793">
      <ele>32.0</ele>
      <time>2026-07-20T20:37:41.000Z</time>
      <extensions><gpxtpx:TrackPointExtension><gpxtpx:hr>145</gpxtpx:hr></gpxtpx:TrackPointExtension></extensions>
    </trkpt>
    <trkpt lat="37.566992" lon="127.000890">
      <ele>32.0</ele>
      <time>2026-07-20T20:37:42.000Z</time>
      <extensions><gpxtpx:TrackPointExtension><gpxtpx:hr>147</gpxtpx:hr></gpxtpx:TrackPointExtension></extensions>
    </trkpt>
    <trkpt lat="37.566991" lon="127.000964">
      <ele>32.0</ele>
      <time>2026-07-20T20:37:43.000Z</time>
      <extensions><gpxtpx:TrackPointExtension><gpxtpx:hr>149</gpxtpx:hr></gpxtpx:TrackPointExtension></extensions>
    </trkpt>
    <trkpt lat="37.567010" lon="127.001052">
      <ele>32.0</ele>
      <time>2026-07-20T20:37:44.000Z</time>
      <extensions><gpxtpx:TrackPointExtension><gpxtpx:hr>150</gpxtpx:hr></gpxtpx:TrackPointExtension></extensions>
    </trkpt>
    <trkpt lat="37.567003" lon="127.000957">
      <ele>32.0</ele>
      <time>2026-07-20T20:37:45.000Z</time>
      <extensions><gpxtpx:TrackPointExtension><gpxtpx:hr>152</gpxtpx:hr></gpxtpx:TrackPointExtension></extensions>
    </trkpt>
    <trkpt lat="37.566961" lon="127.000915">
      <ele>32.0</ele>
      <time>2026-07-20T20:37:46.000Z</time>
      <extensions><gpxtpx:TrackPointExtension><gpxtpx:hr>153</gpxtpx:hr></gpxtpx:TrackPointExtension></extensions>
    </trkpt>
    <trkpt lat="37.566926" lon="127.000877">
      <ele>32.0</ele>
      <time>2026-07-20T20:37:47.000Z</time>
      <extensions><gpxtpx:TrackPointExtension><gpxtpx:hr>153</gpxtpx:hr></gpxtpx:TrackPointExtension></extensions>
    </trkpt>
    <trkpt lat="37.566886" lon="127.000851">
      <ele>32.0</ele>
      <time>2026-07-20T20:37:48.000Z</time>
      <extensions><gpxtpx:TrackPointExtension><gpxtpx:hr>153</gpxtpx:hr></gpxtpx:TrackPointExtension></extensions>
    </trkpt>
    <trkpt lat="37.566854" lon="127.000811">
      <ele>32.0</ele>
      <time>2026-07-20T20:37:49.000Z</time>
      <extensions><gpxtpx:TrackPointExtension><gpxtpx:hr>154</gpxtpx:hr></gpxtpx:TrackPointExtension></extensions>
    </trkpt>
    <trkpt lat="37.566810" lon="127.000786">
      <ele>32.0</ele>
      <time>2026-07-20T20:37:50.000Z</time>
      <extensions><gpxtpx:TrackPointExtension><gpxtpx:hr>154</gpxtpx:hr></gpxtpx:TrackPointExtension></extensions>
    </trkpt>
    <trkpt lat="37.566813" lon="127.000738">
      <ele>32.0</ele>
      <time>2026-07-20T20:37:51.000Z</time>
      <extensions><gpxtpx:TrackPointExtension><gpxtpx:hr>153</gpxtpx:hr></gpxtpx:TrackPointExtension></extensions>
    </trkpt>
    <trkpt lat="37.566815" lon="127.000718">
      <ele>32.0</ele>
      <time>2026-07-20T20:37:52.000Z</time>
      <extensions><gpxtpx:TrackPointExtension><gpxtpx:hr>153</gpxtpx:hr></gpxtpx:TrackPointExtension></extensions>
    </trkpt>
    <trkpt lat="37.566818" lon="127.000683">
      <ele>32.0</ele>
      <time>2026-07-20T20:37:53.000Z</time>
      <extensions><gpxtpx:TrackPointExtension><gpxtpx:hr>152</gpxtpx:hr></gpxtpx:TrackPointExtension></extensions>
    </trkpt>
    <trkpt lat="37.566824" lon="127.000668">
      <ele>32.0</ele>
      <time>2026-07-20T20:37:54.000Z</time>
      <extensions><gpxtpx:TrackPointExtension><gpxtpx:hr>151</gpxtpx:hr></gpxtpx:TrackPointExtension></extensions>
    </trkpt>
    <trkpt lat="37.566827" lon="127.000642">
      <ele>32.0</ele>
      <time>2026-07-20T20:37:55.000Z</time>
      <extensions><gpxtpx:TrackPointExtension><gpxtpx:hr>150</gpxtpx:hr></gpxtpx:TrackPointExtension></extensions>
    </trkpt>
    <trkpt lat="37.566830" lon="127.000622">
      <ele>32.0</ele>
      <time>2026-07-20T20:37:56.000Z</time>
      <extensions><gpxtpx:TrackPointExtension><gpxtpx:hr>149</gpxtpx:hr></gpxtpx:TrackPointExtension></extensions>
    </trkpt>
    <trkpt lat="37.566834" lon="127.000596">
      <ele>32.0</ele>
      <time>2026-07-20T20:37:57.000Z</time>
      <extensions><gpxtpx:TrackPointExtension><gpxtpx:hr>148</gpxtpx:hr></gpxtpx:TrackPointExtension></extensions>
    </trkpt>
    <trkpt lat="37.566806" lon="127.000621">
      <ele>32.0</ele>
      <time>2026-07-20T20:37:58.000Z</time>
      <extensions><gpxtpx:TrackPointExtension><gpxtpx:hr>147</gpxtpx:hr></gpxtpx:TrackPointExtension></extensions>
    </trkpt>
    <trkpt lat="37.566796" lon="127.000630">
      <ele>32.0</ele>
      <time>2026-07-20T20:37:59.000Z</time>
      <extensions><gpxtpx:TrackPointExtension><gpxtpx:hr>147</gpxtpx:hr></gpxtpx:TrackPointExtension></extensions>
    </trkpt>
    <trkpt lat="37.566777" lon="127.000664">
      <ele>32.0</ele>
      <time>2026-07-20T20:38:00.000Z</time>
      <extensions><gpxtpx:TrackPointExtension><gpxtpx:hr>147</gpxtpx:hr></gpxtpx:TrackPointExtension></extensions>
    </trkpt>
    <trkpt lat="37.566747" lon="127.000681">
      <ele>32.0</ele>
      <time>2026-07-20T20:38:01.000Z</time>
      <extensions><gpxtpx:TrackPointExtension><gpxtpx:hr>146</gpxtpx:hr></gpxtpx:TrackPointExtension></extensions>
    </trkpt>
    <trkpt lat="37.566726" lon="127.000705">
      <ele>32.0</ele>
      <time>2026-07-20T20:38:02.000Z</time>
      <extensions><gpxtpx:TrackPointExtension><gpxtpx:hr>146</gpxtpx:hr></gpxtpx:TrackPointExtension></extensions>
    </trkpt>
    <trkpt lat="37.566696" lon="127.000720">
      <ele>32.0</ele>
      <time>2026-07-20T20:38:03.000Z</time>
      <extensions><gpxtpx:TrackPointExtension><gpxtpx:hr>146</gpxtpx:hr></gpxtpx:TrackPointExtension></extensions>
    </trkpt>
    <trkpt lat="37.566669" lon="127.000747">
      <ele>32.0</ele>
      <time>2026-07-20T20:38:04.000Z</time>
      <extensions><gpxtpx:TrackPointExtension><gpxtpx:hr>146</gpxtpx:hr></gpxtpx:TrackPointExtension></extensions>
    </trkpt>
    <trkpt lat="37.566658" lon="127.000769">
      <ele>32.0</ele>
      <time>2026-07-20T20:38:05.000Z</time>
      <extensions><gpxtpx:TrackPointExtension><gpxtpx:hr>146</gpxtpx:hr></gpxtpx:TrackPointExtension></extensions>
    </trkpt>
    <trkpt lat="37.566656" lon="127.000757">
      <ele>32.0</ele>
      <time>2026-07-20T20:38:06.000Z</time>
      <extensions><gpxtpx:TrackPointExtension><gpxtpx:hr>146</gpxtpx:hr></gpxtpx:TrackPointExtension></extensions>
    </trkpt>
    <trkpt lat="37.566660" lon="127.000746">
      <ele>32.0</ele>
      <time>2026-07-20T20:38:07.000Z</time>
      <extensions><gpxtpx:TrackPointExtension><gpxtpx:hr>145</gpxtpx:hr></gpxtpx:TrackPointExtension></extensions>
    </trkpt>
    <trkpt lat="37.566659" lon="127.000742">
      <ele>32.0</ele>
      <time>2026-07-20T20:38:08.000Z</time>
      <extensions><gpxtpx:TrackPointExtension><gpxtpx:hr>143</gpxtpx:hr></gpxtpx:TrackPointExtension></extensions>
    </trkpt>
    <trkpt lat="37.566659" lon="127.000692">
      <ele>32.0</ele>
      <time>2026-07-20T20:38:09.000Z</time>
      <extensions><gpxtpx:TrackPointExtension><gpxtpx:hr>145</gpxtpx:hr></gpxtpx:TrackPointExtension></extensions>
    </trkpt>
    <trkpt lat="37.566649" lon="127.000602">
      <ele>32.0</ele>
      <time>2026-07-20T20:38:10.000Z</time>
      <extensions><gpxtpx:TrackPointExtension><gpxtpx:hr>146</gpxtpx:hr></gpxtpx:TrackPointExtension></extensions>
    </trkpt>
    <trkpt lat="37.566650" lon="127.000516">
      <ele>32.0</ele>
      <time>2026-07-20T20:38:11.000Z</time>
      <extensions><gpxtpx:TrackPointExtension><gpxtpx:hr>148</gpxtpx:hr></gpxtpx:TrackPointExtension></extensions>
    </trkpt>
    <trkpt lat="37.566643" lon="127.000428">
      <ele>32.0</ele>
      <time>2026-07-20T20:38:12.000Z</time>
      <extensions><gpxtpx:TrackPointExtension><gpxtpx:hr>150</gpxtpx:hr></gpxtpx:TrackPointExtension></extensions>
    </trkpt>
    <trkpt lat="37.566670" lon="127.000479">
      <ele>32.0</ele>
      <time>2026-07-20T20:38:13.000Z</time>
      <extensions><gpxtpx:TrackPointExtension><gpxtpx:hr>150</gpxtpx:hr></gpxtpx:TrackPointExtension></extensions>
    </trkpt>
    <trkpt lat="37.566705" lon="127.000512">
      <ele>32.0</ele>
      <time>2026-07-20T20:38:14.000Z</time>
      <extensions><gpxtpx:TrackPointExtension><gpxtpx:hr>150</gpxtpx:hr></gpxtpx:TrackPointExtension></extensions>
    </trkpt>
    <trkpt lat="37.566723" lon="127.000558">
      <ele>32.0</ele>
      <time>2026-07-20T20:38:15.000Z</time>
      <extensions><gpxtpx:TrackPointExtension><gpxtpx:hr>150</gpxtpx:hr></gpxtpx:TrackPointExtension></extensions>
    </trkpt>
    <trkpt lat="37.566743" lon="127.000582">
      <ele>32.0</ele>
      <time>2026-07-20T20:38:16.000Z</time>
      <extensions><gpxtpx:TrackPointExtension><gpxtpx:hr>150</gpxtpx:hr></gpxtpx:TrackPointExtension></extensions>
    </trkpt>
    <trkpt lat="37.566767" lon="127.000618">
      <ele>32.0</ele>
      <time>2026-07-20T20:38:17.000Z</time>
      <extensions><gpxtpx:TrackPointExtension><gpxtpx:hr>150</gpxtpx:hr></gpxtpx:TrackPointExtension></extensions>
    </trkpt>
    <trkpt lat="37.566787" lon="127.000645">
      <ele>32.0</ele>
      <time>2026-07-20T20:38:18.000Z</time>
      <extensions><gpxtpx:TrackPointExtension><gpxtpx:hr>149</gpxtpx:hr></gpxtpx:TrackPointExtension></extensions>
    </trkpt>
    <trkpt lat="37.566800" lon="127.000666">
      <ele>32.0</ele>
      <time>2026-07-20T20:38:19.000Z</time>
      <extensions><gpxtpx:TrackPointExtension><gpxtpx:hr>149</gpxtpx:hr></gpxtpx:TrackPointExtension></extensions>
    </trkpt>
    <trkpt lat="37.566825" lon="127.000699">
      <ele>32.0</ele>
      <time>2026-07-20T20:38:20.000Z</time>
      <extensions><gpxtpx:TrackPointExtension><gpxtpx:hr>149</gpxtpx:hr></gpxtpx:TrackPointExtension></extensions>
    </trkpt>
    <trkpt lat="37.566846" lon="127.000730">
      <ele>32.0</ele>
      <time>2026-07-20T20:38:21.000Z</time>
      <extensions><gpxtpx:TrackPointExtension><gpxtpx:hr>149</gpxtpx:hr></gpxtpx:TrackPointExtension></extensions>
    </trkpt>
    <trkpt lat="37.566862" lon="127.000761">
      <ele>32.0</ele>
      <time>2026-07-20T20:38:22.000Z</time>
      <extensions><gpxtpx:TrackPointExtension><gpxtpx:hr>149</gpxtpx:hr></gpxtpx:TrackPointExtension></extensions>
    </trkpt>
    <trkpt lat="37.566882" lon="127.000778">
      <ele>32.0</ele>
      <time>2026-07-20T20:38:23.000Z</time>
      <extensions><gpxtpx:TrackPointExtension><gpxtpx:hr>148</gpxtpx:hr></gpxtpx:TrackPointExtension></extensions>
    </trkpt>
    <trkpt lat="37.566878" lon="127.000761">
      <ele>32.0</ele>
      <time>2026-07-20T20:38:24.000Z</time>
      <extensions><gpxtpx:TrackPointExtension><gpxtpx:hr>148</gpxtpx:hr></gpxtpx:TrackPointExtension></extensions>
    </trkpt>
    <trkpt lat="37.566871" lon="127.000742">
      <ele>32.0</ele>
      <time>2026-07-20T20:38:25.000Z</time>
      <extensions><gpxtpx:TrackPointExtension><gpxtpx:hr>147</gpxtpx:hr></gpxtpx:TrackPointExtension></extensions>
    </trkpt>
    <trkpt lat="37.566864" lon="127.000712">
      <ele>32.0</ele>
      <time>2026-07-20T20:38:26.000Z</time>
      <extensions><gpxtpx:TrackPointExtension><gpxtpx:hr>146</gpxtpx:hr></gpxtpx:TrackPointExtension></extensions>
    </trkpt>
    <trkpt lat="37.566866" lon="127.000693">
      <ele>32.0</ele>
      <time>2026-07-20T20:38:27.000Z</time>
      <extensions><gpxtpx:TrackPointExtension><gpxtpx:hr>145</gpxtpx:hr></gpxtpx:TrackPointExtension></extensions>
    </trkpt>
    <trkpt lat="37.566904" lon="127.000665">
      <ele>32.0</ele>
      <time>2026-07-20T20:38:28.000Z</time>
      <extensions><gpxtpx:TrackPointExtension><gpxtpx:hr>146</gpxtpx:hr></gpxtpx:TrackPointExtension></extensions>
    </trkpt>
    <trkpt lat="37.566965" lon="127.000645">
      <ele>32.0</ele>
      <time>2026-07-20T20:38:29.000Z</time>
      <extensions><gpxtpx:TrackPointExtension><gpxtpx:hr>148</gpxtpx:hr></gpxtpx:TrackPointExtension></extensions>
    </trkpt>
    <trkpt lat="37.567028" lon="127.000601">
      <ele>32.0</ele>
      <time>2026-07-20T20:38:30.000Z</time>
      <extensions><gpxtpx:TrackPointExtension><gpxtpx:hr>150</gpxtpx:hr></gpxtpx:TrackPointExtension></extensions>
    </trkpt>
    <trkpt lat="37.567092" lon="127.000575">
      <ele>32.0</ele>
      <time>2026-07-20T20:38:31.000Z</time>
      <extensions><gpxtpx:TrackPointExtension><gpxtpx:hr>151</gpxtpx:hr></gpxtpx:TrackPointExtension></extensions>
    </trkpt>
    <trkpt lat="37.567087" lon="127.000589">
      <ele>32.0</ele>
      <time>2026-07-20T20:38:32.000Z</time>
      <extensions><gpxtpx:TrackPointExtension><gpxtpx:hr>150</gpxtpx:hr></gpxtpx:TrackPointExtension></extensions>
    </trkpt>
    <trkpt lat="37.567081" lon="127.000598">
      <ele>32.0</ele>
      <time>2026-07-20T20:38:33.000Z</time>
      <extensions><gpxtpx:TrackPointExtension><gpxtpx:hr>149</gpxtpx:hr></gpxtpx:TrackPointExtension></extensions>
    </trkpt>
    <trkpt lat="37.567080" lon="127.000598">
      <ele>32.0</ele>
      <time>2026-07-20T20:38:34.000Z</time>
      <extensions><gpxtpx:TrackPointExtension><gpxtpx:hr>147</gpxtpx:hr></gpxtpx:TrackPointExtension></extensions>
    </trkpt>
    <trkpt lat="37.567076" lon="127.000609">
      <ele>32.0</ele>
      <time>2026-07-20T20:38:35.000Z</time>
      <extensions><gpxtpx:TrackPointExtension><gpxtpx:hr>146</gpxtpx:hr></gpxtpx:TrackPointExtension></extensions>
    </trkpt>
    <trkpt lat="37.567075" lon="127.000616">
      <ele>32.0</ele>
      <time>2026-07-20T20:38:36.000Z</time>
      <extensions><gpxtpx:TrackPointExtension><gpxtpx:hr>144</gpxtpx:hr></gpxtpx:TrackPointExtension></extensions>
    </trkpt>
    <trkpt lat="37.567081" lon="127.000610">
      <ele>32.0</ele>
      <time>2026-07-20T20:38:37.000Z</time>
      <extensions><gpxtpx:TrackPointExtension><gpxtpx:hr>143</gpxtpx:hr></gpxtpx:TrackPointExtension></extensions>
    </trkpt>
    <trkpt lat="37.567068" lon="127.000610">
      <ele>32.0</ele>
      <time>2026-07-20T20:38:38.000Z</time>
      <extensions><gpxtpx:TrackPointExtension><gpxtpx:hr>142</gpxtpx:hr></gpxtpx:TrackPointExtension></extensions>
    </trkpt>
    <trkpt lat="37.567042" lon="127.000588">
      <ele>32.0</ele>
      <time>2026-07-20T20:38:39.000Z</time>
      <extensions><gpxtpx:TrackPointExtension><gpxtpx:hr>142</gpxtpx:hr></gpxtpx:TrackPointExtension></extensions>
    </trkpt>
    <trkpt lat="37.567020" lon="127.000582">
      <ele>32.0</ele>
      <time>2026-07-20T20:38:40.000Z</time>
      <extensions><gpxtpx:TrackPointExtension><gpxtpx:hr>142</gpxtpx:hr></gpxtpx:TrackPointExtension></extensions>
    </trkpt>
    <trkpt lat="37.566997" lon="127.000560">
      <ele>32.0</ele>
      <time>2026-07-20T20:38:41.000Z</time>
      <extensions><gpxtpx:TrackPointExtension><gpxtpx:hr>142</gpxtpx:hr></gpxtpx:TrackPointExtension></extensions>
    </trkpt>
    <trkpt lat="37.566963" lon="127.000585">
      <ele>32.0</ele>
      <time>2026-07-20T20:38:42.000Z</time>
      <extensions><gpxtpx:TrackPointExtension><gpxtpx:hr>142</gpxtpx:hr></gpxtpx:TrackPointExtension></extensions>
    </trkpt>
    <trkpt lat="37.566930" lon="127.000592">
      <ele>32.0</ele>
      <time>2026-07-20T20:38:43.000Z</time>
      <extensions><gpxtpx:TrackPointExtension><gpxtpx:hr>142</gpxtpx:hr></gpxtpx:TrackPointExtension></extensions>
    </trkpt>
    <trkpt lat="37.566903" lon="127.000614">
      <ele>32.0</ele>
      <time>2026-07-20T20:38:44.000Z</time>
      <extensions><gpxtpx:TrackPointExtension><gpxtpx:hr>142</gpxtpx:hr></gpxtpx:TrackPointExtension></extensions>
    </trkpt>
    <trkpt lat="37.566879" lon="127.000643">
      <ele>32.0</ele>
      <time>2026-07-20T20:38:45.000Z</time>
      <extensions><gpxtpx:TrackPointExtension><gpxtpx:hr>143</gpxtpx:hr></gpxtpx:TrackPointExtension></extensions>
    </trkpt>
    <trkpt lat="37.566854" lon="127.000659">
      <ele>32.0</ele>
      <time>2026-07-20T20:38:46.000Z</time>
      <extensions><gpxtpx:TrackPointExtension><gpxtpx:hr>143</gpxtpx:hr></gpxtpx:TrackPointExtension></extensions>
    </trkpt>
    <trkpt lat="37.566831" lon="127.000668">
      <ele>32.0</ele>
      <time>2026-07-20T20:38:47.000Z</time>
      <extensions><gpxtpx:TrackPointExtension><gpxtpx:hr>143</gpxtpx:hr></gpxtpx:TrackPointExtension></extensions>
    </trkpt>
    <trkpt lat="37.566800" lon="127.000688">
      <ele>32.0</ele>
      <time>2026-07-20T20:38:48.000Z</time>
      <extensions><gpxtpx:TrackPointExtension><gpxtpx:hr>143</gpxtpx:hr></gpxtpx:TrackPointExtension></extensions>
    </trkpt>
    <trkpt lat="37.566784" lon="127.000699">
      <ele>32.0</ele>
      <time>2026-07-20T20:38:49.000Z</time>
      <extensions><gpxtpx:TrackPointExtension><gpxtpx:hr>143</gpxtpx:hr></gpxtpx:TrackPointExtension></extensions>
    </trkpt>
    <trkpt lat="37.566746" lon="127.000712">
      <ele>32.0</ele>
      <time>2026-07-20T20:38:50.000Z</time>
      <extensions><gpxtpx:TrackPointExtension><gpxtpx:hr>143</gpxtpx:hr></gpxtpx:TrackPointExtension></extensions>
    </trkpt>
    <trkpt lat="37.566723" lon="127.000730">
      <ele>32.0</ele>
      <time>2026-07-20T20:38:51.000Z</time>
      <extensions><gpxtpx:TrackPointExtension><gpxtpx:hr>143</gpxtpx:hr></gpxtpx:TrackPointExtension></extensions>
    </trkpt>
    <trkpt lat="37.566696" lon="127.000742">
      <ele>32.0</ele>
      <time>2026-07-20T20:38:52.000Z</time>
      <extensions><gpxtpx:TrackPointExtension><gpxtpx:hr>143</gpxtpx:hr></gpxtpx:TrackPointExtension></extensions>
    </trkpt>
    <trkpt lat="37.566661" lon="127.000761">
      <ele>32.0</ele>
      <time>2026-07-20T20:38:53.000Z</time>
      <extensions><gpxtpx:TrackPointExtension><gpxtpx:hr>143</gpxtpx:hr></gpxtpx:TrackPointExtension></extensions>
    </trkpt>
    <trkpt lat="37.566707" lon="127.000740">
      <ele>32.0</ele>
      <time>2026-07-20T20:38:54.000Z</time>
      <extensions><gpxtpx:TrackPointExtension><gpxtpx:hr>144</gpxtpx:hr></gpxtpx:TrackPointExtension></extensions>
    </trkpt>
    <trkpt lat="37.566743" lon="127.000722">
      <ele>32.0</ele>
      <time>2026-07-20T20:38:55.000Z</time>
      <extensions><gpxtpx:TrackPointExtension><gpxtpx:hr>144</gpxtpx:hr></gpxtpx:TrackPointExtension></extensions>
    </trkpt>
    <trkpt lat="37.566778" lon="127.000685">
      <ele>32.0</ele>
      <time>2026-07-20T20:38:56.000Z</time>
      <extensions><gpxtpx:TrackPointExtension><gpxtpx:hr>145</gpxtpx:hr></gpxtpx:TrackPointExtension></extensions>
    </trkpt>
    <trkpt lat="37.566821" lon="127.000665">
      <ele>32.0</ele>
      <time>2026-07-20T20:38:57.000Z</time>
      <extensions><gpxtpx:TrackPointExtension><gpxtpx:hr>146</gpxtpx:hr></gpxtpx:TrackPointExtension></extensions>
    </trkpt>
    <trkpt lat="37.566871" lon="127.000628">
      <ele>32.0</ele>
      <time>2026-07-20T20:38:58.000Z</time>
      <extensions><gpxtpx:TrackPointExtension><gpxtpx:hr>147</gpxtpx:hr></gpxtpx:TrackPointExtension></extensions>
    </trkpt>
    <trkpt lat="37.566821" lon="127.000622">
      <ele>32.0</ele>
      <time>2026-07-20T20:38:59.000Z</time>
      <extensions><gpxtpx:TrackPointExtension><gpxtpx:hr>148</gpxtpx:hr></gpxtpx:TrackPointExtension></extensions>
    </trkpt>
    <trkpt lat="37.566785" lon="127.000597">
      <ele>32.0</ele>
      <time>2026-07-20T20:39:00.000Z</time>
      <extensions><gpxtpx:TrackPointExtension><gpxtpx:hr>148</gpxtpx:hr></gpxtpx:TrackPointExtension></extensions>
    </trkpt>
    <trkpt lat="37.566742" lon="127.000592">
      <ele>32.0</ele>
      <time>2026-07-20T20:39:01.000Z</time>
      <extensions><gpxtpx:TrackPointExtension><gpxtpx:hr>148</gpxtpx:hr></gpxtpx:TrackPointExtension></extensions>
    </trkpt>
    <trkpt lat="37.566699" lon="127.000572">
      <ele>32.0</ele>
      <time>2026-07-20T20:39:02.000Z</time>
      <extensions><gpxtpx:TrackPointExtension><gpxtpx:hr>149</gpxtpx:hr></gpxtpx:TrackPointExtension></extensions>
    </trkpt>
    <trkpt lat="37.566753" lon="127.000588">
      <ele>32.0</ele>
      <time>2026-07-20T20:39:03.000Z</time>
      <extensions><gpxtpx:TrackPointExtension><gpxtpx:hr>150</gpxtpx:hr></gpxtpx:TrackPointExtension></extensions>
    </trkpt>
    <trkpt lat="37.566750" lon="127.000602">
      <ele>32.0</ele>
      <time>2026-07-20T20:39:04.000Z</time>
      <extensions><gpxtpx:TrackPointExtension><gpxtpx:hr>149</gpxtpx:hr></gpxtpx:TrackPointExtension></extensions>
    </trkpt>
    <trkpt lat="37.566767" lon="127.000614">
      <ele>32.0</ele>
      <time>2026-07-20T20:39:05.000Z</time>
      <extensions><gpxtpx:TrackPointExtension><gpxtpx:hr>147</gpxtpx:hr></gpxtpx:TrackPointExtension></extensions>
    </trkpt>
    <trkpt lat="37.566762" lon="127.000610">
      <ele>32.0</ele>
      <time>2026-07-20T20:39:06.000Z</time>
      <extensions><gpxtpx:TrackPointExtension><gpxtpx:hr>146</gpxtpx:hr></gpxtpx:TrackPointExtension></extensions>
    </trkpt>
    <trkpt lat="37.566750" lon="127.000625">
      <ele>32.0</ele>
      <time>2026-07-20T20:39:07.000Z</time>
      <extensions><gpxtpx:TrackPointExtension><gpxtpx:hr>144</gpxtpx:hr></gpxtpx:TrackPointExtension></extensions>
    </trkpt>
    <trkpt lat="37.566753" lon="127.000625">
      <ele>32.0</ele>
      <time>2026-07-20T20:39:08.000Z</time>
      <extensions><gpxtpx:TrackPointExtension><gpxtpx:hr>143</gpxtpx:hr></gpxtpx:TrackPointExtension></extensions>
    </trkpt>
    <trkpt lat="37.566736" lon="127.000621">
      <ele>32.0</ele>
      <time>2026-07-20T20:39:09.000Z</time>
      <extensions><gpxtpx:TrackPointExtension><gpxtpx:hr>142</gpxtpx:hr></gpxtpx:TrackPointExtension></extensions>
    </trkpt>
    <trkpt lat="37.566710" lon="127.000640">
      <ele>32.0</ele>
      <time>2026-07-20T20:39:10.000Z</time>
      <extensions><gpxtpx:TrackPointExtension><gpxtpx:hr>142</gpxtpx:hr></gpxtpx:TrackPointExtension></extensions>
    </trkpt>
    <trkpt lat="37.566695" lon="127.000638">
      <ele>32.0</ele>
      <time>2026-07-20T20:39:11.000Z</time>
      <extensions><gpxtpx:TrackPointExtension><gpxtpx:hr>142</gpxtpx:hr></gpxtpx:TrackPointExtension></extensions>
    </trkpt>
    <trkpt lat="37.566662" lon="127.000653">
      <ele>32.0</ele>
      <time>2026-07-20T20:39:12.000Z</time>
      <extensions><gpxtpx:TrackPointExtension><gpxtpx:hr>142</gpxtpx:hr></gpxtpx:TrackPointExtension></extensions>
    </trkpt>
    <trkpt lat="37.566636" lon="127.000650">
      <ele>32.0</ele>
      <time>2026-07-20T20:39:13.000Z</time>
      <extensions><gpxtpx:TrackPointExtension><gpxtpx:hr>142</gpxtpx:hr></gpxtpx:TrackPointExtension></extensions>
    </trkpt>
    <trkpt lat="37.566667" lon="127.000659">
      <ele>32.0</ele>
      <time>2026-07-20T20:39:14.000Z</time>
      <extensions><gpxtpx:TrackPointExtension><gpxtpx:hr>142</gpxtpx:hr></gpxtpx:TrackPointExtension></extensions>
    </trkpt>
    <trkpt lat="37.566695" lon="127.000661">
      <ele>32.0</ele>
      <time>2026-07-20T20:39:15.000Z</time>
      <extensions><gpxtpx:TrackPointExtension><gpxtpx:hr>142</gpxtpx:hr></gpxtpx:TrackPointExtension></extensions>
    </trkpt>
    <trkpt lat="37.566723" lon="127.000652">
      <ele>32.0</ele>
      <time>2026-07-20T20:39:16.000Z</time>
      <extensions><gpxtpx:TrackPointExtension><gpxtpx:hr>142</gpxtpx:hr></gpxtpx:TrackPointExtension></extensions>
    </trkpt>
    <trkpt lat="37.566748" lon="127.000650">
      <ele>32.0</ele>
      <time>2026-07-20T20:39:17.000Z</time>
      <extensions><gpxtpx:TrackPointExtension><gpxtpx:hr>142</gpxtpx:hr></gpxtpx:TrackPointExtension></extensions>
    </trkpt>
    <trkpt lat="37.566786" lon="127.000644">
      <ele>32.0</ele>
      <time>2026-07-20T20:39:18.000Z</time>
      <extensions><gpxtpx:TrackPointExtension><gpxtpx:hr>143</gpxtpx:hr></gpxtpx:TrackPointExtension></extensions>
    </trkpt>
    <trkpt lat="37.566804" lon="127.000649">
      <ele>32.0</ele>
      <time>2026-07-20T20:39:19.000Z</time>
      <extensions><gpxtpx:TrackPointExtension><gpxtpx:hr>142</gpxtpx:hr></gpxtpx:TrackPointExtension></extensions>
    </trkpt>
    <trkpt lat="37.566818" lon="127.000667">
      <ele>32.0</ele>
      <time>2026-07-20T20:39:20.000Z</time>
      <extensions><gpxtpx:TrackPointExtension><gpxtpx:hr>142</gpxtpx:hr></gpxtpx:TrackPointExtension></extensions>
    </trkpt>
    <trkpt lat="37.566832" lon="127.000687">
      <ele>32.0</ele>
      <time>2026-07-20T20:39:21.000Z</time>
      <extensions><gpxtpx:TrackPointExtension><gpxtpx:hr>142</gpxtpx:hr></gpxtpx:TrackPointExtension></extensions>
    </trkpt>
    <trkpt lat="37.566831" lon="127.000718">
      <ele>32.0</ele>
      <time>2026-07-20T20:39:22.000Z</time>
      <extensions><gpxtpx:TrackPointExtension><gpxtpx:hr>141</gpxtpx:hr></gpxtpx:TrackPointExtension></extensions>
    </trkpt>
    <trkpt lat="37.566837" lon="127.000728">
      <ele>32.0</ele>
      <time>2026-07-20T20:39:23.000Z</time>
      <extensions><gpxtpx:TrackPointExtension><gpxtpx:hr>141</gpxtpx:hr></gpxtpx:TrackPointExtension></extensions>
    </trkpt>
    <trkpt lat="37.566844" lon="127.000740">
      <ele>32.0</ele>
      <time>2026-07-20T20:39:24.000Z</time>
      <extensions><gpxtpx:TrackPointExtension><gpxtpx:hr>140</gpxtpx:hr></gpxtpx:TrackPointExtension></extensions>
    </trkpt>
    <trkpt lat="37.566852" lon="127.000757">
      <ele>32.0</ele>
      <time>2026-07-20T20:39:25.000Z</time>
      <extensions><gpxtpx:TrackPointExtension><gpxtpx:hr>139</gpxtpx:hr></gpxtpx:TrackPointExtension></extensions>
    </trkpt>
    <trkpt lat="37.566863" lon="127.000784">
      <ele>32.0</ele>
      <time>2026-07-20T20:39:26.000Z</time>
      <extensions><gpxtpx:TrackPointExtension><gpxtpx:hr>139</gpxtpx:hr></gpxtpx:TrackPointExtension></extensions>
    </trkpt>
    <trkpt lat="37.566868" lon="127.000797">
      <ele>32.0</ele>
      <time>2026-07-20T20:39:27.000Z</time>
      <extensions><gpxtpx:TrackPointExtension><gpxtpx:hr>138</gpxtpx:hr></gpxtpx:TrackPointExtension></extensions>
    </trkpt>
    <trkpt lat="37.566855" lon="127.000755">
      <ele>32.0</ele>
      <time>2026-07-20T20:39:28.000Z</time>
      <extensions><gpxtpx:TrackPointExtension><gpxtpx:hr>139</gpxtpx:hr></gpxtpx:TrackPointExtension></extensions>
    </trkpt>
    <trkpt lat="37.566835" lon="127.000689">
      <ele>32.0</ele>
      <time>2026-07-20T20:39:29.000Z</time>
      <extensions><gpxtpx:TrackPointExtension><gpxtpx:hr>140</gpxtpx:hr></gpxtpx:TrackPointExtension></extensions>
    </trkpt>
    <trkpt lat="37.566818" lon="127.000639">
      <ele>32.0</ele>
      <time>2026-07-20T20:39:30.000Z</time>
      <extensions><gpxtpx:TrackPointExtension><gpxtpx:hr>141</gpxtpx:hr></gpxtpx:TrackPointExtension></extensions>
    </trkpt>
    <trkpt lat="37.566807" lon="127.000589">
      <ele>32.0</ele>
      <time>2026-07-20T20:39:31.000Z</time>
      <extensions><gpxtpx:TrackPointExtension><gpxtpx:hr>142</gpxtpx:hr></gpxtpx:TrackPointExtension></extensions>
    </trkpt>
    <trkpt lat="37.566787" lon="127.000544">
      <ele>32.0</ele>
      <time>2026-07-20T20:39:32.000Z</time>
      <extensions><gpxtpx:TrackPointExtension><gpxtpx:hr>142</gpxtpx:hr></gpxtpx:TrackPointExtension></extensions>
    </trkpt>
    <trkpt lat="37.566778" lon="127.000527">
      <ele>32.0</ele>
      <time>2026-07-20T20:39:33.000Z</time>
      <extensions><gpxtpx:TrackPointExtension><gpxtpx:hr>142</gpxtpx:hr></gpxtpx:TrackPointExtension></extensions>
    </trkpt>
    <trkpt lat="37.566767" lon="127.000496">
      <ele>32.0</ele>
      <time>2026-07-20T20:39:34.000Z</time>
      <extensions><gpxtpx:TrackPointExtension><gpxtpx:hr>142</gpxtpx:hr></gpxtpx:TrackPointExtension></extensions>
    </trkpt>
    <trkpt lat="37.566757" lon="127.000480">
      <ele>32.0</ele>
      <time>2026-07-20T20:39:35.000Z</time>
      <extensions><gpxtpx:TrackPointExtension><gpxtpx:hr>141</gpxtpx:hr></gpxtpx:TrackPointExtension></extensions>
    </trkpt>
    <trkpt lat="37.566767" lon="127.000479">
      <ele>32.0</ele>
      <time>2026-07-20T20:39:36.000Z</time>
      <extensions><gpxtpx:TrackPointExtension><gpxtpx:hr>141</gpxtpx:hr></gpxtpx:TrackPointExtension></extensions>
    </trkpt>
    <trkpt lat="37.566800" lon="127.000448">
      <ele>32.0</ele>
      <time>2026-07-20T20:39:37.000Z</time>
      <extensions><gpxtpx:TrackPointExtension><gpxtpx:hr>141</gpxtpx:hr></gpxtpx:TrackPointExtension></extensions>
    </trkpt>
    <trkpt lat="37.566820" lon="127.000425">
      <ele>32.0</ele>
      <time>2026-07-20T20:39:38.000Z</time>
      <extensions><gpxtpx:TrackPointExtension><gpxtpx:hr>141</gpxtpx:hr></gpxtpx:TrackPointExtension></extensions>
    </trkpt>
    <trkpt lat="37.566836" lon="127.000399">
      <ele>32.0</ele>
      <time>2026-07-20T20:39:39.000Z</time>
      <extensions><gpxtpx:TrackPointExtension><gpxtpx:hr>141</gpxtpx:hr></gpxtpx:TrackPointExtension></extensions>
    </trkpt>
    <trkpt lat="37.566860" lon="127.000386">
      <ele>32.0</ele>
      <time>2026-07-20T20:39:40.000Z</time>
      <extensions><gpxtpx:TrackPointExtension><gpxtpx:hr>141</gpxtpx:hr></gpxtpx:TrackPointExtension></extensions>
    </trkpt>
    <trkpt lat="37.566862" lon="127.000419">
      <ele>32.0</ele>
      <time>2026-07-20T20:39:41.000Z</time>
      <extensions><gpxtpx:TrackPointExtension><gpxtpx:hr>141</gpxtpx:hr></gpxtpx:TrackPointExtension></extensions>
    </trkpt>
    <trkpt lat="37.566864" lon="127.000442">
      <ele>32.0</ele>
      <time>2026-07-20T20:39:42.000Z</time>
      <extensions><gpxtpx:TrackPointExtension><gpxtpx:hr>141</gpxtpx:hr></gpxtpx:TrackPointExtension></extensions>
    </trkpt>
    <trkpt lat="37.566851" lon="127.000463">
      <ele>32.0</ele>
      <time>2026-07-20T20:39:43.000Z</time>
      <extensions><gpxtpx:TrackPointExtension><gpxtpx:hr>140</gpxtpx:hr></gpxtpx:TrackPointExtension></extensions>
    </trkpt>
    <trkpt lat="37.566847" lon="127.000471">
      <ele>32.0</ele>
      <time>2026-07-20T20:39:44.000Z</time>
      <extensions><gpxtpx:TrackPointExtension><gpxtpx:hr>140</gpxtpx:hr></gpxtpx:TrackPointExtension></extensions>
    </trkpt>
    <trkpt lat="37.566853" lon="127.000493">
      <ele>32.0</ele>
      <time>2026-07-20T20:39:45.000Z</time>
      <extensions><gpxtpx:TrackPointExtension><gpxtpx:hr>139</gpxtpx:hr></gpxtpx:TrackPointExtension></extensions>
    </trkpt>
    <trkpt lat="37.566854" lon="127.000519">
      <ele>32.0</ele>
      <time>2026-07-20T20:39:46.000Z</time>
      <extensions><gpxtpx:TrackPointExtension><gpxtpx:hr>139</gpxtpx:hr></gpxtpx:TrackPointExtension></extensions>
    </trkpt>
    <trkpt lat="37.566850" lon="127.000532">
      <ele>32.0</ele>
      <time>2026-07-20T20:39:47.000Z</time>
      <extensions><gpxtpx:TrackPointExtension><gpxtpx:hr>138</gpxtpx:hr></gpxtpx:TrackPointExtension></extensions>
    </trkpt>
    <trkpt lat="37.566844" lon="127.000540">
      <ele>32.0</ele>
      <time>2026-07-20T20:39:48.000Z</time>
      <extensions><gpxtpx:TrackPointExtension><gpxtpx:hr>138</gpxtpx:hr></gpxtpx:TrackPointExtension></extensions>
    </trkpt>
    <trkpt lat="37.566840" lon="127.000570">
      <ele>32.0</ele>
      <time>2026-07-20T20:39:49.000Z</time>
      <extensions><gpxtpx:TrackPointExtension><gpxtpx:hr>137</gpxtpx:hr></gpxtpx:TrackPointExtension></extensions>
    </trkpt>
    <trkpt lat="37.566841" lon="127.000597">
      <ele>32.0</ele>
      <time>2026-07-20T20:39:50.000Z</time>
      <extensions><gpxtpx:TrackPointExtension><gpxtpx:hr>137</gpxtpx:hr></gpxtpx:TrackPointExtension></extensions>
    </trkpt>
    <trkpt lat="37.566840" lon="127.000606">
      <ele>32.0</ele>
      <time>2026-07-20T20:39:51.000Z</time>
      <extensions><gpxtpx:TrackPointExtension><gpxtpx:hr>137</gpxtpx:hr></gpxtpx:TrackPointExtension></extensions>
    </trkpt>
    <trkpt lat="37.566850" lon="127.000553">
      <ele>32.0</ele>
      <time>2026-07-20T20:39:52.000Z</time>
      <extensions><gpxtpx:TrackPointExtension><gpxtpx:hr>138</gpxtpx:hr></gpxtpx:TrackPointExtension></extensions>
    </trkpt>
    <trkpt lat="37.566860" lon="127.000505">
      <ele>32.0</ele>
      <time>2026-07-20T20:39:53.000Z</time>
      <extensions><gpxtpx:TrackPointExtension><gpxtpx:hr>139</gpxtpx:hr></gpxtpx:TrackPointExtension></extensions>
    </trkpt>
    <trkpt lat="37.566866" lon="127.000448">
      <ele>32.0</ele>
      <time>2026-07-20T20:39:54.000Z</time>
      <extensions><gpxtpx:TrackPointExtension><gpxtpx:hr>140</gpxtpx:hr></gpxtpx:TrackPointExtension></extensions>
    </trkpt>
    <trkpt lat="37.566882" lon="127.000386">
      <ele>32.0</ele>
      <time>2026-07-20T20:39:55.000Z</time>
      <extensions><gpxtpx:TrackPointExtension><gpxtpx:hr>141</gpxtpx:hr></gpxtpx:TrackPointExtension></extensions>
    </trkpt>
    <trkpt lat="37.566900" lon="127.000337">
      <ele>32.0</ele>
      <time>2026-07-20T20:39:56.000Z</time>
      <extensions><gpxtpx:TrackPointExtension><gpxtpx:hr>142</gpxtpx:hr></gpxtpx:TrackPointExtension></extensions>
    </trkpt>
    <trkpt lat="37.566905" lon="127.000275">
      <ele>32.0</ele>
      <time>2026-07-20T20:39:57.000Z</time>
      <extensions><gpxtpx:TrackPointExtension><gpxtpx:hr>143</gpxtpx:hr></gpxtpx:TrackPointExtension></extensions>
    </trkpt>
    <trkpt lat="37.566870" lon="127.000266">
      <ele>32.0</ele>
      <time>2026-07-20T20:39:58.000Z</time>
      <extensions><gpxtpx:TrackPointExtension><gpxtpx:hr>143</gpxtpx:hr></gpxtpx:TrackPointExtension></extensions>
    </trkpt>
    <trkpt lat="37.566851" lon="127.000262">
      <ele>32.0</ele>
      <time>2026-07-20T20:39:59.000Z</time>
      <extensions><gpxtpx:TrackPointExtension><gpxtpx:hr>142</gpxtpx:hr></gpxtpx:TrackPointExtension></extensions>
    </trkpt>
    <trkpt lat="37.566836" lon="127.000258">
      <ele>32.0</ele>
      <time>2026-07-20T20:40:00.000Z</time>
      <extensions><gpxtpx:TrackPointExtension><gpxtpx:hr>142</gpxtpx:hr></gpxtpx:TrackPointExtension></extensions>
    </trkpt>
    <trkpt lat="37.566817" lon="127.000243">
      <ele>32.0</ele>
      <time>2026-07-20T20:40:01.000Z</time>
      <extensions><gpxtpx:TrackPointExtension><gpxtpx:hr>141</gpxtpx:hr></gpxtpx:TrackPointExtension></extensions>
    </trkpt>
    <trkpt lat="37.566802" lon="127.000249">
      <ele>32.0</ele>
      <time>2026-07-20T20:40:02.000Z</time>
      <extensions><gpxtpx:TrackPointExtension><gpxtpx:hr>141</gpxtpx:hr></gpxtpx:TrackPointExtension></extensions>
    </trkpt>
    <trkpt lat="37.566793" lon="127.000241">
      <ele>32.0</ele>
      <time>2026-07-20T20:40:03.000Z</time>
      <extensions><gpxtpx:TrackPointExtension><gpxtpx:hr>140</gpxtpx:hr></gpxtpx:TrackPointExtension></extensions>
    </trkpt>
    <trkpt lat="37.566784" lon="127.000226">
      <ele>32.0</ele>
      <time>2026-07-20T20:40:04.000Z</time>
      <extensions><gpxtpx:TrackPointExtension><gpxtpx:hr>140</gpxtpx:hr></gpxtpx:TrackPointExtension></extensions>
    </trkpt>
    <trkpt lat="37.566764" lon="127.000230">
      <ele>32.0</ele>
      <time>2026-07-20T20:40:05.000Z</time>
      <extensions><gpxtpx:TrackPointExtension><gpxtpx:hr>139</gpxtpx:hr></gpxtpx:TrackPointExtension></extensions>
    </trkpt>
    <trkpt lat="37.566757" lon="127.000223">
      <ele>32.0</ele>
      <time>2026-07-20T20:40:06.000Z</time>
      <extensions><gpxtpx:TrackPointExtension><gpxtpx:hr>138</gpxtpx:hr></gpxtpx:TrackPointExtension></extensions>
    </trkpt>
    <trkpt lat="37.566752" lon="127.000217">
      <ele>32.0</ele>
      <time>2026-07-20T20:40:07.000Z</time>
      <extensions><gpxtpx:TrackPointExtension><gpxtpx:hr>138</gpxtpx:hr></gpxtpx:TrackPointExtension></extensions>
    </trkpt>
    <trkpt lat="37.566738" lon="127.000209">
      <ele>32.0</ele>
      <time>2026-07-20T20:40:08.000Z</time>
      <extensions><gpxtpx:TrackPointExtension><gpxtpx:hr>137</gpxtpx:hr></gpxtpx:TrackPointExtension></extensions>
    </trkpt>
    <trkpt lat="37.566742" lon="127.000217">
      <ele>32.0</ele>
      <time>2026-07-20T20:40:09.000Z</time>
      <extensions><gpxtpx:TrackPointExtension><gpxtpx:hr>136</gpxtpx:hr></gpxtpx:TrackPointExtension></extensions>
    </trkpt>
    <trkpt lat="37.566735" lon="127.000227">
      <ele>32.0</ele>
      <time>2026-07-20T20:40:10.000Z</time>
      <extensions><gpxtpx:TrackPointExtension><gpxtpx:hr>135</gpxtpx:hr></gpxtpx:TrackPointExtension></extensions>
    </trkpt>
    <trkpt lat="37.566733" lon="127.000234">
      <ele>32.0</ele>
      <time>2026-07-20T20:40:11.000Z</time>
      <extensions><gpxtpx:TrackPointExtension><gpxtpx:hr>134</gpxtpx:hr></gpxtpx:TrackPointExtension></extensions>
    </trkpt>
    <trkpt lat="37.566734" lon="127.000231">
      <ele>32.0</ele>
      <time>2026-07-20T20:40:12.000Z</time>
      <extensions><gpxtpx:TrackPointExtension><gpxtpx:hr>134</gpxtpx:hr></gpxtpx:TrackPointExtension></extensions>
    </trkpt>
    <trkpt lat="37.566731" lon="127.000252">
      <ele>32.0</ele>
      <time>2026-07-20T20:40:13.000Z</time>
      <extensions><gpxtpx:TrackPointExtension><gpxtpx:hr>133</gpxtpx:hr></gpxtpx:TrackPointExtension></extensions>
    </trkpt>
    <trkpt lat="37.566724" lon="127.000268">
      <ele>32.0</ele>
      <time>2026-07-20T20:40:14.000Z</time>
      <extensions><gpxtpx:TrackPointExtension><gpxtpx:hr>133</gpxtpx:hr></gpxtpx:TrackPointExtension></extensions>
    </trkpt>
    <trkpt lat="37.566728" lon="127.000275">
      <ele>32.0</ele>
      <time>2026-07-20T20:40:15.000Z</time>
      <extensions><gpxtpx:TrackPointExtension><gpxtpx:hr>133</gpxtpx:hr></gpxtpx:TrackPointExtension></extensions>
    </trkpt>
    <trkpt lat="37.566714" lon="127.000295">
      <ele>32.0</ele>
      <time>2026-07-20T20:40:16.000Z</time>
      <extensions><gpxtpx:TrackPointExtension><gpxtpx:hr>133</gpxtpx:hr></gpxtpx:TrackPointExtension></extensions>
    </trkpt>
    <trkpt lat="37.566720" lon="127.000318">
      <ele>32.0</ele>
      <time>2026-07-20T20:40:17.000Z</time>
      <extensions><gpxtpx:TrackPointExtension><gpxtpx:hr>133</gpxtpx:hr></gpxtpx:TrackPointExtension></extensions>
    </trkpt>
    <trkpt lat="37.566716" lon="127.000347">
      <ele>32.0</ele>
      <time>2026-07-20T20:40:18.000Z</time>
      <extensions><gpxtpx:TrackPointExtension><gpxtpx:hr>132</gpxtpx:hr></gpxtpx:TrackPointExtension></extensions>
    </trkpt>
    <trkpt lat="37.566712" lon="127.000361">
      <ele>32.0</ele>
      <time>2026-07-20T20:40:19.000Z</time>
      <extensions><gpxtpx:TrackPointExtension><gpxtpx:hr>132</gpxtpx:hr></gpxtpx:TrackPointExtension></extensions>
    </trkpt>
    <trkpt lat="37.566704" lon="127.000376">
      <ele>32.0</ele>
      <time>2026-07-20T20:40:20.000Z</time>
      <extensions><gpxtpx:TrackPointExtension><gpxtpx:hr>132</gpxtpx:hr></gpxtpx:TrackPointExtension></extensions>
    </trkpt>
    <trkpt lat="37.566703" lon="127.000387">
      <ele>32.0</ele>
      <time>2026-07-20T20:40:21.000Z</time>
      <extensions><gpxtpx:TrackPointExtension><gpxtpx:hr>132</gpxtpx:hr></gpxtpx:TrackPointExtension></extensions>
    </trkpt>
    <trkpt lat="37.566703" lon="127.000403">
      <ele>32.0</ele>
      <time>2026-07-20T20:40:22.000Z</time>
      <extensions><gpxtpx:TrackPointExtension><gpxtpx:hr>132</gpxtpx:hr></gpxtpx:TrackPointExtension></extensions>
    </trkpt>
    <trkpt lat="37.566690" lon="127.000429">
      <ele>32.0</ele>
      <time>2026-07-20T20:40:23.000Z</time>
      <extensions><gpxtpx:TrackPointExtension><gpxtpx:hr>132</gpxtpx:hr></gpxtpx:TrackPointExtension></extensions>
    </trkpt>
    <trkpt lat="37.566687" lon="127.000405">
      <ele>32.0</ele>
      <time>2026-07-20T20:40:24.000Z</time>
      <extensions><gpxtpx:TrackPointExtension><gpxtpx:hr>132</gpxtpx:hr></gpxtpx:TrackPointExtension></extensions>
    </trkpt>
    <trkpt lat="37.566676" lon="127.000392">
      <ele>32.0</ele>
      <time>2026-07-20T20:40:25.000Z</time>
      <extensions><gpxtpx:TrackPointExtension><gpxtpx:hr>132</gpxtpx:hr></gpxtpx:TrackPointExtension></extensions>
    </trkpt>
    <trkpt lat="37.566673" lon="127.000377">
      <ele>32.0</ele>
      <time>2026-07-20T20:40:26.000Z</time>
      <extensions><gpxtpx:TrackPointExtension><gpxtpx:hr>131</gpxtpx:hr></gpxtpx:TrackPointExtension></extensions>
    </trkpt>
    <trkpt lat="37.566668" lon="127.000357">
      <ele>32.0</ele>
      <time>2026-07-20T20:40:27.000Z</time>
      <extensions><gpxtpx:TrackPointExtension><gpxtpx:hr>131</gpxtpx:hr></gpxtpx:TrackPointExtension></extensions>
    </trkpt>
    <trkpt lat="37.566676" lon="127.000375">
      <ele>32.0</ele>
      <time>2026-07-20T20:40:28.000Z</time>
      <extensions><gpxtpx:TrackPointExtension><gpxtpx:hr>131</gpxtpx:hr></gpxtpx:TrackPointExtension></extensions>
    </trkpt>
    <trkpt lat="37.566720" lon="127.000417">
      <ele>32.0</ele>
      <time>2026-07-20T20:40:29.000Z</time>
      <extensions><gpxtpx:TrackPointExtension><gpxtpx:hr>133</gpxtpx:hr></gpxtpx:TrackPointExtension></extensions>
    </trkpt>
    <trkpt lat="37.566759" lon="127.000461">
      <ele>32.0</ele>
      <time>2026-07-20T20:40:30.000Z</time>
      <extensions><gpxtpx:TrackPointExtension><gpxtpx:hr>135</gpxtpx:hr></gpxtpx:TrackPointExtension></extensions>
    </trkpt>
    <trkpt lat="37.566712" lon="127.000418">
      <ele>32.0</ele>
      <time>2026-07-20T20:40:31.000Z</time>
      <extensions><gpxtpx:TrackPointExtension><gpxtpx:hr>137</gpxtpx:hr></gpxtpx:TrackPointExtension></extensions>
    </trkpt>
    <trkpt lat="37.566766" lon="127.000457">
      <ele>32.0</ele>
      <time>2026-07-20T20:40:32.000Z</time>
      <extensions><gpxtpx:TrackPointExtension><gpxtpx:hr>139</gpxtpx:hr></gpxtpx:TrackPointExtension></extensions>
    </trkpt>
    <trkpt lat="37.566783" lon="127.000521">
      <ele>32.0</ele>
      <time>2026-07-20T20:40:33.000Z</time>
      <extensions><gpxtpx:TrackPointExtension><gpxtpx:hr>140</gpxtpx:hr></gpxtpx:TrackPointExtension></extensions>
    </trkpt>
    <trkpt lat="37.566793" lon="127.000586">
      <ele>32.0</ele>
      <time>2026-07-20T20:40:34.000Z</time>
      <extensions><gpxtpx:TrackPointExtension><gpxtpx:hr>141</gpxtpx:hr></gpxtpx:TrackPointExtension></extensions>
    </trkpt>
    <trkpt lat="37.566799" lon="127.000626">
      <ele>32.0</ele>
      <time>2026-07-20T20:40:35.000Z</time>
      <extensions><gpxtpx:TrackPointExtension><gpxtpx:hr>142</gpxtpx:hr></gpxtpx:TrackPointExtension></extensions>
    </trkpt>
    <trkpt lat="37.566806" lon="127.000656">
      <ele>32.0</ele>
      <time>2026-07-20T20:40:36.000Z</time>
      <extensions><gpxtpx:TrackPointExtension><gpxtpx:hr>142</gpxtpx:hr></gpxtpx:TrackPointExtension></extensions>
    </trkpt>
    <trkpt lat="37.566822" lon="127.000693">
      <ele>32.0</ele>
      <time>2026-07-20T20:40:37.000Z</time>
      <extensions><gpxtpx:TrackPointExtension><gpxtpx:hr>142</gpxtpx:hr></gpxtpx:TrackPointExtension></extensions>
    </trkpt>
    <trkpt lat="37.566834" lon="127.000729">
      <ele>32.0</ele>
      <time>2026-07-20T20:40:38.000Z</time>
      <extensions><gpxtpx:TrackPointExtension><gpxtpx:hr>142</gpxtpx:hr></gpxtpx:TrackPointExtension></extensions>
    </trkpt>
    <trkpt lat="37.566838" lon="127.000766">
      <ele>32.0</ele>
      <time>2026-07-20T20:40:39.000Z</time>
      <extensions><gpxtpx:TrackPointExtension><gpxtpx:hr>142</gpxtpx:hr></gpxtpx:TrackPointExtension></extensions>
    </trkpt>
    <trkpt lat="37.566842" lon="127.000792">
      <ele>32.0</ele>
      <time>2026-07-20T20:40:40.000Z</time>
      <extensions><gpxtpx:TrackPointExtension><gpxtpx:hr>142</gpxtpx:hr></gpxtpx:TrackPointExtension></extensions>
    </trkpt>
    <trkpt lat="37.566858" lon="127.000838">
      <ele>32.0</ele>
      <time>2026-07-20T20:40:41.000Z</time>
      <extensions><gpxtpx:TrackPointExtension><gpxtpx:hr>142</gpxtpx:hr></gpxtpx:TrackPointExtension></extensions>
    </trkpt>
    <trkpt lat="37.566856" lon="127.000871">
      <ele>32.0</ele>
      <time>2026-07-20T20:40:42.000Z</time>
      <extensions><gpxtpx:TrackPointExtension><gpxtpx:hr>142</gpxtpx:hr></gpxtpx:TrackPointExtension></extensions>
    </trkpt>
    <trkpt lat="37.566839" lon="127.000875">
      <ele>32.0</ele>
      <time>2026-07-20T20:40:43.000Z</time>
      <extensions><gpxtpx:TrackPointExtension><gpxtpx:hr>142</gpxtpx:hr></gpxtpx:TrackPointExtension></extensions>
    </trkpt>
    <trkpt lat="37.566830" lon="127.000873">
      <ele>32.0</ele>
      <time>2026-07-20T20:40:44.000Z</time>
      <extensions><gpxtpx:TrackPointExtension><gpxtpx:hr>141</gpxtpx:hr></gpxtpx:TrackPointExtension></extensions>
    </trkpt>
    <trkpt lat="37.566811" lon="127.000886">
      <ele>32.0</ele>
      <time>2026-07-20T20:40:45.000Z</time>
      <extensions><gpxtpx:TrackPointExtension><gpxtpx:hr>141</gpxtpx:hr></gpxtpx:TrackPointExtension></extensions>
    </trkpt>
    <trkpt lat="37.566794" lon="127.000880">
      <ele>32.0</ele>
      <time>2026-07-20T20:40:46.000Z</time>
      <extensions><gpxtpx:TrackPointExtension><gpxtpx:hr>140</gpxtpx:hr></gpxtpx:TrackPointExtension></extensions>
    </trkpt>
    <trkpt lat="37.566786" lon="127.000885">
      <ele>32.0</ele>
      <time>2026-07-20T20:40:47.000Z</time>
      <extensions><gpxtpx:TrackPointExtension><gpxtpx:hr>140</gpxtpx:hr></gpxtpx:TrackPointExtension></extensions>
    </trkpt>
    <trkpt lat="37.566780" lon="127.000864">
      <ele>32.0</ele>
      <time>2026-07-20T20:40:48.000Z</time>
      <extensions><gpxtpx:TrackPointExtension><gpxtpx:hr>139</gpxtpx:hr></gpxtpx:TrackPointExtension></extensions>
    </trkpt>
    <trkpt lat="37.566792" lon="127.000850">
      <ele>32.0</ele>
      <time>2026-07-20T20:40:49.000Z</time>
      <extensions><gpxtpx:TrackPointExtension><gpxtpx:hr>139</gpxtpx:hr></gpxtpx:TrackPointExtension></extensions>
    </trkpt>
    <trkpt lat="37.566796" lon="127.000844">
      <ele>32.0</ele>
      <time>2026-07-20T20:40:50.000Z</time>
      <extensions><gpxtpx:TrackPointExtension><gpxtpx:hr>138</gpxtpx:hr></gpxtpx:TrackPointExtension></extensions>
    </trkpt>
    <trkpt lat="37.566794" lon="127.000827">
      <ele>32.0</ele>
      <time>2026-07-20T20:40:51.000Z</time>
      <extensions><gpxtpx:TrackPointExtension><gpxtpx:hr>138</gpxtpx:hr></gpxtpx:TrackPointExtension></extensions>
    </trkpt>
    <trkpt lat="37.566806" lon="127.000807">
      <ele>32.0</ele>
      <time>2026-07-20T20:40:52.000Z</time>
      <extensions><gpxtpx:TrackPointExtension><gpxtpx:hr>137</gpxtpx:hr></gpxtpx:TrackPointExtension></extensions>
    </trkpt>
    <trkpt lat="37.566813" lon="127.000790">
      <ele>32.0</ele>
      <time>2026-07-20T20:40:53.000Z</time>
      <extensions><gpxtpx:TrackPointExtension><gpxtpx:hr>137</gpxtpx:hr></gpxtpx:TrackPointExtension></extensions>
    </trkpt>
    <trkpt lat="37.566835" lon="127.000776">
      <ele>32.0</ele>
      <time>2026-07-20T20:40:54.000Z</time>
      <extensions><gpxtpx:TrackPointExtension><gpxtpx:hr>137</gpxtpx:hr></gpxtpx:TrackPointExtension></extensions>
    </trkpt>
    <trkpt lat="37.566840" lon="127.000762">
      <ele>32.0</ele>
      <time>2026-07-20T20:40:55.000Z</time>
      <extensions><gpxtpx:TrackPointExtension><gpxtpx:hr>136</gpxtpx:hr></gpxtpx:TrackPointExtension></extensions>
    </trkpt>
    <trkpt lat="37.566857" lon="127.000752">
      <ele>32.0</ele>
      <time>2026-07-20T20:40:56.000Z</time>
      <extensions><gpxtpx:TrackPointExtension><gpxtpx:hr>136</gpxtpx:hr></gpxtpx:TrackPointExtension></extensions>
    </trkpt>
    <trkpt lat="37.566868" lon="127.000741">
      <ele>32.0</ele>
      <time>2026-07-20T20:40:57.000Z</time>
      <extensions><gpxtpx:TrackPointExtension><gpxtpx:hr>136</gpxtpx:hr></gpxtpx:TrackPointExtension></extensions>
    </trkpt>
    <trkpt lat="37.566875" lon="127.000732">
      <ele>32.0</ele>
      <time>2026-07-20T20:40:58.000Z</time>
      <extensions><gpxtpx:TrackPointExtension><gpxtpx:hr>135</gpxtpx:hr></gpxtpx:TrackPointExtension></extensions>
    </trkpt>
    <trkpt lat="37.566889" lon="127.000690">
      <ele>32.0</ele>
      <time>2026-07-20T20:40:59.000Z</time>
      <extensions><gpxtpx:TrackPointExtension><gpxtpx:hr>136</gpxtpx:hr></gpxtpx:TrackPointExtension></extensions>
    </trkpt>
    <trkpt lat="37.566912" lon="127.000642">
      <ele>32.0</ele>
      <time>2026-07-20T20:41:00.000Z</time>
      <extensions><gpxtpx:TrackPointExtension><gpxtpx:hr>137</gpxtpx:hr></gpxtpx:TrackPointExtension></extensions>
    </trkpt>
    <trkpt lat="37.566921" lon="127.000581">
      <ele>32.0</ele>
      <time>2026-07-20T20:41:01.000Z</time>
      <extensions><gpxtpx:TrackPointExtension><gpxtpx:hr>138</gpxtpx:hr></gpxtpx:TrackPointExtension></extensions>
    </trkpt>
    <trkpt lat="37.566947" lon="127.000523">
      <ele>32.0</ele>
      <time>2026-07-20T20:41:02.000Z</time>
      <extensions><gpxtpx:TrackPointExtension><gpxtpx:hr>140</gpxtpx:hr></gpxtpx:TrackPointExtension></extensions>
    </trkpt>
    <trkpt lat="37.566923" lon="127.000567">
      <ele>32.0</ele>
      <time>2026-07-20T20:41:03.000Z</time>
      <extensions><gpxtpx:TrackPointExtension><gpxtpx:hr>141</gpxtpx:hr></gpxtpx:TrackPointExtension></extensions>
    </trkpt>
    <trkpt lat="37.566900" lon="127.000625">
      <ele>32.0</ele>
      <time>2026-07-20T20:41:04.000Z</time>
      <extensions><gpxtpx:TrackPointExtension><gpxtpx:hr>141</gpxtpx:hr></gpxtpx:TrackPointExtension></extensions>
    </trkpt>
    <trkpt lat="37.566890" lon="127.000652">
      <ele>32.0</ele>
      <time>2026-07-20T20:41:05.000Z</time>
      <extensions><gpxtpx:TrackPointExtension><gpxtpx:hr>142</gpxtpx:hr></gpxtpx:TrackPointExtension></extensions>
    </trkpt>
    <trkpt lat="37.566862" lon="127.000695">
      <ele>32.0</ele>
      <time>2026-07-20T20:41:06.000Z</time>
      <extensions><gpxtpx:TrackPointExtension><gpxtpx:hr>142</gpxtpx:hr></gpxtpx:TrackPointExtension></extensions>
    </trkpt>
    <trkpt lat="37.566851" lon="127.000731">
      <ele>32.0</ele>
      <time>2026-07-20T20:41:07.000Z</time>
      <extensions><gpxtpx:TrackPointExtension><gpxtpx:hr>142</gpxtpx:hr></gpxtpx:TrackPointExtension></extensions>
    </trkpt>
    <trkpt lat="37.566838" lon="127.000765">
      <ele>32.0</ele>
      <time>2026-07-20T20:41:08.000Z</time>
      <extensions><gpxtpx:TrackPointExtension><gpxtpx:hr>142</gpxtpx:hr></gpxtpx:TrackPointExtension></extensions>
    </trkpt>
    <trkpt lat="37.566841" lon="127.000732">
      <ele>32.0</ele>
      <time>2026-07-20T20:41:09.000Z</time>
      <extensions><gpxtpx:TrackPointExtension><gpxtpx:hr>142</gpxtpx:hr></gpxtpx:TrackPointExtension></extensions>
    </trkpt>
    <trkpt lat="37.566844" lon="127.000698">
      <ele>32.0</ele>
      <time>2026-07-20T20:41:10.000Z</time>
      <extensions><gpxtpx:TrackPointExtension><gpxtpx:hr>142</gpxtpx:hr></gpxtpx:TrackPointExtension></extensions>
    </trkpt>
    <trkpt lat="37.566854" lon="127.000656">
      <ele>32.0</ele>
      <time>2026-07-20T20:41:11.000Z</time>
      <extensions><gpxtpx:TrackPointExtension><gpxtpx:hr>142</gpxtpx:hr></gpxtpx:TrackPointExtension></extensions>
    </trkpt>
    <trkpt lat="37.566866" lon="127.000626">
      <ele>32.0</ele>
      <time>2026-07-20T20:41:12.000Z</time>
      <extensions><gpxtpx:TrackPointExtension><gpxtpx:hr>142</gpxtpx:hr></gpxtpx:TrackPointExtension></extensions>
    </trkpt>
    <trkpt lat="37.566873" lon="127.000579">
      <ele>32.0</ele>
      <time>2026-07-20T20:41:13.000Z</time>
      <extensions><gpxtpx:TrackPointExtension><gpxtpx:hr>142</gpxtpx:hr></gpxtpx:TrackPointExtension></extensions>
    </trkpt>
    <trkpt lat="37.566880" lon="127.000554">
      <ele>32.0</ele>
      <time>2026-07-20T20:41:14.000Z</time>
      <extensions><gpxtpx:TrackPointExtension><gpxtpx:hr>143</gpxtpx:hr></gpxtpx:TrackPointExtension></extensions>
    </trkpt>
    <trkpt lat="37.566902" lon="127.000504">
      <ele>32.0</ele>
      <time>2026-07-20T20:41:15.000Z</time>
      <extensions><gpxtpx:TrackPointExtension><gpxtpx:hr>143</gpxtpx:hr></gpxtpx:TrackPointExtension></extensions>
    </trkpt>
    <trkpt lat="37.566905" lon="127.000480">
      <ele>32.0</ele>
      <time>2026-07-20T20:41:16.000Z</time>
      <extensions><gpxtpx:TrackPointExtension><gpxtpx:hr>143</gpxtpx:hr></gpxtpx:TrackPointExtension></extensions>
    </trkpt>
    <trkpt lat="37.566931" lon="127.000517">
      <ele>32.0</ele>
      <time>2026-07-20T20:41:17.000Z</time>
      <extensions><gpxtpx:TrackPointExtension><gpxtpx:hr>144</gpxtpx:hr></gpxtpx:TrackPointExtension></extensions>
    </trkpt>
    <trkpt lat="37.566949" lon="127.000563">
      <ele>32.0</ele>
      <time>2026-07-20T20:41:18.000Z</time>
      <extensions><gpxtpx:TrackPointExtension><gpxtpx:hr>144</gpxtpx:hr></gpxtpx:TrackPointExtension></extensions>
    </trkpt>
    <trkpt lat="37.566971" lon="127.000614">
      <ele>32.0</ele>
      <time>2026-07-20T20:41:19.000Z</time>
      <extensions><gpxtpx:TrackPointExtension><gpxtpx:hr>145</gpxtpx:hr></gpxtpx:TrackPointExtension></extensions>
    </trkpt>
    <trkpt lat="37.566988" lon="127.000668">
      <ele>32.0</ele>
      <time>2026-07-20T20:41:20.000Z</time>
      <extensions><gpxtpx:TrackPointExtension><gpxtpx:hr>146</gpxtpx:hr></gpxtpx:TrackPointExtension></extensions>
    </trkpt>
    <trkpt lat="37.567013" lon="127.000705">
      <ele>32.0</ele>
      <time>2026-07-20T20:41:21.000Z</time>
      <extensions><gpxtpx:TrackPointExtension><gpxtpx:hr>146</gpxtpx:hr></gpxtpx:TrackPointExtension></extensions>
    </trkpt>
    <trkpt lat="37.566990" lon="127.000662">
      <ele>32.0</ele>
      <time>2026-07-20T20:41:22.000Z</time>
      <extensions><gpxtpx:TrackPointExtension><gpxtpx:hr>147</gpxtpx:hr></gpxtpx:TrackPointExtension></extensions>
    </trkpt>
    <trkpt lat="37.567003" lon="127.000702">
      <ele>32.0</ele>
      <time>2026-07-20T20:41:23.000Z</time>
      <extensions><gpxtpx:TrackPointExtension><gpxtpx:hr>147</gpxtpx:hr></gpxtpx:TrackPointExtension></extensions>
    </trkpt>
    <trkpt lat="37.567005" lon="127.000723">
      <ele>32.0</ele>
      <time>2026-07-20T20:41:24.000Z</time>
      <extensions><gpxtpx:TrackPointExtension><gpxtpx:hr>146</gpxtpx:hr></gpxtpx:TrackPointExtension></extensions>
    </trkpt>
    <trkpt lat="37.567020" lon="127.000755">
      <ele>32.0</ele>
      <time>2026-07-20T20:41:25.000Z</time>
      <extensions><gpxtpx:TrackPointExtension><gpxtpx:hr>146</gpxtpx:hr></gpxtpx:TrackPointExtension></extensions>
    </trkpt>
    <trkpt lat="37.567023" lon="127.000767">
      <ele>32.0</ele>
      <time>2026-07-20T20:41:26.000Z</time>
      <extensions><gpxtpx:TrackPointExtension><gpxtpx:hr>145</gpxtpx:hr></gpxtpx:TrackPointExtension></extensions>
    </trkpt>
    <trkpt lat="37.567033" lon="127.000782">
      <ele>32.0</ele>
      <time>2026-07-20T20:41:27.000Z</time>
      <extensions><gpxtpx:TrackPointExtension><gpxtpx:hr>144</gpxtpx:hr></gpxtpx:TrackPointExtension></extensions>
    </trkpt>
    <trkpt lat="37.567004" lon="127.000784">
      <ele>32.0</ele>
      <time>2026-07-20T20:41:28.000Z</time>
      <extensions><gpxtpx:TrackPointExtension><gpxtpx:hr>144</gpxtpx:hr></gpxtpx:TrackPointExtension></extensions>
    </trkpt>
    <trkpt lat="37.566987" lon="127.000768">
      <ele>32.0</ele>
      <time>2026-07-20T20:41:29.000Z</time>
      <extensions><gpxtpx:TrackPointExtension><gpxtpx:hr>144</gpxtpx:hr></gpxtpx:TrackPointExtension></extensions>
    </trkpt>
    <trkpt lat="37.566957" lon="127.000768">
      <ele>32.0</ele>
      <time>2026-07-20T20:41:30.000Z</time>
      <extensions><gpxtpx:TrackPointExtension><gpxtpx:hr>144</gpxtpx:hr></gpxtpx:TrackPointExtension></extensions>
    </trkpt>
    <trkpt lat="37.566938" lon="127.000769">
      <ele>32.0</ele>
      <time>2026-07-20T20:41:31.000Z</time>
      <extensions><gpxtpx:TrackPointExtension><gpxtpx:hr>144</gpxtpx:hr></gpxtpx:TrackPointExtension></extensions>
    </trkpt>
    <trkpt lat="37.566907" lon="127.000749">
      <ele>32.0</ele>
      <time>2026-07-20T20:41:32.000Z</time>
      <extensions><gpxtpx:TrackPointExtension><gpxtpx:hr>143</gpxtpx:hr></gpxtpx:TrackPointExtension></extensions>
    </trkpt>
    <trkpt lat="37.566871" lon="127.000742">
      <ele>32.0</ele>
      <time>2026-07-20T20:41:33.000Z</time>
      <extensions><gpxtpx:TrackPointExtension><gpxtpx:hr>144</gpxtpx:hr></gpxtpx:TrackPointExtension></extensions>
    </trkpt>
    <trkpt lat="37.566847" lon="127.000738">
      <ele>32.0</ele>
      <time>2026-07-20T20:41:34.000Z</time>
      <extensions><gpxtpx:TrackPointExtension><gpxtpx:hr>144</gpxtpx:hr></gpxtpx:TrackPointExtension></extensions>
    </trkpt>
    <trkpt lat="37.566817" lon="127.000724">
      <ele>32.0</ele>
      <time>2026-07-20T20:41:35.000Z</time>
      <extensions><gpxtpx:TrackPointExtension><gpxtpx:hr>143</gpxtpx:hr></gpxtpx:TrackPointExtension></extensions>
    </trkpt>
    <trkpt lat="37.566794" lon="127.000713">
      <ele>32.0</ele>
      <time>2026-07-20T20:41:36.000Z</time>
      <extensions><gpxtpx:TrackPointExtension><gpxtpx:hr>143</gpxtpx:hr></gpxtpx:TrackPointExtension></extensions>
    </trkpt>
    <trkpt lat="37.566759" lon="127.000712">
      <ele>32.0</ele>
      <time>2026-07-20T20:41:37.000Z</time>
      <extensions><gpxtpx:TrackPointExtension><gpxtpx:hr>143</gpxtpx:hr></gpxtpx:TrackPointExtension></extensions>
    </trkpt>
    <trkpt lat="37.566741" lon="127.000712">
      <ele>32.0</ele>
      <time>2026-07-20T20:41:38.000Z</time>
      <extensions><gpxtpx:TrackPointExtension><gpxtpx:hr>143</gpxtpx:hr></gpxtpx:TrackPointExtension></extensions>
    </trkpt>
    <trkpt lat="37.566718" lon="127.000692">
      <ele>32.0</ele>
      <time>2026-07-20T20:41:39.000Z</time>
      <extensions><gpxtpx:TrackPointExtension><gpxtpx:hr>143</gpxtpx:hr></gpxtpx:TrackPointExtension></extensions>
    </trkpt>
    <trkpt lat="37.566732" lon="127.000673">
      <ele>32.0</ele>
      <time>2026-07-20T20:41:40.000Z</time>
      <extensions><gpxtpx:TrackPointExtension><gpxtpx:hr>143</gpxtpx:hr></gpxtpx:TrackPointExtension></extensions>
    </trkpt>
    <trkpt lat="37.566735" lon="127.000655">
      <ele>32.0</ele>
      <time>2026-07-20T20:41:41.000Z</time>
      <extensions><gpxtpx:TrackPointExtension><gpxtpx:hr>142</gpxtpx:hr></gpxtpx:TrackPointExtension></extensions>
    </trkpt>
    <trkpt lat="37.566751" lon="127.000630">
      <ele>32.0</ele>
      <time>2026-07-20T20:41:42.000Z</time>
      <extensions><gpxtpx:TrackPointExtension><gpxtpx:hr>142</gpxtpx:hr></gpxtpx:TrackPointExtension></extensions>
    </trkpt>
    <trkpt lat="37.566753" lon="127.000622">
      <ele>32.0</ele>
      <time>2026-07-20T20:41:43.000Z</time>
      <extensions><gpxtpx:TrackPointExtension><gpxtpx:hr>141</gpxtpx:hr></gpxtpx:TrackPointExtension></extensions>
    </trkpt>
    <trkpt lat="37.566761" lon="127.000607">
      <ele>32.0</ele>
      <time>2026-07-20T20:41:44.000Z</time>
      <extensions><gpxtpx:TrackPointExtension><gpxtpx:hr>141</gpxtpx:hr></gpxtpx:TrackPointExtension></extensions>
    </trkpt>
    <trkpt lat="37.566776" lon="127.000573">
      <ele>32.0</ele>
      <time>2026-07-20T20:41:45.000Z</time>
      <extensions><gpxtpx:TrackPointExtension><gpxtpx:hr>140</gpxtpx:hr></gpxtpx:TrackPointExtension></extensions>
    </trkpt>
    <trkpt lat="37.566778" lon="127.000547">
      <ele>32.0</ele>
      <time>2026-07-20T20:41:46.000Z</time>
      <extensions><gpxtpx:TrackPointExtension><gpxtpx:hr>140</gpxtpx:hr></gpxtpx:TrackPointExtension></extensions>
    </trkpt>
    <trkpt lat="37.566787" lon="127.000512">
      <ele>32.0</ele>
      <time>2026-07-20T20:41:47.000Z</time>
      <extensions><gpxtpx:TrackPointExtension><gpxtpx:hr>140</gpxtpx:hr></gpxtpx:TrackPointExtension></extensions>
    </trkpt>
    <trkpt lat="37.566790" lon="127.000473">
      <ele>32.0</ele>
      <time>2026-07-20T20:41:48.000Z</time>
      <extensions><gpxtpx:TrackPointExtension><gpxtpx:hr>140</gpxtpx:hr></gpxtpx:TrackPointExtension></extensions>
    </trkpt>
    <trkpt lat="37.566792" lon="127.000456">
      <ele>32.0</ele>
      <time>2026-07-20T20:41:49.000Z</time>
      <extensions><gpxtpx:TrackPointExtension><gpxtpx:hr>140</gpxtpx:hr></gpxtpx:TrackPointExtension></extensions>
    </trkpt>
    <trkpt lat="37.566805" lon="127.000412">
      <ele>32.0</ele>
      <time>2026-07-20T20:41:50.000Z</time>
      <extensions><gpxtpx:TrackPointExtension><gpxtpx:hr>140</gpxtpx:hr></gpxtpx:TrackPointExtension></extensions>
    </trkpt>
    <trkpt lat="37.566803" lon="127.000411">
      <ele>32.0</ele>
      <time>2026-07-20T20:41:51.000Z</time>
      <extensions><gpxtpx:TrackPointExtension><gpxtpx:hr>140</gpxtpx:hr></gpxtpx:TrackPointExtension></extensions>
    </trkpt>
    <trkpt lat="37.566802" lon="127.000400">
      <ele>32.0</ele>
      <time>2026-07-20T20:41:52.000Z</time>
      <extensions><gpxtpx:TrackPointExtension><gpxtpx:hr>139</gpxtpx:hr></gpxtpx:TrackPointExtension></extensions>
    </trkpt>
    <trkpt lat="37.566804" lon="127.000403">
      <ele>32.0</ele>
      <time>2026-07-20T20:41:53.000Z</time>
      <extensions><gpxtpx:TrackPointExtension><gpxtpx:hr>138</gpxtpx:hr></gpxtpx:TrackPointExtension></extensions>
    </trkpt>
    <trkpt lat="37.566795" lon="127.000402">
      <ele>32.0</ele>
      <time>2026-07-20T20:41:54.000Z</time>
      <extensions><gpxtpx:TrackPointExtension><gpxtpx:hr>136</gpxtpx:hr></gpxtpx:TrackPointExtension></extensions>
    </trkpt>
    <trkpt lat="37.566811" lon="127.000439">
      <ele>32.0</ele>
      <time>2026-07-20T20:41:55.000Z</time>
      <extensions><gpxtpx:TrackPointExtension><gpxtpx:hr>137</gpxtpx:hr></gpxtpx:TrackPointExtension></extensions>
    </trkpt>
    <trkpt lat="37.566839" lon="127.000491">
      <ele>32.0</ele>
      <time>2026-07-20T20:41:56.000Z</time>
      <extensions><gpxtpx:TrackPointExtension><gpxtpx:hr>138</gpxtpx:hr></gpxtpx:TrackPointExtension></extensions>
    </trkpt>
    <trkpt lat="37.566859" lon="127.000534">
      <ele>32.0</ele>
      <time>2026-07-20T20:41:57.000Z</time>
      <extensions><gpxtpx:TrackPointExtension><gpxtpx:hr>139</gpxtpx:hr></gpxtpx:TrackPointExtension></extensions>
    </trkpt>
    <trkpt lat="37.566888" lon="127.000589">
      <ele>32.0</ele>
      <time>2026-07-20T20:41:58.000Z</time>
      <extensions><gpxtpx:TrackPointExtension><gpxtpx:hr>140</gpxtpx:hr></gpxtpx:TrackPointExtension></extensions>
    </trkpt>
    <trkpt lat="37.566910" lon="127.000642">
      <ele>32.0</ele>
      <time>2026-07-20T20:41:59.000Z</time>
      <extensions><gpxtpx:TrackPointExtension><gpxtpx:hr>141</gpxtpx:hr></gpxtpx:TrackPointExtension></extensions>
    </trkpt>
    <trkpt lat="37.566914" lon="127.000677">
      <ele>32.0</ele>
      <time>2026-07-20T20:42:00.000Z</time>
      <extensions><gpxtpx:TrackPointExtension><gpxtpx:hr>142</gpxtpx:hr></gpxtpx:TrackPointExtension></extensions>
    </trkpt>
    <trkpt lat="37.566902" lon="127.000709">
      <ele>32.0</ele>
      <time>2026-07-20T20:42:01.000Z</time>
      <extensions><gpxtpx:TrackPointExtension><gpxtpx:hr>141</gpxtpx:hr></gpxtpx:TrackPointExtension></extensions>
    </trkpt>
    <trkpt lat="37.566897" lon="127.000728">
      <ele>32.0</ele>
      <time>2026-07-20T20:42:02.000Z</time>
      <extensions><gpxtpx:TrackPointExtension><gpxtpx:hr>141</gpxtpx:hr></gpxtpx:TrackPointExtension></extensions>
    </trkpt>
    <trkpt lat="37.566900" lon="127.000755">
      <ele>32.0</ele>
      <time>2026-07-20T20:42:03.000Z</time>
      <extensions><gpxtpx:TrackPointExtension><gpxtpx:hr>141</gpxtpx:hr></gpxtpx:TrackPointExtension></extensions>
    </trkpt>
    <trkpt lat="37.566894" lon="127.000772">
      <ele>32.0</ele>
      <time>2026-07-20T20:42:04.000Z</time>
      <extensions><gpxtpx:TrackPointExtension><gpxtpx:hr>140</gpxtpx:hr></gpxtpx:TrackPointExtension></extensions>
    </trkpt>
    <trkpt lat="37.566895" lon="127.000793">
      <ele>32.0</ele>
      <time>2026-07-20T20:42:05.000Z</time>
      <extensions><gpxtpx:TrackPointExtension><gpxtpx:hr>139</gpxtpx:hr></gpxtpx:TrackPointExtension></extensions>
    </trkpt>
    <trkpt lat="37.566892" lon="127.000798">
      <ele>32.0</ele>
      <time>2026-07-20T20:42:06.000Z</time>
      <extensions><gpxtpx:TrackPointExtension><gpxtpx:hr>139</gpxtpx:hr></gpxtpx:TrackPointExtension></extensions>
    </trkpt>
    <trkpt lat="37.566880" lon="127.000783">
      <ele>32.0</ele>
      <time>2026-07-20T20:42:07.000Z</time>
      <extensions><gpxtpx:TrackPointExtension><gpxtpx:hr>138</gpxtpx:hr></gpxtpx:TrackPointExtension></extensions>
    </trkpt>
    <trkpt lat="37.566870" lon="127.000759">
      <ele>32.0</ele>
      <time>2026-07-20T20:42:08.000Z</time>
      <extensions><gpxtpx:TrackPointExtension><gpxtpx:hr>138</gpxtpx:hr></gpxtpx:TrackPointExtension></extensions>
    </trkpt>
    <trkpt lat="37.566863" lon="127.000733">
      <ele>32.0</ele>
      <time>2026-07-20T20:42:09.000Z</time>
      <extensions><gpxtpx:TrackPointExtension><gpxtpx:hr>138</gpxtpx:hr></gpxtpx:TrackPointExtension></extensions>
    </trkpt>
    <trkpt lat="37.566841" lon="127.000712">
      <ele>32.0</ele>
      <time>2026-07-20T20:42:10.000Z</time>
      <extensions><gpxtpx:TrackPointExtension><gpxtpx:hr>138</gpxtpx:hr></gpxtpx:TrackPointExtension></extensions>
    </trkpt>
    <trkpt lat="37.566829" lon="127.000688">
      <ele>32.0</ele>
      <time>2026-07-20T20:42:11.000Z</time>
      <extensions><gpxtpx:TrackPointExtension><gpxtpx:hr>138</gpxtpx:hr></gpxtpx:TrackPointExtension></extensions>
    </trkpt>
    <trkpt lat="37.566820" lon="127.000678">
      <ele>32.0</ele>
      <time>2026-07-20T20:42:12.000Z</time>
      <extensions><gpxtpx:TrackPointExtension><gpxtpx:hr>138</gpxtpx:hr></gpxtpx:TrackPointExtension></extensions>
    </trkpt>
    <trkpt lat="37.566821" lon="127.000675">
      <ele>32.0</ele>
      <time>2026-07-20T20:42:13.000Z</time>
      <extensions><gpxtpx:TrackPointExtension><gpxtpx:hr>137</gpxtpx:hr></gpxtpx:TrackPointExtension></extensions>
    </trkpt>
    <trkpt lat="37.566814" lon="127.000659">
      <ele>32.0</ele>
      <time>2026-07-20T20:42:14.000Z</time>
      <extensions><gpxtpx:TrackPointExtension><gpxtpx:hr>136</gpxtpx:hr></gpxtpx:TrackPointExtension></extensions>
    </trkpt>
    <trkpt lat="37.566792" lon="127.000634">
      <ele>32.0</ele>
      <time>2026-07-20T20:42:15.000Z</time>
      <extensions><gpxtpx:TrackPointExtension><gpxtpx:hr>136</gpxtpx:hr></gpxtpx:TrackPointExtension></extensions>
    </trkpt>
    <trkpt lat="37.566785" lon="127.000613">
      <ele>32.0</ele>
      <time>2026-07-20T20:42:16.000Z</time>
      <extensions><gpxtpx:TrackPointExtension><gpxtpx:hr>136</gpxtpx:hr></gpxtpx:TrackPointExtension></extensions>
    </trkpt>
    <trkpt lat="37.566772" lon="127.000580">
      <ele>32.0</ele>
      <time>2026-07-20T20:42:17.000Z</time>
      <extensions><gpxtpx:TrackPointExtension><gpxtpx:hr>137</gpxtpx:hr></gpxtpx:TrackPointExtension></extensions>
    </trkpt>
    <trkpt lat="37.566751" lon="127.000552">
      <ele>32.0</ele>
      <time>2026-07-20T20:42:18.000Z</time>
      <extensions><gpxtpx:TrackPointExtension><gpxtpx:hr>137</gpxtpx:hr></gpxtpx:TrackPointExtension></extensions>
    </trkpt>
    <trkpt lat="37.566735" lon="127.000530">
      <ele>32.0</ele>
      <time>2026-07-20T20:42:19.000Z</time>
      <extensions><gpxtpx:TrackPointExtension><gpxtpx:hr>137</gpxtpx:hr></gpxtpx:TrackPointExtension></extensions>
    </trkpt>
    <trkpt lat="37.566715" lon="127.000510">
      <ele>32.0</ele>
      <time>2026-07-20T20:42:20.000Z</time>
      <extensions><gpxtpx:TrackPointExtension><gpxtpx:hr>137</gpxtpx:hr></gpxtpx:TrackPointExtension></extensions>
    </trkpt>
    <trkpt lat="37.566705" lon="127.000474">
      <ele>32.0</ele>
      <time>2026-07-20T20:42:21.000Z</time>
      <extensions><gpxtpx:TrackPointExtension><gpxtpx:hr>138</gpxtpx:hr></gpxtpx:TrackPointExtension></extensions>
    </trkpt>
    <trkpt lat="37.566702" lon="127.000503">
      <ele>32.0</ele>
      <time>2026-07-20T20:42:22.000Z</time>
      <extensions><gpxtpx:TrackPointExtension><gpxtpx:hr>138</gpxtpx:hr></gpxtpx:TrackPointExtension></extensions>
    </trkpt>
    <trkpt lat="37.566699" lon="127.000526">
      <ele>32.0</ele>
      <time>2026-07-20T20:42:23.000Z</time>
      <extensions><gpxtpx:TrackPointExtension><gpxtpx:hr>137</gpxtpx:hr></gpxtpx:TrackPointExtension></extensions>
    </trkpt>
    <trkpt lat="37.566697" lon="127.000562">
      <ele>32.0</ele>
      <time>2026-07-20T20:42:24.000Z</time>
      <extensions><gpxtpx:TrackPointExtension><gpxtpx:hr>137</gpxtpx:hr></gpxtpx:TrackPointExtension></extensions>
    </trkpt>
    <trkpt lat="37.566698" lon="127.000584">
      <ele>32.0</ele>
      <time>2026-07-20T20:42:25.000Z</time>
      <extensions><gpxtpx:TrackPointExtension><gpxtpx:hr>137</gpxtpx:hr></gpxtpx:TrackPointExtension></extensions>
    </trkpt>
    <trkpt lat="37.566696" lon="127.000594">
      <ele>32.0</ele>
      <time>2026-07-20T20:42:26.000Z</time>
      <extensions><gpxtpx:TrackPointExtension><gpxtpx:hr>137</gpxtpx:hr></gpxtpx:TrackPointExtension></extensions>
    </trkpt>
    <trkpt lat="37.566705" lon="127.000616">
      <ele>32.0</ele>
      <time>2026-07-20T20:42:27.000Z</time>
      <extensions><gpxtpx:TrackPointExtension><gpxtpx:hr>136</gpxtpx:hr></gpxtpx:TrackPointExtension></extensions>
    </trkpt>
    <trkpt lat="37.566696" lon="127.000639">
      <ele>32.0</ele>
      <time>2026-07-20T20:42:28.000Z</time>
      <extensions><gpxtpx:TrackPointExtension><gpxtpx:hr>136</gpxtpx:hr></gpxtpx:TrackPointExtension></extensions>
    </trkpt>
    <trkpt lat="37.566703" lon="127.000664">
      <ele>32.0</ele>
      <time>2026-07-20T20:42:29.000Z</time>
      <extensions><gpxtpx:TrackPointExtension><gpxtpx:hr>136</gpxtpx:hr></gpxtpx:TrackPointExtension></extensions>
    </trkpt>
    <trkpt lat="37.566700" lon="127.000662">
      <ele>32.0</ele>
      <time>2026-07-20T20:42:30.000Z</time>
      <extensions><gpxtpx:TrackPointExtension><gpxtpx:hr>136</gpxtpx:hr></gpxtpx:TrackPointExtension></extensions>
    </trkpt>
    <trkpt lat="37.566708" lon="127.000640">
      <ele>32.0</ele>
      <time>2026-07-20T20:42:31.000Z</time>
      <extensions><gpxtpx:TrackPointExtension><gpxtpx:hr>135</gpxtpx:hr></gpxtpx:TrackPointExtension></extensions>
    </trkpt>
    <trkpt lat="37.566708" lon="127.000620">
      <ele>32.0</ele>
      <time>2026-07-20T20:42:32.000Z</time>
      <extensions><gpxtpx:TrackPointExtension><gpxtpx:hr>135</gpxtpx:hr></gpxtpx:TrackPointExtension></extensions>
    </trkpt>
    <trkpt lat="37.566722" lon="127.000612">
      <ele>32.0</ele>
      <time>2026-07-20T20:42:33.000Z</time>
      <extensions><gpxtpx:TrackPointExtension><gpxtpx:hr>135</gpxtpx:hr></gpxtpx:TrackPointExtension></extensions>
    </trkpt>
    <trkpt lat="37.566724" lon="127.000600">
      <ele>32.0</ele>
      <time>2026-07-20T20:42:34.000Z</time>
      <extensions><gpxtpx:TrackPointExtension><gpxtpx:hr>134</gpxtpx:hr></gpxtpx:TrackPointExtension></extensions>
    </trkpt>
    <trkpt lat="37.566739" lon="127.000574">
      <ele>32.0</ele>
      <time>2026-07-20T20:42:35.000Z</time>
      <extensions><gpxtpx:TrackPointExtension><gpxtpx:hr>134</gpxtpx:hr></gpxtpx:TrackPointExtension></extensions>
    </trkpt>
    <trkpt lat="37.566736" lon="127.000566">
      <ele>32.0</ele>
      <time>2026-07-20T20:42:36.000Z</time>
      <extensions><gpxtpx:TrackPointExtension><gpxtpx:hr>134</gpxtpx:hr></gpxtpx:TrackPointExtension></extensions>
    </trkpt>
    <trkpt lat="37.566746" lon="127.000544">
      <ele>32.0</ele>
      <time>2026-07-20T20:42:37.000Z</time>
      <extensions><gpxtpx:TrackPointExtension><gpxtpx:hr>134</gpxtpx:hr></gpxtpx:TrackPointExtension></extensions>
    </trkpt>
    <trkpt lat="37.566752" lon="127.000534">
      <ele>32.0</ele>
      <time>2026-07-20T20:42:38.000Z</time>
      <extensions><gpxtpx:TrackPointExtension><gpxtpx:hr>133</gpxtpx:hr></gpxtpx:TrackPointExtension></extensions>
    </trkpt>
    <trkpt lat="37.566762" lon="127.000509">
      <ele>32.0</ele>
      <time>2026-07-20T20:42:39.000Z</time>
      <extensions><gpxtpx:TrackPointExtension><gpxtpx:hr>133</gpxtpx:hr></gpxtpx:TrackPointExtension></extensions>
    </trkpt>
    <trkpt lat="37.566768" lon="127.000489">
      <ele>32.0</ele>
      <time>2026-07-20T20:42:40.000Z</time>
      <extensions><gpxtpx:TrackPointExtension><gpxtpx:hr>133</gpxtpx:hr></gpxtpx:TrackPointExtension></extensions>
    </trkpt>
    <trkpt lat="37.566766" lon="127.000464">
      <ele>32.0</ele>
      <time>2026-07-20T20:42:41.000Z</time>
      <extensions><gpxtpx:TrackPointExtension><gpxtpx:hr>133</gpxtpx:hr></gpxtpx:TrackPointExtension></extensions>
    </trkpt>
    <trkpt lat="37.566755" lon="127.000430">
      <ele>32.0</ele>
      <time>2026-07-20T20:42:42.000Z</time>
      <extensions><gpxtpx:TrackPointExtension><gpxtpx:hr>134</gpxtpx:hr></gpxtpx:TrackPointExtension></extensions>
    </trkpt>
    <trkpt lat="37.566759" lon="127.000466">
      <ele>32.0</ele>
      <time>2026-07-20T20:42:43.000Z</time>
      <extensions><gpxtpx:TrackPointExtension><gpxtpx:hr>134</gpxtpx:hr></gpxtpx:TrackPointExtension></extensions>
    </trkpt>
    <trkpt lat="37.566750" lon="127.000435">
      <ele>32.0</ele>
      <time>2026-07-20T20:42:44.000Z</time>
      <extensions><gpxtpx:TrackPointExtension><gpxtpx:hr>134</gpxtpx:hr></gpxtpx:TrackPointExtension></extensions>
    </trkpt>
    <trkpt lat="37.566753" lon="127.000455">
      <ele>32.0</ele>
      <time>2026-07-20T20:42:45.000Z</time>
      <extensions><gpxtpx:TrackPointExtension><gpxtpx:hr>135</gpxtpx:hr></gpxtpx:TrackPointExtension></extensions>
    </trkpt>
    <trkpt lat="37.566753" lon="127.000432">
      <ele>32.0</ele>
      <time>2026-07-20T20:42:46.000Z</time>
      <extensions><gpxtpx:TrackPointExtension><gpxtpx:hr>135</gpxtpx:hr></gpxtpx:TrackPointExtension></extensions>
    </trkpt>
    <trkpt lat="37.566763" lon="127.000466">
      <ele>32.0</ele>
      <time>2026-07-20T20:42:47.000Z</time>
      <extensions><gpxtpx:TrackPointExtension><gpxtpx:hr>136</gpxtpx:hr></gpxtpx:TrackPointExtension></extensions>
    </trkpt>
    <trkpt lat="37.566757" lon="127.000425">
      <ele>32.0</ele>
      <time>2026-07-20T20:42:48.000Z</time>
      <extensions><gpxtpx:TrackPointExtension><gpxtpx:hr>136</gpxtpx:hr></gpxtpx:TrackPointExtension></extensions>
    </trkpt>
    <trkpt lat="37.566756" lon="127.000468">
      <ele>32.0</ele>
      <time>2026-07-20T20:42:49.000Z</time>
      <extensions><gpxtpx:TrackPointExtension><gpxtpx:hr>137</gpxtpx:hr></gpxtpx:TrackPointExtension></extensions>
    </trkpt>
    <trkpt lat="37.566726" lon="127.000436">
      <ele>32.0</ele>
      <time>2026-07-20T20:42:50.000Z</time>
      <extensions><gpxtpx:TrackPointExtension><gpxtpx:hr>138</gpxtpx:hr></gpxtpx:TrackPointExtension></extensions>
    </trkpt>
    <trkpt lat="37.566696" lon="127.000405">
      <ele>32.0</ele>
      <time>2026-07-20T20:42:51.000Z</time>
      <extensions><gpxtpx:TrackPointExtension><gpxtpx:hr>138</gpxtpx:hr></gpxtpx:TrackPointExtension></extensions>
    </trkpt>
    <trkpt lat="37.566658" lon="127.000376">
      <ele>32.0</ele>
      <time>2026-07-20T20:42:52.000Z</time>
      <extensions><gpxtpx:TrackPointExtension><gpxtpx:hr>140</gpxtpx:hr></gpxtpx:TrackPointExtension></extensions>
    </trkpt>
    <trkpt lat="37.566610" lon="127.000349">
      <ele>32.0</ele>
      <time>2026-07-20T20:42:53.000Z</time>
      <extensions><gpxtpx:TrackPointExtension><gpxtpx:hr>141</gpxtpx:hr></gpxtpx:TrackPointExtension></extensions>
    </trkpt>
    <trkpt lat="37.566619" lon="127.000385">
      <ele>32.0</ele>
      <time>2026-07-20T20:42:54.000Z</time>
      <extensions><gpxtpx:TrackPointExtension><gpxtpx:hr>141</gpxtpx:hr></gpxtpx:TrackPointExtension></extensions>
    </trkpt>
    <trkpt lat="37.566622" lon="127.000421">
      <ele>32.0</ele>
      <time>2026-07-20T20:42:55.000Z</time>
      <extensions><gpxtpx:TrackPointExtension><gpxtpx:hr>141</gpxtpx:hr></gpxtpx:TrackPointExtension></extensions>
    </trkpt>
    <trkpt lat="37.566637" lon="127.000445">
      <ele>32.0</ele>
      <time>2026-07-20T20:42:56.000Z</time>
      <extensions><gpxtpx:TrackPointExtension><gpxtpx:hr>140</gpxtpx:hr></gpxtpx:TrackPointExtension></extensions>
    </trkpt>
    <trkpt lat="37.566643" lon="127.000453">
      <ele>32.0</ele>
      <time>2026-07-20T20:42:57.000Z</time>
      <extensions><gpxtpx:TrackPointExtension><gpxtpx:hr>140</gpxtpx:hr></gpxtpx:TrackPointExtension></extensions>
    </trkpt>
    <trkpt lat="37.566639" lon="127.000473">
      <ele>32.0</ele>
      <time>2026-07-20T20:42:58.000Z</time>
      <extensions><gpxtpx:TrackPointExtension><gpxtpx:hr>139</gpxtpx:hr></gpxtpx:TrackPointExtension></extensions>
    </trkpt>
    <trkpt lat="37.566648" lon="127.000505">
      <ele>32.0</ele>
      <time>2026-07-20T20:42:59.000Z</time>
      <extensions><gpxtpx:TrackPointExtension><gpxtpx:hr>139</gpxtpx:hr></gpxtpx:TrackPointExtension></extensions>
    </trkpt>
    <trkpt lat="37.566653" lon="127.000514">
      <ele>32.0</ele>
      <time>2026-07-20T20:43:00.000Z</time>
      <extensions><gpxtpx:TrackPointExtension><gpxtpx:hr>139</gpxtpx:hr></gpxtpx:TrackPointExtension></extensions>
    </trkpt>
    <trkpt lat="37.566653" lon="127.000536">
      <ele>32.0</ele>
      <time>2026-07-20T20:43:01.000Z</time>
      <extensions><gpxtpx:TrackPointExtension><gpxtpx:hr>138</gpxtpx:hr></gpxtpx:TrackPointExtension></extensions>
    </trkpt>
    <trkpt lat="37.566658" lon="127.000560">
      <ele>32.0</ele>
      <time>2026-07-20T20:43:02.000Z</time>
      <extensions><gpxtpx:TrackPointExtension><gpxtpx:hr>138</gpxtpx:hr></gpxtpx:TrackPointExtension></extensions>
    </trkpt>
    <trkpt lat="37.566661" lon="127.000573">
      <ele>32.0</ele>
      <time>2026-07-20T20:43:03.000Z</time>
      <extensions><gpxtpx:TrackPointExtension><gpxtpx:hr>138</gpxtpx:hr></gpxtpx:TrackPointExtension></extensions>
    </trkpt>
    <trkpt lat="37.566667" lon="127.000510">
      <ele>32.0</ele>
      <time>2026-07-20T20:43:04.000Z</time>
      <extensions><gpxtpx:TrackPointExtension><gpxtpx:hr>139</gpxtpx:hr></gpxtpx:TrackPointExtension></extensions>
    </trkpt>
    <trkpt lat="37.566671" lon="127.000428">
      <ele>32.0</ele>
      <time>2026-07-20T20:43:05.000Z</time>
      <extensions><gpxtpx:TrackPointExtension><gpxtpx:hr>141</gpxtpx:hr></gpxtpx:TrackPointExtension></extensions>
    </trkpt>
    <trkpt lat="37.566714" lon="127.000468">
      <ele>32.0</ele>
      <time>2026-07-20T20:43:06.000Z</time>
      <extensions><gpxtpx:TrackPointExtension><gpxtpx:hr>142</gpxtpx:hr></gpxtpx:TrackPointExtension></extensions>
    </trkpt>
    <trkpt lat="37.566755" lon="127.000503">
      <ele>32.0</ele>
      <time>2026-07-20T20:43:07.000Z</time>
      <extensions><gpxtpx:TrackPointExtension><gpxtpx:hr>143</gpxtpx:hr></gpxtpx:TrackPointExtension></extensions>
    </trkpt>
    <trkpt lat="37.566779" lon="127.000528">
      <ele>32.0</ele>
      <time>2026-07-20T20:43:08.000Z</time>
      <extensions><gpxtpx:TrackPointExtension><gpxtpx:hr>143</gpxtpx:hr></gpxtpx:TrackPointExtension></extensions>
    </trkpt>
    <trkpt lat="37.566801" lon="127.000552">
      <ele>32.0</ele>
      <time>2026-07-20T20:43:09.000Z</time>
      <extensions><gpxtpx:TrackPointExtension><gpxtpx:hr>144</gpxtpx:hr></gpxtpx:TrackPointExtension></extensions>
    </trkpt>
    <trkpt lat="37.566827" lon="127.000572">
      <ele>32.0</ele>
      <time>2026-07-20T20:43:10.000Z</time>
      <extensions><gpxtpx:TrackPointExtension><gpxtpx:hr>144</gpxtpx:hr></gpxtpx:TrackPointExtension></extensions>
    </trkpt>
    <trkpt lat="37.566857" lon="127.000585">
      <ele>32.0</ele>
      <time>2026-07-20T20:43:11.000Z</time>
      <extensions><gpxtpx:TrackPointExtension><gpxtpx:hr>144</gpxtpx:hr></gpxtpx:TrackPointExtension></extensions>
    </trkpt>
    <trkpt lat="37.566883" lon="127.000616">
      <ele>32.0</ele>
      <time>2026-07-20T20:43:12.000Z</time>
      <extensions><gpxtpx:TrackPointExtension><gpxtpx:hr>144</gpxtpx:hr></gpxtpx:TrackPointExtension></extensions>
    </trkpt>
    <trkpt lat="37.566900" lon="127.000640">
      <ele>32.0</ele>
      <time>2026-07-20T20:43:13.000Z</time>
      <extensions><gpxtpx:TrackPointExtension><gpxtpx:hr>144</gpxtpx:hr></gpxtpx:TrackPointExtension></extensions>
    </trkpt>
    <trkpt lat="37.566878" lon="127.000640">
      <ele>32.0</ele>
      <time>2026-07-20T20:43:14.000Z</time>
      <extensions><gpxtpx:TrackPointExtension><gpxtpx:hr>143</gpxtpx:hr></gpxtpx:TrackPointExtension></extensions>
    </trkpt>
    <trkpt lat="37.566861" lon="127.000643">
      <ele>32.0</ele>
      <time>2026-07-20T20:43:15.000Z</time>
      <extensions><gpxtpx:TrackPointExtension><gpxtpx:hr>143</gpxtpx:hr></gpxtpx:TrackPointExtension></extensions>
    </trkpt>
    <trkpt lat="37.566851" lon="127.000652">
      <ele>32.0</ele>
      <time>2026-07-20T20:43:16.000Z</time>
      <extensions><gpxtpx:TrackPointExtension><gpxtpx:hr>142</gpxtpx:hr></gpxtpx:TrackPointExtension></extensions>
    </trkpt>
    <trkpt lat="37.566841" lon="127.000642">
      <ele>32.0</ele>
      <time>2026-07-20T20:43:17.000Z</time>
      <extensions><gpxtpx:TrackPointExtension><gpxtpx:hr>141</gpxtpx:hr></gpxtpx:TrackPointExtension></extensions>
    </trkpt>
    <trkpt lat="37.566821" lon="127.000649">
      <ele>32.0</ele>
      <time>2026-07-20T20:43:18.000Z</time>
      <extensions><gpxtpx:TrackPointExtension><gpxtpx:hr>141</gpxtpx:hr></gpxtpx:TrackPointExtension></extensions>
    </trkpt>
    <trkpt lat="37.566805" lon="127.000645">
      <ele>32.0</ele>
      <time>2026-07-20T20:43:19.000Z</time>
      <extensions><gpxtpx:TrackPointExtension><gpxtpx:hr>140</gpxtpx:hr></gpxtpx:TrackPointExtension></extensions>
    </trkpt>
    <trkpt lat="37.566805" lon="127.000640">
      <ele>32.0</ele>
      <time>2026-07-20T20:43:20.000Z</time>
      <extensions><gpxtpx:TrackPointExtension><gpxtpx:hr>140</gpxtpx:hr></gpxtpx:TrackPointExtension></extensions>
    </trkpt>
    <trkpt lat="37.566789" lon="127.000600">
      <ele>32.0</ele>
      <time>2026-07-20T20:43:21.000Z</time>
      <extensions><gpxtpx:TrackPointExtension><gpxtpx:hr>140</gpxtpx:hr></gpxtpx:TrackPointExtension></extensions>
    </trkpt>
    <trkpt lat="37.566773" lon="127.000579">
      <ele>32.0</ele>
      <time>2026-07-20T20:43:22.000Z</time>
      <extensions><gpxtpx:TrackPointExtension><gpxtpx:hr>140</gpxtpx:hr></gpxtpx:TrackPointExtension></extensions>
    </trkpt>
    <trkpt lat="37.566756" lon="127.000543">
      <ele>32.0</ele>
      <time>2026-07-20T20:43:23.000Z</time>
      <extensions><gpxtpx:TrackPointExtension><gpxtpx:hr>140</gpxtpx:hr></gpxtpx:TrackPointExtension></extensions>
    </trkpt>
    <trkpt lat="37.566747" lon="127.000509">
      <ele>32.0</ele>
      <time>2026-07-20T20:43:24.000Z</time>
      <extensions><gpxtpx:TrackPointExtension><gpxtpx:hr>140</gpxtpx:hr></gpxtpx:TrackPointExtension></extensions>
    </trkpt>
    <trkpt lat="37.566726" lon="127.000486">
      <ele>32.0</ele>
      <time>2026-07-20T20:43:25.000Z</time>
      <extensions><gpxtpx:TrackPointExtension><gpxtpx:hr>140</gpxtpx:hr></gpxtpx:TrackPointExtension></extensions>
    </trkpt>
    <trkpt lat="37.566719" lon="127.000460">
      <ele>32.0</ele>
      <time>2026-07-20T20:43:26.000Z</time>
      <extensions><gpxtpx:TrackPointExtension><gpxtpx:hr>140</gpxtpx:hr></gpxtpx:TrackPointExtension></extensions>
    </trkpt>
    <trkpt lat="37.566704" lon="127.000412">
      <ele>32.0</ele>
      <time>2026-07-20T20:43:27.000Z</time>
      <extensions><gpxtpx:TrackPointExtension><gpxtpx:hr>141</gpxtpx:hr></gpxtpx:TrackPointExtension></extensions>
    </trkpt>
    <trkpt lat="37.566683" lon="127.000393">
      <ele>32.0</ele>
      <time>2026-07-20T20:43:28.000Z</time>
      <extensions><gpxtpx:TrackPointExtension><gpxtpx:hr>141</gpxtpx:hr></gpxtpx:TrackPointExtension></extensions>
    </trkpt>
    <trkpt lat="37.566668" lon="127.000349">
      <ele>32.0</ele>
      <time>2026-07-20T20:43:29.000Z</time>
      <extensions><gpxtpx:TrackPointExtension><gpxtpx:hr>141</gpxtpx:hr></gpxtpx:TrackPointExtension></extensions>
    </trkpt>
    <trkpt lat="37.566658" lon="127.000402">
      <ele>32.0</ele>
      <time>2026-07-20T20:43:30.000Z</time>
      <extensions><gpxtpx:TrackPointExtension><gpxtpx:hr>142</gpxtpx:hr></gpxtpx:TrackPointExtension></extensions>
    </trkpt>
    <trkpt lat="37.566656" lon="127.000459">
      <ele>32.0</ele>
      <time>2026-07-20T20:43:31.000Z</time>
      <extensions><gpxtpx:TrackPointExtension><gpxtpx:hr>143</gpxtpx:hr></gpxtpx:TrackPointExtension></extensions>
    </trkpt>
    <trkpt lat="37.566651" lon="127.000521">
      <ele>32.0</ele>
      <time>2026-07-20T20:43:32.000Z</time>
      <extensions><gpxtpx:TrackPointExtension><gpxtpx:hr>144</gpxtpx:hr></gpxtpx:TrackPointExtension></extensions>
    </trkpt>
    <trkpt lat="37.566643" lon="127.000569">
      <ele>32.0</ele>
      <time>2026-07-20T20:43:33.000Z</time>
      <extensions><gpxtpx:TrackPointExtension><gpxtpx:hr>144</gpxtpx:hr></gpxtpx:TrackPointExtension></extensions>
    </trkpt>
    <trkpt lat="37.566639" lon="127.000627">
      <ele>32.0</ele>
      <time>2026-07-20T20:43:34.000Z</time>
      <extensions><gpxtpx:TrackPointExtension><gpxtpx:hr>145</gpxtpx:hr></gpxtpx:TrackPointExtension></extensions>
    </trkpt>
    <trkpt lat="37.566648" lon="127.000578">
      <ele>32.0</ele>
      <time>2026-07-20T20:43:35.000Z</time>
      <extensions><gpxtpx:TrackPointExtension><gpxtpx:hr>145</gpxtpx:hr></gpxtpx:TrackPointExtension></extensions>
    </trkpt>
    <trkpt lat="37.566647" lon="127.000539">
      <ele>32.0</ele>
      <time>2026-07-20T20:43:36.000Z</time>
      <extensions><gpxtpx:TrackPointExtension><gpxtpx:hr>145</gpxtpx:hr></gpxtpx:TrackPointExtension></extensions>
    </trkpt>
    <trkpt lat="37.566655" lon="127.000509">
      <ele>32.0</ele>
      <time>2026-07-20T20:43:37.000Z</time>
      <extensions><gpxtpx:TrackPointExtension><gpxtpx:hr>145</gpxtpx:hr></gpxtpx:TrackPointExtension></extensions>
    </trkpt>
    <trkpt lat="37.566659" lon="127.000464">
      <ele>32.0</ele>
      <time>2026-07-20T20:43:38.000Z</time>
      <extensions><gpxtpx:TrackPointExtension><gpxtpx:hr>145</gpxtpx:hr></gpxtpx:TrackPointExtension></extensions>
    </trkpt>
    <trkpt lat="37.566662" lon="127.000459">
      <ele>32.0</ele>
      <time>2026-07-20T20:43:39.000Z</time>
      <extensions><gpxtpx:TrackPointExtension><gpxtpx:hr>144</gpxtpx:hr></gpxtpx:TrackPointExtension></extensions>
    </trkpt>
    <trkpt lat="37.566659" lon="127.000462">
      <ele>32.0</ele>
      <time>2026-07-20T20:43:40.000Z</time>
      <extensions><gpxtpx:TrackPointExtension><gpxtpx:hr>143</gpxtpx:hr></gpxtpx:TrackPointExtension></extensions>
    </trkpt>
    <trkpt lat="37.566649" lon="127.000454">
      <ele>32.0</ele>
      <time>2026-07-20T20:43:41.000Z</time>
      <extensions><gpxtpx:TrackPointExtension><gpxtpx:hr>142</gpxtpx:hr></gpxtpx:TrackPointExtension></extensions>
    </trkpt>
    <trkpt lat="37.566652" lon="127.000448">
      <ele>32.0</ele>
      <time>2026-07-20T20:43:42.000Z</time>
      <extensions><gpxtpx:TrackPointExtension><gpxtpx:hr>140</gpxtpx:hr></gpxtpx:TrackPointExtension></extensions>
    </trkpt>
    <trkpt lat="37.566644" lon="127.000446">
      <ele>32.0</ele>
      <time>2026-07-20T20:43:43.000Z</time>
      <extensions><gpxtpx:TrackPointExtension><gpxtpx:hr>139</gpxtpx:hr></gpxtpx:TrackPointExtension></extensions>
    </trkpt>
    <trkpt lat="37.566656" lon="127.000448">
      <ele>32.0</ele>
      <time>2026-07-20T20:43:44.000Z</time>
      <extensions><gpxtpx:TrackPointExtension><gpxtpx:hr>138</gpxtpx:hr></gpxtpx:TrackPointExtension></extensions>
    </trkpt>
    <trkpt lat="37.566657" lon="127.000449">
      <ele>32.0</ele>
      <time>2026-07-20T20:43:45.000Z</time>
      <extensions><gpxtpx:TrackPointExtension><gpxtpx:hr>137</gpxtpx:hr></gpxtpx:TrackPointExtension></extensions>
    </trkpt>
    <trkpt lat="37.566661" lon="127.000453">
      <ele>32.0</ele>
      <time>2026-07-20T20:43:46.000Z</time>
      <extensions><gpxtpx:TrackPointExtension><gpxtpx:hr>137</gpxtpx:hr></gpxtpx:TrackPointExtension></extensions>
    </trkpt>
    <trkpt lat="37.566675" lon="127.000464">
      <ele>32.0</ele>
      <time>2026-07-20T20:43:47.000Z</time>
      <extensions><gpxtpx:TrackPointExtension><gpxtpx:hr>136</gpxtpx:hr></gpxtpx:TrackPointExtension></extensions>
    </trkpt>
    <trkpt lat="37.566676" lon="127.000472">
      <ele>32.0</ele>
      <time>2026-07-20T20:43:48.000Z</time>
      <extensions><gpxtpx:TrackPointExtension><gpxtpx:hr>136</gpxtpx:hr></gpxtpx:TrackPointExtension></extensions>
    </trkpt>
    <trkpt lat="37.566678" lon="127.000482">
      <ele>32.0</ele>
      <time>2026-07-20T20:43:49.000Z</time>
      <extensions><gpxtpx:TrackPointExtension><gpxtpx:hr>135</gpxtpx:hr></gpxtpx:TrackPointExtension></extensions>
    </trkpt>
    <trkpt lat="37.566669" lon="127.000505">
      <ele>32.0</ele>
      <time>2026-07-20T20:43:50.000Z</time>
      <extensions><gpxtpx:TrackPointExtension><gpxtpx:hr>135</gpxtpx:hr></gpxtpx:TrackPointExtension></extensions>
    </trkpt>
    <trkpt lat="37.566672" lon="127.000528">
      <ele>32.0</ele>
      <time>2026-07-20T20:43:51.000Z</time>
      <extensions><gpxtpx:TrackPointExtension><gpxtpx:hr>135</gpxtpx:hr></gpxtpx:TrackPointExtension></extensions>
    </trkpt>
    <trkpt lat="37.566665" lon="127.000548">
      <ele>32.0</ele>
      <time>2026-07-20T20:43:52.000Z</time>
      <extensions><gpxtpx:TrackPointExtension><gpxtpx:hr>134</gpxtpx:hr></gpxtpx:TrackPointExtension></extensions>
    </trkpt>
    <trkpt lat="37.566669" lon="127.000570">
      <ele>32.0</ele>
      <time>2026-07-20T20:43:53.000Z</time>
      <extensions><gpxtpx:TrackPointExtension><gpxtpx:hr>134</gpxtpx:hr></gpxtpx:TrackPointExtension></extensions>
    </trkpt>
    <trkpt lat="37.566666" lon="127.000590">
      <ele>32.0</ele>
      <time>2026-07-20T20:43:54.000Z</time>
      <extensions><gpxtpx:TrackPointExtension><gpxtpx:hr>134</gpxtpx:hr></gpxtpx:TrackPointExtension></extensions>
    </trkpt>
    <trkpt lat="37.566683" lon="127.000579">
      <ele>32.0</ele>
      <time>2026-07-20T20:43:55.000Z</time>
      <extensions><gpxtpx:TrackPointExtension><gpxtpx:hr>134</gpxtpx:hr></gpxtpx:TrackPointExtension></extensions>
    </trkpt>
    <trkpt lat="37.566699" lon="127.000578">
      <ele>32.0</ele>
      <time>2026-07-20T20:43:56.000Z</time>
      <extensions><gpxtpx:TrackPointExtension><gpxtpx:hr>134</gpxtpx:hr></gpxtpx:TrackPointExtension></extensions>
    </trkpt>
    <trkpt lat="37.566730" lon="127.000567">
      <ele>32.0</ele>
      <time>2026-07-20T20:43:57.000Z</time>
      <extensions><gpxtpx:TrackPointExtension><gpxtpx:hr>135</gpxtpx:hr></gpxtpx:TrackPointExtension></extensions>
    </trkpt>
    <trkpt lat="37.566765" lon="127.000568">
      <ele>32.0</ele>
      <time>2026-07-20T20:43:58.000Z</time>
      <extensions><gpxtpx:TrackPointExtension><gpxtpx:hr>135</gpxtpx:hr></gpxtpx:TrackPointExtension></extensions>
    </trkpt>
    <trkpt lat="37.566788" lon="127.000569">
      <ele>32.0</ele>
      <time>2026-07-20T20:43:59.000Z</time>
      <extensions><gpxtpx:TrackPointExtension><gpxtpx:hr>135</gpxtpx:hr></gpxtpx:TrackPointExtension></extensions>
    </trkpt>
    <trkpt lat="37.566808" lon="127.000564">
      <ele>32.0</ele>
      <time>2026-07-20T20:44:00.000Z</time>
      <extensions><gpxtpx:TrackPointExtension><gpxtpx:hr>136</gpxtpx:hr></gpxtpx:TrackPointExtension></extensions>
    </trkpt>
    <trkpt lat="37.566842" lon="127.000559">
      <ele>32.0</ele>
      <time>2026-07-20T20:44:01.000Z</time>
      <extensions><gpxtpx:TrackPointExtension><gpxtpx:hr>136</gpxtpx:hr></gpxtpx:TrackPointExtension></extensions>
    </trkpt>
    <trkpt lat="37.566864" lon="127.000553">
      <ele>32.0</ele>
      <time>2026-07-20T20:44:02.000Z</time>
      <extensions><gpxtpx:TrackPointExtension><gpxtpx:hr>136</gpxtpx:hr></gpxtpx:TrackPointExtension></extensions>
    </trkpt>
    <trkpt lat="37.566882" lon="127.000557">
      <ele>32.0</ele>
      <time>2026-07-20T20:44:03.000Z</time>
      <extensions><gpxtpx:TrackPointExtension><gpxtpx:hr>136</gpxtpx:hr></gpxtpx:TrackPointExtension></extensions>
    </trkpt>
    <trkpt lat="37.566914" lon="127.000543">
      <ele>32.0</ele>
      <time>2026-07-20T20:44:04.000Z</time>
      <extensions><gpxtpx:TrackPointExtension><gpxtpx:hr>136</gpxtpx:hr></gpxtpx:TrackPointExtension></extensions>
    </trkpt>
    <trkpt lat="37.566877" lon="127.000549">
      <ele>32.0</ele>
      <time>2026-07-20T20:44:05.000Z</time>
      <extensions><gpxtpx:TrackPointExtension><gpxtpx:hr>137</gpxtpx:hr></gpxtpx:TrackPointExtension></extensions>
    </trkpt>
    <trkpt lat="37.566866" lon="127.000532">
      <ele>32.0</ele>
      <time>2026-07-20T20:44:06.000Z</time>
      <extensions><gpxtpx:TrackPointExtension><gpxtpx:hr>136</gpxtpx:hr></gpxtpx:TrackPointExtension></extensions>
    </trkpt>
    <trkpt lat="37.566851" lon="127.000524">
      <ele>32.0</ele>
      <time>2026-07-20T20:44:07.000Z</time>
      <extensions><gpxtpx:TrackPointExtension><gpxtpx:hr>136</gpxtpx:hr></gpxtpx:TrackPointExtension></extensions>
    </trkpt>
    <trkpt lat="37.566850" lon="127.000508">
      <ele>32.0</ele>
      <time>2026-07-20T20:44:08.000Z</time>
      <extensions><gpxtpx:TrackPointExtension><gpxtpx:hr>136</gpxtpx:hr></gpxtpx:TrackPointExtension></extensions>
    </trkpt>
    <trkpt lat="37.566836" lon="127.000486">
      <ele>32.0</ele>
      <time>2026-07-20T20:44:09.000Z</time>
      <extensions><gpxtpx:TrackPointExtension><gpxtpx:hr>136</gpxtpx:hr></gpxtpx:TrackPointExtension></extensions>
    </trkpt>
    <trkpt lat="37.566830" lon="127.000486">
      <ele>32.0</ele>
      <time>2026-07-20T20:44:10.000Z</time>
      <extensions><gpxtpx:TrackPointExtension><gpxtpx:hr>135</gpxtpx:hr></gpxtpx:TrackPointExtension></extensions>
    </trkpt>
    <trkpt lat="37.566871" lon="127.000452">
      <ele>32.0</ele>
      <time>2026-07-20T20:44:11.000Z</time>
      <extensions><gpxtpx:TrackPointExtension><gpxtpx:hr>137</gpxtpx:hr></gpxtpx:TrackPointExtension></extensions>
    </trkpt>
    <trkpt lat="37.566923" lon="127.000408">
      <ele>32.0</ele>
      <time>2026-07-20T20:44:12.000Z</time>
      <extensions><gpxtpx:TrackPointExtension><gpxtpx:hr>138</gpxtpx:hr></gpxtpx:TrackPointExtension></extensions>
    </trkpt>
    <trkpt lat="37.566987" lon="127.000377">
      <ele>32.0</ele>
      <time>2026-07-20T20:44:13.000Z</time>
      <extensions><gpxtpx:TrackPointExtension><gpxtpx:hr>141</gpxtpx:hr></gpxtpx:TrackPointExtension></extensions>
    </trkpt>
    <trkpt lat="37.567038" lon="127.000330">
      <ele>32.0</ele>
      <time>2026-07-20T20:44:14.000Z</time>
      <extensions><gpxtpx:TrackPointExtension><gpxtpx:hr>143</gpxtpx:hr></gpxtpx:TrackPointExtension></extensions>
    </trkpt>
    <trkpt lat="37.566985" lon="127.000365">
      <ele>32.0</ele>
      <time>2026-07-20T20:44:15.000Z</time>
      <extensions><gpxtpx:TrackPointExtension><gpxtpx:hr>145</gpxtpx:hr></gpxtpx:TrackPointExtension></extensions>
    </trkpt>
    <trkpt lat="37.566944" lon="127.000353">
      <ele>32.0</ele>
      <time>2026-07-20T20:44:16.000Z</time>
      <extensions><gpxtpx:TrackPointExtension><gpxtpx:hr>145</gpxtpx:hr></gpxtpx:TrackPointExtension></extensions>
    </trkpt>
    <trkpt lat="37.566903" lon="127.000337">
      <ele>32.0</ele>
      <time>2026-07-20T20:44:17.000Z</time>
      <extensions><gpxtpx:TrackPointExtension><gpxtpx:hr>145</gpxtpx:hr></gpxtpx:TrackPointExtension></extensions>
    </trkpt>
    <trkpt lat="37.566894" lon="127.000334">
      <ele>32.0</ele>
      <time>2026-07-20T20:44:18.000Z</time>
      <extensions><gpxtpx:TrackPointExtension><gpxtpx:hr>145</gpxtpx:hr></gpxtpx:TrackPointExtension></extensions>
    </trkpt>
    <trkpt lat="37.566874" lon="127.000317">
      <ele>32.0</ele>
      <time>2026-07-20T20:44:19.000Z</time>
      <extensions><gpxtpx:TrackPointExtension><gpxtpx:hr>144</gpxtpx:hr></gpxtpx:TrackPointExtension></extensions>
    </trkpt>
    <trkpt lat="37.566875" lon="127.000329">
      <ele>32.0</ele>
      <time>2026-07-20T20:44:20.000Z</time>
      <extensions><gpxtpx:TrackPointExtension><gpxtpx:hr>143</gpxtpx:hr></gpxtpx:TrackPointExtension></extensions>
    </trkpt>
    <trkpt lat="37.566867" lon="127.000333">
      <ele>32.0</ele>
      <time>2026-07-20T20:44:21.000Z</time>
      <extensions><gpxtpx:TrackPointExtension><gpxtpx:hr>142</gpxtpx:hr></gpxtpx:TrackPointExtension></extensions>
    </trkpt>
    <trkpt lat="37.566867" lon="127.000346">
      <ele>32.0</ele>
      <time>2026-07-20T20:44:22.000Z</time>
      <extensions><gpxtpx:TrackPointExtension><gpxtpx:hr>141</gpxtpx:hr></gpxtpx:TrackPointExtension></extensions>
    </trkpt>
    <trkpt lat="37.566883" lon="127.000329">
      <ele>32.0</ele>
      <time>2026-07-20T20:44:23.000Z</time>
      <extensions><gpxtpx:TrackPointExtension><gpxtpx:hr>140</gpxtpx:hr></gpxtpx:TrackPointExtension></extensions>
    </trkpt>
    <trkpt lat="37.566889" lon="127.000297">
      <ele>32.0</ele>
      <time>2026-07-20T20:44:24.000Z</time>
      <extensions><gpxtpx:TrackPointExtension><gpxtpx:hr>140</gpxtpx:hr></gpxtpx:TrackPointExtension></extensions>
    </trkpt>
    <trkpt lat="37.566906" lon="127.000283">
      <ele>32.0</ele>
      <time>2026-07-20T20:44:25.000Z</time>
      <extensions><gpxtpx:TrackPointExtension><gpxtpx:hr>140</gpxtpx:hr></gpxtpx:TrackPointExtension></extensions>
    </trkpt>
    <trkpt lat="37.566932" lon="127.000252">
      <ele>32.0</ele>
      <time>2026-07-20T20:44:26.000Z</time>
      <extensions><gpxtpx:TrackPointExtension><gpxtpx:hr>140</gpxtpx:hr></gpxtpx:TrackPointExtension></extensions>
    </trkpt>
    <trkpt lat="37.566947" lon="127.000212">
      <ele>32.0</ele>
      <time>2026-07-20T20:44:27.000Z</time>
      <extensions><gpxtpx:TrackPointExtension><gpxtpx:hr>140</gpxtpx:hr></gpxtpx:TrackPointExtension></extensions>
    </trkpt>
    <trkpt lat="37.566962" lon="127.000189">
      <ele>32.0</ele>
      <time>2026-07-20T20:44:28.000Z</time>
      <extensions><gpxtpx:TrackPointExtension><gpxtpx:hr>141</gpxtpx:hr></gpxtpx:TrackPointExtension></extensions>
    </trkpt>
    <trkpt lat="37.566982" lon="127.000158">
      <ele>32.0</ele>
      <time>2026-07-20T20:44:29.000Z</time>
      <extensions><gpxtpx:TrackPointExtension><gpxtpx:hr>141</gpxtpx:hr></gpxtpx:TrackPointExtension></extensions>
    </trkpt>
    <trkpt lat="37.566997" lon="127.000140">
      <ele>32.0</ele>
      <time>2026-07-20T20:44:30.000Z</time>
      <extensions><gpxtpx:TrackPointExtension><gpxtpx:hr>141</gpxtpx:hr></gpxtpx:TrackPointExtension></extensions>
    </trkpt>
    <trkpt lat="37.566981" lon="127.000157">
      <ele>32.0</ele>
      <time>2026-07-20T20:44:31.000Z</time>
      <extensions><gpxtpx:TrackPointExtension><gpxtpx:hr>141</gpxtpx:hr></gpxtpx:TrackPointExtension></extensions>
    </trkpt>
    <trkpt lat="37.566996" lon="127.000130">
      <ele>32.0</ele>
      <time>2026-07-20T20:44:32.000Z</time>
      <extensions><gpxtpx:TrackPointExtension><gpxtpx:hr>141</gpxtpx:hr></gpxtpx:TrackPointExtension></extensions>
    </trkpt>
    <trkpt lat="37.567001" lon="127.000151">
      <ele>32.0</ele>
      <time>2026-07-20T20:44:33.000Z</time>
      <extensions><gpxtpx:TrackPointExtension><gpxtpx:hr>141</gpxtpx:hr></gpxtpx:TrackPointExtension></extensions>
    </trkpt>
    <trkpt lat="37.567000" lon="127.000182">
      <ele>32.0</ele>
      <time>2026-07-20T20:44:34.000Z</time>
      <extensions><gpxtpx:TrackPointExtension><gpxtpx:hr>140</gpxtpx:hr></gpxtpx:TrackPointExtension></extensions>
    </trkpt>
    <trkpt lat="37.567003" lon="127.000195">
      <ele>32.0</ele>
      <time>2026-07-20T20:44:35.000Z</time>
      <extensions><gpxtpx:TrackPointExtension><gpxtpx:hr>140</gpxtpx:hr></gpxtpx:TrackPointExtension></extensions>
    </trkpt>
    <trkpt lat="37.567006" lon="127.000220">
      <ele>32.0</ele>
      <time>2026-07-20T20:44:36.000Z</time>
      <extensions><gpxtpx:TrackPointExtension><gpxtpx:hr>139</gpxtpx:hr></gpxtpx:TrackPointExtension></extensions>
    </trkpt>
    <trkpt lat="37.567000" lon="127.000232">
      <ele>32.0</ele>
      <time>2026-07-20T20:44:37.000Z</time>
      <extensions><gpxtpx:TrackPointExtension><gpxtpx:hr>139</gpxtpx:hr></gpxtpx:TrackPointExtension></extensions>
    </trkpt>
    <trkpt lat="37.567000" lon="127.000274">
      <ele>32.0</ele>
      <time>2026-07-20T20:44:38.000Z</time>
      <extensions><gpxtpx:TrackPointExtension><gpxtpx:hr>139</gpxtpx:hr></gpxtpx:TrackPointExtension></extensions>
    </trkpt>
    <trkpt lat="37.566990" lon="127.000321">
      <ele>32.0</ele>
      <time>2026-07-20T20:44:39.000Z</time>
      <extensions><gpxtpx:TrackPointExtension><gpxtpx:hr>140</gpxtpx:hr></gpxtpx:TrackPointExtension></extensions>
    </trkpt>
    <trkpt lat="37.566999" lon="127.000387">
      <ele>32.0</ele>
      <time>2026-07-20T20:44:40.000Z</time>
      <extensions><gpxtpx:TrackPointExtension><gpxtpx:hr>141</gpxtpx:hr></gpxtpx:TrackPointExtension></extensions>
    </trkpt>
    <trkpt lat="37.566995" lon="127.000440">
      <ele>32.0</ele>
      <time>2026-07-20T20:44:41.000Z</time>
      <extensions><gpxtpx:TrackPointExtension><gpxtpx:hr>142</gpxtpx:hr></gpxtpx:TrackPointExtension></extensions>
    </trkpt>
    <trkpt lat="37.566989" lon="127.000504">
      <ele>32.0</ele>
      <time>2026-07-20T20:44:42.000Z</time>
      <extensions><gpxtpx:TrackPointExtension><gpxtpx:hr>143</gpxtpx:hr></gpxtpx:TrackPointExtension></extensions>
    </trkpt>
    <trkpt lat="37.566980" lon="127.000562">
      <ele>32.0</ele>
      <time>2026-07-20T20:44:43.000Z</time>
      <extensions><gpxtpx:TrackPointExtension><gpxtpx:hr>144</gpxtpx:hr></gpxtpx:TrackPointExtension></extensions>
    </trkpt>
    <trkpt lat="37.566986" lon="127.000625">
      <ele>32.0</ele>
      <time>2026-07-20T20:44:44.000Z</time>
      <extensions><gpxtpx:TrackPointExtension><gpxtpx:hr>144</gpxtpx:hr></gpxtpx:TrackPointExtension></extensions>
    </trkpt>
    <trkpt lat="37.566956" lon="127.000666">
      <ele>32.0</ele>
      <time>2026-07-20T20:44:45.000Z</time>
      <extensions><gpxtpx:TrackPointExtension><gpxtpx:hr>145</gpxtpx:hr></gpxtpx:TrackPointExtension></extensions>
    </trkpt>
    <trkpt lat="37.566937" lon="127.000721">
      <ele>32.0</ele>
      <time>2026-07-20T20:44:46.000Z</time>
      <extensions><gpxtpx:TrackPointExtension><gpxtpx:hr>146</gpxtpx:hr></gpxtpx:TrackPointExtension></extensions>
    </trkpt>
    <trkpt lat="37.566914" lon="127.000764">
      <ele>32.0</ele>
      <time>2026-07-20T20:44:47.000Z</time>
      <extensions><gpxtpx:TrackPointExtension><gpxtpx:hr>147</gpxtpx:hr></gpxtpx:TrackPointExtension></extensions>
    </trkpt>
    <trkpt lat="37.566892" lon="127.000818">
      <ele>32.0</ele>
      <time>2026-07-20T20:44:48.000Z</time>
      <extensions><gpxtpx:TrackPointExtension><gpxtpx:hr>147</gpxtpx:hr></gpxtpx:TrackPointExtension></extensions>
    </trkpt>
    <trkpt lat="37.566912" lon="127.000897">
      <ele>32.0</ele>
      <time>2026-07-20T20:44:49.000Z</time>
      <extensions><gpxtpx:TrackPointExtension><gpxtpx:hr>149</gpxtpx:hr></gpxtpx:TrackPointExtension></extensions>
    </trkpt>
    <trkpt lat="37.566918" lon="127.000986">
      <ele>32.0</ele>
      <time>2026-07-20T20:44:50.000Z</time>
      <extensions><gpxtpx:TrackPointExtension><gpxtpx:hr>150</gpxtpx:hr></gpxtpx:TrackPointExtension></extensions>
    </trkpt>
    <trkpt lat="37.566946" lon="127.001049">
      <ele>32.0</ele>
      <time>2026-07-20T20:44:51.000Z</time>
      <extensions><gpxtpx:TrackPointExtension><gpxtpx:hr>152</gpxtpx:hr></gpxtpx:TrackPointExtension></extensions>
    </trkpt>
    <trkpt lat="37.566942" lon="127.000997">
      <ele>32.0</ele>
      <time>2026-07-20T20:44:52.000Z</time>
      <extensions><gpxtpx:TrackPointExtension><gpxtpx:hr>152</gpxtpx:hr></gpxtpx:TrackPointExtension></extensions>
    </trkpt>
    <trkpt lat="37.566948" lon="127.000962">
      <ele>32.0</ele>
      <time>2026-07-20T20:44:53.000Z</time>
      <extensions><gpxtpx:TrackPointExtension><gpxtpx:hr>152</gpxtpx:hr></gpxtpx:TrackPointExtension></extensions>
    </trkpt>
    <trkpt lat="37.566936" lon="127.001000">
      <ele>32.0</ele>
      <time>2026-07-20T20:44:54.000Z</time>
      <extensions><gpxtpx:TrackPointExtension><gpxtpx:hr>151</gpxtpx:hr></gpxtpx:TrackPointExtension></extensions>
    </trkpt>
    <trkpt lat="37.566946" lon="127.000978">
      <ele>32.0</ele>
      <time>2026-07-20T20:44:55.000Z</time>
      <extensions><gpxtpx:TrackPointExtension><gpxtpx:hr>150</gpxtpx:hr></gpxtpx:TrackPointExtension></extensions>
    </trkpt>
    <trkpt lat="37.566941" lon="127.000970">
      <ele>32.0</ele>
      <time>2026-07-20T20:44:56.000Z</time>
      <extensions><gpxtpx:TrackPointExtension><gpxtpx:hr>149</gpxtpx:hr></gpxtpx:TrackPointExtension></extensions>
    </trkpt>
    <trkpt lat="37.566934" lon="127.000963">
      <ele>32.0</ele>
      <time>2026-07-20T20:44:57.000Z</time>
      <extensions><gpxtpx:TrackPointExtension><gpxtpx:hr>148</gpxtpx:hr></gpxtpx:TrackPointExtension></extensions>
    </trkpt>
    <trkpt lat="37.566919" lon="127.000943">
      <ele>32.0</ele>
      <time>2026-07-20T20:44:58.000Z</time>
      <extensions><gpxtpx:TrackPointExtension><gpxtpx:hr>147</gpxtpx:hr></gpxtpx:TrackPointExtension></extensions>
    </trkpt>
    <trkpt lat="37.566920" lon="127.000938">
      <ele>32.0</ele>
      <time>2026-07-20T20:44:59.000Z</time>
      <extensions><gpxtpx:TrackPointExtension><gpxtpx:hr>146</gpxtpx:hr></gpxtpx:TrackPointExtension></extensions>
    </trkpt>
    <trkpt lat="37.566901" lon="127.000915">
      <ele>32.0</ele>
      <time>2026-07-20T20:45:00.000Z</time>
      <extensions><gpxtpx:TrackPointExtension><gpxtpx:hr>145</gpxtpx:hr></gpxtpx:TrackPointExtension></extensions>
    </trkpt>
    <trkpt lat="37.566900" lon="127.000909">
      <ele>32.0</ele>
      <time>2026-07-20T20:45:01.000Z</time>
      <extensions><gpxtpx:TrackPointExtension><gpxtpx:hr>144</gpxtpx:hr></gpxtpx:TrackPointExtension></extensions>
    </trkpt>
    <trkpt lat="37.566887" lon="127.000886">
      <ele>32.0</ele>
      <time>2026-07-20T20:45:02.000Z</time>
      <extensions><gpxtpx:TrackPointExtension><gpxtpx:hr>144</gpxtpx:hr></gpxtpx:TrackPointExtension></extensions>
    </trkpt>
    <trkpt lat="37.566896" lon="127.000834">
      <ele>32.0</ele>
      <time>2026-07-20T20:45:03.000Z</time>
      <extensions><gpxtpx:TrackPointExtension><gpxtpx:hr>145</gpxtpx:hr></gpxtpx:TrackPointExtension></extensions>
    </trkpt>
    <trkpt lat="37.566907" lon="127.000751">
      <ele>32.0</ele>
      <time>2026-07-20T20:45:04.000Z</time>
      <extensions><gpxtpx:TrackPointExtension><gpxtpx:hr>146</gpxtpx:hr></gpxtpx:TrackPointExtension></extensions>
    </trkpt>
    <trkpt lat="37.566908" lon="127.000814">
      <ele>32.0</ele>
      <time>2026-07-20T20:45:05.000Z</time>
      <extensions><gpxtpx:TrackPointExtension><gpxtpx:hr>146</gpxtpx:hr></gpxtpx:TrackPointExtension></extensions>
    </trkpt>
    <trkpt lat="37.566923" lon="127.000843">
      <ele>32.0</ele>
      <time>2026-07-20T20:45:06.000Z</time>
      <extensions><gpxtpx:TrackPointExtension><gpxtpx:hr>146</gpxtpx:hr></gpxtpx:TrackPointExtension></extensions>
    </trkpt>
    <trkpt lat="37.566916" lon="127.000874">
      <ele>32.0</ele>
      <time>2026-07-20T20:45:07.000Z</time>
      <extensions><gpxtpx:TrackPointExtension><gpxtpx:hr>146</gpxtpx:hr></gpxtpx:TrackPointExtension></extensions>
    </trkpt>
    <trkpt lat="37.566920" lon="127.000889">
      <ele>32.0</ele>
      <time>2026-07-20T20:45:08.000Z</time>
      <extensions><gpxtpx:TrackPointExtension><gpxtpx:hr>145</gpxtpx:hr></gpxtpx:TrackPointExtension></extensions>
    </trkpt>
    <trkpt lat="37.566931" lon="127.000910">
      <ele>32.0</ele>
      <time>2026-07-20T20:45:09.000Z</time>
      <extensions><gpxtpx:TrackPointExtension><gpxtpx:hr>145</gpxtpx:hr></gpxtpx:TrackPointExtension></extensions>
    </trkpt>
    <trkpt lat="37.566924" lon="127.000930">
      <ele>32.0</ele>
      <time>2026-07-20T20:45:10.000Z</time>
      <extensions><gpxtpx:TrackPointExtension><gpxtpx:hr>144</gpxtpx:hr></gpxtpx:TrackPointExtension></extensions>
    </trkpt>
    <trkpt lat="37.566930" lon="127.000958">
      <ele>32.0</ele>
      <time>2026-07-20T20:45:11.000Z</time>
      <extensions><gpxtpx:TrackPointExtension><gpxtpx:hr>143</gpxtpx:hr></gpxtpx:TrackPointExtension></extensions>
    </trkpt>
    <trkpt lat="37.566928" lon="127.000979">
      <ele>32.0</ele>
      <time>2026-07-20T20:45:12.000Z</time>
      <extensions><gpxtpx:TrackPointExtension><gpxtpx:hr>142</gpxtpx:hr></gpxtpx:TrackPointExtension></extensions>
    </trkpt>
    <trkpt lat="37.566932" lon="127.000975">
      <ele>32.0</ele>
      <time>2026-07-20T20:45:13.000Z</time>
      <extensions><gpxtpx:TrackPointExtension><gpxtpx:hr>141</gpxtpx:hr></gpxtpx:TrackPointExtension></extensions>
    </trkpt>
    <trkpt lat="37.566939" lon="127.000962">
      <ele>32.0</ele>
      <time>2026-07-20T20:45:14.000Z</time>
      <extensions><gpxtpx:TrackPointExtension><gpxtpx:hr>140</gpxtpx:hr></gpxtpx:TrackPointExtension></extensions>
    </trkpt>
    <trkpt lat="37.566936" lon="127.000960">
      <ele>32.0</ele>
      <time>2026-07-20T20:45:15.000Z</time>
      <extensions><gpxtpx:TrackPointExtension><gpxtpx:hr>139</gpxtpx:hr></gpxtpx:TrackPointExtension></extensions>
    </trkpt>
    <trkpt lat="37.566928" lon="127.000947">
      <ele>32.0</ele>
      <time>2026-07-20T20:45:16.000Z</time>
      <extensions><gpxtpx:TrackPointExtension><gpxtpx:hr>138</gpxtpx:hr></gpxtpx:TrackPointExtension></extensions>
    </trkpt>
    <trkpt lat="37.566922" lon="127.000917">
      <ele>32.0</ele>
      <time>2026-07-20T20:45:17.000Z</time>
      <extensions><gpxtpx:TrackPointExtension><gpxtpx:hr>139</gpxtpx:hr></gpxtpx:TrackPointExtension></extensions>
    </trkpt>
    <trkpt lat="37.566910" lon="127.000867">
      <ele>32.0</ele>
      <time>2026-07-20T20:45:18.000Z</time>
      <extensions><gpxtpx:TrackPointExtension><gpxtpx:hr>140</gpxtpx:hr></gpxtpx:TrackPointExtension></extensions>
    </trkpt>
    <trkpt lat="37.566897" lon="127.000797">
      <ele>32.0</ele>
      <time>2026-07-20T20:45:19.000Z</time>
      <extensions><gpxtpx:TrackPointExtension><gpxtpx:hr>141</gpxtpx:hr></gpxtpx:TrackPointExtension></extensions>
    </trkpt>
    <trkpt lat="37.566880" lon="127.000747">
      <ele>32.0</ele>
      <time>2026-07-20T20:45:20.000Z</time>
      <extensions><gpxtpx:TrackPointExtension><gpxtpx:hr>142</gpxtpx:hr></gpxtpx:TrackPointExtension></extensions>
    </trkpt>
    <trkpt lat="37.566872" lon="127.000676">
      <ele>32.0</ele>
      <time>2026-07-20T20:45:21.000Z</time>
      <extensions><gpxtpx:TrackPointExtension><gpxtpx:hr>143</gpxtpx:hr></gpxtpx:TrackPointExtension></extensions>
    </trkpt>
    <trkpt lat="37.566855" lon="127.000622">
      <ele>32.0</ele>
      <time>2026-07-20T20:45:22.000Z</time>
      <extensions><gpxtpx:TrackPointExtension><gpxtpx:hr>144</gpxtpx:hr></gpxtpx:TrackPointExtension></extensions>
    </trkpt>
    <trkpt lat="37.566858" lon="127.000664">
      <ele>32.0</ele>
      <time>2026-07-20T20:45:23.000Z</time>
      <extensions><gpxtpx:TrackPointExtension><gpxtpx:hr>144</gpxtpx:hr></gpxtpx:TrackPointExtension></extensions>
    </trkpt>
    <trkpt lat="37.566863" lon="127.000701">
      <ele>32.0</ele>
      <time>2026-07-20T20:45:24.000Z</time>
      <extensions><gpxtpx:TrackPointExtension><gpxtpx:hr>144</gpxtpx:hr></gpxtpx:TrackPointExtension></extensions>
    </trkpt>
    <trkpt lat="37.566860" lon="127.000726">
      <ele>32.0</ele>
      <time>2026-07-20T20:45:25.000Z</time>
      <extensions><gpxtpx:TrackPointExtension><gpxtpx:hr>143</gpxtpx:hr></gpxtpx:TrackPointExtension></extensions>
    </trkpt>
    <trkpt lat="37.566860" lon="127.000757">
      <ele>32.0</ele>
      <time>2026-07-20T20:45:26.000Z</time>
      <extensions><gpxtpx:TrackPointExtension><gpxtpx:hr>143</gpxtpx:hr></gpxtpx:TrackPointExtension></extensions>
    </trkpt>
    <trkpt lat="37.566856" lon="127.000771">
      <ele>32.0</ele>
      <time>2026-07-20T20:45:27.000Z</time>
      <extensions><gpxtpx:TrackPointExtension><gpxtpx:hr>142</gpxtpx:hr></gpxtpx:TrackPointExtension></extensions>
    </trkpt>
    <trkpt lat="37.566869" lon="127.000785">
      <ele>32.0</ele>
      <time>2026-07-20T20:45:28.000Z</time>
      <extensions><gpxtpx:TrackPointExtension><gpxtpx:hr>142</gpxtpx:hr></gpxtpx:TrackPointExtension></extensions>
    </trkpt>
    <trkpt lat="37.566843" lon="127.000742">
      <ele>32.0</ele>
      <time>2026-07-20T20:45:29.000Z</time>
      <extensions><gpxtpx:TrackPointExtension><gpxtpx:hr>142</gpxtpx:hr></gpxtpx:TrackPointExtension></extensions>
    </trkpt>
    <trkpt lat="37.566824" lon="127.000704">
      <ele>32.0</ele>
      <time>2026-07-20T20:45:30.000Z</time>
      <extensions><gpxtpx:TrackPointExtension><gpxtpx:hr>143</gpxtpx:hr></gpxtpx:TrackPointExtension></extensions>
    </trkpt>
    <trkpt lat="37.566813" lon="127.000656">
      <ele>32.0</ele>
      <time>2026-07-20T20:45:31.000Z</time>
      <extensions><gpxtpx:TrackPointExtension><gpxtpx:hr>143</gpxtpx:hr></gpxtpx:TrackPointExtension></extensions>
    </trkpt>
    <trkpt lat="37.566815" lon="127.000592">
      <ele>32.0</ele>
      <time>2026-07-20T20:45:32.000Z</time>
      <extensions><gpxtpx:TrackPointExtension><gpxtpx:hr>144</gpxtpx:hr></gpxtpx:TrackPointExtension></extensions>
    </trkpt>
    <trkpt lat="37.566830" lon="127.000546">
      <ele>32.0</ele>
      <time>2026-07-20T20:45:33.000Z</time>
      <extensions><gpxtpx:TrackPointExtension><gpxtpx:hr>145</gpxtpx:hr></gpxtpx:TrackPointExtension></extensions>
    </trkpt>
    <trkpt lat="37.566834" lon="127.000490">
      <ele>32.0</ele>
      <time>2026-07-20T20:45:34.000Z</time>
      <extensions><gpxtpx:TrackPointExtension><gpxtpx:hr>146</gpxtpx:hr></gpxtpx:TrackPointExtension></extensions>
    </trkpt>
    <trkpt lat="37.566848" lon="127.000419">
      <ele>32.0</ele>
      <time>2026-07-20T20:45:35.000Z</time>
      <extensions><gpxtpx:TrackPointExtension><gpxtpx:hr>146</gpxtpx:hr></gpxtpx:TrackPointExtension></extensions>
    </trkpt>
    <trkpt lat="37.566859" lon="127.000366">
      <ele>32.0</ele>
      <time>2026-07-20T20:45:36.000Z</time>
      <extensions><gpxtpx:TrackPointExtension><gpxtpx:hr>147</gpxtpx:hr></gpxtpx:TrackPointExtension></extensions>
    </trkpt>
    <trkpt lat="37.566860" lon="127.000315">
      <ele>32.0</ele>
      <time>2026-07-20T20:45:37.000Z</time>
      <extensions><gpxtpx:TrackPointExtension><gpxtpx:hr>148</gpxtpx:hr></gpxtpx:TrackPointExtension></extensions>
    </trkpt>
    <trkpt lat="37.566872" lon="127.000251">
      <ele>32.0</ele>
      <time>2026-07-20T20:45:38.000Z</time>
      <extensions><gpxtpx:TrackPointExtension><gpxtpx:hr>148</gpxtpx:hr></gpxtpx:TrackPointExtension></extensions>
    </trkpt>
    <trkpt lat="37.566866" lon="127.000324">
      <ele>32.0</ele>
      <time>2026-07-20T20:45:39.000Z</time>
      <extensions><gpxtpx:TrackPointExtension><gpxtpx:hr>149</gpxtpx:hr></gpxtpx:TrackPointExtension></extensions>
    </trkpt>
    <trkpt lat="37.566866" lon="127.000414">
      <ele>32.0</ele>
      <time>2026-07-20T20:45:40.000Z</time>
      <extensions><gpxtpx:TrackPointExtension><gpxtpx:hr>151</gpxtpx:hr></gpxtpx:TrackPointExtension></extensions>
    </trkpt>
    <trkpt lat="37.566862" lon="127.000489">
      <ele>32.0</ele>
      <time>2026-07-20T20:45:41.000Z</time>
      <extensions><gpxtpx:TrackPointExtension><gpxtpx:hr>152</gpxtpx:hr></gpxtpx:TrackPointExtension></extensions>
    </trkpt>
    <trkpt lat="37.566860" lon="127.000580">
      <ele>32.0</ele>
      <time>2026-07-20T20:45:42.000Z</time>
      <extensions><gpxtpx:TrackPointExtension><gpxtpx:hr>154</gpxtpx:hr></gpxtpx:TrackPointExtension></extensions>
    </trkpt>
    <trkpt lat="37.566864" lon="127.000668">
      <ele>32.0</ele>
      <time>2026-07-20T20:45:43.000Z</time>
      <extensions><gpxtpx:TrackPointExtension><gpxtpx:hr>155</gpxtpx:hr></gpxtpx:TrackPointExtension></extensions>
    </trkpt>
    <trkpt lat="37.566895" lon="127.000747">
      <ele>32.0</ele>
      <time>2026-07-20T20:45:44.000Z</time>
      <extensions><gpxtpx:TrackPointExtension><gpxtpx:hr>157</gpxtpx:hr></gpxtpx:TrackPointExtension></extensions>
    </trkpt>
    <trkpt lat="37.566938" lon="127.000816">
      <ele>32.0</ele>
      <time>2026-07-20T20:45:45.000Z</time>
      <extensions><gpxtpx:TrackPointExtension><gpxtpx:hr>158</gpxtpx:hr></gpxtpx:TrackPointExtension></extensions>
    </trkpt>
    <trkpt lat="37.566988" lon="127.000883">
      <ele>32.0</ele>
      <time>2026-07-20T20:45:46.000Z</time>
      <extensions><gpxtpx:TrackPointExtension><gpxtpx:hr>159</gpxtpx:hr></gpxtpx:TrackPointExtension></extensions>
    </trkpt>
    <trkpt lat="37.566975" lon="127.000859">
      <ele>32.0</ele>
      <time>2026-07-20T20:45:47.000Z</time>
      <extensions><gpxtpx:TrackPointExtension><gpxtpx:hr>158</gpxtpx:hr></gpxtpx:TrackPointExtension></extensions>
    </trkpt>
    <trkpt lat="37.566967" lon="127.000844">
      <ele>32.0</ele>
      <time>2026-07-20T20:45:48.000Z</time>
      <extensions><gpxtpx:TrackPointExtension><gpxtpx:hr>156</gpxtpx:hr></gpxtpx:TrackPointExtension></extensions>
    </trkpt>
    <trkpt lat="37.566961" lon="127.000859">
      <ele>32.0</ele>
      <time>2026-07-20T20:45:49.000Z</time>
      <extensions><gpxtpx:TrackPointExtension><gpxtpx:hr>154</gpxtpx:hr></gpxtpx:TrackPointExtension></extensions>
    </trkpt>
    <trkpt lat="37.566954" lon="127.000859">
      <ele>32.0</ele>
      <time>2026-07-20T20:45:50.000Z</time>
      <extensions><gpxtpx:TrackPointExtension><gpxtpx:hr>153</gpxtpx:hr></gpxtpx:TrackPointExtension></extensions>
    </trkpt>
    <trkpt lat="37.566953" lon="127.000860">
      <ele>32.0</ele>
      <time>2026-07-20T20:45:51.000Z</time>
      <extensions><gpxtpx:TrackPointExtension><gpxtpx:hr>151</gpxtpx:hr></gpxtpx:TrackPointExtension></extensions>
    </trkpt>
    <trkpt lat="37.566957" lon="127.000859">
      <ele>32.0</ele>
      <time>2026-07-20T20:45:52.000Z</time>
      <extensions><gpxtpx:TrackPointExtension><gpxtpx:hr>149</gpxtpx:hr></gpxtpx:TrackPointExtension></extensions>
    </trkpt>
    <trkpt lat="37.566957" lon="127.000856">
      <ele>32.0</ele>
      <time>2026-07-20T20:45:53.000Z</time>
      <extensions><gpxtpx:TrackPointExtension><gpxtpx:hr>148</gpxtpx:hr></gpxtpx:TrackPointExtension></extensions>
    </trkpt>
    <trkpt lat="37.566955" lon="127.000842">
      <ele>32.0</ele>
      <time>2026-07-20T20:45:54.000Z</time>
      <extensions><gpxtpx:TrackPointExtension><gpxtpx:hr>147</gpxtpx:hr></gpxtpx:TrackPointExtension></extensions>
    </trkpt>
    <trkpt lat="37.566971" lon="127.000825">
      <ele>32.0</ele>
      <time>2026-07-20T20:45:55.000Z</time>
      <extensions><gpxtpx:TrackPointExtension><gpxtpx:hr>146</gpxtpx:hr></gpxtpx:TrackPointExtension></extensions>
    </trkpt>
    <trkpt lat="37.566972" lon="127.000785">
      <ele>32.0</ele>
      <time>2026-07-20T20:45:56.000Z</time>
      <extensions><gpxtpx:TrackPointExtension><gpxtpx:hr>146</gpxtpx:hr></gpxtpx:TrackPointExtension></extensions>
    </trkpt>
    <trkpt lat="37.566977" lon="127.000764">
      <ele>32.0</ele>
      <time>2026-07-20T20:45:57.000Z</time>
      <extensions><gpxtpx:TrackPointExtension><gpxtpx:hr>145</gpxtpx:hr></gpxtpx:TrackPointExtension></extensions>
    </trkpt>
    <trkpt lat="37.566990" lon="127.000721">
      <ele>32.0</ele>
      <time>2026-07-20T20:45:58.000Z</time>
      <extensions><gpxtpx:TrackPointExtension><gpxtpx:hr>145</gpxtpx:hr></gpxtpx:TrackPointExtension></extensions>
    </trkpt>
    <trkpt lat="37.566998" lon="127.000684">
      <ele>32.0</ele>
      <time>2026-07-20T20:45:59.000Z</time>
      <extensions><gpxtpx:TrackPointExtension><gpxtpx:hr>145</gpxtpx:hr></gpxtpx:TrackPointExtension></extensions>
    </trkpt>
    <trkpt lat="37.567010" lon="127.000649">
      <ele>32.0</ele>
      <time>2026-07-20T20:46:00.000Z</time>
      <extensions><gpxtpx:TrackPointExtension><gpxtpx:hr>145</gpxtpx:hr></gpxtpx:TrackPointExtension></extensions>
    </trkpt>
    <trkpt lat="37.567022" lon="127.000612">
      <ele>32.0</ele>
      <time>2026-07-20T20:46:01.000Z</time>
      <extensions><gpxtpx:TrackPointExtension><gpxtpx:hr>145</gpxtpx:hr></gpxtpx:TrackPointExtension></extensions>
    </trkpt>
    <trkpt lat="37.567032" lon="127.000580">
      <ele>32.0</ele>
      <time>2026-07-20T20:46:02.000Z</time>
      <extensions><gpxtpx:TrackPointExtension><gpxtpx:hr>145</gpxtpx:hr></gpxtpx:TrackPointExtension></extensions>
    </trkpt>
    <trkpt lat="37.567037" lon="127.000549">
      <ele>32.0</ele>
      <time>2026-07-20T20:46:03.000Z</time>
      <extensions><gpxtpx:TrackPointExtension><gpxtpx:hr>145</gpxtpx:hr></gpxtpx:TrackPointExtension></extensions>
    </trkpt>
    <trkpt lat="37.567023" lon="127.000579">
      <ele>32.0</ele>
      <time>2026-07-20T20:46:04.000Z</time>
      <extensions><gpxtpx:TrackPointExtension><gpxtpx:hr>145</gpxtpx:hr></gpxtpx:TrackPointExtension></extensions>
    </trkpt>
    <trkpt lat="37.567007" lon="127.000595">
      <ele>32.0</ele>
      <time>2026-07-20T20:46:05.000Z</time>
      <extensions><gpxtpx:TrackPointExtension><gpxtpx:hr>145</gpxtpx:hr></gpxtpx:TrackPointExtension></extensions>
    </trkpt>
    <trkpt lat="37.566995" lon="127.000631">
      <ele>32.0</ele>
      <time>2026-07-20T20:46:06.000Z</time>
      <extensions><gpxtpx:TrackPointExtension><gpxtpx:hr>144</gpxtpx:hr></gpxtpx:TrackPointExtension></extensions>
    </trkpt>
    <trkpt lat="37.566971" lon="127.000662">
      <ele>32.0</ele>
      <time>2026-07-20T20:46:07.000Z</time>
      <extensions><gpxtpx:TrackPointExtension><gpxtpx:hr>144</gpxtpx:hr></gpxtpx:TrackPointExtension></extensions>
    </trkpt>
    <trkpt lat="37.566961" lon="127.000676">
      <ele>32.0</ele>
      <time>2026-07-20T20:46:08.000Z</time>
      <extensions><gpxtpx:TrackPointExtension><gpxtpx:hr>144</gpxtpx:hr></gpxtpx:TrackPointExtension></extensions>
    </trkpt>
    <trkpt lat="37.566942" lon="127.000707">
      <ele>32.0</ele>
      <time>2026-07-20T20:46:09.000Z</time>
      <extensions><gpxtpx:TrackPointExtension><gpxtpx:hr>144</gpxtpx:hr></gpxtpx:TrackPointExtension></extensions>
    </trkpt>
    <trkpt lat="37.566922" lon="127.000741">
      <ele>32.0</ele>
      <time>2026-07-20T20:46:10.000Z</time>
      <extensions><gpxtpx:TrackPointExtension><gpxtpx:hr>144</gpxtpx:hr></gpxtpx:TrackPointExtension></extensions>
    </trkpt>
    <trkpt lat="37.566897" lon="127.000759">
      <ele>32.0</ele>
      <time>2026-07-20T20:46:11.000Z</time>
      <extensions><gpxtpx:TrackPointExtension><gpxtpx:hr>144</gpxtpx:hr></gpxtpx:TrackPointExtension></extensions>
    </trkpt>
    <trkpt lat="37.566872" lon="127.000792">
      <ele>32.0</ele>
      <time>2026-07-20T20:46:12.000Z</time>
      <extensions><gpxtpx:TrackPointExtension><gpxtpx:hr>144</gpxtpx:hr></gpxtpx:TrackPointExtension></extensions>
    </trkpt>
    <trkpt lat="37.566851" lon="127.000816">
      <ele>32.0</ele>
      <time>2026-07-20T20:46:13.000Z</time>
      <extensions><gpxtpx:TrackPointExtension><gpxtpx:hr>144</gpxtpx:hr></gpxtpx:TrackPointExtension></extensions>
    </trkpt>
    <trkpt lat="37.566831" lon="127.000842">
      <ele>32.0</ele>
      <time>2026-07-20T20:46:14.000Z</time>
      <extensions><gpxtpx:TrackPointExtension><gpxtpx:hr>144</gpxtpx:hr></gpxtpx:TrackPointExtension></extensions>
    </trkpt>
    <trkpt lat="37.566814" lon="127.000867">
      <ele>32.0</ele>
      <time>2026-07-20T20:46:15.000Z</time>
      <extensions><gpxtpx:TrackPointExtension><gpxtpx:hr>144</gpxtpx:hr></gpxtpx:TrackPointExtension></extensions>
    </trkpt>
    <trkpt lat="37.566808" lon="127.000807">
      <ele>32.0</ele>
      <time>2026-07-20T20:46:16.000Z</time>
      <extensions><gpxtpx:TrackPointExtension><gpxtpx:hr>145</gpxtpx:hr></gpxtpx:TrackPointExtension></extensions>
    </trkpt>
    <trkpt lat="37.566801" lon="127.000756">
      <ele>32.0</ele>
      <time>2026-07-20T20:46:17.000Z</time>
      <extensions><gpxtpx:TrackPointExtension><gpxtpx:hr>146</gpxtpx:hr></gpxtpx:TrackPointExtension></extensions>
    </trkpt>
    <trkpt lat="37.566794" lon="127.000692">
      <ele>32.0</ele>
      <time>2026-07-20T20:46:18.000Z</time>
      <extensions><gpxtpx:TrackPointExtension><gpxtpx:hr>146</gpxtpx:hr></gpxtpx:TrackPointExtension></extensions>
    </trkpt>
    <trkpt lat="37.566797" lon="127.000625">
      <ele>32.0</ele>
      <time>2026-07-20T20:46:19.000Z</time>
      <extensions><gpxtpx:TrackPointExtension><gpxtpx:hr>147</gpxtpx:hr></gpxtpx:TrackPointExtension></extensions>
    </trkpt>
    <trkpt lat="37.566788" lon="127.000567">
      <ele>32.0</ele>
      <time>2026-07-20T20:46:20.000Z</time>
      <extensions><gpxtpx:TrackPointExtension><gpxtpx:hr>148</gpxtpx:hr></gpxtpx:TrackPointExtension></extensions>
    </trkpt>
    <trkpt lat="37.566807" lon="127.000572">
      <ele>32.0</ele>
      <time>2026-07-20T20:46:21.000Z</time>
      <extensions><gpxtpx:TrackPointExtension><gpxtpx:hr>147</gpxtpx:hr></gpxtpx:TrackPointExtension></extensions>
    </trkpt>
    <trkpt lat="37.566810" lon="127.000572">
      <ele>32.0</ele>
      <time>2026-07-20T20:46:22.000Z</time>
      <extensions><gpxtpx:TrackPointExtension><gpxtpx:hr>146</gpxtpx:hr></gpxtpx:TrackPointExtension></extensions>
    </trkpt>
    <trkpt lat="37.566814" lon="127.000574">
      <ele>32.0</ele>
      <time>2026-07-20T20:46:23.000Z</time>
      <extensions><gpxtpx:TrackPointExtension><gpxtpx:hr>144</gpxtpx:hr></gpxtpx:TrackPointExtension></extensions>
    </trkpt>
    <trkpt lat="37.566810" lon="127.000576">
      <ele>32.0</ele>
      <time>2026-07-20T20:46:24.000Z</time>
      <extensions><gpxtpx:TrackPointExtension><gpxtpx:hr>143</gpxtpx:hr></gpxtpx:TrackPointExtension></extensions>
    </trkpt>
    <trkpt lat="37.566824" lon="127.000561">
      <ele>32.0</ele>
      <time>2026-07-20T20:46:25.000Z</time>
      <extensions><gpxtpx:TrackPointExtension><gpxtpx:hr>142</gpxtpx:hr></gpxtpx:TrackPointExtension></extensions>
    </trkpt>
    <trkpt lat="37.566817" lon="127.000572">
      <ele>32.0</ele>
      <time>2026-07-20T20:46:26.000Z</time>
      <extensions><gpxtpx:TrackPointExtension><gpxtpx:hr>141</gpxtpx:hr></gpxtpx:TrackPointExtension></extensions>
    </trkpt>
    <trkpt lat="37.566815" lon="127.000551">
      <ele>32.0</ele>
      <time>2026-07-20T20:46:27.000Z</time>
      <extensions><gpxtpx:TrackPointExtension><gpxtpx:hr>140</gpxtpx:hr></gpxtpx:TrackPointExtension></extensions>
    </trkpt>
    <trkpt lat="37.566803" lon="127.000536">
      <ele>32.0</ele>
      <time>2026-07-20T20:46:28.000Z</time>
      <extensions><gpxtpx:TrackPointExtension><gpxtpx:hr>140</gpxtpx:hr></gpxtpx:TrackPointExtension></extensions>
    </trkpt>
    <trkpt lat="37.566783" lon="127.000505">
      <ele>32.0</ele>
      <time>2026-07-20T20:46:29.000Z</time>
      <extensions><gpxtpx:TrackPointExtension><gpxtpx:hr>140</gpxtpx:hr></gpxtpx:TrackPointExtension></extensions>
    </trkpt>
    <trkpt lat="37.566779" lon="127.000494">
      <ele>32.0</ele>
      <time>2026-07-20T20:46:30.000Z</time>
      <extensions><gpxtpx:TrackPointExtension><gpxtpx:hr>139</gpxtpx:hr></gpxtpx:TrackPointExtension></extensions>
    </trkpt>
    <trkpt lat="37.566758" lon="127.000462">
      <ele>32.0</ele>
      <time>2026-07-20T20:46:31.000Z</time>
      <extensions><gpxtpx:TrackPointExtension><gpxtpx:hr>139</gpxtpx:hr></gpxtpx:TrackPointExtension></extensions>
    </trkpt>
    <trkpt lat="37.566751" lon="127.000435">
      <ele>32.0</ele>
      <time>2026-07-20T20:46:32.000Z</time>
      <extensions><gpxtpx:TrackPointExtension><gpxtpx:hr>139</gpxtpx:hr></gpxtpx:TrackPointExtension></extensions>
    </trkpt>
    <trkpt lat="37.566772" lon="127.000434">
      <ele>32.0</ele>
      <time>2026-07-20T20:46:33.000Z</time>
      <extensions><gpxtpx:TrackPointExtension><gpxtpx:hr>139</gpxtpx:hr></gpxtpx:TrackPointExtension></extensions>
    </trkpt>
    <trkpt lat="37.566777" lon="127.000442">
      <ele>32.0</ele>
      <time>2026-07-20T20:46:34.000Z</time>
      <extensions><gpxtpx:TrackPointExtension><gpxtpx:hr>139</gpxtpx:hr></gpxtpx:TrackPointExtension></extensions>
    </trkpt>
    <trkpt lat="37.566799" lon="127.000441">
      <ele>32.0</ele>
      <time>2026-07-20T20:46:35.000Z</time>
      <extensions><gpxtpx:TrackPointExtension><gpxtpx:hr>138</gpxtpx:hr></gpxtpx:TrackPointExtension></extensions>
    </trkpt>
    <trkpt lat="37.566813" lon="127.000444">
      <ele>32.0</ele>
      <time>2026-07-20T20:46:36.000Z</time>
      <extensions><gpxtpx:TrackPointExtension><gpxtpx:hr>138</gpxtpx:hr></gpxtpx:TrackPointExtension></extensions>
    </trkpt>
    <trkpt lat="37.566830" lon="127.000446">
      <ele>32.0</ele>
      <time>2026-07-20T20:46:37.000Z</time>
      <extensions><gpxtpx:TrackPointExtension><gpxtpx:hr>138</gpxtpx:hr></gpxtpx:TrackPointExtension></extensions>
    </trkpt>
    <trkpt lat="37.566848" lon="127.000444">
      <ele>32.0</ele>
      <time>2026-07-20T20:46:38.000Z</time>
      <extensions><gpxtpx:TrackPointExtension><gpxtpx:hr>138</gpxtpx:hr></gpxtpx:TrackPointExtension></extensions>
    </trkpt>
    <trkpt lat="37.566859" lon="127.000455">
      <ele>32.0</ele>
      <time>2026-07-20T20:46:39.000Z</time>
      <extensions><gpxtpx:TrackPointExtension><gpxtpx:hr>137</gpxtpx:hr></gpxtpx:TrackPointExtension></extensions>
    </trkpt>
    <trkpt lat="37.566876" lon="127.000449">
      <ele>32.0</ele>
      <time>2026-07-20T20:46:40.000Z</time>
      <extensions><gpxtpx:TrackPointExtension><gpxtpx:hr>137</gpxtpx:hr></gpxtpx:TrackPointExtension></extensions>
    </trkpt>
    <trkpt lat="37.566902" lon="127.000455">
      <ele>32.0</ele>
      <time>2026-07-20T20:46:41.000Z</time>
      <extensions><gpxtpx:TrackPointExtension><gpxtpx:hr>136</gpxtpx:hr></gpxtpx:TrackPointExtension></extensions>
    </trkpt>
    <trkpt lat="37.566890" lon="127.000449">
      <ele>32.0</ele>
      <time>2026-07-20T20:46:42.000Z</time>
      <extensions><gpxtpx:TrackPointExtension><gpxtpx:hr>136</gpxtpx:hr></gpxtpx:TrackPointExtension></extensions>
    </trkpt>
    <trkpt lat="37.566888" lon="127.000460">
      <ele>32.0</ele>
      <time>2026-07-20T20:46:43.000Z</time>
      <extensions><gpxtpx:TrackPointExtension><gpxtpx:hr>135</gpxtpx:hr></gpxtpx:TrackPointExtension></extensions>
    </trkpt>
    <trkpt lat="37.566881" lon="127.000452">
      <ele>32.0</ele>
      <time>2026-07-20T20:46:44.000Z</time>
      <extensions><gpxtpx:TrackPointExtension><gpxtpx:hr>134</gpxtpx:hr></gpxtpx:TrackPointExtension></extensions>
    </trkpt>
    <trkpt lat="37.566872" lon="127.000460">
      <ele>32.0</ele>
      <time>2026-07-20T20:46:45.000Z</time>
      <extensions><gpxtpx:TrackPointExtension><gpxtpx:hr>133</gpxtpx:hr></gpxtpx:TrackPointExtension></extensions>
    </trkpt>
    <trkpt lat="37.566873" lon="127.000462">
      <ele>32.0</ele>
      <time>2026-07-20T20:46:46.000Z</time>
      <extensions><gpxtpx:TrackPointExtension><gpxtpx:hr>132</gpxtpx:hr></gpxtpx:TrackPointExtension></extensions>
    </trkpt>
    <trkpt lat="37.566870" lon="127.000465">
      <ele>32.0</ele>
      <time>2026-07-20T20:46:47.000Z</time>
      <extensions><gpxtpx:TrackPointExtension><gpxtpx:hr>132</gpxtpx:hr></gpxtpx:TrackPointExtension></extensions>
    </trkpt>
    <trkpt lat="37.566824" lon="127.000448">
      <ele>32.0</ele>
      <time>2026-07-20T20:46:48.000Z</time>
      <extensions><gpxtpx:TrackPointExtension><gpxtpx:hr>133</gpxtpx:hr></gpxtpx:TrackPointExtension></extensions>
    </trkpt>
    <trkpt lat="37.566768" lon="127.000438">
      <ele>32.0</ele>
      <time>2026-07-20T20:46:49.000Z</time>
      <extensions><gpxtpx:TrackPointExtension><gpxtpx:hr>135</gpxtpx:hr></gpxtpx:TrackPointExtension></extensions>
    </trkpt>
    <trkpt lat="37.566835" lon="127.000451">
      <ele>32.0</ele>
      <time>2026-07-20T20:46:50.000Z</time>
      <extensions><gpxtpx:TrackPointExtension><gpxtpx:hr>138</gpxtpx:hr></gpxtpx:TrackPointExtension></extensions>
    </trkpt>
    <trkpt lat="37.566772" lon="127.000437">
      <ele>32.0</ele>
      <time>2026-07-20T20:46:51.000Z</time>
      <extensions><gpxtpx:TrackPointExtension><gpxtpx:hr>140</gpxtpx:hr></gpxtpx:TrackPointExtension></extensions>
    </trkpt>
    <trkpt lat="37.566826" lon="127.000456">
      <ele>32.0</ele>
      <time>2026-07-20T20:46:52.000Z</time>
      <extensions><gpxtpx:TrackPointExtension><gpxtpx:hr>142</gpxtpx:hr></gpxtpx:TrackPointExtension></extensions>
    </trkpt>
    <trkpt lat="37.566867" lon="127.000483">
      <ele>32.0</ele>
      <time>2026-07-20T20:46:53.000Z</time>
      <extensions><gpxtpx:TrackPointExtension><gpxtpx:hr>143</gpxtpx:hr></gpxtpx:TrackPointExtension></extensions>
    </trkpt>
    <trkpt lat="37.566886" lon="127.000523">
      <ele>32.0</ele>
      <time>2026-07-20T20:46:54.000Z</time>
      <extensions><gpxtpx:TrackPointExtension><gpxtpx:hr>143</gpxtpx:hr></gpxtpx:TrackPointExtension></extensions>
    </trkpt>
    <trkpt lat="37.566900" lon="127.000528">
      <ele>32.0</ele>
      <time>2026-07-20T20:46:55.000Z</time>
      <extensions><gpxtpx:TrackPointExtension><gpxtpx:hr>142</gpxtpx:hr></gpxtpx:TrackPointExtension></extensions>
    </trkpt>
    <trkpt lat="37.566928" lon="127.000554">
      <ele>32.0</ele>
      <time>2026-07-20T20:46:56.000Z</time>
      <extensions><gpxtpx:TrackPointExtension><gpxtpx:hr>142</gpxtpx:hr></gpxtpx:TrackPointExtension></extensions>
    </trkpt>
    <trkpt lat="37.566938" lon="127.000561">
      <ele>32.0</ele>
      <time>2026-07-20T20:46:57.000Z</time>
      <extensions><gpxtpx:TrackPointExtension><gpxtpx:hr>141</gpxtpx:hr></gpxtpx:TrackPointExtension></extensions>
    </trkpt>
    <trkpt lat="37.566946" lon="127.000577">
      <ele>32.0</ele>
      <time>2026-07-20T20:46:58.000Z</time>
      <extensions><gpxtpx:TrackPointExtension><gpxtpx:hr>141</gpxtpx:hr></gpxtpx:TrackPointExtension></extensions>
    </trkpt>
    <trkpt lat="37.566948" lon="127.000574">
      <ele>32.0</ele>
      <time>2026-07-20T20:46:59.000Z</time>
      <extensions><gpxtpx:TrackPointExtension><gpxtpx:hr>140</gpxtpx:hr></gpxtpx:TrackPointExtension></extensions>
    </trkpt>
    <trkpt lat="37.566955" lon="127.000592">
      <ele>32.0</ele>
      <time>2026-07-20T20:47:00.000Z</time>
      <extensions><gpxtpx:TrackPointExtension><gpxtpx:hr>139</gpxtpx:hr></gpxtpx:TrackPointExtension></extensions>
    </trkpt>
    <trkpt lat="37.566948" lon="127.000613">
      <ele>32.0</ele>
      <time>2026-07-20T20:47:01.000Z</time>
      <extensions><gpxtpx:TrackPointExtension><gpxtpx:hr>139</gpxtpx:hr></gpxtpx:TrackPointExtension></extensions>
    </trkpt>
    <trkpt lat="37.566951" lon="127.000634">
      <ele>32.0</ele>
      <time>2026-07-20T20:47:02.000Z</time>
      <extensions><gpxtpx:TrackPointExtension><gpxtpx:hr>138</gpxtpx:hr></gpxtpx:TrackPointExtension></extensions>
    </trkpt>
    <trkpt lat="37.566954" lon="127.000658">
      <ele>32.0</ele>
      <time>2026-07-20T20:47:03.000Z</time>
      <extensions><gpxtpx:TrackPointExtension><gpxtpx:hr>138</gpxtpx:hr></gpxtpx:TrackPointExtension></extensions>
    </trkpt>
    <trkpt lat="37.566957" lon="127.000675">
      <ele>32.0</ele>
      <time>2026-07-20T20:47:04.000Z</time>
      <extensions><gpxtpx:TrackPointExtension><gpxtpx:hr>138</gpxtpx:hr></gpxtpx:TrackPointExtension></extensions>
    </trkpt>
    <trkpt lat="37.566950" lon="127.000693">
      <ele>32.0</ele>
      <time>2026-07-20T20:47:05.000Z</time>
      <extensions><gpxtpx:TrackPointExtension><gpxtpx:hr>137</gpxtpx:hr></gpxtpx:TrackPointExtension></extensions>
    </trkpt>
    <trkpt lat="37.566948" lon="127.000713">
      <ele>32.0</ele>
      <time>2026-07-20T20:47:06.000Z</time>
      <extensions><gpxtpx:TrackPointExtension><gpxtpx:hr>137</gpxtpx:hr></gpxtpx:TrackPointExtension></extensions>
    </trkpt>
    <trkpt lat="37.566961" lon="127.000739">
      <ele>32.0</ele>
      <time>2026-07-20T20:47:07.000Z</time>
      <extensions><gpxtpx:TrackPointExtension><gpxtpx:hr>136</gpxtpx:hr></gpxtpx:TrackPointExtension></extensions>
    </trkpt>
    <trkpt lat="37.566954" lon="127.000742">
      <ele>32.0</ele>
      <time>2026-07-20T20:47:08.000Z</time>
      <extensions><gpxtpx:TrackPointExtension><gpxtpx:hr>136</gpxtpx:hr></gpxtpx:TrackPointExtension></extensions>
    </trkpt>
    <trkpt lat="37.566950" lon="127.000772">
      <ele>32.0</ele>
      <time>2026-07-20T20:47:09.000Z</time>
      <extensions><gpxtpx:TrackPointExtension><gpxtpx:hr>136</gpxtpx:hr></gpxtpx:TrackPointExtension></extensions>
    </trkpt>
    <trkpt lat="37.566956" lon="127.000793">
      <ele>32.0</ele>
      <time>2026-07-20T20:47:10.000Z</time>
      <extensions><gpxtpx:TrackPointExtension><gpxtpx:hr>135</gpxtpx:hr></gpxtpx:TrackPointExtension></extensions>
    </trkpt>
    <trkpt lat="37.566941" lon="127.000804">
      <ele>32.0</ele>
      <time>2026-07-20T20:47:11.000Z</time>
      <extensions><gpxtpx:TrackPointExtension><gpxtpx:hr>135</gpxtpx:hr></gpxtpx:TrackPointExtension></extensions>
    </trkpt>
    <trkpt lat="37.566934" lon="127.000820">
      <ele>32.0</ele>
      <time>2026-07-20T20:47:12.000Z</time>
      <extensions><gpxtpx:TrackPointExtension><gpxtpx:hr>135</gpxtpx:hr></gpxtpx:TrackPointExtension></extensions>
    </trkpt>
    <trkpt lat="37.566934" lon="127.000841">
      <ele>32.0</ele>
      <time>2026-07-20T20:47:13.000Z</time>
      <extensions><gpxtpx:TrackPointExtension><gpxtpx:hr>135</gpxtpx:hr></gpxtpx:TrackPointExtension></extensions>
    </trkpt>
    <trkpt lat="37.566919" lon="127.000851">
      <ele>32.0</ele>
      <time>2026-07-20T20:47:14.000Z</time>
      <extensions><gpxtpx:TrackPointExtension><gpxtpx:hr>134</gpxtpx:hr></gpxtpx:TrackPointExtension></extensions>
    </trkpt>
    <trkpt lat="37.566917" lon="127.000865">
      <ele>32.0</ele>
      <time>2026-07-20T20:47:15.000Z</time>
      <extensions><gpxtpx:TrackPointExtension><gpxtpx:hr>134</gpxtpx:hr></gpxtpx:TrackPointExtension></extensions>
    </trkpt>
    <trkpt lat="37.566910" lon="127.000870">
      <ele>32.0</ele>
      <time>2026-07-20T20:47:16.000Z</time>
      <extensions><gpxtpx:TrackPointExtension><gpxtpx:hr>134</gpxtpx:hr></gpxtpx:TrackPointExtension></extensions>
    </trkpt>
    <trkpt lat="37.566904" lon="127.000885">
      <ele>32.0</ele>
      <time>2026-07-20T20:47:17.000Z</time>
      <extensions><gpxtpx:TrackPointExtension><gpxtpx:hr>133</gpxtpx:hr></gpxtpx:TrackPointExtension></extensions>
    </trkpt>
    <trkpt lat="37.566899" lon="127.000888">
      <ele>32.0</ele>
      <time>2026-07-20T20:47:18.000Z</time>
      <extensions><gpxtpx:TrackPointExtension><gpxtpx:hr>132</gpxtpx:hr></gpxtpx:TrackPointExtension></extensions>
    </trkpt>
    <trkpt lat="37.566911" lon="127.000897">
      <ele>32.0</ele>
      <time>2026-07-20T20:47:19.000Z</time>
      <extensions><gpxtpx:TrackPointExtension><gpxtpx:hr>132</gpxtpx:hr></gpxtpx:TrackPointExtension></extensions>
    </trkpt>
    <trkpt lat="37.566899" lon="127.000889">
      <ele>32.0</ele>
      <time>2026-07-20T20:47:20.000Z</time>
      <extensions><gpxtpx:TrackPointExtension><gpxtpx:hr>131</gpxtpx:hr></gpxtpx:TrackPointExtension></extensions>
    </trkpt>
    <trkpt lat="37.566906" lon="127.000892">
      <ele>32.0</ele>
      <time>2026-07-20T20:47:21.000Z</time>
      <extensions><gpxtpx:TrackPointExtension><gpxtpx:hr>130</gpxtpx:hr></gpxtpx:TrackPointExtension></extensions>
    </trkpt>
    <trkpt lat="37.566926" lon="127.000866">
      <ele>32.0</ele>
      <time>2026-07-20T20:47:22.000Z</time>
      <extensions><gpxtpx:TrackPointExtension><gpxtpx:hr>131</gpxtpx:hr></gpxtpx:TrackPointExtension></extensions>
    </trkpt>
    <trkpt lat="37.566957" lon="127.000834">
      <ele>32.0</ele>
      <time>2026-07-20T20:47:23.000Z</time>
      <extensions><gpxtpx:TrackPointExtension><gpxtpx:hr>132</gpxtpx:hr></gpxtpx:TrackPointExtension></extensions>
    </trkpt>
    <trkpt lat="37.566987" lon="127.000817">
      <ele>32.0</ele>
      <time>2026-07-20T20:47:24.000Z</time>
      <extensions><gpxtpx:TrackPointExtension><gpxtpx:hr>133</gpxtpx:hr></gpxtpx:TrackPointExtension></extensions>
    </trkpt>
    <trkpt lat="37.566995" lon="127.000789">
      <ele>32.0</ele>
      <time>2026-07-20T20:47:25.000Z</time>
      <extensions><gpxtpx:TrackPointExtension><gpxtpx:hr>133</gpxtpx:hr></gpxtpx:TrackPointExtension></extensions>
    </trkpt>
    <trkpt lat="37.566989" lon="127.000792">
      <ele>32.0</ele>
      <time>2026-07-20T20:47:26.000Z</time>
      <extensions><gpxtpx:TrackPointExtension><gpxtpx:hr>132</gpxtpx:hr></gpxtpx:TrackPointExtension></extensions>
    </trkpt>
    <trkpt lat="37.566991" lon="127.000788">
      <ele>32.0</ele>
      <time>2026-07-20T20:47:27.000Z</time>
      <extensions><gpxtpx:TrackPointExtension><gpxtpx:hr>131</gpxtpx:hr></gpxtpx:TrackPointExtension></extensions>
    </trkpt>
    <trkpt lat="37.567003" lon="127.000775">
      <ele>32.0</ele>
      <time>2026-07-20T20:47:28.000Z</time>
      <extensions><gpxtpx:TrackPointExtension><gpxtpx:hr>131</gpxtpx:hr></gpxtpx:TrackPointExtension></extensions>
    </trkpt>
    <trkpt lat="37.566992" lon="127.000786">
      <ele>32.0</ele>
      <time>2026-07-20T20:47:29.000Z</time>
      <extensions><gpxtpx:TrackPointExtension><gpxtpx:hr>130</gpxtpx:hr></gpxtpx:TrackPointExtension></extensions>
    </trkpt>
    <trkpt lat="37.567032" lon="127.000801">
      <ele>32.0</ele>
      <time>2026-07-20T20:47:30.000Z</time>
      <extensions><gpxtpx:TrackPointExtension><gpxtpx:hr>131</gpxtpx:hr></gpxtpx:TrackPointExtension></extensions>
    </trkpt>
    <trkpt lat="37.567056" lon="127.000828">
      <ele>32.0</ele>
      <time>2026-07-20T20:47:31.000Z</time>
      <extensions><gpxtpx:TrackPointExtension><gpxtpx:hr>132</gpxtpx:hr></gpxtpx:TrackPointExtension></extensions>
    </trkpt>
    <trkpt lat="37.567109" lon="127.000860">
      <ele>32.0</ele>
      <time>2026-07-20T20:47:32.000Z</time>
      <extensions><gpxtpx:TrackPointExtension><gpxtpx:hr>134</gpxtpx:hr></gpxtpx:TrackPointExtension></extensions>
    </trkpt>
    <trkpt lat="37.567055" lon="127.000831">
      <ele>32.0</ele>
      <time>2026-07-20T20:47:33.000Z</time>
      <extensions><gpxtpx:TrackPointExtension><gpxtpx:hr>135</gpxtpx:hr></gpxtpx:TrackPointExtension></extensions>
    </trkpt>
    <trkpt lat="37.567107" lon="127.000852">
      <ele>32.0</ele>
      <time>2026-07-20T20:47:34.000Z</time>
      <extensions><gpxtpx:TrackPointExtension><gpxtpx:hr>136</gpxtpx:hr></gpxtpx:TrackPointExtension></extensions>
    </trkpt>
    <trkpt lat="37.567056" lon="127.000824">
      <ele>32.0</ele>
      <time>2026-07-20T20:47:35.000Z</time>
      <extensions><gpxtpx:TrackPointExtension><gpxtpx:hr>138</gpxtpx:hr></gpxtpx:TrackPointExtension></extensions>
    </trkpt>
    <trkpt lat="37.567018" lon="127.000802">
      <ele>32.0</ele>
      <time>2026-07-20T20:47:36.000Z</time>
      <extensions><gpxtpx:TrackPointExtension><gpxtpx:hr>139</gpxtpx:hr></gpxtpx:TrackPointExtension></extensions>
    </trkpt>
    <trkpt lat="37.566975" lon="127.000773">
      <ele>32.0</ele>
      <time>2026-07-20T20:47:37.000Z</time>
      <extensions><gpxtpx:TrackPointExtension><gpxtpx:hr>140</gpxtpx:hr></gpxtpx:TrackPointExtension></extensions>
    </trkpt>
    <trkpt lat="37.566935" lon="127.000745">
      <ele>32.0</ele>
      <time>2026-07-20T20:47:38.000Z</time>
      <extensions><gpxtpx:TrackPointExtension><gpxtpx:hr>141</gpxtpx:hr></gpxtpx:TrackPointExtension></extensions>
    </trkpt>
    <trkpt lat="37.566898" lon="127.000705">
      <ele>32.0</ele>
      <time>2026-07-20T20:47:39.000Z</time>
      <extensions><gpxtpx:TrackPointExtension><gpxtpx:hr>142</gpxtpx:hr></gpxtpx:TrackPointExtension></extensions>
    </trkpt>
    <trkpt lat="37.566853" lon="127.000681">
      <ele>32.0</ele>
      <time>2026-07-20T20:47:40.000Z</time>
      <extensions><gpxtpx:TrackPointExtension><gpxtpx:hr>143</gpxtpx:hr></gpxtpx:TrackPointExtension></extensions>
    </trkpt>
    <trkpt lat="37.566819" lon="127.000650">
      <ele>32.0</ele>
      <time>2026-07-20T20:47:41.000Z</time>
      <extensions><gpxtpx:TrackPointExtension><gpxtpx:hr>144</gpxtpx:hr></gpxtpx:TrackPointExtension></extensions>
    </trkpt>
    <trkpt lat="37.566795" lon="127.000604">
      <ele>32.0</ele>
      <time>2026-07-20T20:47:42.000Z</time>
      <extensions><gpxtpx:TrackPointExtension><gpxtpx:hr>145</gpxtpx:hr></gpxtpx:TrackPointExtension></extensions>
    </trkpt>
    <trkpt lat="37.566767" lon="127.000538">
      <ele>32.0</ele>
      <time>2026-07-20T20:47:43.000Z</time>
      <extensions><gpxtpx:TrackPointExtension><gpxtpx:hr>146</gpxtpx:hr></gpxtpx:TrackPointExtension></extensions>
    </trkpt>
    <trkpt lat="37.566749" lon="127.000487">
      <ele>32.0</ele>
      <time>2026-07-20T20:47:44.000Z</time>
      <extensions><gpxtpx:TrackPointExtension><gpxtpx:hr>146</gpxtpx:hr></gpxtpx:TrackPointExtension></extensions>
    </trkpt>
    <trkpt lat="37.566728" lon="127.000431">
      <ele>32.0</ele>
      <time>2026-07-20T20:47:45.000Z</time>
      <extensions><gpxtpx:TrackPointExtension><gpxtpx:hr>147</gpxtpx:hr></gpxtpx:TrackPointExtension></extensions>
    </trkpt>
    <trkpt lat="37.566717" lon="127.000369">
      <ele>32.0</ele>
      <time>2026-07-20T20:47:46.000Z</time>
      <extensions><gpxtpx:TrackPointExtension><gpxtpx:hr>148</gpxtpx:hr></gpxtpx:TrackPointExtension></extensions>
    </trkpt>
    <trkpt lat="37.566694" lon="127.000317">
      <ele>32.0</ele>
      <time>2026-07-20T20:47:47.000Z</time>
      <extensions><gpxtpx:TrackPointExtension><gpxtpx:hr>149</gpxtpx:hr></gpxtpx:TrackPointExtension></extensions>
    </trkpt>
    <trkpt lat="37.566723" lon="127.000332">
      <ele>32.0</ele>
      <time>2026-07-20T20:47:48.000Z</time>
      <extensions><gpxtpx:TrackPointExtension><gpxtpx:hr>149</gpxtpx:hr></gpxtpx:TrackPointExtension></extensions>
    </trkpt>
    <trkpt lat="37.566741" lon="127.000353">
      <ele>32.0</ele>
      <time>2026-07-20T20:47:49.000Z</time>
      <extensions><gpxtpx:TrackPointExtension><gpxtpx:hr>148</gpxtpx:hr></gpxtpx:TrackPointExtension></extensions>
    </trkpt>
    <trkpt lat="37.566751" lon="127.000362">
      <ele>32.0</ele>
      <time>2026-07-20T20:47:50.000Z</time>
      <extensions><gpxtpx:TrackPointExtension><gpxtpx:hr>147</gpxtpx:hr></gpxtpx:TrackPointExtension></extensions>
    </trkpt>
    <trkpt lat="37.566773" lon="127.000371">
      <ele>32.0</ele>
      <time>2026-07-20T20:47:51.000Z</time>
      <extensions><gpxtpx:TrackPointExtension><gpxtpx:hr>147</gpxtpx:hr></gpxtpx:TrackPointExtension></extensions>
    </trkpt>
    <trkpt lat="37.566787" lon="127.000381">
      <ele>32.0</ele>
      <time>2026-07-20T20:47:52.000Z</time>
      <extensions><gpxtpx:TrackPointExtension><gpxtpx:hr>146</gpxtpx:hr></gpxtpx:TrackPointExtension></extensions>
    </trkpt>
    <trkpt lat="37.566778" lon="127.000401">
      <ele>32.0</ele>
      <time>2026-07-20T20:47:53.000Z</time>
      <extensions><gpxtpx:TrackPointExtension><gpxtpx:hr>145</gpxtpx:hr></gpxtpx:TrackPointExtension></extensions>
    </trkpt>
    <trkpt lat="37.566769" lon="127.000427">
      <ele>32.0</ele>
      <time>2026-07-20T20:47:54.000Z</time>
      <extensions><gpxtpx:TrackPointExtension><gpxtpx:hr>144</gpxtpx:hr></gpxtpx:TrackPointExtension></extensions>
    </trkpt>
    <trkpt lat="37.566768" lon="127.000445">
      <ele>32.0</ele>
      <time>2026-07-20T20:47:55.000Z</time>
      <extensions><gpxtpx:TrackPointExtension><gpxtpx:hr>144</gpxtpx:hr></gpxtpx:TrackPointExtension></extensions>
    </trkpt>
    <trkpt lat="37.566757" lon="127.000461">
      <ele>32.0</ele>
      <time>2026-07-20T20:47:56.000Z</time>
      <extensions><gpxtpx:TrackPointExtension><gpxtpx:hr>143</gpxtpx:hr></gpxtpx:TrackPointExtension></extensions>
    </trkpt>
    <trkpt lat="37.566756" lon="127.000476">
      <ele>32.0</ele>
      <time>2026-07-20T20:47:57.000Z</time>
      <extensions><gpxtpx:TrackPointExtension><gpxtpx:hr>142</gpxtpx:hr></gpxtpx:TrackPointExtension></extensions>
    </trkpt>
    <trkpt lat="37.566743" lon="127.000500">
      <ele>32.0</ele>
      <time>2026-07-20T20:47:58.000Z</time>
      <extensions><gpxtpx:TrackPointExtension><gpxtpx:hr>142</gpxtpx:hr></gpxtpx:TrackPointExtension></extensions>
    </trkpt>
    <trkpt lat="37.566744" lon="127.000512">
      <ele>32.0</ele>
      <time>2026-07-20T20:47:59.000Z</time>
      <extensions><gpxtpx:TrackPointExtension><gpxtpx:hr>141</gpxtpx:hr></gpxtpx:TrackPointExtension></extensions>
    </trkpt>
    <trkpt lat="37.566744" lon="127.000533">
      <ele>32.0</ele>
      <time>2026-07-20T20:48:00.000Z</time>
      <extensions><gpxtpx:TrackPointExtension><gpxtpx:hr>140</gpxtpx:hr></gpxtpx:TrackPointExtension></extensions>
    </trkpt>
    <trkpt lat="37.566734" lon="127.000540">
      <ele>32.0</ele>
      <time>2026-07-20T20:48:01.000Z</time>
      <extensions><gpxtpx:TrackPointExtension><gpxtpx:hr>140</gpxtpx:hr></gpxtpx:TrackPointExtension></extensions>
    </trkpt>
    <trkpt lat="37.566722" lon="127.000570">
      <ele>32.0</ele>
      <time>2026-07-20T20:48:02.000Z</time>
      <extensions><gpxtpx:TrackPointExtension><gpxtpx:hr>140</gpxtpx:hr></gpxtpx:TrackPointExtension></extensions>
    </trkpt>
    <trkpt lat="37.566728" lon="127.000554">
      <ele>32.0</ele>
      <time>2026-07-20T20:48:03.000Z</time>
      <extensions><gpxtpx:TrackPointExtension><gpxtpx:hr>139</gpxtpx:hr></gpxtpx:TrackPointExtension></extensions>
    </trkpt>
    <trkpt lat="37.566725" lon="127.000519">
      <ele>32.0</ele>
      <time>2026-07-20T20:48:04.000Z</time>
      <extensions><gpxtpx:TrackPointExtension><gpxtpx:hr>139</gpxtpx:hr></gpxtpx:TrackPointExtension></extensions>
    </trkpt>
    <trkpt lat="37.566711" lon="127.000507">
      <ele>32.0</ele>
      <time>2026-07-20T20:48:05.000Z</time>
      <extensions><gpxtpx:TrackPointExtension><gpxtpx:hr>138</gpxtpx:hr></gpxtpx:TrackPointExtension></extensions>
    </trkpt>
    <trkpt lat="37.566719" lon="127.000488">
      <ele>32.0</ele>
      <time>2026-07-20T20:48:06.000Z</time>
      <extensions><gpxtpx:TrackPointExtension><gpxtpx:hr>138</gpxtpx:hr></gpxtpx:TrackPointExtension></extensions>
    </trkpt>
    <trkpt lat="37.566711" lon="127.000481">
      <ele>32.0</ele>
      <time>2026-07-20T20:48:07.000Z</time>
      <extensions><gpxtpx:TrackPointExtension><gpxtpx:hr>137</gpxtpx:hr></gpxtpx:TrackPointExtension></extensions>
    </trkpt>
    <trkpt lat="37.566704" lon="127.000461">
      <ele>32.0</ele>
      <time>2026-07-20T20:48:08.000Z</time>
      <extensions><gpxtpx:TrackPointExtension><gpxtpx:hr>137</gpxtpx:hr></gpxtpx:TrackPointExtension></extensions>
    </trkpt>
    <trkpt lat="37.566710" lon="127.000434">
      <ele>32.0</ele>
      <time>2026-07-20T20:48:09.000Z</time>
      <extensions><gpxtpx:TrackPointExtension><gpxtpx:hr>136</gpxtpx:hr></gpxtpx:TrackPointExtension></extensions>
    </trkpt>
    <trkpt lat="37.566708" lon="127.000429">
      <ele>32.0</ele>
      <time>2026-07-20T20:48:10.000Z</time>
      <extensions><gpxtpx:TrackPointExtension><gpxtpx:hr>136</gpxtpx:hr></gpxtpx:TrackPointExtension></extensions>
    </trkpt>
    <trkpt lat="37.566702" lon="127.000396">
      <ele>32.0</ele>
      <time>2026-07-20T20:48:11.000Z</time>
      <extensions><gpxtpx:TrackPointExtension><gpxtpx:hr>136</gpxtpx:hr></gpxtpx:TrackPointExtension></extensions>
    </trkpt>
    <trkpt lat="37.566716" lon="127.000409">
      <ele>32.0</ele>
      <time>2026-07-20T20:48:12.000Z</time>
      <extensions><gpxtpx:TrackPointExtension><gpxtpx:hr>136</gpxtpx:hr></gpxtpx:TrackPointExtension></extensions>
    </trkpt>
    <trkpt lat="37.566737" lon="127.000426">
      <ele>32.0</ele>
      <time>2026-07-20T20:48:13.000Z</time>
      <extensions><gpxtpx:TrackPointExtension><gpxtpx:hr>136</gpxtpx:hr></gpxtpx:TrackPointExtension></extensions>
    </trkpt>
    <trkpt lat="37.566763" lon="127.000446">
      <ele>32.0</ele>
      <time>2026-07-20T20:48:14.000Z</time>
      <extensions><gpxtpx:TrackPointExtension><gpxtpx:hr>136</gpxtpx:hr></gpxtpx:TrackPointExtension></extensions>
    </trkpt>
    <trkpt lat="37.566793" lon="127.000449">
      <ele>32.0</ele>
      <time>2026-07-20T20:48:15.000Z</time>
      <extensions><gpxtpx:TrackPointExtension><gpxtpx:hr>136</gpxtpx:hr></gpxtpx:TrackPointExtension></extensions>
    </trkpt>
    <trkpt lat="37.566814" lon="127.000467">
      <ele>32.0</ele>
      <time>2026-07-20T20:48:16.000Z</time>
      <extensions><gpxtpx:TrackPointExtension><gpxtpx:hr>137</gpxtpx:hr></gpxtpx:TrackPointExtension></extensions>
    </trkpt>
    <trkpt lat="37.566836" lon="127.000494">
      <ele>32.0</ele>
      <time>2026-07-20T20:48:17.000Z</time>
      <extensions><gpxtpx:TrackPointExtension><gpxtpx:hr>137</gpxtpx:hr></gpxtpx:TrackPointExtension></extensions>
    </trkpt>
    <trkpt lat="37.566843" lon="127.000452">
      <ele>32.0</ele>
      <time>2026-07-20T20:48:18.000Z</time>
      <extensions><gpxtpx:TrackPointExtension><gpxtpx:hr>137</gpxtpx:hr></gpxtpx:TrackPointExtension></extensions>
    </trkpt>
    <trkpt lat="37.566836" lon="127.000440">
      <ele>32.0</ele>
      <time>2026-07-20T20:48:19.000Z</time>
      <extensions><gpxtpx:TrackPointExtension><gpxtpx:hr>137</gpxtpx:hr></gpxtpx:TrackPointExtension></extensions>
    </trkpt>
    <trkpt lat="37.566831" lon="127.000408">
      <ele>32.0</ele>
      <time>2026-07-20T20:48:20.000Z</time>
      <extensions><gpxtpx:TrackPointExtension><gpxtpx:hr>137</gpxtpx:hr></gpxtpx:TrackPointExtension></extensions>
    </trkpt>
    <trkpt lat="37.566831" lon="127.000385">
      <ele>32.0</ele>
      <time>2026-07-20T20:48:21.000Z</time>
      <extensions><gpxtpx:TrackPointExtension><gpxtpx:hr>136</gpxtpx:hr></gpxtpx:TrackPointExtension></extensions>
    </trkpt>
    <trkpt lat="37.566822" lon="127.000374">
      <ele>32.0</ele>
      <time>2026-07-20T20:48:22.000Z</time>
      <extensions><gpxtpx:TrackPointExtension><gpxtpx:hr>136</gpxtpx:hr></gpxtpx:TrackPointExtension></extensions>
    </trkpt>
    <trkpt lat="37.566824" lon="127.000356">
      <ele>32.0</ele>
      <time>2026-07-20T20:48:23.000Z</time>
      <extensions><gpxtpx:TrackPointExtension><gpxtpx:hr>135</gpxtpx:hr></gpxtpx:TrackPointExtension></extensions>
    </trkpt>
    <trkpt lat="37.566813" lon="127.000336">
      <ele>32.0</ele>
      <time>2026-07-20T20:48:24.000Z</time>
      <extensions><gpxtpx:TrackPointExtension><gpxtpx:hr>135</gpxtpx:hr></gpxtpx:TrackPointExtension></extensions>
    </trkpt>
    <trkpt lat="37.566819" lon="127.000326">
      <ele>32.0</ele>
      <time>2026-07-20T20:48:25.000Z</time>
      <extensions><gpxtpx:TrackPointExtension><gpxtpx:hr>135</gpxtpx:hr></gpxtpx:TrackPointExtension></extensions>
    </trkpt>
    <trkpt lat="37.566819" lon="127.000310">
      <ele>32.0</ele>
      <time>2026-07-20T20:48:26.000Z</time>
      <extensions><gpxtpx:TrackPointExtension><gpxtpx:hr>134</gpxtpx:hr></gpxtpx:TrackPointExtension></extensions>
    </trkpt>
    <trkpt lat="37.566809" lon="127.000300">
      <ele>32.0</ele>
      <time>2026-07-20T20:48:27.000Z</time>
      <extensions><gpxtpx:TrackPointExtension><gpxtpx:hr>134</gpxtpx:hr></gpxtpx:TrackPointExtension></extensions>
    </trkpt>
    <trkpt lat="37.566803" lon="127.000273">
      <ele>32.0</ele>
      <time>2026-07-20T20:48:28.000Z</time>
      <extensions><gpxtpx:TrackPointExtension><gpxtpx:hr>134</gpxtpx:hr></gpxtpx:TrackPointExtension></extensions>
    </trkpt>
    <trkpt lat="37.566820" lon="127.000306">
      <ele>32.0</ele>
      <time>2026-07-20T20:48:29.000Z</time>
      <extensions><gpxtpx:TrackPointExtension><gpxtpx:hr>133</gpxtpx:hr></gpxtpx:TrackPointExtension></extensions>
    </trkpt>
    <trkpt lat="37.566813" lon="127.000314">
      <ele>32.0</ele>
      <time>2026-07-20T20:48:30.000Z</time>
      <extensions><gpxtpx:TrackPointExtension><gpxtpx:hr>133</gpxtpx:hr></gpxtpx:TrackPointExtension></extensions>
    </trkpt>
    <trkpt lat="37.566829" lon="127.000339">
      <ele>32.0</ele>
      <time>2026-07-20T20:48:31.000Z</time>
      <extensions><gpxtpx:TrackPointExtension><gpxtpx:hr>133</gpxtpx:hr></gpxtpx:TrackPointExtension></extensions>
    </trkpt>
    <trkpt lat="37.566836" lon="127.000362">
      <ele>32.0</ele>
      <time>2026-07-20T20:48:32.000Z</time>
      <extensions><gpxtpx:TrackPointExtension><gpxtpx:hr>133</gpxtpx:hr></gpxtpx:TrackPointExtension></extensions>
    </trkpt>
    <trkpt lat="37.566834" lon="127.000371">
      <ele>32.0</ele>
      <time>2026-07-20T20:48:33.000Z</time>
      <extensions><gpxtpx:TrackPointExtension><gpxtpx:hr>133</gpxtpx:hr></gpxtpx:TrackPointExtension></extensions>
    </trkpt>
    <trkpt lat="37.566826" lon="127.000393">
      <ele>32.0</ele>
      <time>2026-07-20T20:48:34.000Z</time>
      <extensions><gpxtpx:TrackPointExtension><gpxtpx:hr>133</gpxtpx:hr></gpxtpx:TrackPointExtension></extensions>
    </trkpt>
    <trkpt lat="37.566820" lon="127.000406">
      <ele>32.0</ele>
      <time>2026-07-20T20:48:35.000Z</time>
      <extensions><gpxtpx:TrackPointExtension><gpxtpx:hr>133</gpxtpx:hr></gpxtpx:TrackPointExtension></extensions>
    </trkpt>
    <trkpt lat="37.566822" lon="127.000433">
      <ele>32.0</ele>
      <time>2026-07-20T20:48:36.000Z</time>
      <extensions><gpxtpx:TrackPointExtension><gpxtpx:hr>132</gpxtpx:hr></gpxtpx:TrackPointExtension></extensions>
    </trkpt>
    <trkpt lat="37.566816" lon="127.000444">
      <ele>32.0</ele>
      <time>2026-07-20T20:48:37.000Z</time>
      <extensions><gpxtpx:TrackPointExtension><gpxtpx:hr>132</gpxtpx:hr></gpxtpx:TrackPointExtension></extensions>
    </trkpt>
    <trkpt lat="37.566808" lon="127.000460">
      <ele>32.0</ele>
      <time>2026-07-20T20:48:38.000Z</time>
      <extensions><gpxtpx:TrackPointExtension><gpxtpx:hr>132</gpxtpx:hr></gpxtpx:TrackPointExtension></extensions>
    </trkpt>
    <trkpt lat="37.566860" lon="127.000474">
      <ele>32.0</ele>
      <time>2026-07-20T20:48:39.000Z</time>
      <extensions><gpxtpx:TrackPointExtension><gpxtpx:hr>134</gpxtpx:hr></gpxtpx:TrackPointExtension></extensions>
    </trkpt>
    <trkpt lat="37.566918" lon="127.000492">
      <ele>32.0</ele>
      <time>2026-07-20T20:48:40.000Z</time>
      <extensions><gpxtpx:TrackPointExtension><gpxtpx:hr>136</gpxtpx:hr></gpxtpx:TrackPointExtension></extensions>
    </trkpt>
    <trkpt lat="37.566982" lon="127.000495">
      <ele>32.0</ele>
      <time>2026-07-20T20:48:41.000Z</time>
      <extensions><gpxtpx:TrackPointExtension><gpxtpx:hr>138</gpxtpx:hr></gpxtpx:TrackPointExtension></extensions>
    </trkpt>
    <trkpt lat="37.566959" lon="127.000546">
      <ele>32.0</ele>
      <time>2026-07-20T20:48:42.000Z</time>
      <extensions><gpxtpx:TrackPointExtension><gpxtpx:hr>139</gpxtpx:hr></gpxtpx:TrackPointExtension></extensions>
    </trkpt>
    <trkpt lat="37.566933" lon="127.000590">
      <ele>32.0</ele>
      <time>2026-07-20T20:48:43.000Z</time>
      <extensions><gpxtpx:TrackPointExtension><gpxtpx:hr>140</gpxtpx:hr></gpxtpx:TrackPointExtension></extensions>
    </trkpt>
    <trkpt lat="37.566918" lon="127.000620">
      <ele>32.0</ele>
      <time>2026-07-20T20:48:44.000Z</time>
      <extensions><gpxtpx:TrackPointExtension><gpxtpx:hr>140</gpxtpx:hr></gpxtpx:TrackPointExtension></extensions>
    </trkpt>
    <trkpt lat="37.566895" lon="127.000646">
      <ele>32.0</ele>
      <time>2026-07-20T20:48:45.000Z</time>
      <extensions><gpxtpx:TrackPointExtension><gpxtpx:hr>141</gpxtpx:hr></gpxtpx:TrackPointExtension></extensions>
    </trkpt>
    <trkpt lat="37.566868" lon="127.000684">
      <ele>32.0</ele>
      <time>2026-07-20T20:48:46.000Z</time>
      <extensions><gpxtpx:TrackPointExtension><gpxtpx:hr>141</gpxtpx:hr></gpxtpx:TrackPointExtension></extensions>
    </trkpt>
    <trkpt lat="37.566850" lon="127.000706">
      <ele>32.0</ele>
      <time>2026-07-20T20:48:47.000Z</time>
      <extensions><gpxtpx:TrackPointExtension><gpxtpx:hr>141</gpxtpx:hr></gpxtpx:TrackPointExtension></extensions>
    </trkpt>
    <trkpt lat="37.566842" lon="127.000694">
      <ele>32.0</ele>
      <time>2026-07-20T20:48:48.000Z</time>
      <extensions><gpxtpx:TrackPointExtension><gpxtpx:hr>140</gpxtpx:hr></gpxtpx:TrackPointExtension></extensions>
    </trkpt>
    <trkpt lat="37.566841" lon="127.000688">
      <ele>32.0</ele>
      <time>2026-07-20T20:48:49.000Z</time>
      <extensions><gpxtpx:TrackPointExtension><gpxtpx:hr>139</gpxtpx:hr></gpxtpx:TrackPointExtension></extensions>
    </trkpt>
    <trkpt lat="37.566844" lon="127.000682">
      <ele>32.0</ele>
      <time>2026-07-20T20:48:50.000Z</time>
      <extensions><gpxtpx:TrackPointExtension><gpxtpx:hr>138</gpxtpx:hr></gpxtpx:TrackPointExtension></extensions>
    </trkpt>
    <trkpt lat="37.566855" lon="127.000666">
      <ele>32.0</ele>
      <time>2026-07-20T20:48:51.000Z</time>
      <extensions><gpxtpx:TrackPointExtension><gpxtpx:hr>138</gpxtpx:hr></gpxtpx:TrackPointExtension></extensions>
    </trkpt>
    <trkpt lat="37.566865" lon="127.000651">
      <ele>32.0</ele>
      <time>2026-07-20T20:48:52.000Z</time>
      <extensions><gpxtpx:TrackPointExtension><gpxtpx:hr>138</gpxtpx:hr></gpxtpx:TrackPointExtension></extensions>
    </trkpt>
    <trkpt lat="37.566880" lon="127.000628">
      <ele>32.0</ele>
      <time>2026-07-20T20:48:53.000Z</time>
      <extensions><gpxtpx:TrackPointExtension><gpxtpx:hr>138</gpxtpx:hr></gpxtpx:TrackPointExtension></extensions>
    </trkpt>
    <trkpt lat="37.566903" lon="127.000593">
      <ele>32.0</ele>
      <time>2026-07-20T20:48:54.000Z</time>
      <extensions><gpxtpx:TrackPointExtension><gpxtpx:hr>138</gpxtpx:hr></gpxtpx:TrackPointExtension></extensions>
    </trkpt>
    <trkpt lat="37.566894" lon="127.000569">
      <ele>32.0</ele>
      <time>2026-07-20T20:48:55.000Z</time>
      <extensions><gpxtpx:TrackPointExtension><gpxtpx:hr>138</gpxtpx:hr></gpxtpx:TrackPointExtension></extensions>
    </trkpt>
    <trkpt lat="37.566885" lon="127.000541">
      <ele>32.0</ele>
      <time>2026-07-20T20:48:56.000Z</time>
      <extensions><gpxtpx:TrackPointExtension><gpxtpx:hr>138</gpxtpx:hr></gpxtpx:TrackPointExtension></extensions>
    </trkpt>
    <trkpt lat="37.566871" lon="127.000496">
      <ele>32.0</ele>
      <time>2026-07-20T20:48:57.000Z</time>
      <extensions><gpxtpx:TrackPointExtension><gpxtpx:hr>139</gpxtpx:hr></gpxtpx:TrackPointExtension></extensions>
    </trkpt>
    <trkpt lat="37.566866" lon="127.000462">
      <ele>32.0</ele>
      <time>2026-07-20T20:48:58.000Z</time>
      <extensions><gpxtpx:TrackPointExtension><gpxtpx:hr>139</gpxtpx:hr></gpxtpx:TrackPointExtension></extensions>
    </trkpt>
    <trkpt lat="37.566824" lon="127.000482">
      <ele>32.0</ele>
      <time>2026-07-20T20:48:59.000Z</time>
      <extensions><gpxtpx:TrackPointExtension><gpxtpx:hr>139</gpxtpx:hr></gpxtpx:TrackPointExtension></extensions>
    </trkpt>
    <trkpt lat="37.566781" lon="127.000494">
      <ele>32.0</ele>
      <time>2026-07-20T20:49:00.000Z</time>
      <extensions><gpxtpx:TrackPointExtension><gpxtpx:hr>140</gpxtpx:hr></gpxtpx:TrackPointExtension></extensions>
    </trkpt>
    <trkpt lat="37.566731" lon="127.000510">
      <ele>32.0</ele>
      <time>2026-07-20T20:49:01.000Z</time>
      <extensions><gpxtpx:TrackPointExtension><gpxtpx:hr>142</gpxtpx:hr></gpxtpx:TrackPointExtension></extensions>
    </trkpt>
    <trkpt lat="37.566690" lon="127.000531">
      <ele>32.0</ele>
      <time>2026-07-20T20:49:02.000Z</time>
      <extensions><gpxtpx:TrackPointExtension><gpxtpx:hr>142</gpxtpx:hr></gpxtpx:TrackPointExtension></extensions>
    </trkpt>
    <trkpt lat="37.566700" lon="127.000488">
      <ele>32.0</ele>
      <time>2026-07-20T20:49:03.000Z</time>
      <extensions><gpxtpx:TrackPointExtension><gpxtpx:hr>143</gpxtpx:hr></gpxtpx:TrackPointExtension></extensions>
    </trkpt>
    <trkpt lat="37.566709" lon="127.000454">
      <ele>32.0</ele>
      <time>2026-07-20T20:49:04.000Z</time>
      <extensions><gpxtpx:TrackPointExtension><gpxtpx:hr>143</gpxtpx:hr></gpxtpx:TrackPointExtension></extensions>
    </trkpt>
    <trkpt lat="37.566721" lon="127.000402">
      <ele>32.0</ele>
      <time>2026-07-20T20:49:05.000Z</time>
      <extensions><gpxtpx:TrackPointExtension><gpxtpx:hr>143</gpxtpx:hr></gpxtpx:TrackPointExtension></extensions>
    </trkpt>
    <trkpt lat="37.566741" lon="127.000371">
      <ele>32.0</ele>
      <time>2026-07-20T20:49:06.000Z</time>
      <extensions><gpxtpx:TrackPointExtension><gpxtpx:hr>144</gpxtpx:hr></gpxtpx:TrackPointExtension></extensions>
    </trkpt>
    <trkpt lat="37.566752" lon="127.000342">
      <ele>32.0</ele>
      <time>2026-07-20T20:49:07.000Z</time>
      <extensions><gpxtpx:TrackPointExtension><gpxtpx:hr>144</gpxtpx:hr></gpxtpx:TrackPointExtension></extensions>
    </trkpt>
    <trkpt lat="37.566754" lon="127.000307">
      <ele>32.0</ele>
      <time>2026-07-20T20:49:08.000Z</time>
      <extensions><gpxtpx:TrackPointExtension><gpxtpx:hr>144</gpxtpx:hr></gpxtpx:TrackPointExtension></extensions>
    </trkpt>
    <trkpt lat="37.566770" lon="127.000267">
      <ele>32.0</ele>
      <time>2026-07-20T20:49:09.000Z</time>
      <extensions><gpxtpx:TrackPointExtension><gpxtpx:hr>143</gpxtpx:hr></gpxtpx:TrackPointExtension></extensions>
    </trkpt>
    <trkpt lat="37.566775" lon="127.000233">
      <ele>32.0</ele>
      <time>2026-07-20T20:49:10.000Z</time>
      <extensions><gpxtpx:TrackPointExtension><gpxtpx:hr>143</gpxtpx:hr></gpxtpx:TrackPointExtension></extensions>
    </trkpt>
    <trkpt lat="37.566787" lon="127.000196">
      <ele>32.0</ele>
      <time>2026-07-20T20:49:11.000Z</time>
      <extensions><gpxtpx:TrackPointExtension><gpxtpx:hr>143</gpxtpx:hr></gpxtpx:TrackPointExtension></extensions>
    </trkpt>
    <trkpt lat="37.566789" lon="127.000245">
      <ele>32.0</ele>
      <time>2026-07-20T20:49:12.000Z</time>
      <extensions><gpxtpx:TrackPointExtension><gpxtpx:hr>144</gpxtpx:hr></gpxtpx:TrackPointExtension></extensions>
    </trkpt>
    <trkpt lat="37.566798" lon="127.000314">
      <ele>32.0</ele>
      <time>2026-07-20T20:49:13.000Z</time>
      <extensions><gpxtpx:TrackPointExtension><gpxtpx:hr>145</gpxtpx:hr></gpxtpx:TrackPointExtension></extensions>
    </trkpt>
    <trkpt lat="37.566802" lon="127.000361">
      <ele>32.0</ele>
      <time>2026-07-20T20:49:14.000Z</time>
      <extensions><gpxtpx:TrackPointExtension><gpxtpx:hr>145</gpxtpx:hr></gpxtpx:TrackPointExtension></extensions>
    </trkpt>
    <trkpt lat="37.566805" lon="127.000424">
      <ele>32.0</ele>
      <time>2026-07-20T20:49:15.000Z</time>
      <extensions><gpxtpx:TrackPointExtension><gpxtpx:hr>146</gpxtpx:hr></gpxtpx:TrackPointExtension></extensions>
    </trkpt>
    <trkpt lat="37.566816" lon="127.000485">
      <ele>32.0</ele>
      <time>2026-07-20T20:49:16.000Z</time>
      <extensions><gpxtpx:TrackPointExtension><gpxtpx:hr>147</gpxtpx:hr></gpxtpx:TrackPointExtension></extensions>
    </trkpt>
    <trkpt lat="37.566828" lon="127.000438">
      <ele>32.0</ele>
      <time>2026-07-20T20:49:17.000Z</time>
      <extensions><gpxtpx:TrackPointExtension><gpxtpx:hr>147</gpxtpx:hr></gpxtpx:TrackPointExtension></extensions>
    </trkpt>
    <trkpt lat="37.566831" lon="127.000406">
      <ele>32.0</ele>
      <time>2026-07-20T20:49:18.000Z</time>
      <extensions><gpxtpx:TrackPointExtension><gpxtpx:hr>148</gpxtpx:hr></gpxtpx:TrackPointExtension></extensions>
    </trkpt>
    <trkpt lat="37.566844" lon="127.000363">
      <ele>32.0</ele>
      <time>2026-07-20T20:49:19.000Z</time>
      <extensions><gpxtpx:TrackPointExtension><gpxtpx:hr>147</gpxtpx:hr></gpxtpx:TrackPointExtension></extensions>
    </trkpt>
    <trkpt lat="37.566847" lon="127.000334">
      <ele>32.0</ele>
      <time>2026-07-20T20:49:20.000Z</time>
      <extensions><gpxtpx:TrackPointExtension><gpxtpx:hr>147</gpxtpx:hr></gpxtpx:TrackPointExtension></extensions>
    </trkpt>
    <trkpt lat="37.566859" lon="127.000295">
      <ele>32.0</ele>
      <time>2026-07-20T20:49:21.000Z</time>
      <extensions><gpxtpx:TrackPointExtension><gpxtpx:hr>147</gpxtpx:hr></gpxtpx:TrackPointExtension></extensions>
    </trkpt>
    <trkpt lat="37.566861" lon="127.000259">
      <ele>32.0</ele>
      <time>2026-07-20T20:49:22.000Z</time>
      <extensions><gpxtpx:TrackPointExtension><gpxtpx:hr>147</gpxtpx:hr></gpxtpx:TrackPointExtension></extensions>
    </trkpt>
    <trkpt lat="37.566867" lon="127.000226">
      <ele>32.0</ele>
      <time>2026-07-20T20:49:23.000Z</time>
      <extensions><gpxtpx:TrackPointExtension><gpxtpx:hr>146</gpxtpx:hr></gpxtpx:TrackPointExtension></extensions>
    </trkpt>
    <trkpt lat="37.566876" lon="127.000185">
      <ele>32.0</ele>
      <time>2026-07-20T20:49:24.000Z</time>
      <extensions><gpxtpx:TrackPointExtension><gpxtpx:hr>146</gpxtpx:hr></gpxtpx:TrackPointExtension></extensions>
    </trkpt>
    <trkpt lat="37.566891" lon="127.000163">
      <ele>32.0</ele>
      <time>2026-07-20T20:49:25.000Z</time>
      <extensions><gpxtpx:TrackPointExtension><gpxtpx:hr>146</gpxtpx:hr></gpxtpx:TrackPointExtension></extensions>
    </trkpt>
    <trkpt lat="37.566901" lon="127.000124">
      <ele>32.0</ele>
      <time>2026-07-20T20:49:26.000Z</time>
      <extensions><gpxtpx:TrackPointExtension><gpxtpx:hr>146</gpxtpx:hr></gpxtpx:TrackPointExtension></extensions>
    </trkpt>
    <trkpt lat="37.566926" lon="127.000129">
      <ele>32.0</ele>
      <time>2026-07-20T20:49:27.000Z</time>
      <extensions><gpxtpx:TrackPointExtension><gpxtpx:hr>146</gpxtpx:hr></gpxtpx:TrackPointExtension></extensions>
    </trkpt>
    <trkpt lat="37.566924" lon="127.000140">
      <ele>32.0</ele>
      <time>2026-07-20T20:49:28.000Z</time>
      <extensions><gpxtpx:TrackPointExtension><gpxtpx:hr>146</gpxtpx:hr></gpxtpx:TrackPointExtension></extensions>
    </trkpt>
    <trkpt lat="37.566931" lon="127.000169">
      <ele>32.0</ele>
      <time>2026-07-20T20:49:29.000Z</time>
      <extensions><gpxtpx:TrackPointExtension><gpxtpx:hr>146</gpxtpx:hr></gpxtpx:TrackPointExtension></extensions>
    </trkpt>
    <trkpt lat="37.566932" lon="127.000217">
      <ele>32.0</ele>
      <time>2026-07-20T20:49:30.000Z</time>
      <extensions><gpxtpx:TrackPointExtension><gpxtpx:hr>145</gpxtpx:hr></gpxtpx:TrackPointExtension></extensions>
    </trkpt>
    <trkpt lat="37.566945" lon="127.000248">
      <ele>32.0</ele>
      <time>2026-07-20T20:49:31.000Z</time>
      <extensions><gpxtpx:TrackPointExtension><gpxtpx:hr>145</gpxtpx:hr></gpxtpx:TrackPointExtension></extensions>
    </trkpt>
    <trkpt lat="37.566954" lon="127.000281">
      <ele>32.0</ele>
      <time>2026-07-20T20:49:32.000Z</time>
      <extensions><gpxtpx:TrackPointExtension><gpxtpx:hr>145</gpxtpx:hr></gpxtpx:TrackPointExtension></extensions>
    </trkpt>
    <trkpt lat="37.566931" lon="127.000318">
      <ele>32.0</ele>
      <time>2026-07-20T20:49:33.000Z</time>
      <extensions><gpxtpx:TrackPointExtension><gpxtpx:hr>146</gpxtpx:hr></gpxtpx:TrackPointExtension></extensions>
    </trkpt>
    <trkpt lat="37.566923" lon="127.000383">
      <ele>32.0</ele>
      <time>2026-07-20T20:49:34.000Z</time>
      <extensions><gpxtpx:TrackPointExtension><gpxtpx:hr>146</gpxtpx:hr></gpxtpx:TrackPointExtension></extensions>
    </trkpt>
    <trkpt lat="37.566902" lon="127.000432">
      <ele>32.0</ele>
      <time>2026-07-20T20:49:35.000Z</time>
      <extensions><gpxtpx:TrackPointExtension><gpxtpx:hr>147</gpxtpx:hr></gpxtpx:TrackPointExtension></extensions>
    </trkpt>
    <trkpt lat="37.566886" lon="127.000489">
      <ele>32.0</ele>
      <time>2026-07-20T20:49:36.000Z</time>
      <extensions><gpxtpx:TrackPointExtension><gpxtpx:hr>148</gpxtpx:hr></gpxtpx:TrackPointExtension></extensions>
    </trkpt>
    <trkpt lat="37.566890" lon="127.000548">
      <ele>32.0</ele>
      <time>2026-07-20T20:49:37.000Z</time>
      <extensions><gpxtpx:TrackPointExtension><gpxtpx:hr>148</gpxtpx:hr></gpxtpx:TrackPointExtension></extensions>
    </trkpt>
    <trkpt lat="37.566892" lon="127.000610">
      <ele>32.0</ele>
      <time>2026-07-20T20:49:38.000Z</time>
      <extensions><gpxtpx:TrackPointExtension><gpxtpx:hr>149</gpxtpx:hr></gpxtpx:TrackPointExtension></extensions>
    </trkpt>
    <trkpt lat="37.566888" lon="127.000668">
      <ele>32.0</ele>
      <time>2026-07-20T20:49:39.000Z</time>
      <extensions><gpxtpx:TrackPointExtension><gpxtpx:hr>150</gpxtpx:hr></gpxtpx:TrackPointExtension></extensions>
    </trkpt>
    <trkpt lat="37.566883" lon="127.000716">
      <ele>32.0</ele>
      <time>2026-07-20T20:49:40.000Z</time>
      <extensions><gpxtpx:TrackPointExtension><gpxtpx:hr>150</gpxtpx:hr></gpxtpx:TrackPointExtension></extensions>
    </trkpt>
    <trkpt lat="37.566872" lon="127.000756">
      <ele>32.0</ele>
      <time>2026-07-20T20:49:41.000Z</time>
      <extensions><gpxtpx:TrackPointExtension><gpxtpx:hr>150</gpxtpx:hr></gpxtpx:TrackPointExtension></extensions>
    </trkpt>
    <trkpt lat="37.566859" lon="127.000807">
      <ele>32.0</ele>
      <time>2026-07-20T20:49:42.000Z</time>
      <extensions><gpxtpx:TrackPointExtension><gpxtpx:hr>150</gpxtpx:hr></gpxtpx:TrackPointExtension></extensions>
    </trkpt>
    <trkpt lat="37.566854" lon="127.000842">
      <ele>32.0</ele>
      <time>2026-07-20T20:49:43.000Z</time>
      <extensions><gpxtpx:TrackPointExtension><gpxtpx:hr>149</gpxtpx:hr></gpxtpx:TrackPointExtension></extensions>
    </trkpt>
    <trkpt lat="37.566836" lon="127.000874">
      <ele>32.0</ele>
      <time>2026-07-20T20:49:44.000Z</time>
      <extensions><gpxtpx:TrackPointExtension><gpxtpx:hr>149</gpxtpx:hr></gpxtpx:TrackPointExtension></extensions>
    </trkpt>
    <trkpt lat="37.566826" lon="127.000906">
      <ele>32.0</ele>
      <time>2026-07-20T20:49:45.000Z</time>
      <extensions><gpxtpx:TrackPointExtension><gpxtpx:hr>149</gpxtpx:hr></gpxtpx:TrackPointExtension></extensions>
    </trkpt>
    <trkpt lat="37.566826" lon="127.000944">
      <ele>32.0</ele>
      <time>2026-07-20T20:49:46.000Z</time>
      <extensions><gpxtpx:TrackPointExtension><gpxtpx:hr>149</gpxtpx:hr></gpxtpx:TrackPointExtension></extensions>
    </trkpt>
    <trkpt lat="37.566821" lon="127.000976">
      <ele>32.0</ele>
      <time>2026-07-20T20:49:47.000Z</time>
      <extensions><gpxtpx:TrackPointExtension><gpxtpx:hr>148</gpxtpx:hr></gpxtpx:TrackPointExtension></extensions>
    </trkpt>
    <trkpt lat="37.566811" lon="127.001016">
      <ele>32.0</ele>
      <time>2026-07-20T20:49:48.000Z</time>
      <extensions><gpxtpx:TrackPointExtension><gpxtpx:hr>148</gpxtpx:hr></gpxtpx:TrackPointExtension></extensions>
    </trkpt>
    <trkpt lat="37.566815" lon="127.000992">
      <ele>32.0</ele>
      <time>2026-07-20T20:49:49.000Z</time>
      <extensions><gpxtpx:TrackPointExtension><gpxtpx:hr>148</gpxtpx:hr></gpxtpx:TrackPointExtension></extensions>
    </trkpt>
    <trkpt lat="37.566815" lon="127.000961">
      <ele>32.0</ele>
      <time>2026-07-20T20:49:50.000Z</time>
      <extensions><gpxtpx:TrackPointExtension><gpxtpx:hr>147</gpxtpx:hr></gpxtpx:TrackPointExtension></extensions>
    </trkpt>
    <trkpt lat="37.566820" lon="127.000951">
      <ele>32.0</ele>
      <time>2026-07-20T20:49:51.000Z</time>
      <extensions><gpxtpx:TrackPointExtension><gpxtpx:hr>147</gpxtpx:hr></gpxtpx:TrackPointExtension></extensions>
    </trkpt>
    <trkpt lat="37.566821" lon="127.000929">
      <ele>32.0</ele>
      <time>2026-07-20T20:49:52.000Z</time>
      <extensions><gpxtpx:TrackPointExtension><gpxtpx:hr>146</gpxtpx:hr></gpxtpx:TrackPointExtension></extensions>
    </trkpt>
    <trkpt lat="37.566828" lon="127.000896">
      <ele>32.0</ele>
      <time>2026-07-20T20:49:53.000Z</time>
      <extensions><gpxtpx:TrackPointExtension><gpxtpx:hr>145</gpxtpx:hr></gpxtpx:TrackPointExtension></extensions>
    </trkpt>
    <trkpt lat="37.566831" lon="127.000888">
      <ele>32.0</ele>
      <time>2026-07-20T20:49:54.000Z</time>
      <extensions><gpxtpx:TrackPointExtension><gpxtpx:hr>144</gpxtpx:hr></gpxtpx:TrackPointExtension></extensions>
    </trkpt>
    <trkpt lat="37.566839" lon="127.000863">
      <ele>32.0</ele>
      <time>2026-07-20T20:49:55.000Z</time>
      <extensions><gpxtpx:TrackPointExtension><gpxtpx:hr>144</gpxtpx:hr></gpxtpx:TrackPointExtension></extensions>
    </trkpt>
    <trkpt lat="37.566827" lon="127.000865">
      <ele>32.0</ele>
      <time>2026-07-20T20:49:56.000Z</time>
      <extensions><gpxtpx:TrackPointExtension><gpxtpx:hr>143</gpxtpx:hr></gpxtpx:TrackPointExtension></extensions>
    </trkpt>
    <trkpt lat="37.566818" lon="127.000870">
      <ele>32.0</ele>
      <time>2026-07-20T20:49:57.000Z</time>
      <extensions><gpxtpx:TrackPointExtension><gpxtpx:hr>141</gpxtpx:hr></gpxtpx:TrackPointExtension></extensions>
    </trkpt>
    <trkpt lat="37.566819" lon="127.000875">
      <ele>32.0</ele>
      <time>2026-07-20T20:49:58.000Z</time>
      <extensions><gpxtpx:TrackPointExtension><gpxtpx:hr>140</gpxtpx:hr></gpxtpx:TrackPointExtension></extensions>
    </trkpt>
    <trkpt lat="37.566821" lon="127.000874">
      <ele>32.0</ele>
      <time>2026-07-20T20:49:59.000Z</time>
      <extensions><gpxtpx:TrackPointExtension><gpxtpx:hr>139</gpxtpx:hr></gpxtpx:TrackPointExtension></extensions>
    </trkpt>
    <trkpt lat="37.566813" lon="127.000864">
      <ele>32.0</ele>
      <time>2026-07-20T20:50:00.000Z</time>
      <extensions><gpxtpx:TrackPointExtension><gpxtpx:hr>138</gpxtpx:hr></gpxtpx:TrackPointExtension></extensions>
    </trkpt>
    <trkpt lat="37.566784" lon="127.000821">
      <ele>32.0</ele>
      <time>2026-07-20T20:50:01.000Z</time>
      <extensions><gpxtpx:TrackPointExtension><gpxtpx:hr>139</gpxtpx:hr></gpxtpx:TrackPointExtension></extensions>
    </trkpt>
    <trkpt lat="37.566757" lon="127.000753">
      <ele>32.0</ele>
      <time>2026-07-20T20:50:02.000Z</time>
      <extensions><gpxtpx:TrackPointExtension><gpxtpx:hr>141</gpxtpx:hr></gpxtpx:TrackPointExtension></extensions>
    </trkpt>
    <trkpt lat="37.566711" lon="127.000684">
      <ele>32.0</ele>
      <time>2026-07-20T20:50:03.000Z</time>
      <extensions><gpxtpx:TrackPointExtension><gpxtpx:hr>143</gpxtpx:hr></gpxtpx:TrackPointExtension></extensions>
    </trkpt>
    <trkpt lat="37.566743" lon="127.000724">
      <ele>32.0</ele>
      <time>2026-07-20T20:50:04.000Z</time>
      <extensions><gpxtpx:TrackPointExtension><gpxtpx:hr>144</gpxtpx:hr></gpxtpx:TrackPointExtension></extensions>
    </trkpt>
    <trkpt lat="37.566762" lon="127.000752">
      <ele>32.0</ele>
      <time>2026-07-20T20:50:05.000Z</time>
      <extensions><gpxtpx:TrackPointExtension><gpxtpx:hr>144</gpxtpx:hr></gpxtpx:TrackPointExtension></extensions>
    </trkpt>
    <trkpt lat="37.566769" lon="127.000788">
      <ele>32.0</ele>
      <time>2026-07-20T20:50:06.000Z</time>
      <extensions><gpxtpx:TrackPointExtension><gpxtpx:hr>144</gpxtpx:hr></gpxtpx:TrackPointExtension></extensions>
    </trkpt>
    <trkpt lat="37.566783" lon="127.000800">
      <ele>32.0</ele>
      <time>2026-07-20T20:50:07.000Z</time>
      <extensions><gpxtpx:TrackPointExtension><gpxtpx:hr>143</gpxtpx:hr></gpxtpx:TrackPointExtension></extensions>
    </trkpt>
    <trkpt lat="37.566793" lon="127.000851">
      <ele>32.0</ele>
      <time>2026-07-20T20:50:08.000Z</time>
      <extensions><gpxtpx:TrackPointExtension><gpxtpx:hr>144</gpxtpx:hr></gpxtpx:TrackPointExtension></extensions>
    </trkpt>
    <trkpt lat="37.566811" lon="127.000901">
      <ele>32.0</ele>
      <time>2026-07-20T20:50:09.000Z</time>
      <extensions><gpxtpx:TrackPointExtension><gpxtpx:hr>144</gpxtpx:hr></gpxtpx:TrackPointExtension></extensions>
    </trkpt>
    <trkpt lat="37.566817" lon="127.000959">
      <ele>32.0</ele>
      <time>2026-07-20T20:50:10.000Z</time>
      <extensions><gpxtpx:TrackPointExtension><gpxtpx:hr>145</gpxtpx:hr></gpxtpx:TrackPointExtension></extensions>
    </trkpt>
    <trkpt lat="37.566826" lon="127.000914">
      <ele>32.0</ele>
      <time>2026-07-20T20:50:11.000Z</time>
      <extensions><gpxtpx:TrackPointExtension><gpxtpx:hr>145</gpxtpx:hr></gpxtpx:TrackPointExtension></extensions>
    </trkpt>
    <trkpt lat="37.566835" lon="127.000887">
      <ele>32.0</ele>
      <time>2026-07-20T20:50:12.000Z</time>
      <extensions><gpxtpx:TrackPointExtension><gpxtpx:hr>145</gpxtpx:hr></gpxtpx:TrackPointExtension></extensions>
    </trkpt>
    <trkpt lat="37.566853" lon="127.000863">
      <ele>32.0</ele>
      <time>2026-07-20T20:50:13.000Z</time>
      <extensions><gpxtpx:TrackPointExtension><gpxtpx:hr>145</gpxtpx:hr></gpxtpx:TrackPointExtension></extensions>
    </trkpt>
    <trkpt lat="37.566846" lon="127.000859">
      <ele>32.0</ele>
      <time>2026-07-20T20:50:14.000Z</time>
      <extensions><gpxtpx:TrackPointExtension><gpxtpx:hr>144</gpxtpx:hr></gpxtpx:TrackPointExtension></extensions>
    </trkpt>
    <trkpt lat="37.566854" lon="127.000843">
      <ele>32.0</ele>
      <time>2026-07-20T20:50:15.000Z</time>
      <extensions><gpxtpx:TrackPointExtension><gpxtpx:hr>143</gpxtpx:hr></gpxtpx:TrackPointExtension></extensions>
    </trkpt>
    <trkpt lat="37.566865" lon="127.000829">
      <ele>32.0</ele>
      <time>2026-07-20T20:50:16.000Z</time>
      <extensions><gpxtpx:TrackPointExtension><gpxtpx:hr>142</gpxtpx:hr></gpxtpx:TrackPointExtension></extensions>
    </trkpt>
    <trkpt lat="37.566861" lon="127.000812">
      <ele>32.0</ele>
      <time>2026-07-20T20:50:17.000Z</time>
      <extensions><gpxtpx:TrackPointExtension><gpxtpx:hr>141</gpxtpx:hr></gpxtpx:TrackPointExtension></extensions>
    </trkpt>
    <trkpt lat="37.566866" lon="127.000789">
      <ele>32.0</ele>
      <time>2026-07-20T20:50:18.000Z</time>
      <extensions><gpxtpx:TrackPointExtension><gpxtpx:hr>141</gpxtpx:hr></gpxtpx:TrackPointExtension></extensions>
    </trkpt>
    <trkpt lat="37.566876" lon="127.000785">
      <ele>32.0</ele>
      <time>2026-07-20T20:50:19.000Z</time>
      <extensions><gpxtpx:TrackPointExtension><gpxtpx:hr>140</gpxtpx:hr></gpxtpx:TrackPointExtension></extensions>
    </trkpt>
    <trkpt lat="37.566888" lon="127.000771">
      <ele>32.0</ele>
      <time>2026-07-20T20:50:20.000Z</time>
      <extensions><gpxtpx:TrackPointExtension><gpxtpx:hr>139</gpxtpx:hr></gpxtpx:TrackPointExtension></extensions>
    </trkpt>
    <trkpt lat="37.566883" lon="127.000752">
      <ele>32.0</ele>
      <time>2026-07-20T20:50:21.000Z</time>
      <extensions><gpxtpx:TrackPointExtension><gpxtpx:hr>139</gpxtpx:hr></gpxtpx:TrackPointExtension></extensions>
    </trkpt>
    <trkpt lat="37.566891" lon="127.000742">
      <ele>32.0</ele>
      <time>2026-07-20T20:50:22.000Z</time>
      <extensions><gpxtpx:TrackPointExtension><gpxtpx:hr>138</gpxtpx:hr></gpxtpx:TrackPointExtension></extensions>
    </trkpt>
    <trkpt lat="37.566897" lon="127.000734">
      <ele>32.0</ele>
      <time>2026-07-20T20:50:23.000Z</time>
      <extensions><gpxtpx:TrackPointExtension><gpxtpx:hr>137</gpxtpx:hr></gpxtpx:TrackPointExtension></extensions>
    </trkpt>
    <trkpt lat="37.566892" lon="127.000731">
      <ele>32.0</ele>
      <time>2026-07-20T20:50:24.000Z</time>
      <extensions><gpxtpx:TrackPointExtension><gpxtpx:hr>136</gpxtpx:hr></gpxtpx:TrackPointExtension></extensions>
    </trkpt>
    <trkpt lat="37.566886" lon="127.000727">
      <ele>32.0</ele>
      <time>2026-07-20T20:50:25.000Z</time>
      <extensions><gpxtpx:TrackPointExtension><gpxtpx:hr>135</gpxtpx:hr></gpxtpx:TrackPointExtension></extensions>
    </trkpt>
    <trkpt lat="37.566894" lon="127.000731">
      <ele>32.0</ele>
      <time>2026-07-20T20:50:26.000Z</time>
      <extensions><gpxtpx:TrackPointExtension><gpxtpx:hr>134</gpxtpx:hr></gpxtpx:TrackPointExtension></extensions>
    </trkpt>
    <trkpt lat="37.566879" lon="127.000736">
      <ele>32.0</ele>
      <time>2026-07-20T20:50:27.000Z</time>
      <extensions><gpxtpx:TrackPointExtension><gpxtpx:hr>134</gpxtpx:hr></gpxtpx:TrackPointExtension></extensions>
    </trkpt>
    <trkpt lat="37.566877" lon="127.000726">
      <ele>32.0</ele>
      <time>2026-07-20T20:50:28.000Z</time>
      <extensions><gpxtpx:TrackPointExtension><gpxtpx:hr>133</gpxtpx:hr></gpxtpx:TrackPointExtension></extensions>
    </trkpt>
    <trkpt lat="37.566866" lon="127.000735">
      <ele>32.0</ele>
      <time>2026-07-20T20:50:29.000Z</time>
      <extensions><gpxtpx:TrackPointExtension><gpxtpx:hr>133</gpxtpx:hr></gpxtpx:TrackPointExtension></extensions>
    </trkpt>
    <trkpt lat="37.566849" lon="127.000740">
      <ele>32.0</ele>
      <time>2026-07-20T20:50:30.000Z</time>
      <extensions><gpxtpx:TrackPointExtension><gpxtpx:hr>133</gpxtpx:hr></gpxtpx:TrackPointExtension></extensions>
    </trkpt>
    <trkpt lat="37.566850" lon="127.000758">
      <ele>32.0</ele>
      <time>2026-07-20T20:50:31.000Z</time>
      <extensions><gpxtpx:TrackPointExtension><gpxtpx:hr>132</gpxtpx:hr></gpxtpx:TrackPointExtension></extensions>
    </trkpt>
    <trkpt lat="37.566832" lon="127.000757">
      <ele>32.0</ele>
      <time>2026-07-20T20:50:32.000Z</time>
      <extensions><gpxtpx:TrackPointExtension><gpxtpx:hr>132</gpxtpx:hr></gpxtpx:TrackPointExtension></extensions>
    </trkpt>
    <trkpt lat="37.566819" lon="127.000764">
      <ele>32.0</ele>
      <time>2026-07-20T20:50:33.000Z</time>
      <extensions><gpxtpx:TrackPointExtension><gpxtpx:hr>132</gpxtpx:hr></gpxtpx:TrackPointExtension></extensions>
    </trkpt>
    <trkpt lat="37.566806" lon="127.000777">
      <ele>32.0</ele>
      <time>2026-07-20T20:50:34.000Z</time>
      <extensions><gpxtpx:TrackPointExtension><gpxtpx:hr>132</gpxtpx:hr></gpxtpx:TrackPointExtension></extensions>
    </trkpt>
    <trkpt lat="37.566795" lon="127.000777">
      <ele>32.0</ele>
      <time>2026-07-20T20:50:35.000Z</time>
      <extensions><gpxtpx:TrackPointExtension><gpxtpx:hr>131</gpxtpx:hr></gpxtpx:TrackPointExtension></extensions>
    </trkpt>
    <trkpt lat="37.566803" lon="127.000773">
      <ele>32.0</ele>
      <time>2026-07-20T20:50:36.000Z</time>
      <extensions><gpxtpx:TrackPointExtension><gpxtpx:hr>131</gpxtpx:hr></gpxtpx:TrackPointExtension></extensions>
    </trkpt>
    <trkpt lat="37.566805" lon="127.000777">
      <ele>32.0</ele>
      <time>2026-07-20T20:50:37.000Z</time>
      <extensions><gpxtpx:TrackPointExtension><gpxtpx:hr>130</gpxtpx:hr></gpxtpx:TrackPointExtension></extensions>
    </trkpt>
    <trkpt lat="37.566794" lon="127.000779">
      <ele>32.0</ele>
      <time>2026-07-20T20:50:38.000Z</time>
      <extensions><gpxtpx:TrackPointExtension><gpxtpx:hr>129</gpxtpx:hr></gpxtpx:TrackPointExtension></extensions>
    </trkpt>
    <trkpt lat="37.566793" lon="127.000782">
      <ele>32.0</ele>
      <time>2026-07-20T20:50:39.000Z</time>
      <extensions><gpxtpx:TrackPointExtension><gpxtpx:hr>129</gpxtpx:hr></gpxtpx:TrackPointExtension></extensions>
    </trkpt>
    <trkpt lat="37.566794" lon="127.000790">
      <ele>32.0</ele>
      <time>2026-07-20T20:50:40.000Z</time>
      <extensions><gpxtpx:TrackPointExtension><gpxtpx:hr>128</gpxtpx:hr></gpxtpx:TrackPointExtension></extensions>
    </trkpt>
    <trkpt lat="37.566766" lon="127.000825">
      <ele>32.0</ele>
      <time>2026-07-20T20:50:41.000Z</time>
      <extensions><gpxtpx:TrackPointExtension><gpxtpx:hr>130</gpxtpx:hr></gpxtpx:TrackPointExtension></extensions>
    </trkpt>
    <trkpt lat="37.566720" lon="127.000893">
      <ele>32.0</ele>
      <time>2026-07-20T20:50:42.000Z</time>
      <extensions><gpxtpx:TrackPointExtension><gpxtpx:hr>132</gpxtpx:hr></gpxtpx:TrackPointExtension></extensions>
    </trkpt>
    <trkpt lat="37.566671" lon="127.000944">
      <ele>32.0</ele>
      <time>2026-07-20T20:50:43.000Z</time>
      <extensions><gpxtpx:TrackPointExtension><gpxtpx:hr>134</gpxtpx:hr></gpxtpx:TrackPointExtension></extensions>
    </trkpt>
    <trkpt lat="37.566635" lon="127.000996">
      <ele>32.0</ele>
      <time>2026-07-20T20:50:44.000Z</time>
      <extensions><gpxtpx:TrackPointExtension><gpxtpx:hr>136</gpxtpx:hr></gpxtpx:TrackPointExtension></extensions>
    </trkpt>
    <trkpt lat="37.566584" lon="127.001058">
      <ele>32.0</ele>
      <time>2026-07-20T20:50:45.000Z</time>
      <extensions><gpxtpx:TrackPointExtension><gpxtpx:hr>139</gpxtpx:hr></gpxtpx:TrackPointExtension></extensions>
    </trkpt>
    <trkpt lat="37.566611" lon="127.001037">
      <ele>32.0</ele>
      <time>2026-07-20T20:50:46.000Z</time>
      <extensions><gpxtpx:TrackPointExtension><gpxtpx:hr>139</gpxtpx:hr></gpxtpx:TrackPointExtension></extensions>
    </trkpt>
    <trkpt lat="37.566643" lon="127.001014">
      <ele>32.0</ele>
      <time>2026-07-20T20:50:47.000Z</time>
      <extensions><gpxtpx:TrackPointExtension><gpxtpx:hr>140</gpxtpx:hr></gpxtpx:TrackPointExtension></extensions>
    </trkpt>
    <trkpt lat="37.566666" lon="127.000988">
      <ele>32.0</ele>
      <time>2026-07-20T20:50:48.000Z</time>
      <extensions><gpxtpx:TrackPointExtension><gpxtpx:hr>140</gpxtpx:hr></gpxtpx:TrackPointExtension></extensions>
    </trkpt>
    <trkpt lat="37.566682" lon="127.000984">
      <ele>32.0</ele>
      <time>2026-07-20T20:50:49.000Z</time>
      <extensions><gpxtpx:TrackPointExtension><gpxtpx:hr>139</gpxtpx:hr></gpxtpx:TrackPointExtension></extensions>
    </trkpt>
    <trkpt lat="37.566695" lon="127.000967">
      <ele>32.0</ele>
      <time>2026-07-20T20:50:50.000Z</time>
      <extensions><gpxtpx:TrackPointExtension><gpxtpx:hr>139</gpxtpx:hr></gpxtpx:TrackPointExtension></extensions>
    </trkpt>
    <trkpt lat="37.566708" lon="127.000951">
      <ele>32.0</ele>
      <time>2026-07-20T20:50:51.000Z</time>
      <extensions><gpxtpx:TrackPointExtension><gpxtpx:hr>139</gpxtpx:hr></gpxtpx:TrackPointExtension></extensions>
    </trkpt>
    <trkpt lat="37.566711" lon="127.000941">
      <ele>32.0</ele>
      <time>2026-07-20T20:50:52.000Z</time>
      <extensions><gpxtpx:TrackPointExtension><gpxtpx:hr>138</gpxtpx:hr></gpxtpx:TrackPointExtension></extensions>
    </trkpt>
    <trkpt lat="37.566726" lon="127.000924">
      <ele>32.0</ele>
      <time>2026-07-20T20:50:53.000Z</time>
      <extensions><gpxtpx:TrackPointExtension><gpxtpx:hr>138</gpxtpx:hr></gpxtpx:TrackPointExtension></extensions>
    </trkpt>
    <trkpt lat="37.566744" lon="127.000925">
      <ele>32.0</ele>
      <time>2026-07-20T20:50:54.000Z</time>
      <extensions><gpxtpx:TrackPointExtension><gpxtpx:hr>137</gpxtpx:hr></gpxtpx:TrackPointExtension></extensions>
    </trkpt>
    <trkpt lat="37.566735" lon="127.000901">
      <ele>32.0</ele>
      <time>2026-07-20T20:50:55.000Z</time>
      <extensions><gpxtpx:TrackPointExtension><gpxtpx:hr>137</gpxtpx:hr></gpxtpx:TrackPointExtension></extensions>
    </trkpt>
    <trkpt lat="37.566737" lon="127.000876">
      <ele>32.0</ele>
      <time>2026-07-20T20:50:56.000Z</time>
      <extensions><gpxtpx:TrackPointExtension><gpxtpx:hr>136</gpxtpx:hr></gpxtpx:TrackPointExtension></extensions>
    </trkpt>
    <trkpt lat="37.566739" lon="127.000868">
      <ele>32.0</ele>
      <time>2026-07-20T20:50:57.000Z</time>
      <extensions><gpxtpx:TrackPointExtension><gpxtpx:hr>136</gpxtpx:hr></gpxtpx:TrackPointExtension></extensions>
    </trkpt>
    <trkpt lat="37.566742" lon="127.000852">
      <ele>32.0</ele>
      <time>2026-07-20T20:50:58.000Z</time>
      <extensions><gpxtpx:TrackPointExtension><gpxtpx:hr>136</gpxtpx:hr></gpxtpx:TrackPointExtension></extensions>
    </trkpt>
    <trkpt lat="37.566741" lon="127.000827">
      <ele>32.0</ele>
      <time>2026-07-20T20:50:59.000Z</time>
      <extensions><gpxtpx:TrackPointExtension><gpxtpx:hr>135</gpxtpx:hr></gpxtpx:TrackPointExtension></extensions>
    </trkpt>
    <trkpt lat="37.566741" lon="127.000806">
      <ele>32.0</ele>
      <time>2026-07-20T20:51:00.000Z</time>
      <extensions><gpxtpx:TrackPointExtension><gpxtpx:hr>135</gpxtpx:hr></gpxtpx:TrackPointExtension></extensions>
    </trkpt>
    <trkpt lat="37.566740" lon="127.000784">
      <ele>32.0</ele>
      <time>2026-07-20T20:51:01.000Z</time>
      <extensions><gpxtpx:TrackPointExtension><gpxtpx:hr>135</gpxtpx:hr></gpxtpx:TrackPointExtension></extensions>
    </trkpt>
    <trkpt lat="37.566736" lon="127.000779">
      <ele>32.0</ele>
      <time>2026-07-20T20:51:02.000Z</time>
      <extensions><gpxtpx:TrackPointExtension><gpxtpx:hr>135</gpxtpx:hr></gpxtpx:TrackPointExtension></extensions>
    </trkpt>
    <trkpt lat="37.566742" lon="127.000753">
      <ele>32.0</ele>
      <time>2026-07-20T20:51:03.000Z</time>
      <extensions><gpxtpx:TrackPointExtension><gpxtpx:hr>134</gpxtpx:hr></gpxtpx:TrackPointExtension></extensions>
    </trkpt>
    <trkpt lat="37.566751" lon="127.000734">
      <ele>32.0</ele>
      <time>2026-07-20T20:51:04.000Z</time>
      <extensions><gpxtpx:TrackPointExtension><gpxtpx:hr>134</gpxtpx:hr></gpxtpx:TrackPointExtension></extensions>
    </trkpt>
    <trkpt lat="37.566766" lon="127.000717">
      <ele>32.0</ele>
      <time>2026-07-20T20:51:05.000Z</time>
      <extensions><gpxtpx:TrackPointExtension><gpxtpx:hr>134</gpxtpx:hr></gpxtpx:TrackPointExtension></extensions>
    </trkpt>
    <trkpt lat="37.566762" lon="127.000692">
      <ele>32.0</ele>
      <time>2026-07-20T20:51:06.000Z</time>
      <extensions><gpxtpx:TrackPointExtension><gpxtpx:hr>134</gpxtpx:hr></gpxtpx:TrackPointExtension></extensions>
    </trkpt>
    <trkpt lat="37.566770" lon="127.000671">
      <ele>32.0</ele>
      <time>2026-07-20T20:51:07.000Z</time>
      <extensions><gpxtpx:TrackPointExtension><gpxtpx:hr>134</gpxtpx:hr></gpxtpx:TrackPointExtension></extensions>
    </trkpt>
    <trkpt lat="37.566774" lon="127.000660">
      <ele>32.0</ele>
      <time>2026-07-20T20:51:08.000Z</time>
      <extensions><gpxtpx:TrackPointExtension><gpxtpx:hr>134</gpxtpx:hr></gpxtpx:TrackPointExtension></extensions>
    </trkpt>
    <trkpt lat="37.566780" lon="127.000634">
      <ele>32.0</ele>
      <time>2026-07-20T20:51:09.000Z</time>
      <extensions><gpxtpx:TrackPointExtension><gpxtpx:hr>133</gpxtpx:hr></gpxtpx:TrackPointExtension></extensions>
    </trkpt>
    <trkpt lat="37.566784" lon="127.000628">
      <ele>32.0</ele>
      <time>2026-07-20T20:51:10.000Z</time>
      <extensions><gpxtpx:TrackPointExtension><gpxtpx:hr>133</gpxtpx:hr></gpxtpx:TrackPointExtension></extensions>
    </trkpt>
    <trkpt lat="37.566793" lon="127.000613">
      <ele>32.0</ele>
      <time>2026-07-20T20:51:11.000Z</time>
      <extensions><gpxtpx:TrackPointExtension><gpxtpx:hr>133</gpxtpx:hr></gpxtpx:TrackPointExtension></extensions>
    </trkpt>
    <trkpt lat="37.566796" lon="127.000607">
      <ele>32.0</ele>
      <time>2026-07-20T20:51:12.000Z</time>
      <extensions><gpxtpx:TrackPointExtension><gpxtpx:hr>132</gpxtpx:hr></gpxtpx:TrackPointExtension></extensions>
    </trkpt>
    <trkpt lat="37.566793" lon="127.000569">
      <ele>32.0</ele>
      <time>2026-07-20T20:51:13.000Z</time>
      <extensions><gpxtpx:TrackPointExtension><gpxtpx:hr>133</gpxtpx:hr></gpxtpx:TrackPointExtension></extensions>
    </trkpt>
    <trkpt lat="37.566785" lon="127.000500">
      <ele>32.0</ele>
      <time>2026-07-20T20:51:14.000Z</time>
      <extensions><gpxtpx:TrackPointExtension><gpxtpx:hr>134</gpxtpx:hr></gpxtpx:TrackPointExtension></extensions>
    </trkpt>
    <trkpt lat="37.566769" lon="127.000446">
      <ele>32.0</ele>
      <time>2026-07-20T20:51:15.000Z</time>
      <extensions><gpxtpx:TrackPointExtension><gpxtpx:hr>136</gpxtpx:hr></gpxtpx:TrackPointExtension></extensions>
    </trkpt>
    <trkpt lat="37.566758" lon="127.000385">
      <ele>32.0</ele>
      <time>2026-07-20T20:51:16.000Z</time>
      <extensions><gpxtpx:TrackPointExtension><gpxtpx:hr>137</gpxtpx:hr></gpxtpx:TrackPointExtension></extensions>
    </trkpt>
    <trkpt lat="37.566695" lon="127.000396">
      <ele>32.0</ele>
      <time>2026-07-20T20:51:17.000Z</time>
      <extensions><gpxtpx:TrackPointExtension><gpxtpx:hr>139</gpxtpx:hr></gpxtpx:TrackPointExtension></extensions>
    </trkpt>
    <trkpt lat="37.566626" lon="127.000425">
      <ele>32.0</ele>
      <time>2026-07-20T20:51:18.000Z</time>
      <extensions><gpxtpx:TrackPointExtension><gpxtpx:hr>141</gpxtpx:hr></gpxtpx:TrackPointExtension></extensions>
    </trkpt>
    <trkpt lat="37.566556" lon="127.000435">
      <ele>32.0</ele>
      <time>2026-07-20T20:51:19.000Z</time>
      <extensions><gpxtpx:TrackPointExtension><gpxtpx:hr>143</gpxtpx:hr></gpxtpx:TrackPointExtension></extensions>
    </trkpt>
    <trkpt lat="37.566493" lon="127.000464">
      <ele>32.0</ele>
      <time>2026-07-20T20:51:20.000Z</time>
      <extensions><gpxtpx:TrackPointExtension><gpxtpx:hr>145</gpxtpx:hr></gpxtpx:TrackPointExtension></extensions>
    </trkpt>
    <trkpt lat="37.566531" lon="127.000481">
      <ele>32.0</ele>
      <time>2026-07-20T20:51:21.000Z</time>
      <extensions><gpxtpx:TrackPointExtension><gpxtpx:hr>146</gpxtpx:hr></gpxtpx:TrackPointExtension></extensions>
    </trkpt>
    <trkpt lat="37.566567" lon="127.000481">
      <ele>32.0</ele>
      <time>2026-07-20T20:51:22.000Z</time>
      <extensions><gpxtpx:TrackPointExtension><gpxtpx:hr>146</gpxtpx:hr></gpxtpx:TrackPointExtension></extensions>
    </trkpt>
    <trkpt lat="37.566593" lon="127.000497">
      <ele>32.0</ele>
      <time>2026-07-20T20:51:23.000Z</time>
      <extensions><gpxtpx:TrackPointExtension><gpxtpx:hr>145</gpxtpx:hr></gpxtpx:TrackPointExtension></extensions>
    </trkpt>
    <trkpt lat="37.566607" lon="127.000510">
      <ele>32.0</ele>
      <time>2026-07-20T20:51:24.000Z</time>
      <extensions><gpxtpx:TrackPointExtension><gpxtpx:hr>145</gpxtpx:hr></gpxtpx:TrackPointExtension></extensions>
    </trkpt>
    <trkpt lat="37.566621" lon="127.000506">
      <ele>32.0</ele>
      <time>2026-07-20T20:51:25.000Z</time>
      <extensions><gpxtpx:TrackPointExtension><gpxtpx:hr>144</gpxtpx:hr></gpxtpx:TrackPointExtension></extensions>
    </trkpt>
    <trkpt lat="37.566642" lon="127.000509">
      <ele>32.0</ele>
      <time>2026-07-20T20:51:26.000Z</time>
      <extensions><gpxtpx:TrackPointExtension><gpxtpx:hr>144</gpxtpx:hr></gpxtpx:TrackPointExtension></extensions>
    </trkpt>
    <trkpt lat="37.566661" lon="127.000527">
      <ele>32.0</ele>
      <time>2026-07-20T20:51:27.000Z</time>
      <extensions><gpxtpx:TrackPointExtension><gpxtpx:hr>143</gpxtpx:hr></gpxtpx:TrackPointExtension></extensions>
    </trkpt>
    <trkpt lat="37.566668" lon="127.000532">
      <ele>32.0</ele>
      <time>2026-07-20T20:51:28.000Z</time>
      <extensions><gpxtpx:TrackPointExtension><gpxtpx:hr>143</gpxtpx:hr></gpxtpx:TrackPointExtension></extensions>
    </trkpt>
    <trkpt lat="37.566672" lon="127.000540">
      <ele>32.0</ele>
      <time>2026-07-20T20:51:29.000Z</time>
      <extensions><gpxtpx:TrackPointExtension><gpxtpx:hr>141</gpxtpx:hr></gpxtpx:TrackPointExtension></extensions>
    </trkpt>
    <trkpt lat="37.566686" lon="127.000538">
      <ele>32.0</ele>
      <time>2026-07-20T20:51:30.000Z</time>
      <extensions><gpxtpx:TrackPointExtension><gpxtpx:hr>140</gpxtpx:hr></gpxtpx:TrackPointExtension></extensions>
    </trkpt>
    <trkpt lat="37.566676" lon="127.000552">
      <ele>32.0</ele>
      <time>2026-07-20T20:51:31.000Z</time>
      <extensions><gpxtpx:TrackPointExtension><gpxtpx:hr>139</gpxtpx:hr></gpxtpx:TrackPointExtension></extensions>
    </trkpt>
    <trkpt lat="37.566677" lon="127.000551">
      <ele>32.0</ele>
      <time>2026-07-20T20:51:32.000Z</time>
      <extensions><gpxtpx:TrackPointExtension><gpxtpx:hr>139</gpxtpx:hr></gpxtpx:TrackPointExtension></extensions>
    </trkpt>
    <trkpt lat="37.566672" lon="127.000578">
      <ele>32.0</ele>
      <time>2026-07-20T20:51:33.000Z</time>
      <extensions><gpxtpx:TrackPointExtension><gpxtpx:hr>138</gpxtpx:hr></gpxtpx:TrackPointExtension></extensions>
    </trkpt>
    <trkpt lat="37.566658" lon="127.000593">
      <ele>32.0</ele>
      <time>2026-07-20T20:51:34.000Z</time>
      <extensions><gpxtpx:TrackPointExtension><gpxtpx:hr>138</gpxtpx:hr></gpxtpx:TrackPointExtension></extensions>
    </trkpt>
    <trkpt lat="37.566661" lon="127.000604">
      <ele>32.0</ele>
      <time>2026-07-20T20:51:35.000Z</time>
      <extensions><gpxtpx:TrackPointExtension><gpxtpx:hr>137</gpxtpx:hr></gpxtpx:TrackPointExtension></extensions>
    </trkpt>
    <trkpt lat="37.566653" lon="127.000618">
      <ele>32.0</ele>
      <time>2026-07-20T20:51:36.000Z</time>
      <extensions><gpxtpx:TrackPointExtension><gpxtpx:hr>137</gpxtpx:hr></gpxtpx:TrackPointExtension></extensions>
    </trkpt>
    <trkpt lat="37.566666" lon="127.000685">
      <ele>32.0</ele>
      <time>2026-07-20T20:51:37.000Z</time>
      <extensions><gpxtpx:TrackPointExtension><gpxtpx:hr>138</gpxtpx:hr></gpxtpx:TrackPointExtension></extensions>
    </trkpt>
    <trkpt lat="37.566676" lon="127.000766">
      <ele>32.0</ele>
      <time>2026-07-20T20:51:38.000Z</time>
      <extensions><gpxtpx:TrackPointExtension><gpxtpx:hr>140</gpxtpx:hr></gpxtpx:TrackPointExtension></extensions>
    </trkpt>
    <trkpt lat="37.566692" lon="127.000848">
      <ele>32.0</ele>
      <time>2026-07-20T20:51:39.000Z</time>
      <extensions><gpxtpx:TrackPointExtension><gpxtpx:hr>142</gpxtpx:hr></gpxtpx:TrackPointExtension></extensions>
    </trkpt>
    <trkpt lat="37.566735" lon="127.000916">
      <ele>32.0</ele>
      <time>2026-07-20T20:51:40.000Z</time>
      <extensions><gpxtpx:TrackPointExtension><gpxtpx:hr>144</gpxtpx:hr></gpxtpx:TrackPointExtension></extensions>
    </trkpt>
    <trkpt lat="37.566782" lon="127.000996">
      <ele>32.0</ele>
      <time>2026-07-20T20:51:41.000Z</time>
      <extensions><gpxtpx:TrackPointExtension><gpxtpx:hr>146</gpxtpx:hr></gpxtpx:TrackPointExtension></extensions>
    </trkpt>
    <trkpt lat="37.566738" lon="127.000915">
      <ele>32.0</ele>
      <time>2026-07-20T20:51:42.000Z</time>
      <extensions><gpxtpx:TrackPointExtension><gpxtpx:hr>148</gpxtpx:hr></gpxtpx:TrackPointExtension></extensions>
    </trkpt>
    <trkpt lat="37.566714" lon="127.000837">
      <ele>32.0</ele>
      <time>2026-07-20T20:51:43.000Z</time>
      <extensions><gpxtpx:TrackPointExtension><gpxtpx:hr>150</gpxtpx:hr></gpxtpx:TrackPointExtension></extensions>
    </trkpt>
    <trkpt lat="37.566719" lon="127.000791">
      <ele>32.0</ele>
      <time>2026-07-20T20:51:44.000Z</time>
      <extensions><gpxtpx:TrackPointExtension><gpxtpx:hr>150</gpxtpx:hr></gpxtpx:TrackPointExtension></extensions>
    </trkpt>
    <trkpt lat="37.566728" lon="127.000753">
      <ele>32.0</ele>
      <time>2026-07-20T20:51:45.000Z</time>
      <extensions><gpxtpx:TrackPointExtension><gpxtpx:hr>150</gpxtpx:hr></gpxtpx:TrackPointExtension></extensions>
    </trkpt>
    <trkpt lat="37.566733" lon="127.000730">
      <ele>32.0</ele>
      <time>2026-07-20T20:51:46.000Z</time>
      <extensions><gpxtpx:TrackPointExtension><gpxtpx:hr>149</gpxtpx:hr></gpxtpx:TrackPointExtension></extensions>
    </trkpt>
    <trkpt lat="37.566743" lon="127.000700">
      <ele>32.0</ele>
      <time>2026-07-20T20:51:47.000Z</time>
      <extensions><gpxtpx:TrackPointExtension><gpxtpx:hr>149</gpxtpx:hr></gpxtpx:TrackPointExtension></extensions>
    </trkpt>
    <trkpt lat="37.566752" lon="127.000689">
      <ele>32.0</ele>
      <time>2026-07-20T20:51:48.000Z</time>
      <extensions><gpxtpx:TrackPointExtension><gpxtpx:hr>148</gpxtpx:hr></gpxtpx:TrackPointExtension></extensions>
    </trkpt>
    <trkpt lat="37.566753" lon="127.000678">
      <ele>32.0</ele>
      <time>2026-07-20T20:51:49.000Z</time>
      <extensions><gpxtpx:TrackPointExtension><gpxtpx:hr>147</gpxtpx:hr></gpxtpx:TrackPointExtension></extensions>
    </trkpt>
    <trkpt lat="37.566748" lon="127.000664">
      <ele>32.0</ele>
      <time>2026-07-20T20:51:50.000Z</time>
      <extensions><gpxtpx:TrackPointExtension><gpxtpx:hr>145</gpxtpx:hr></gpxtpx:TrackPointExtension></extensions>
    </trkpt>
    <trkpt lat="37.566739" lon="127.000661">
      <ele>32.0</ele>
      <time>2026-07-20T20:51:51.000Z</time>
      <extensions><gpxtpx:TrackPointExtension><gpxtpx:hr>144</gpxtpx:hr></gpxtpx:TrackPointExtension></extensions>
    </trkpt>
    <trkpt lat="37.566738" lon="127.000672">
      <ele>32.0</ele>
      <time>2026-07-20T20:51:52.000Z</time>
      <extensions><gpxtpx:TrackPointExtension><gpxtpx:hr>143</gpxtpx:hr></gpxtpx:TrackPointExtension></extensions>
    </trkpt>
    <trkpt lat="37.566735" lon="127.000656">
      <ele>32.0</ele>
      <time>2026-07-20T20:51:53.000Z</time>
      <extensions><gpxtpx:TrackPointExtension><gpxtpx:hr>141</gpxtpx:hr></gpxtpx:TrackPointExtension></extensions>
    </trkpt>
    <trkpt lat="37.566732" lon="127.000653">
      <ele>32.0</ele>
      <time>2026-07-20T20:51:54.000Z</time>
      <extensions><gpxtpx:TrackPointExtension><gpxtpx:hr>140</gpxtpx:hr></gpxtpx:TrackPointExtension></extensions>
    </trkpt>
    <trkpt lat="37.566761" lon="127.000631">
      <ele>32.0</ele>
      <time>2026-07-20T20:51:55.000Z</time>
      <extensions><gpxtpx:TrackPointExtension><gpxtpx:hr>140</gpxtpx:hr></gpxtpx:TrackPointExtension></extensions>
    </trkpt>
    <trkpt lat="37.566788" lon="127.000609">
      <ele>32.0</ele>
      <time>2026-07-20T20:51:56.000Z</time>
      <extensions><gpxtpx:TrackPointExtension><gpxtpx:hr>141</gpxtpx:hr></gpxtpx:TrackPointExtension></extensions>
    </trkpt>
    <trkpt lat="37.566824" lon="127.000560">
      <ele>32.0</ele>
      <time>2026-07-20T20:51:57.000Z</time>
      <extensions><gpxtpx:TrackPointExtension><gpxtpx:hr>142</gpxtpx:hr></gpxtpx:TrackPointExtension></extensions>
    </trkpt>
    <trkpt lat="37.566852" lon="127.000524">
      <ele>32.0</ele>
      <time>2026-07-20T20:51:58.000Z</time>
      <extensions><gpxtpx:TrackPointExtension><gpxtpx:hr>143</gpxtpx:hr></gpxtpx:TrackPointExtension></extensions>
    </trkpt>
    <trkpt lat="37.566893" lon="127.000493">
      <ele>32.0</ele>
      <time>2026-07-20T20:51:59.000Z</time>
      <extensions><gpxtpx:TrackPointExtension><gpxtpx:hr>144</gpxtpx:hr></gpxtpx:TrackPointExtension></extensions>
    </trkpt>
    <trkpt lat="37.566930" lon="127.000445">
      <ele>32.0</ele>
      <time>2026-07-20T20:52:00.000Z</time>
      <extensions><gpxtpx:TrackPointExtension><gpxtpx:hr>145</gpxtpx:hr></gpxtpx:TrackPointExtension></extensions>
    </trkpt>
    <trkpt lat="37.566879" lon="127.000405">
      <ele>32.0</ele>
      <time>2026-07-20T20:52:01.000Z</time>
      <extensions><gpxtpx:TrackPointExtension><gpxtpx:hr>146</gpxtpx:hr></gpxtpx:TrackPointExtension></extensions>
    </trkpt>
    <trkpt lat="37.566820" lon="127.000342">
      <ele>32.0</ele>
      <time>2026-07-20T20:52:02.000Z</time>
      <extensions><gpxtpx:TrackPointExtension><gpxtpx:hr>148</gpxtpx:hr></gpxtpx:TrackPointExtension></extensions>
    </trkpt>
    <trkpt lat="37.566777" lon="127.000291">
      <ele>32.0</ele>
      <time>2026-07-20T20:52:03.000Z</time>
      <extensions><gpxtpx:TrackPointExtension><gpxtpx:hr>150</gpxtpx:hr></gpxtpx:TrackPointExtension></extensions>
    </trkpt>
    <trkpt lat="37.566773" lon="127.000294">
      <ele>32.0</ele>
      <time>2026-07-20T20:52:04.000Z</time>
      <extensions><gpxtpx:TrackPointExtension><gpxtpx:hr>151</gpxtpx:hr></gpxtpx:TrackPointExtension></extensions>
    </trkpt>
    <trkpt lat="37.566773" lon="127.000312">
      <ele>32.0</ele>
      <time>2026-07-20T20:52:05.000Z</time>
      <extensions><gpxtpx:TrackPointExtension><gpxtpx:hr>151</gpxtpx:hr></gpxtpx:TrackPointExtension></extensions>
    </trkpt>
    <trkpt lat="37.566780" lon="127.000318">
      <ele>32.0</ele>
      <time>2026-07-20T20:52:06.000Z</time>
      <extensions><gpxtpx:TrackPointExtension><gpxtpx:hr>149</gpxtpx:hr></gpxtpx:TrackPointExtension></extensions>
    </trkpt>
    <trkpt lat="37.566795" lon="127.000330">
      <ele>32.0</ele>
      <time>2026-07-20T20:52:07.000Z</time>
      <extensions><gpxtpx:TrackPointExtension><gpxtpx:hr>148</gpxtpx:hr></gpxtpx:TrackPointExtension></extensions>
    </trkpt>
    <trkpt lat="37.566808" lon="127.000326">
      <ele>32.0</ele>
      <time>2026-07-20T20:52:08.000Z</time>
      <extensions><gpxtpx:TrackPointExtension><gpxtpx:hr>147</gpxtpx:hr></gpxtpx:TrackPointExtension></extensions>
    </trkpt>
    <trkpt lat="37.566820" lon="127.000332">
      <ele>32.0</ele>
      <time>2026-07-20T20:52:09.000Z</time>
      <extensions><gpxtpx:TrackPointExtension><gpxtpx:hr>146</gpxtpx:hr></gpxtpx:TrackPointExtension></extensions>
    </trkpt>
    <trkpt lat="37.566837" lon="127.000325">
      <ele>32.0</ele>
      <time>2026-07-20T20:52:10.000Z</time>
      <extensions><gpxtpx:TrackPointExtension><gpxtpx:hr>145</gpxtpx:hr></gpxtpx:TrackPointExtension></extensions>
    </trkpt>
    <trkpt lat="37.566856" lon="127.000326">
      <ele>32.0</ele>
      <time>2026-07-20T20:52:11.000Z</time>
      <extensions><gpxtpx:TrackPointExtension><gpxtpx:hr>144</gpxtpx:hr></gpxtpx:TrackPointExtension></extensions>
    </trkpt>
    <trkpt lat="37.566855" lon="127.000315">
      <ele>32.0</ele>
      <time>2026-07-20T20:52:12.000Z</time>
      <extensions><gpxtpx:TrackPointExtension><gpxtpx:hr>144</gpxtpx:hr></gpxtpx:TrackPointExtension></extensions>
    </trkpt>
    <trkpt lat="37.566863" lon="127.000269">
      <ele>32.0</ele>
      <time>2026-07-20T20:52:13.000Z</time>
      <extensions><gpxtpx:TrackPointExtension><gpxtpx:hr>144</gpxtpx:hr></gpxtpx:TrackPointExtension></extensions>
    </trkpt>
    <trkpt lat="37.566874" lon="127.000239">
      <ele>32.0</ele>
      <time>2026-07-20T20:52:14.000Z</time>
      <extensions><gpxtpx:TrackPointExtension><gpxtpx:hr>144</gpxtpx:hr></gpxtpx:TrackPointExtension></extensions>
    </trkpt>
    <trkpt lat="37.566894" lon="127.000207">
      <ele>32.0</ele>
      <time>2026-07-20T20:52:15.000Z</time>
      <extensions><gpxtpx:TrackPointExtension><gpxtpx:hr>144</gpxtpx:hr></gpxtpx:TrackPointExtension></extensions>
    </trkpt>
    <trkpt lat="37.566901" lon="127.000170">
      <ele>32.0</ele>
      <time>2026-07-20T20:52:16.000Z</time>
      <extensions><gpxtpx:TrackPointExtension><gpxtpx:hr>144</gpxtpx:hr></gpxtpx:TrackPointExtension></extensions>
    </trkpt>
    <trkpt lat="37.566911" lon="127.000144">
      <ele>32.0</ele>
      <time>2026-07-20T20:52:17.000Z</time>
      <extensions><gpxtpx:TrackPointExtension><gpxtpx:hr>144</gpxtpx:hr></gpxtpx:TrackPointExtension></extensions>
    </trkpt>
    <trkpt lat="37.566923" lon="127.000105">
      <ele>32.0</ele>
      <time>2026-07-20T20:52:18.000Z</time>
      <extensions><gpxtpx:TrackPointExtension><gpxtpx:hr>144</gpxtpx:hr></gpxtpx:TrackPointExtension></extensions>
    </trkpt>
    <trkpt lat="37.566936" lon="127.000077">
      <ele>32.0</ele>
      <time>2026-07-20T20:52:19.000Z</time>
      <extensions><gpxtpx:TrackPointExtension><gpxtpx:hr>143</gpxtpx:hr></gpxtpx:TrackPointExtension></extensions>
    </trkpt>
    <trkpt lat="37.566944" lon="127.000047">
      <ele>32.0</ele>
      <time>2026-07-20T20:52:20.000Z</time>
      <extensions><gpxtpx:TrackPointExtension><gpxtpx:hr>144</gpxtpx:hr></gpxtpx:TrackPointExtension></extensions>
    </trkpt>
    <trkpt lat="37.566924" lon="127.000094">
      <ele>32.0</ele>
      <time>2026-07-20T20:52:21.000Z</time>
      <extensions><gpxtpx:TrackPointExtension><gpxtpx:hr>144</gpxtpx:hr></gpxtpx:TrackPointExtension></extensions>
    </trkpt>
    <trkpt lat="37.566917" lon="127.000154">
      <ele>32.0</ele>
      <time>2026-07-20T20:52:22.000Z</time>
      <extensions><gpxtpx:TrackPointExtension><gpxtpx:hr>145</gpxtpx:hr></gpxtpx:TrackPointExtension></extensions>
    </trkpt>
    <trkpt lat="37.566900" lon="127.000208">
      <ele>32.0</ele>
      <time>2026-07-20T20:52:23.000Z</time>
      <extensions><gpxtpx:TrackPointExtension><gpxtpx:hr>146</gpxtpx:hr></gpxtpx:TrackPointExtension></extensions>
    </trkpt>
    <trkpt lat="37.566891" lon="127.000278">
      <ele>32.0</ele>
      <time>2026-07-20T20:52:24.000Z</time>
      <extensions><gpxtpx:TrackPointExtension><gpxtpx:hr>147</gpxtpx:hr></gpxtpx:TrackPointExtension></extensions>
    </trkpt>
    <trkpt lat="37.566880" lon="127.000330">
      <ele>32.0</ele>
      <time>2026-07-20T20:52:25.000Z</time>
      <extensions><gpxtpx:TrackPointExtension><gpxtpx:hr>148</gpxtpx:hr></gpxtpx:TrackPointExtension></extensions>
    </trkpt>
    <trkpt lat="37.566859" lon="127.000396">
      <ele>32.0</ele>
      <time>2026-07-20T20:52:26.000Z</time>
      <extensions><gpxtpx:TrackPointExtension><gpxtpx:hr>148</gpxtpx:hr></gpxtpx:TrackPointExtension></extensions>
    </trkpt>
    <trkpt lat="37.566875" lon="127.000332">
      <ele>32.0</ele>
      <time>2026-07-20T20:52:27.000Z</time>
      <extensions><gpxtpx:TrackPointExtension><gpxtpx:hr>149</gpxtpx:hr></gpxtpx:TrackPointExtension></extensions>
    </trkpt>
    <trkpt lat="37.566870" lon="127.000348">
      <ele>32.0</ele>
      <time>2026-07-20T20:52:28.000Z</time>
      <extensions><gpxtpx:TrackPointExtension><gpxtpx:hr>148</gpxtpx:hr></gpxtpx:TrackPointExtension></extensions>
    </trkpt>
    <trkpt lat="37.566867" lon="127.000361">
      <ele>32.0</ele>
      <time>2026-07-20T20:52:29.000Z</time>
      <extensions><gpxtpx:TrackPointExtension><gpxtpx:hr>147</gpxtpx:hr></gpxtpx:TrackPointExtension></extensions>
    </trkpt>
    <trkpt lat="37.566878" lon="127.000367">
      <ele>32.0</ele>
      <time>2026-07-20T20:52:30.000Z</time>
      <extensions><gpxtpx:TrackPointExtension><gpxtpx:hr>145</gpxtpx:hr></gpxtpx:TrackPointExtension></extensions>
    </trkpt>
    <trkpt lat="37.566866" lon="127.000364">
      <ele>32.0</ele>
      <time>2026-07-20T20:52:31.000Z</time>
      <extensions><gpxtpx:TrackPointExtension><gpxtpx:hr>144</gpxtpx:hr></gpxtpx:TrackPointExtension></extensions>
    </trkpt>
    <trkpt lat="37.566872" lon="127.000374">
      <ele>32.0</ele>
      <time>2026-07-20T20:52:32.000Z</time>
      <extensions><gpxtpx:TrackPointExtension><gpxtpx:hr>143</gpxtpx:hr></gpxtpx:TrackPointExtension></extensions>
    </trkpt>
    <trkpt lat="37.566874" lon="127.000373">
      <ele>32.0</ele>
      <time>2026-07-20T20:52:33.000Z</time>
      <extensions><gpxtpx:TrackPointExtension><gpxtpx:hr>141</gpxtpx:hr></gpxtpx:TrackPointExtension></extensions>
    </trkpt>
    <trkpt lat="37.566862" lon="127.000382">
      <ele>32.0</ele>
      <time>2026-07-20T20:52:34.000Z</time>
      <extensions><gpxtpx:TrackPointExtension><gpxtpx:hr>140</gpxtpx:hr></gpxtpx:TrackPointExtension></extensions>
    </trkpt>
    <trkpt lat="37.566869" lon="127.000376">
      <ele>32.0</ele>
      <time>2026-07-20T20:52:35.000Z</time>
      <extensions><gpxtpx:TrackPointExtension><gpxtpx:hr>139</gpxtpx:hr></gpxtpx:TrackPointExtension></extensions>
    </trkpt>
    <trkpt lat="37.566871" lon="127.000375">
      <ele>32.0</ele>
      <time>2026-07-20T20:52:36.000Z</time>
      <extensions><gpxtpx:TrackPointExtension><gpxtpx:hr>138</gpxtpx:hr></gpxtpx:TrackPointExtension></extensions>
    </trkpt>
    <trkpt lat="37.566862" lon="127.000387">
      <ele>32.0</ele>
      <time>2026-07-20T20:52:37.000Z</time>
      <extensions><gpxtpx:TrackPointExtension><gpxtpx:hr>137</gpxtpx:hr></gpxtpx:TrackPointExtension></extensions>
    </trkpt>
    <trkpt lat="37.566881" lon="127.000415">
      <ele>32.0</ele>
      <time>2026-07-20T20:52:38.000Z</time>
      <extensions><gpxtpx:TrackPointExtension><gpxtpx:hr>137</gpxtpx:hr></gpxtpx:TrackPointExtension></extensions>
    </trkpt>
    <trkpt lat="37.566884" lon="127.000472">
      <ele>32.0</ele>
      <time>2026-07-20T20:52:39.000Z</time>
      <extensions><gpxtpx:TrackPointExtension><gpxtpx:hr>138</gpxtpx:hr></gpxtpx:TrackPointExtension></extensions>
    </trkpt>
    <trkpt lat="37.566911" lon="127.000526">
      <ele>32.0</ele>
      <time>2026-07-20T20:52:40.000Z</time>
      <extensions><gpxtpx:TrackPointExtension><gpxtpx:hr>140</gpxtpx:hr></gpxtpx:TrackPointExtension></extensions>
    </trkpt>
    <trkpt lat="37.566922" lon="127.000589">
      <ele>32.0</ele>
      <time>2026-07-20T20:52:41.000Z</time>
      <extensions><gpxtpx:TrackPointExtension><gpxtpx:hr>141</gpxtpx:hr></gpxtpx:TrackPointExtension></extensions>
    </trkpt>
    <trkpt lat="37.566944" lon="127.000640">
      <ele>32.0</ele>
      <time>2026-07-20T20:52:42.000Z</time>
      <extensions><gpxtpx:TrackPointExtension><gpxtpx:hr>142</gpxtpx:hr></gpxtpx:TrackPointExtension></extensions>
    </trkpt>
    <trkpt lat="37.566961" lon="127.000686">
      <ele>32.0</ele>
      <time>2026-07-20T20:52:43.000Z</time>
      <extensions><gpxtpx:TrackPointExtension><gpxtpx:hr>142</gpxtpx:hr></gpxtpx:TrackPointExtension></extensions>
    </trkpt>
    <trkpt lat="37.566938" lon="127.000642">
      <ele>32.0</ele>
      <time>2026-07-20T20:52:44.000Z</time>
      <extensions><gpxtpx:TrackPointExtension><gpxtpx:hr>143</gpxtpx:hr></gpxtpx:TrackPointExtension></extensions>
    </trkpt>
    <trkpt lat="37.566927" lon="127.000646">
      <ele>32.0</ele>
      <time>2026-07-20T20:52:45.000Z</time>
      <extensions><gpxtpx:TrackPointExtension><gpxtpx:hr>143</gpxtpx:hr></gpxtpx:TrackPointExtension></extensions>
    </trkpt>
    <trkpt lat="37.566917" lon="127.000638">
      <ele>32.0</ele>
      <time>2026-07-20T20:52:46.000Z</time>
      <extensions><gpxtpx:TrackPointExtension><gpxtpx:hr>142</gpxtpx:hr></gpxtpx:TrackPointExtension></extensions>
    </trkpt>
    <trkpt lat="37.566908" lon="127.000637">
      <ele>32.0</ele>
      <time>2026-07-20T20:52:47.000Z</time>
      <extensions><gpxtpx:TrackPointExtension><gpxtpx:hr>141</gpxtpx:hr></gpxtpx:TrackPointExtension></extensions>
    </trkpt>
    <trkpt lat="37.566907" lon="127.000653">
      <ele>32.0</ele>
      <time>2026-07-20T20:52:48.000Z</time>
      <extensions><gpxtpx:TrackPointExtension><gpxtpx:hr>140</gpxtpx:hr></gpxtpx:TrackPointExtension></extensions>
    </trkpt>
    <trkpt lat="37.566915" lon="127.000656">
      <ele>32.0</ele>
      <time>2026-07-20T20:52:49.000Z</time>
      <extensions><gpxtpx:TrackPointExtension><gpxtpx:hr>139</gpxtpx:hr></gpxtpx:TrackPointExtension></extensions>
    </trkpt>
    <trkpt lat="37.566923" lon="127.000673">
      <ele>32.0</ele>
      <time>2026-07-20T20:52:50.000Z</time>
      <extensions><gpxtpx:TrackPointExtension><gpxtpx:hr>138</gpxtpx:hr></gpxtpx:TrackPointExtension></extensions>
    </trkpt>
    <trkpt lat="37.566920" lon="127.000687">
      <ele>32.0</ele>
      <time>2026-07-20T20:52:51.000Z</time>
      <extensions><gpxtpx:TrackPointExtension><gpxtpx:hr>138</gpxtpx:hr></gpxtpx:TrackPointExtension></extensions>
    </trkpt>
    <trkpt lat="37.566928" lon="127.000707">
      <ele>32.0</ele>
      <time>2026-07-20T20:52:52.000Z</time>
      <extensions><gpxtpx:TrackPointExtension><gpxtpx:hr>137</gpxtpx:hr></gpxtpx:TrackPointExtension></extensions>
    </trkpt>
    <trkpt lat="37.566930" lon="127.000723">
      <ele>32.0</ele>
      <time>2026-07-20T20:52:53.000Z</time>
      <extensions><gpxtpx:TrackPointExtension><gpxtpx:hr>137</gpxtpx:hr></gpxtpx:TrackPointExtension></extensions>
    </trkpt>
    <trkpt lat="37.566936" lon="127.000733">
      <ele>32.0</ele>
      <time>2026-07-20T20:52:54.000Z</time>
      <extensions><gpxtpx:TrackPointExtension><gpxtpx:hr>136</gpxtpx:hr></gpxtpx:TrackPointExtension></extensions>
    </trkpt>
    <trkpt lat="37.566944" lon="127.000765">
      <ele>32.0</ele>
      <time>2026-07-20T20:52:55.000Z</time>
      <extensions><gpxtpx:TrackPointExtension><gpxtpx:hr>136</gpxtpx:hr></gpxtpx:TrackPointExtension></extensions>
    </trkpt>
    <trkpt lat="37.566940" lon="127.000777">
      <ele>32.0</ele>
      <time>2026-07-20T20:52:56.000Z</time>
      <extensions><gpxtpx:TrackPointExtension><gpxtpx:hr>136</gpxtpx:hr></gpxtpx:TrackPointExtension></extensions>
    </trkpt>
    <trkpt lat="37.566949" lon="127.000799">
      <ele>32.0</ele>
      <time>2026-07-20T20:52:57.000Z</time>
      <extensions><gpxtpx:TrackPointExtension><gpxtpx:hr>136</gpxtpx:hr></gpxtpx:TrackPointExtension></extensions>
    </trkpt>
    <trkpt lat="37.566952" lon="127.000834">
      <ele>32.0</ele>
      <time>2026-07-20T20:52:58.000Z</time>
      <extensions><gpxtpx:TrackPointExtension><gpxtpx:hr>136</gpxtpx:hr></gpxtpx:TrackPointExtension></extensions>
    </trkpt>
    <trkpt lat="37.566944" lon="127.000873">
      <ele>32.0</ele>
      <time>2026-07-20T20:52:59.000Z</time>
      <extensions><gpxtpx:TrackPointExtension><gpxtpx:hr>136</gpxtpx:hr></gpxtpx:TrackPointExtension></extensions>
    </trkpt>
    <trkpt lat="37.566950" lon="127.000896">
      <ele>32.0</ele>
      <time>2026-07-20T20:53:00.000Z</time>
      <extensions><gpxtpx:TrackPointExtension><gpxtpx:hr>136</gpxtpx:hr></gpxtpx:TrackPointExtension></extensions>
    </trkpt>
    <trkpt lat="37.566940" lon="127.000925">
      <ele>32.0</ele>
      <time>2026-07-20T20:53:01.000Z</time>
      <extensions><gpxtpx:TrackPointExtension><gpxtpx:hr>136</gpxtpx:hr></gpxtpx:TrackPointExtension></extensions>
    </trkpt>
    <trkpt lat="37.566938" lon="127.000960">
      <ele>32.0</ele>
      <time>2026-07-20T20:53:02.000Z</time>
      <extensions><gpxtpx:TrackPointExtension><gpxtpx:hr>137</gpxtpx:hr></gpxtpx:TrackPointExtension></extensions>
    </trkpt>
    <trkpt lat="37.566941" lon="127.000998">
      <ele>32.0</ele>
      <time>2026-07-20T20:53:03.000Z</time>
      <extensions><gpxtpx:TrackPointExtension><gpxtpx:hr>137</gpxtpx:hr></gpxtpx:TrackPointExtension></extensions>
    </trkpt>
    <trkpt lat="37.566935" lon="127.001036">
      <ele>32.0</ele>
      <time>2026-07-20T20:53:04.000Z</time>
      <extensions><gpxtpx:TrackPointExtension><gpxtpx:hr>137</gpxtpx:hr></gpxtpx:TrackPointExtension></extensions>
    </trkpt>
    <trkpt lat="37.566941" lon="127.001000">
      <ele>32.0</ele>
      <time>2026-07-20T20:53:05.000Z</time>
      <extensions><gpxtpx:TrackPointExtension><gpxtpx:hr>138</gpxtpx:hr></gpxtpx:TrackPointExtension></extensions>
    </trkpt>
    <trkpt lat="37.566944" lon="127.001034">
      <ele>32.0</ele>
      <time>2026-07-20T20:53:06.000Z</time>
      <extensions><gpxtpx:TrackPointExtension><gpxtpx:hr>138</gpxtpx:hr></gpxtpx:TrackPointExtension></extensions>
    </trkpt>
    <trkpt lat="37.566940" lon="127.001001">
      <ele>32.0</ele>
      <time>2026-07-20T20:53:07.000Z</time>
      <extensions><gpxtpx:TrackPointExtension><gpxtpx:hr>139</gpxtpx:hr></gpxtpx:TrackPointExtension></extensions>
    </trkpt>
    <trkpt lat="37.566934" lon="127.000997">
      <ele>32.0</ele>
      <time>2026-07-20T20:53:08.000Z</time>
      <extensions><gpxtpx:TrackPointExtension><gpxtpx:hr>138</gpxtpx:hr></gpxtpx:TrackPointExtension></extensions>
    </trkpt>
    <trkpt lat="37.566929" lon="127.001001">
      <ele>32.0</ele>
      <time>2026-07-20T20:53:09.000Z</time>
      <extensions><gpxtpx:TrackPointExtension><gpxtpx:hr>137</gpxtpx:hr></gpxtpx:TrackPointExtension></extensions>
    </trkpt>
    <trkpt lat="37.566921" lon="127.000991">
      <ele>32.0</ele>
      <time>2026-07-20T20:53:10.000Z</time>
      <extensions><gpxtpx:TrackPointExtension><gpxtpx:hr>136</gpxtpx:hr></gpxtpx:TrackPointExtension></extensions>
    </trkpt>
    <trkpt lat="37.566923" lon="127.000992">
      <ele>32.0</ele>
      <time>2026-07-20T20:53:11.000Z</time>
      <extensions><gpxtpx:TrackPointExtension><gpxtpx:hr>135</gpxtpx:hr></gpxtpx:TrackPointExtension></extensions>
    </trkpt>
    <trkpt lat="37.566926" lon="127.000973">
      <ele>32.0</ele>
      <time>2026-07-20T20:53:12.000Z</time>
      <extensions><gpxtpx:TrackPointExtension><gpxtpx:hr>135</gpxtpx:hr></gpxtpx:TrackPointExtension></extensions>
    </trkpt>
    <trkpt lat="37.566920" lon="127.000942">
      <ele>32.0</ele>
      <time>2026-07-20T20:53:13.000Z</time>
      <extensions><gpxtpx:TrackPointExtension><gpxtpx:hr>135</gpxtpx:hr></gpxtpx:TrackPointExtension></extensions>
    </trkpt>
    <trkpt lat="37.566921" lon="127.000933">
      <ele>32.0</ele>
      <time>2026-07-20T20:53:14.000Z</time>
      <extensions><gpxtpx:TrackPointExtension><gpxtpx:hr>134</gpxtpx:hr></gpxtpx:TrackPointExtension></extensions>
    </trkpt>
    <trkpt lat="37.566914" lon="127.000915">
      <ele>32.0</ele>
      <time>2026-07-20T20:53:15.000Z</time>
      <extensions><gpxtpx:TrackPointExtension><gpxtpx:hr>134</gpxtpx:hr></gpxtpx:TrackPointExtension></extensions>
    </trkpt>
    <trkpt lat="37.566916" lon="127.000889">
      <ele>32.0</ele>
      <time>2026-07-20T20:53:16.000Z</time>
      <extensions><gpxtpx:TrackPointExtension><gpxtpx:hr>134</gpxtpx:hr></gpxtpx:TrackPointExtension></extensions>
    </trkpt>
    <trkpt lat="37.566909" lon="127.000873">
      <ele>32.0</ele>
      <time>2026-07-20T20:53:17.000Z</time>
      <extensions><gpxtpx:TrackPointExtension><gpxtpx:hr>134</gpxtpx:hr></gpxtpx:TrackPointExtension></extensions>
    </trkpt>
    <trkpt lat="37.566913" lon="127.000864">
      <ele>32.0</ele>
      <time>2026-07-20T20:53:18.000Z</time>
      <extensions><gpxtpx:TrackPointExtension><gpxtpx:hr>133</gpxtpx:hr></gpxtpx:TrackPointExtension></extensions>
    </trkpt>
    <trkpt lat="37.566918" lon="127.000847">
      <ele>32.0</ele>
      <time>2026-07-20T20:53:19.000Z</time>
      <extensions><gpxtpx:TrackPointExtension><gpxtpx:hr>133</gpxtpx:hr></gpxtpx:TrackPointExtension></extensions>
    </trkpt>
    <trkpt lat="37.566916" lon="127.000828">
      <ele>32.0</ele>
      <time>2026-07-20T20:53:20.000Z</time>
      <extensions><gpxtpx:TrackPointExtension><gpxtpx:hr>133</gpxtpx:hr></gpxtpx:TrackPointExtension></extensions>
    </trkpt>
    <trkpt lat="37.566906" lon="127.000806">
      <ele>32.0</ele>
      <time>2026-07-20T20:53:21.000Z</time>
      <extensions><gpxtpx:TrackPointExtension><gpxtpx:hr>133</gpxtpx:hr></gpxtpx:TrackPointExtension></extensions>
    </trkpt>
    <trkpt lat="37.566891" lon="127.000817">
      <ele>32.0</ele>
      <time>2026-07-20T20:53:22.000Z</time>
      <extensions><gpxtpx:TrackPointExtension><gpxtpx:hr>133</gpxtpx:hr></gpxtpx:TrackPointExtension></extensions>
    </trkpt>
    <trkpt lat="37.566859" lon="127.000829">
      <ele>32.0</ele>
      <time>2026-07-20T20:53:23.000Z</time>
      <extensions><gpxtpx:TrackPointExtension><gpxtpx:hr>133</gpxtpx:hr></gpxtpx:TrackPointExtension></extensions>
    </trkpt>
    <trkpt lat="37.566838" lon="127.000836">
      <ele>32.0</ele>
      <time>2026-07-20T20:53:24.000Z</time>
      <extensions><gpxtpx:TrackPointExtension><gpxtpx:hr>134</gpxtpx:hr></gpxtpx:TrackPointExtension></extensions>
    </trkpt>
    <trkpt lat="37.566808" lon="127.000852">
      <ele>32.0</ele>
      <time>2026-07-20T20:53:25.000Z</time>
      <extensions><gpxtpx:TrackPointExtension><gpxtpx:hr>134</gpxtpx:hr></gpxtpx:TrackPointExtension></extensions>
    </trkpt>
    <trkpt lat="37.566779" lon="127.000870">
      <ele>32.0</ele>
      <time>2026-07-20T20:53:26.000Z</time>
      <extensions><gpxtpx:TrackPointExtension><gpxtpx:hr>134</gpxtpx:hr></gpxtpx:TrackPointExtension></extensions>
    </trkpt>
    <trkpt lat="37.566753" lon="127.000874">
      <ele>32.0</ele>
      <time>2026-07-20T20:53:27.000Z</time>
      <extensions><gpxtpx:TrackPointExtension><gpxtpx:hr>135</gpxtpx:hr></gpxtpx:TrackPointExtension></extensions>
    </trkpt>
    <trkpt lat="37.566735" lon="127.000807">
      <ele>32.0</ele>
      <time>2026-07-20T20:53:28.000Z</time>
      <extensions><gpxtpx:TrackPointExtension><gpxtpx:hr>137</gpxtpx:hr></gpxtpx:TrackPointExtension></extensions>
    </trkpt>
    <trkpt lat="37.566710" lon="127.000720">
      <ele>32.0</ele>
      <time>2026-07-20T20:53:29.000Z</time>
      <extensions><gpxtpx:TrackPointExtension><gpxtpx:hr>139</gpxtpx:hr></gpxtpx:TrackPointExtension></extensions>
    </trkpt>
    <trkpt lat="37.566699" lon="127.000647">
      <ele>32.0</ele>
      <time>2026-07-20T20:53:30.000Z</time>
      <extensions><gpxtpx:TrackPointExtension><gpxtpx:hr>141</gpxtpx:hr></gpxtpx:TrackPointExtension></extensions>
    </trkpt>
    <trkpt lat="37.566728" lon="127.000623">
      <ele>32.0</ele>
      <time>2026-07-20T20:53:31.000Z</time>
      <extensions><gpxtpx:TrackPointExtension><gpxtpx:hr>142</gpxtpx:hr></gpxtpx:TrackPointExtension></extensions>
    </trkpt>
    <trkpt lat="37.566756" lon="127.000619">
      <ele>32.0</ele>
      <time>2026-07-20T20:53:32.000Z</time>
      <extensions><gpxtpx:TrackPointExtension><gpxtpx:hr>142</gpxtpx:hr></gpxtpx:TrackPointExtension></extensions>
    </trkpt>
    <trkpt lat="37.566778" lon="127.000613">
      <ele>32.0</ele>
      <time>2026-07-20T20:53:33.000Z</time>
      <extensions><gpxtpx:TrackPointExtension><gpxtpx:hr>141</gpxtpx:hr></gpxtpx:TrackPointExtension></extensions>
    </trkpt>
    <trkpt lat="37.566802" lon="127.000590">
      <ele>32.0</ele>
      <time>2026-07-20T20:53:34.000Z</time>
      <extensions><gpxtpx:TrackPointExtension><gpxtpx:hr>141</gpxtpx:hr></gpxtpx:TrackPointExtension></extensions>
    </trkpt>
    <trkpt lat="37.566806" lon="127.000594">
      <ele>32.0</ele>
      <time>2026-07-20T20:53:35.000Z</time>
      <extensions><gpxtpx:TrackPointExtension><gpxtpx:hr>141</gpxtpx:hr></gpxtpx:TrackPointExtension></extensions>
    </trkpt>
    <trkpt lat="37.566829" lon="127.000582">
      <ele>32.0</ele>
      <time>2026-07-20T20:53:36.000Z</time>
      <extensions><gpxtpx:TrackPointExtension><gpxtpx:hr>140</gpxtpx:hr></gpxtpx:TrackPointExtension></extensions>
    </trkpt>
    <trkpt lat="37.566841" lon="127.000575">
      <ele>32.0</ele>
      <time>2026-07-20T20:53:37.000Z</time>
      <extensions><gpxtpx:TrackPointExtension><gpxtpx:hr>139</gpxtpx:hr></gpxtpx:TrackPointExtension></extensions>
    </trkpt>
    <trkpt lat="37.566840" lon="127.000582">
      <ele>32.0</ele>
      <time>2026-07-20T20:53:38.000Z</time>
      <extensions><gpxtpx:TrackPointExtension><gpxtpx:hr>139</gpxtpx:hr></gpxtpx:TrackPointExtension></extensions>
    </trkpt>
    <trkpt lat="37.566842" lon="127.000564">
      <ele>32.0</ele>
      <time>2026-07-20T20:53:39.000Z</time>
      <extensions><gpxtpx:TrackPointExtension><gpxtpx:hr>138</gpxtpx:hr></gpxtpx:TrackPointExtension></extensions>
    </trkpt>
    <trkpt lat="37.566847" lon="127.000555">
      <ele>32.0</ele>
      <time>2026-07-20T20:53:40.000Z</time>
      <extensions><gpxtpx:TrackPointExtension><gpxtpx:hr>138</gpxtpx:hr></gpxtpx:TrackPointExtension></extensions>
    </trkpt>
    <trkpt lat="37.566852" lon="127.000526">
      <ele>32.0</ele>
      <time>2026-07-20T20:53:41.000Z</time>
      <extensions><gpxtpx:TrackPointExtension><gpxtpx:hr>137</gpxtpx:hr></gpxtpx:TrackPointExtension></extensions>
    </trkpt>
    <trkpt lat="37.566852" lon="127.000505">
      <ele>32.0</ele>
      <time>2026-07-20T20:53:42.000Z</time>
      <extensions><gpxtpx:TrackPointExtension><gpxtpx:hr>137</gpxtpx:hr></gpxtpx:TrackPointExtension></extensions>
    </trkpt>
    <trkpt lat="37.566862" lon="127.000501">
      <ele>32.0</ele>
      <time>2026-07-20T20:53:43.000Z</time>
      <extensions><gpxtpx:TrackPointExtension><gpxtpx:hr>137</gpxtpx:hr></gpxtpx:TrackPointExtension></extensions>
    </trkpt>
    <trkpt lat="37.566874" lon="127.000479">
      <ele>32.0</ele>
      <time>2026-07-20T20:53:44.000Z</time>
      <extensions><gpxtpx:TrackPointExtension><gpxtpx:hr>136</gpxtpx:hr></gpxtpx:TrackPointExtension></extensions>
    </trkpt>
    <trkpt lat="37.566877" lon="127.000454">
      <ele>32.0</ele>
      <time>2026-07-20T20:53:45.000Z</time>
      <extensions><gpxtpx:TrackPointExtension><gpxtpx:hr>136</gpxtpx:hr></gpxtpx:TrackPointExtension></extensions>
    </trkpt>
    <trkpt lat="37.566885" lon="127.000443">
      <ele>32.0</ele>
      <time>2026-07-20T20:53:46.000Z</time>
      <extensions><gpxtpx:TrackPointExtension><gpxtpx:hr>136</gpxtpx:hr></gpxtpx:TrackPointExtension></extensions>
    </trkpt>
    <trkpt lat="37.566897" lon="127.000428">
      <ele>32.0</ele>
      <time>2026-07-20T20:53:47.000Z</time>
      <extensions><gpxtpx:TrackPointExtension><gpxtpx:hr>135</gpxtpx:hr></gpxtpx:TrackPointExtension></extensions>
    </trkpt>
    <trkpt lat="37.566895" lon="127.000413">
      <ele>32.0</ele>
      <time>2026-07-20T20:53:48.000Z</time>
      <extensions><gpxtpx:TrackPointExtension><gpxtpx:hr>135</gpxtpx:hr></gpxtpx:TrackPointExtension></extensions>
    </trkpt>
    <trkpt lat="37.566896" lon="127.000396">
      <ele>32.0</ele>
      <time>2026-07-20T20:53:49.000Z</time>
      <extensions><gpxtpx:TrackPointExtension><gpxtpx:hr>135</gpxtpx:hr></gpxtpx:TrackPointExtension></extensions>
    </trkpt>
    <trkpt lat="37.566891" lon="127.000375">
      <ele>32.0</ele>
      <time>2026-07-20T20:53:50.000Z</time>
      <extensions><gpxtpx:TrackPointExtension><gpxtpx:hr>134</gpxtpx:hr></gpxtpx:TrackPointExtension></extensions>
    </trkpt>
    <trkpt lat="37.566886" lon="127.000363">
      <ele>32.0</ele>
      <time>2026-07-20T20:53:51.000Z</time>
      <extensions><gpxtpx:TrackPointExtension><gpxtpx:hr>134</gpxtpx:hr></gpxtpx:TrackPointExtension></extensions>
    </trkpt>
    <trkpt lat="37.566873" lon="127.000342">
      <ele>32.0</ele>
      <time>2026-07-20T20:53:52.000Z</time>
      <extensions><gpxtpx:TrackPointExtension><gpxtpx:hr>134</gpxtpx:hr></gpxtpx:TrackPointExtension></extensions>
    </trkpt>
    <trkpt lat="37.566869" lon="127.000324">
      <ele>32.0</ele>
      <time>2026-07-20T20:53:53.000Z</time>
      <extensions><gpxtpx:TrackPointExtension><gpxtpx:hr>134</gpxtpx:hr></gpxtpx:TrackPointExtension></extensions>
    </trkpt>
    <trkpt lat="37.566855" lon="127.000319">
      <ele>32.0</ele>
      <time>2026-07-20T20:53:54.000Z</time>
      <extensions><gpxtpx:TrackPointExtension><gpxtpx:hr>134</gpxtpx:hr></gpxtpx:TrackPointExtension></extensions>
    </trkpt>
    <trkpt lat="37.566835" lon="127.000322">
      <ele>32.0</ele>
      <time>2026-07-20T20:53:55.000Z</time>
      <extensions><gpxtpx:TrackPointExtension><gpxtpx:hr>134</gpxtpx:hr></gpxtpx:TrackPointExtension></extensions>
    </trkpt>
    <trkpt lat="37.566822" lon="127.000313">
      <ele>32.0</ele>
      <time>2026-07-20T20:53:56.000Z</time>
      <extensions><gpxtpx:TrackPointExtension><gpxtpx:hr>133</gpxtpx:hr></gpxtpx:TrackPointExtension></extensions>
    </trkpt>
    <trkpt lat="37.566813" lon="127.000322">
      <ele>32.0</ele>
      <time>2026-07-20T20:53:57.000Z</time>
      <extensions><gpxtpx:TrackPointExtension><gpxtpx:hr>133</gpxtpx:hr></gpxtpx:TrackPointExtension></extensions>
    </trkpt>
    <trkpt lat="37.566793" lon="127.000332">
      <ele>32.0</ele>
      <time>2026-07-20T20:53:58.000Z</time>
      <extensions><gpxtpx:TrackPointExtension><gpxtpx:hr>133</gpxtpx:hr></gpxtpx:TrackPointExtension></extensions>
    </trkpt>
    <trkpt lat="37.566788" lon="127.000328">
      <ele>32.0</ele>
      <time>2026-07-20T20:53:59.000Z</time>
      <extensions><gpxtpx:TrackPointExtension><gpxtpx:hr>133</gpxtpx:hr></gpxtpx:TrackPointExtension></extensions>
    </trkpt>
    <trkpt lat="37.566766" lon="127.000332">
      <ele>32.0</ele>
      <time>2026-07-20T20:54:00.000Z</time>
      <extensions><gpxtpx:TrackPointExtension><gpxtpx:hr>133</gpxtpx:hr></gpxtpx:TrackPointExtension></extensions>
    </trkpt>
    <trkpt lat="37.566750" lon="127.000340">
      <ele>32.0</ele>
      <time>2026-07-20T20:54:01.000Z</time>
      <extensions><gpxtpx:TrackPointExtension><gpxtpx:hr>132</gpxtpx:hr></gpxtpx:TrackPointExtension></extensions>
    </trkpt>
    <trkpt lat="37.566736" lon="127.000350">
      <ele>32.0</ele>
      <time>2026-07-20T20:54:02.000Z</time>
      <extensions><gpxtpx:TrackPointExtension><gpxtpx:hr>132</gpxtpx:hr></gpxtpx:TrackPointExtension></extensions>
    </trkpt>
    <trkpt lat="37.566721" lon="127.000349">
      <ele>32.0</ele>
      <time>2026-07-20T20:54:03.000Z</time>
      <extensions><gpxtpx:TrackPointExtension><gpxtpx:hr>132</gpxtpx:hr></gpxtpx:TrackPointExtension></extensions>
    </trkpt>
    <trkpt lat="37.566707" lon="127.000353">
      <ele>32.0</ele>
      <time>2026-07-20T20:54:04.000Z</time>
      <extensions><gpxtpx:TrackPointExtension><gpxtpx:hr>132</gpxtpx:hr></gpxtpx:TrackPointExtension></extensions>
    </trkpt>
    <trkpt lat="37.566749" lon="127.000398">
      <ele>32.0</ele>
      <time>2026-07-20T20:54:05.000Z</time>
      <extensions><gpxtpx:TrackPointExtension><gpxtpx:hr>134</gpxtpx:hr></gpxtpx:TrackPointExtension></extensions>
    </trkpt>
    <trkpt lat="37.566789" lon="127.000433">
      <ele>32.0</ele>
      <time>2026-07-20T20:54:06.000Z</time>
      <extensions><gpxtpx:TrackPointExtension><gpxtpx:hr>136</gpxtpx:hr></gpxtpx:TrackPointExtension></extensions>
    </trkpt>
    <trkpt lat="37.566839" lon="127.000489">
      <ele>32.0</ele>
      <time>2026-07-20T20:54:07.000Z</time>
      <extensions><gpxtpx:TrackPointExtension><gpxtpx:hr>138</gpxtpx:hr></gpxtpx:TrackPointExtension></extensions>
    </trkpt>
    <trkpt lat="37.566864" lon="127.000479">
      <ele>32.0</ele>
      <time>2026-07-20T20:54:08.000Z</time>
      <extensions><gpxtpx:TrackPointExtension><gpxtpx:hr>138</gpxtpx:hr></gpxtpx:TrackPointExtension></extensions>
    </trkpt>
    <trkpt lat="37.566865" lon="127.000477">
      <ele>32.0</ele>
      <time>2026-07-20T20:54:09.000Z</time>
      <extensions><gpxtpx:TrackPointExtension><gpxtpx:hr>138</gpxtpx:hr></gpxtpx:TrackPointExtension></extensions>
    </trkpt>
    <trkpt lat="37.566859" lon="127.000524">
      <ele>32.0</ele>
      <time>2026-07-20T20:54:10.000Z</time>
      <extensions><gpxtpx:TrackPointExtension><gpxtpx:hr>138</gpxtpx:hr></gpxtpx:TrackPointExtension></extensions>
    </trkpt>
    <trkpt lat="37.566851" lon="127.000576">
      <ele>32.0</ele>
      <time>2026-07-20T20:54:11.000Z</time>
      <extensions><gpxtpx:TrackPointExtension><gpxtpx:hr>139</gpxtpx:hr></gpxtpx:TrackPointExtension></extensions>
    </trkpt>
    <trkpt lat="37.566852" lon="127.000621">
      <ele>32.0</ele>
      <time>2026-07-20T20:54:12.000Z</time>
      <extensions><gpxtpx:TrackPointExtension><gpxtpx:hr>140</gpxtpx:hr></gpxtpx:TrackPointExtension></extensions>
    </trkpt>
    <trkpt lat="37.566841" lon="127.000681">
      <ele>32.0</ele>
      <time>2026-07-20T20:54:13.000Z</time>
      <extensions><gpxtpx:TrackPointExtension><gpxtpx:hr>141</gpxtpx:hr></gpxtpx:TrackPointExtension></extensions>
    </trkpt>
    <trkpt lat="37.566830" lon="127.000740">
      <ele>32.0</ele>
      <time>2026-07-20T20:54:14.000Z</time>
      <extensions><gpxtpx:TrackPointExtension><gpxtpx:hr>142</gpxtpx:hr></gpxtpx:TrackPointExtension></extensions>
    </trkpt>
    <trkpt lat="37.566823" lon="127.000796">
      <ele>32.0</ele>
      <time>2026-07-20T20:54:15.000Z</time>
      <extensions><gpxtpx:TrackPointExtension><gpxtpx:hr>143</gpxtpx:hr></gpxtpx:TrackPointExtension></extensions>
    </trkpt>
    <trkpt lat="37.566834" lon="127.000723">
      <ele>32.0</ele>
      <time>2026-07-20T20:54:16.000Z</time>
      <extensions><gpxtpx:TrackPointExtension><gpxtpx:hr>145</gpxtpx:hr></gpxtpx:TrackPointExtension></extensions>
    </trkpt>
    <trkpt lat="37.566845" lon="127.000634">
      <ele>32.0</ele>
      <time>2026-07-20T20:54:17.000Z</time>
      <extensions><gpxtpx:TrackPointExtension><gpxtpx:hr>147</gpxtpx:hr></gpxtpx:TrackPointExtension></extensions>
    </trkpt>
    <trkpt lat="37.566829" lon="127.000708">
      <ele>32.0</ele>
      <time>2026-07-20T20:54:18.000Z</time>
      <extensions><gpxtpx:TrackPointExtension><gpxtpx:hr>148</gpxtpx:hr></gpxtpx:TrackPointExtension></extensions>
    </trkpt>
    <trkpt lat="37.566842" lon="127.000629">
      <ele>32.0</ele>
      <time>2026-07-20T20:54:19.000Z</time>
      <extensions><gpxtpx:TrackPointExtension><gpxtpx:hr>150</gpxtpx:hr></gpxtpx:TrackPointExtension></extensions>
    </trkpt>
    <trkpt lat="37.566828" lon="127.000587">
      <ele>32.0</ele>
      <time>2026-07-20T20:54:20.000Z</time>
      <extensions><gpxtpx:TrackPointExtension><gpxtpx:hr>150</gpxtpx:hr></gpxtpx:TrackPointExtension></extensions>
    </trkpt>
    <trkpt lat="37.566818" lon="127.000551">
      <ele>32.0</ele>
      <time>2026-07-20T20:54:21.000Z</time>
      <extensions><gpxtpx:TrackPointExtension><gpxtpx:hr>150</gpxtpx:hr></gpxtpx:TrackPointExtension></extensions>
    </trkpt>
    <trkpt lat="37.566807" lon="127.000520">
      <ele>32.0</ele>
      <time>2026-07-20T20:54:22.000Z</time>
      <extensions><gpxtpx:TrackPointExtension><gpxtpx:hr>149</gpxtpx:hr></gpxtpx:TrackPointExtension></extensions>
    </trkpt>
    <trkpt lat="37.566796" lon="127.000501">
      <ele>32.0</ele>
      <time>2026-07-20T20:54:23.000Z</time>
      <extensions><gpxtpx:TrackPointExtension><gpxtpx:hr>149</gpxtpx:hr></gpxtpx:TrackPointExtension></extensions>
    </trkpt>
    <trkpt lat="37.566782" lon="127.000470">
      <ele>32.0</ele>
      <time>2026-07-20T20:54:24.000Z</time>
      <extensions><gpxtpx:TrackPointExtension><gpxtpx:hr>148</gpxtpx:hr></gpxtpx:TrackPointExtension></extensions>
    </trkpt>
    <trkpt lat="37.566785" lon="127.000458">
      <ele>32.0</ele>
      <time>2026-07-20T20:54:25.000Z</time>
      <extensions><gpxtpx:TrackPointExtension><gpxtpx:hr>147</gpxtpx:hr></gpxtpx:TrackPointExtension></extensions>
    </trkpt>
    <trkpt lat="37.566782" lon="127.000448">
      <ele>32.0</ele>
      <time>2026-07-20T20:54:26.000Z</time>
      <extensions><gpxtpx:TrackPointExtension><gpxtpx:hr>146</gpxtpx:hr></gpxtpx:TrackPointExtension></extensions>
    </trkpt>
    <trkpt lat="37.566767" lon="127.000421">
      <ele>32.0</ele>
      <time>2026-07-20T20:54:27.000Z</time>
      <extensions><gpxtpx:TrackPointExtension><gpxtpx:hr>145</gpxtpx:hr></gpxtpx:TrackPointExtension></extensions>
    </trkpt>
    <trkpt lat="37.566789" lon="127.000441">
      <ele>32.0</ele>
      <time>2026-07-20T20:54:28.000Z</time>
      <extensions><gpxtpx:TrackPointExtension><gpxtpx:hr>144</gpxtpx:hr></gpxtpx:TrackPointExtension></extensions>
    </trkpt>
    <trkpt lat="37.566800" lon="127.000447">
      <ele>32.0</ele>
      <time>2026-07-20T20:54:29.000Z</time>
      <extensions><gpxtpx:TrackPointExtension><gpxtpx:hr>143</gpxtpx:hr></gpxtpx:TrackPointExtension></extensions>
    </trkpt>
    <trkpt lat="37.566802" lon="127.000473">
      <ele>32.0</ele>
      <time>2026-07-20T20:54:30.000Z</time>
      <extensions><gpxtpx:TrackPointExtension><gpxtpx:hr>143</gpxtpx:hr></gpxtpx:TrackPointExtension></extensions>
    </trkpt>
    <trkpt lat="37.566813" lon="127.000470">
      <ele>32.0</ele>
      <time>2026-07-20T20:54:31.000Z</time>
      <extensions><gpxtpx:TrackPointExtension><gpxtpx:hr>142</gpxtpx:hr></gpxtpx:TrackPointExtension></extensions>
    </trkpt>
    <trkpt lat="37.566823" lon="127.000489">
      <ele>32.0</ele>
      <time>2026-07-20T20:54:32.000Z</time>
      <extensions><gpxtpx:TrackPointExtension><gpxtpx:hr>141</gpxtpx:hr></gpxtpx:TrackPointExtension></extensions>
    </trkpt>
    <trkpt lat="37.566834" lon="127.000499">
      <ele>32.0</ele>
      <time>2026-07-20T20:54:33.000Z</time>
      <extensions><gpxtpx:TrackPointExtension><gpxtpx:hr>141</gpxtpx:hr></gpxtpx:TrackPointExtension></extensions>
    </trkpt>
    <trkpt lat="37.566840" lon="127.000513">
      <ele>32.0</ele>
      <time>2026-07-20T20:54:34.000Z</time>
      <extensions><gpxtpx:TrackPointExtension><gpxtpx:hr>140</gpxtpx:hr></gpxtpx:TrackPointExtension></extensions>
    </trkpt>
    <trkpt lat="37.566860" lon="127.000525">
      <ele>32.0</ele>
      <time>2026-07-20T20:54:35.000Z</time>
      <extensions><gpxtpx:TrackPointExtension><gpxtpx:hr>139</gpxtpx:hr></gpxtpx:TrackPointExtension></extensions>
    </trkpt>
    <trkpt lat="37.566871" lon="127.000543">
      <ele>32.0</ele>
      <time>2026-07-20T20:54:36.000Z</time>
      <extensions><gpxtpx:TrackPointExtension><gpxtpx:hr>139</gpxtpx:hr></gpxtpx:TrackPointExtension></extensions>
    </trkpt>
    <trkpt lat="37.566873" lon="127.000556">
      <ele>32.0</ele>
      <time>2026-07-20T20:54:37.000Z</time>
      <extensions><gpxtpx:TrackPointExtension><gpxtpx:hr>138</gpxtpx:hr></gpxtpx:TrackPointExtension></extensions>
    </trkpt>
    <trkpt lat="37.566860" lon="127.000556">
      <ele>32.0</ele>
      <time>2026-07-20T20:54:38.000Z</time>
      <extensions><gpxtpx:TrackPointExtension><gpxtpx:hr>138</gpxtpx:hr></gpxtpx:TrackPointExtension></extensions>
    </trkpt>
    <trkpt lat="37.566847" lon="127.000557">
      <ele>32.0</ele>
      <time>2026-07-20T20:54:39.000Z</time>
      <extensions><gpxtpx:TrackPointExtension><gpxtpx:hr>138</gpxtpx:hr></gpxtpx:TrackPointExtension></extensions>
    </trkpt>
    <trkpt lat="37.566830" lon="127.000561">
      <ele>32.0</ele>
      <time>2026-07-20T20:54:40.000Z</time>
      <extensions><gpxtpx:TrackPointExtension><gpxtpx:hr>137</gpxtpx:hr></gpxtpx:TrackPointExtension></extensions>
    </trkpt>
    <trkpt lat="37.566814" lon="127.000569">
      <ele>32.0</ele>
      <time>2026-07-20T20:54:41.000Z</time>
      <extensions><gpxtpx:TrackPointExtension><gpxtpx:hr>137</gpxtpx:hr></gpxtpx:TrackPointExtension></extensions>
    </trkpt>
    <trkpt lat="37.566803" lon="127.000570">
      <ele>32.0</ele>
      <time>2026-07-20T20:54:42.000Z</time>
      <extensions><gpxtpx:TrackPointExtension><gpxtpx:hr>136</gpxtpx:hr></gpxtpx:TrackPointExtension></extensions>
    </trkpt>
    <trkpt lat="37.566800" lon="127.000582">
      <ele>32.0</ele>
      <time>2026-07-20T20:54:43.000Z</time>
      <extensions><gpxtpx:TrackPointExtension><gpxtpx:hr>135</gpxtpx:hr></gpxtpx:TrackPointExtension></extensions>
    </trkpt>
    <trkpt lat="37.566803" lon="127.000592">
      <ele>32.0</ele>
      <time>2026-07-20T20:54:44.000Z</time>
      <extensions><gpxtpx:TrackPointExtension><gpxtpx:hr>134</gpxtpx:hr></gpxtpx:TrackPointExtension></extensions>
    </trkpt>
    <trkpt lat="37.566801" lon="127.000589">
      <ele>32.0</ele>
      <time>2026-07-20T20:54:45.000Z</time>
      <extensions><gpxtpx:TrackPointExtension><gpxtpx:hr>134</gpxtpx:hr></gpxtpx:TrackPointExtension></extensions>
    </trkpt>
    <trkpt lat="37.566805" lon="127.000583">
      <ele>32.0</ele>
      <time>2026-07-20T20:54:46.000Z</time>
      <extensions><gpxtpx:TrackPointExtension><gpxtpx:hr>133</gpxtpx:hr></gpxtpx:TrackPointExtension></extensions>
    </trkpt>
    <trkpt lat="37.566799" lon="127.000578">
      <ele>32.0</ele>
      <time>2026-07-20T20:54:47.000Z</time>
      <extensions><gpxtpx:TrackPointExtension><gpxtpx:hr>132</gpxtpx:hr></gpxtpx:TrackPointExtension></extensions>
    </trkpt>
    <trkpt lat="37.566788" lon="127.000578">
      <ele>32.0</ele>
      <time>2026-07-20T20:54:48.000Z</time>
      <extensions><gpxtpx:TrackPointExtension><gpxtpx:hr>132</gpxtpx:hr></gpxtpx:TrackPointExtension></extensions>
    </trkpt>
    <trkpt lat="37.566782" lon="127.000567">
      <ele>32.0</ele>
      <time>2026-07-20T20:54:49.000Z</time>
      <extensions><gpxtpx:TrackPointExtension><gpxtpx:hr>132</gpxtpx:hr></gpxtpx:TrackPointExtension></extensions>
    </trkpt>
    <trkpt lat="37.566772" lon="127.000552">
      <ele>32.0</ele>
      <time>2026-07-20T20:54:50.000Z</time>
      <extensions><gpxtpx:TrackPointExtension><gpxtpx:hr>131</gpxtpx:hr></gpxtpx:TrackPointExtension></extensions>
    </trkpt>
    <trkpt lat="37.566764" lon="127.000535">
      <ele>32.0</ele>
      <time>2026-07-20T20:54:51.000Z</time>
      <extensions><gpxtpx:TrackPointExtension><gpxtpx:hr>131</gpxtpx:hr></gpxtpx:TrackPointExtension></extensions>
    </trkpt>
    <trkpt lat="37.566762" lon="127.000525">
      <ele>32.0</ele>
      <time>2026-07-20T20:54:52.000Z</time>
      <extensions><gpxtpx:TrackPointExtension><gpxtpx:hr>131</gpxtpx:hr></gpxtpx:TrackPointExtension></extensions>
    </trkpt>
    <trkpt lat="37.566744" lon="127.000512">
      <ele>32.0</ele>
      <time>2026-07-20T20:54:53.000Z</time>
      <extensions><gpxtpx:TrackPointExtension><gpxtpx:hr>131</gpxtpx:hr></gpxtpx:TrackPointExtension></extensions>
    </trkpt>
    <trkpt lat="37.566734" lon="127.000500">
      <ele>32.0</ele>
      <time>2026-07-20T20:54:54.000Z</time>
      <extensions><gpxtpx:TrackPointExtension><gpxtpx:hr>131</gpxtpx:hr></gpxtpx:TrackPointExtension></extensions>
    </trkpt>
    <trkpt lat="37.566743" lon="127.000512">
      <ele>32.0</ele>
      <time>2026-07-20T20:54:55.000Z</time>
      <extensions><gpxtpx:TrackPointExtension><gpxtpx:hr>131</gpxtpx:hr></gpxtpx:TrackPointExtension></extensions>
    </trkpt>
    <trkpt lat="37.566741" lon="127.000538">
      <ele>32.0</ele>
      <time>2026-07-20T20:54:56.000Z</time>
      <extensions><gpxtpx:TrackPointExtension><gpxtpx:hr>131</gpxtpx:hr></gpxtpx:TrackPointExtension></extensions>
    </trkpt>
    <trkpt lat="37.566742" lon="127.000554">
      <ele>32.0</ele>
      <time>2026-07-20T20:54:57.000Z</time>
      <extensions><gpxtpx:TrackPointExtension><gpxtpx:hr>131</gpxtpx:hr></gpxtpx:TrackPointExtension></extensions>
    </trkpt>
    <trkpt lat="37.566735" lon="127.000573">
      <ele>32.0</ele>
      <time>2026-07-20T20:54:58.000Z</time>
      <extensions><gpxtpx:TrackPointExtension><gpxtpx:hr>131</gpxtpx:hr></gpxtpx:TrackPointExtension></extensions>
    </trkpt>
    <trkpt lat="37.566745" lon="127.000599">
      <ele>32.0</ele>
      <time>2026-07-20T20:54:59.000Z</time>
      <extensions><gpxtpx:TrackPointExtension><gpxtpx:hr>131</gpxtpx:hr></gpxtpx:TrackPointExtension></extensions>
    </trkpt>
    <trkpt lat="37.566738" lon="127.000615">
      <ele>32.0</ele>
      <time>2026-07-20T20:55:00.000Z</time>
      <extensions><gpxtpx:TrackPointExtension><gpxtpx:hr>131</gpxtpx:hr></gpxtpx:TrackPointExtension></extensions>
    </trkpt>
    <trkpt lat="37.566745" lon="127.000640">
      <ele>32.0</ele>
      <time>2026-07-20T20:55:01.000Z</time>
      <extensions><gpxtpx:TrackPointExtension><gpxtpx:hr>131</gpxtpx:hr></gpxtpx:TrackPointExtension></extensions>
    </trkpt>
    <trkpt lat="37.566750" lon="127.000672">
      <ele>32.0</ele>
      <time>2026-07-20T20:55:02.000Z</time>
      <extensions><gpxtpx:TrackPointExtension><gpxtpx:hr>131</gpxtpx:hr></gpxtpx:TrackPointExtension></extensions>
    </trkpt>
    <trkpt lat="37.566747" lon="127.000689">
      <ele>32.0</ele>
      <time>2026-07-20T20:55:03.000Z</time>
      <extensions><gpxtpx:TrackPointExtension><gpxtpx:hr>131</gpxtpx:hr></gpxtpx:TrackPointExtension></extensions>
    </trkpt>
    <trkpt lat="37.566748" lon="127.000640">
      <ele>32.0</ele>
      <time>2026-07-20T20:55:04.000Z</time>
      <extensions><gpxtpx:TrackPointExtension><gpxtpx:hr>132</gpxtpx:hr></gpxtpx:TrackPointExtension></extensions>
    </trkpt>
    <trkpt lat="37.566755" lon="127.000582">
      <ele>32.0</ele>
      <time>2026-07-20T20:55:05.000Z</time>
      <extensions><gpxtpx:TrackPointExtension><gpxtpx:hr>134</gpxtpx:hr></gpxtpx:TrackPointExtension></extensions>
    </trkpt>
    <trkpt lat="37.566748" lon="127.000520">
      <ele>32.0</ele>
      <time>2026-07-20T20:55:06.000Z</time>
      <extensions><gpxtpx:TrackPointExtension><gpxtpx:hr>135</gpxtpx:hr></gpxtpx:TrackPointExtension></extensions>
    </trkpt>
    <trkpt lat="37.566762" lon="127.000467">
      <ele>32.0</ele>
      <time>2026-07-20T20:55:07.000Z</time>
      <extensions><gpxtpx:TrackPointExtension><gpxtpx:hr>136</gpxtpx:hr></gpxtpx:TrackPointExtension></extensions>
    </trkpt>
    <trkpt lat="37.566756" lon="127.000531">
      <ele>32.0</ele>
      <time>2026-07-20T20:55:08.000Z</time>
      <extensions><gpxtpx:TrackPointExtension><gpxtpx:hr>138</gpxtpx:hr></gpxtpx:TrackPointExtension></extensions>
    </trkpt>
    <trkpt lat="37.566754" lon="127.000463">
      <ele>32.0</ele>
      <time>2026-07-20T20:55:09.000Z</time>
      <extensions><gpxtpx:TrackPointExtension><gpxtpx:hr>139</gpxtpx:hr></gpxtpx:TrackPointExtension></extensions>
    </trkpt>
    <trkpt lat="37.566756" lon="127.000405">
      <ele>32.0</ele>
      <time>2026-07-20T20:55:10.000Z</time>
      <extensions><gpxtpx:TrackPointExtension><gpxtpx:hr>140</gpxtpx:hr></gpxtpx:TrackPointExtension></extensions>
    </trkpt>
    <trkpt lat="37.566772" lon="127.000365">
      <ele>32.0</ele>
      <time>2026-07-20T20:55:11.000Z</time>
      <extensions><gpxtpx:TrackPointExtension><gpxtpx:hr>141</gpxtpx:hr></gpxtpx:TrackPointExtension></extensions>
    </trkpt>
    <trkpt lat="37.566771" lon="127.000315">
      <ele>32.0</ele>
      <time>2026-07-20T20:55:12.000Z</time>
      <extensions><gpxtpx:TrackPointExtension><gpxtpx:hr>141</gpxtpx:hr></gpxtpx:TrackPointExtension></extensions>
    </trkpt>
    <trkpt lat="37.566777" lon="127.000280">
      <ele>32.0</ele>
      <time>2026-07-20T20:55:13.000Z</time>
      <extensions><gpxtpx:TrackPointExtension><gpxtpx:hr>141</gpxtpx:hr></gpxtpx:TrackPointExtension></extensions>
    </trkpt>
    <trkpt lat="37.566779" lon="127.000327">
      <ele>32.0</ele>
      <time>2026-07-20T20:55:14.000Z</time>
      <extensions><gpxtpx:TrackPointExtension><gpxtpx:hr>141</gpxtpx:hr></gpxtpx:TrackPointExtension></extensions>
    </trkpt>
    <trkpt lat="37.566773" lon="127.000284">
      <ele>32.0</ele>
      <time>2026-07-20T20:55:15.000Z</time>
      <extensions><gpxtpx:TrackPointExtension><gpxtpx:hr>141</gpxtpx:hr></gpxtpx:TrackPointExtension></extensions>
    </trkpt>
    <trkpt lat="37.566779" lon="127.000318">
      <ele>32.0</ele>
      <time>2026-07-20T20:55:16.000Z</time>
      <extensions><gpxtpx:TrackPointExtension><gpxtpx:hr>141</gpxtpx:hr></gpxtpx:TrackPointExtension></extensions>
    </trkpt>
    <trkpt lat="37.566773" lon="127.000283">
      <ele>32.0</ele>
      <time>2026-07-20T20:55:17.000Z</time>
      <extensions><gpxtpx:TrackPointExtension><gpxtpx:hr>141</gpxtpx:hr></gpxtpx:TrackPointExtension></extensions>
    </trkpt>
    <trkpt lat="37.566771" lon="127.000320">
      <ele>32.0</ele>
      <time>2026-07-20T20:55:18.000Z</time>
      <extensions><gpxtpx:TrackPointExtension><gpxtpx:hr>141</gpxtpx:hr></gpxtpx:TrackPointExtension></extensions>
    </trkpt>
    <trkpt lat="37.566773" lon="127.000286">
      <ele>32.0</ele>
      <time>2026-07-20T20:55:19.000Z</time>
      <extensions><gpxtpx:TrackPointExtension><gpxtpx:hr>141</gpxtpx:hr></gpxtpx:TrackPointExtension></extensions>
    </trkpt>
    <trkpt lat="37.566774" lon="127.000319">
      <ele>32.0</ele>
      <time>2026-07-20T20:55:20.000Z</time>
      <extensions><gpxtpx:TrackPointExtension><gpxtpx:hr>141</gpxtpx:hr></gpxtpx:TrackPointExtension></extensions>
    </trkpt>
    <trkpt lat="37.566769" lon="127.000343">
      <ele>32.0</ele>
      <time>2026-07-20T20:55:21.000Z</time>
      <extensions><gpxtpx:TrackPointExtension><gpxtpx:hr>141</gpxtpx:hr></gpxtpx:TrackPointExtension></extensions>
    </trkpt>
    <trkpt lat="37.566758" lon="127.000383">
      <ele>32.0</ele>
      <time>2026-07-20T20:55:22.000Z</time>
      <extensions><gpxtpx:TrackPointExtension><gpxtpx:hr>141</gpxtpx:hr></gpxtpx:TrackPointExtension></extensions>
    </trkpt>
    <trkpt lat="37.566754" lon="127.000421">
      <ele>32.0</ele>
      <time>2026-07-20T20:55:23.000Z</time>
      <extensions><gpxtpx:TrackPointExtension><gpxtpx:hr>141</gpxtpx:hr></gpxtpx:TrackPointExtension></extensions>
    </trkpt>
    <trkpt lat="37.566738" lon="127.000453">
      <ele>32.0</ele>
      <time>2026-07-20T20:55:24.000Z</time>
      <extensions><gpxtpx:TrackPointExtension><gpxtpx:hr>141</gpxtpx:hr></gpxtpx:TrackPointExtension></extensions>
    </trkpt>
    <trkpt lat="37.566730" lon="127.000474">
      <ele>32.0</ele>
      <time>2026-07-20T20:55:25.000Z</time>
      <extensions><gpxtpx:TrackPointExtension><gpxtpx:hr>141</gpxtpx:hr></gpxtpx:TrackPointExtension></extensions>
    </trkpt>
    <trkpt lat="37.566722" lon="127.000502">
      <ele>32.0</ele>
      <time>2026-07-20T20:55:26.000Z</time>
      <extensions><gpxtpx:TrackPointExtension><gpxtpx:hr>141</gpxtpx:hr></gpxtpx:TrackPointExtension></extensions>
    </trkpt>
    <trkpt lat="37.566714" lon="127.000555">
      <ele>32.0</ele>
      <time>2026-07-20T20:55:27.000Z</time>
      <extensions><gpxtpx:TrackPointExtension><gpxtpx:hr>141</gpxtpx:hr></gpxtpx:TrackPointExtension></extensions>
    </trkpt>
    <trkpt lat="37.566705" lon="127.000592">
      <ele>32.0</ele>
      <time>2026-07-20T20:55:28.000Z</time>
      <extensions><gpxtpx:TrackPointExtension><gpxtpx:hr>142</gpxtpx:hr></gpxtpx:TrackPointExtension></extensions>
    </trkpt>
    <trkpt lat="37.566699" lon="127.000625">
      <ele>32.0</ele>
      <time>2026-07-20T20:55:29.000Z</time>
      <extensions><gpxtpx:TrackPointExtension><gpxtpx:hr>142</gpxtpx:hr></gpxtpx:TrackPointExtension></extensions>
    </trkpt>
    <trkpt lat="37.566687" lon="127.000659">
      <ele>32.0</ele>
      <time>2026-07-20T20:55:30.000Z</time>
      <extensions><gpxtpx:TrackPointExtension><gpxtpx:hr>142</gpxtpx:hr></gpxtpx:TrackPointExtension></extensions>
    </trkpt>
    <trkpt lat="37.566669" lon="127.000699">
      <ele>32.0</ele>
      <time>2026-07-20T20:55:31.000Z</time>
      <extensions><gpxtpx:TrackPointExtension><gpxtpx:hr>142</gpxtpx:hr></gpxtpx:TrackPointExtension></extensions>
    </trkpt>
    <trkpt lat="37.566657" lon="127.000735">
      <ele>32.0</ele>
      <time>2026-07-20T20:55:32.000Z</time>
      <extensions><gpxtpx:TrackPointExtension><gpxtpx:hr>142</gpxtpx:hr></gpxtpx:TrackPointExtension></extensions>
    </trkpt>
    <trkpt lat="37.566687" lon="127.000727">
      <ele>32.0</ele>
      <time>2026-07-20T20:55:33.000Z</time>
      <extensions><gpxtpx:TrackPointExtension><gpxtpx:hr>142</gpxtpx:hr></gpxtpx:TrackPointExtension></extensions>
    </trkpt>
    <trkpt lat="37.566698" lon="127.000705">
      <ele>32.0</ele>
      <time>2026-07-20T20:55:34.000Z</time>
      <extensions><gpxtpx:TrackPointExtension><gpxtpx:hr>142</gpxtpx:hr></gpxtpx:TrackPointExtension></extensions>
    </trkpt>
    <trkpt lat="37.566709" lon="127.000697">
      <ele>32.0</ele>
      <time>2026-07-20T20:55:35.000Z</time>
      <extensions><gpxtpx:TrackPointExtension><gpxtpx:hr>141</gpxtpx:hr></gpxtpx:TrackPointExtension></extensions>
    </trkpt>
    <trkpt lat="37.566720" lon="127.000704">
      <ele>32.0</ele>
      <time>2026-07-20T20:55:36.000Z</time>
      <extensions><gpxtpx:TrackPointExtension><gpxtpx:hr>140</gpxtpx:hr></gpxtpx:TrackPointExtension></extensions>
    </trkpt>
    <trkpt lat="37.566741" lon="127.000691">
      <ele>32.0</ele>
      <time>2026-07-20T20:55:37.000Z</time>
      <extensions><gpxtpx:TrackPointExtension><gpxtpx:hr>140</gpxtpx:hr></gpxtpx:TrackPointExtension></extensions>
    </trkpt>
    <trkpt lat="37.566744" lon="127.000679">
      <ele>32.0</ele>
      <time>2026-07-20T20:55:38.000Z</time>
      <extensions><gpxtpx:TrackPointExtension><gpxtpx:hr>139</gpxtpx:hr></gpxtpx:TrackPointExtension></extensions>
    </trkpt>
    <trkpt lat="37.566757" lon="127.000682">
      <ele>32.0</ele>
      <time>2026-07-20T20:55:39.000Z</time>
      <extensions><gpxtpx:TrackPointExtension><gpxtpx:hr>139</gpxtpx:hr></gpxtpx:TrackPointExtension></extensions>
    </trkpt>
    <trkpt lat="37.566779" lon="127.000658">
      <ele>32.0</ele>
      <time>2026-07-20T20:55:40.000Z</time>
      <extensions><gpxtpx:TrackPointExtension><gpxtpx:hr>138</gpxtpx:hr></gpxtpx:TrackPointExtension></extensions>
    </trkpt>
    <trkpt lat="37.566787" lon="127.000653">
      <ele>32.0</ele>
      <time>2026-07-20T20:55:41.000Z</time>
      <extensions><gpxtpx:TrackPointExtension><gpxtpx:hr>138</gpxtpx:hr></gpxtpx:TrackPointExtension></extensions>
    </trkpt>
    <trkpt lat="37.566781" lon="127.000646">
      <ele>32.0</ele>
      <time>2026-07-20T20:55:42.000Z</time>
      <extensions><gpxtpx:TrackPointExtension><gpxtpx:hr>137</gpxtpx:hr></gpxtpx:TrackPointExtension></extensions>
    </trkpt>
    <trkpt lat="37.566794" lon="127.000624">
      <ele>32.0</ele>
      <time>2026-07-20T20:55:43.000Z</time>
      <extensions><gpxtpx:TrackPointExtension><gpxtpx:hr>137</gpxtpx:hr></gpxtpx:TrackPointExtension></extensions>
    </trkpt>
    <trkpt lat="37.566790" lon="127.000607">
      <ele>32.0</ele>
      <time>2026-07-20T20:55:44.000Z</time>
      <extensions><gpxtpx:TrackPointExtension><gpxtpx:hr>137</gpxtpx:hr></gpxtpx:TrackPointExtension></extensions>
    </trkpt>
    <trkpt lat="37.566792" lon="127.000576">
      <ele>32.0</ele>
      <time>2026-07-20T20:55:45.000Z</time>
      <extensions><gpxtpx:TrackPointExtension><gpxtpx:hr>136</gpxtpx:hr></gpxtpx:TrackPointExtension></extensions>
    </trkpt>
    <trkpt lat="37.566803" lon="127.000564">
      <ele>32.0</ele>
      <time>2026-07-20T20:55:46.000Z</time>
      <extensions><gpxtpx:TrackPointExtension><gpxtpx:hr>136</gpxtpx:hr></gpxtpx:TrackPointExtension></extensions>
    </trkpt>
    <trkpt lat="37.566815" lon="127.000583">
      <ele>32.0</ele>
      <time>2026-07-20T20:55:47.000Z</time>
      <extensions><gpxtpx:TrackPointExtension><gpxtpx:hr>136</gpxtpx:hr></gpxtpx:TrackPointExtension></extensions>
    </trkpt>
    <trkpt lat="37.566816" lon="127.000599">
      <ele>32.0</ele>
      <time>2026-07-20T20:55:48.000Z</time>
      <extensions><gpxtpx:TrackPointExtension><gpxtpx:hr>135</gpxtpx:hr></gpxtpx:TrackPointExtension></extensions>
    </trkpt>
    <trkpt lat="37.566823" lon="127.000597">
      <ele>32.0</ele>
      <time>2026-07-20T20:55:49.000Z</time>
      <extensions><gpxtpx:TrackPointExtension><gpxtpx:hr>135</gpxtpx:hr></gpxtpx:TrackPointExtension></extensions>
    </trkpt>
    <trkpt lat="37.566836" lon="127.000618">
      <ele>32.0</ele>
      <time>2026-07-20T20:55:50.000Z</time>
      <extensions><gpxtpx:TrackPointExtension><gpxtpx:hr>134</gpxtpx:hr></gpxtpx:TrackPointExtension></extensions>
    </trkpt>
    <trkpt lat="37.566842" lon="127.000624">
      <ele>32.0</ele>
      <time>2026-07-20T20:55:51.000Z</time>
      <extensions><gpxtpx:TrackPointExtension><gpxtpx:hr>134</gpxtpx:hr></gpxtpx:TrackPointExtension></extensions>
    </trkpt>
    <trkpt lat="37.566860" lon="127.000566">
      <ele>32.0</ele>
      <time>2026-07-20T20:55:52.000Z</time>
      <extensions><gpxtpx:TrackPointExtension><gpxtpx:hr>136</gpxtpx:hr></gpxtpx:TrackPointExtension></extensions>
    </trkpt>
    <trkpt lat="37.566871" lon="127.000498">
      <ele>32.0</ele>
      <time>2026-07-20T20:55:53.000Z</time>
      <extensions><gpxtpx:TrackPointExtension><gpxtpx:hr>138</gpxtpx:hr></gpxtpx:TrackPointExtension></extensions>
    </trkpt>
    <trkpt lat="37.566859" lon="127.000555">
      <ele>32.0</ele>
      <time>2026-07-20T20:55:54.000Z</time>
      <extensions><gpxtpx:TrackPointExtension><gpxtpx:hr>139</gpxtpx:hr></gpxtpx:TrackPointExtension></extensions>
    </trkpt>
    <trkpt lat="37.566853" lon="127.000610">
      <ele>32.0</ele>
      <time>2026-07-20T20:55:55.000Z</time>
      <extensions><gpxtpx:TrackPointExtension><gpxtpx:hr>140</gpxtpx:hr></gpxtpx:TrackPointExtension></extensions>
    </trkpt>
    <trkpt lat="37.566832" lon="127.000680">
      <ele>32.0</ele>
      <time>2026-07-20T20:55:56.000Z</time>
      <extensions><gpxtpx:TrackPointExtension><gpxtpx:hr>141</gpxtpx:hr></gpxtpx:TrackPointExtension></extensions>
    </trkpt>
    <trkpt lat="37.566813" lon="127.000616">
      <ele>32.0</ele>
      <time>2026-07-20T20:55:57.000Z</time>
      <extensions><gpxtpx:TrackPointExtension><gpxtpx:hr>142</gpxtpx:hr></gpxtpx:TrackPointExtension></extensions>
    </trkpt>
    <trkpt lat="37.566797" lon="127.000567">
      <ele>32.0</ele>
      <time>2026-07-20T20:55:58.000Z</time>
      <extensions><gpxtpx:TrackPointExtension><gpxtpx:hr>143</gpxtpx:hr></gpxtpx:TrackPointExtension></extensions>
    </trkpt>
    <trkpt lat="37.566781" lon="127.000506">
      <ele>32.0</ele>
      <time>2026-07-20T20:55:59.000Z</time>
      <extensions><gpxtpx:TrackPointExtension><gpxtpx:hr>144</gpxtpx:hr></gpxtpx:TrackPointExtension></extensions>
    </trkpt>
    <trkpt lat="37.566760" lon="127.000450">
      <ele>32.0</ele>
      <time>2026-07-20T20:56:00.000Z</time>
      <extensions><gpxtpx:TrackPointExtension><gpxtpx:hr>145</gpxtpx:hr></gpxtpx:TrackPointExtension></extensions>
    </trkpt>
    <trkpt lat="37.566753" lon="127.000528">
      <ele>32.0</ele>
      <time>2026-07-20T20:56:01.000Z</time>
      <extensions><gpxtpx:TrackPointExtension><gpxtpx:hr>147</gpxtpx:hr></gpxtpx:TrackPointExtension></extensions>
    </trkpt>
    <trkpt lat="37.566761" lon="127.000609">
      <ele>32.0</ele>
      <time>2026-07-20T20:56:02.000Z</time>
      <extensions><gpxtpx:TrackPointExtension><gpxtpx:hr>148</gpxtpx:hr></gpxtpx:TrackPointExtension></extensions>
    </trkpt>
    <trkpt lat="37.566752" lon="127.000703">
      <ele>32.0</ele>
      <time>2026-07-20T20:56:03.000Z</time>
      <extensions><gpxtpx:TrackPointExtension><gpxtpx:hr>150</gpxtpx:hr></gpxtpx:TrackPointExtension></extensions>
    </trkpt>
    <trkpt lat="37.566778" lon="127.000650">
      <ele>32.0</ele>
      <time>2026-07-20T20:56:04.000Z</time>
      <extensions><gpxtpx:TrackPointExtension><gpxtpx:hr>151</gpxtpx:hr></gpxtpx:TrackPointExtension></extensions>
    </trkpt>
    <trkpt lat="37.566792" lon="127.000606">
      <ele>32.0</ele>
      <time>2026-07-20T20:56:05.000Z</time>
      <extensions><gpxtpx:TrackPointExtension><gpxtpx:hr>151</gpxtpx:hr></gpxtpx:TrackPointExtension></extensions>
    </trkpt>
    <trkpt lat="37.566811" lon="127.000561">
      <ele>32.0</ele>
      <time>2026-07-20T20:56:06.000Z</time>
      <extensions><gpxtpx:TrackPointExtension><gpxtpx:hr>151</gpxtpx:hr></gpxtpx:TrackPointExtension></extensions>
    </trkpt>
    <trkpt lat="37.566823" lon="127.000544">
      <ele>32.0</ele>
      <time>2026-07-20T20:56:07.000Z</time>
      <extensions><gpxtpx:TrackPointExtension><gpxtpx:hr>150</gpxtpx:hr></gpxtpx:TrackPointExtension></extensions>
    </trkpt>
    <trkpt lat="37.566850" lon="127.000512">
      <ele>32.0</ele>
      <time>2026-07-20T20:56:08.000Z</time>
      <extensions><gpxtpx:TrackPointExtension><gpxtpx:hr>150</gpxtpx:hr></gpxtpx:TrackPointExtension></extensions>
    </trkpt>
    <trkpt lat="37.566871" lon="127.000492">
      <ele>32.0</ele>
      <time>2026-07-20T20:56:09.000Z</time>
      <extensions><gpxtpx:TrackPointExtension><gpxtpx:hr>150</gpxtpx:hr></gpxtpx:TrackPointExtension></extensions>
    </trkpt>
    <trkpt lat="37.566893" lon="127.000460">
      <ele>32.0</ele>
      <time>2026-07-20T20:56:10.000Z</time>
      <extensions><gpxtpx:TrackPointExtension><gpxtpx:hr>149</gpxtpx:hr></gpxtpx:TrackPointExtension></extensions>
    </trkpt>
    <trkpt lat="37.566913" lon="127.000442">
      <ele>32.0</ele>
      <time>2026-07-20T20:56:11.000Z</time>
      <extensions><gpxtpx:TrackPointExtension><gpxtpx:hr>149</gpxtpx:hr></gpxtpx:TrackPointExtension></extensions>
    </trkpt>
    <trkpt lat="37.566926" lon="127.000418">
      <ele>32.0</ele>
      <time>2026-07-20T20:56:12.000Z</time>
      <extensions><gpxtpx:TrackPointExtension><gpxtpx:hr>149</gpxtpx:hr></gpxtpx:TrackPointExtension></extensions>
    </trkpt>
    <trkpt lat="37.566952" lon="127.000391">
      <ele>32.0</ele>
      <time>2026-07-20T20:56:13.000Z</time>
      <extensions><gpxtpx:TrackPointExtension><gpxtpx:hr>148</gpxtpx:hr></gpxtpx:TrackPointExtension></extensions>
    </trkpt>
    <trkpt lat="37.566967" lon="127.000364">
      <ele>32.0</ele>
      <time>2026-07-20T20:56:14.000Z</time>
      <extensions><gpxtpx:TrackPointExtension><gpxtpx:hr>148</gpxtpx:hr></gpxtpx:TrackPointExtension></extensions>
    </trkpt>
    <trkpt lat="37.566988" lon="127.000345">
      <ele>32.0</ele>
      <time>2026-07-20T20:56:15.000Z</time>
      <extensions><gpxtpx:TrackPointExtension><gpxtpx:hr>148</gpxtpx:hr></gpxtpx:TrackPointExtension></extensions>
    </trkpt>
    <trkpt lat="37.567012" lon="127.000312">
      <ele>32.0</ele>
      <time>2026-07-20T20:56:16.000Z</time>
      <extensions><gpxtpx:TrackPointExtension><gpxtpx:hr>147</gpxtpx:hr></gpxtpx:TrackPointExtension></extensions>
    </trkpt>
    <trkpt lat="37.567038" lon="127.000300">
      <ele>32.0</ele>
      <time>2026-07-20T20:56:17.000Z</time>
      <extensions><gpxtpx:TrackPointExtension><gpxtpx:hr>147</gpxtpx:hr></gpxtpx:TrackPointExtension></extensions>
    </trkpt>
    <trkpt lat="37.567024" lon="127.000316">
      <ele>32.0</ele>
      <time>2026-07-20T20:56:18.000Z</time>
      <extensions><gpxtpx:TrackPointExtension><gpxtpx:hr>147</gpxtpx:hr></gpxtpx:TrackPointExtension></extensions>
    </trkpt>
    <trkpt lat="37.567001" lon="127.000359">
      <ele>32.0</ele>
      <time>2026-07-20T20:56:19.000Z</time>
      <extensions><gpxtpx:TrackPointExtension><gpxtpx:hr>147</gpxtpx:hr></gpxtpx:TrackPointExtension></extensions>
    </trkpt>
    <trkpt lat="37.566990" lon="127.000379">
      <ele>32.0</ele>
      <time>2026-07-20T20:56:20.000Z</time>
      <extensions><gpxtpx:TrackPointExtension><gpxtpx:hr>146</gpxtpx:hr></gpxtpx:TrackPointExtension></extensions>
    </trkpt>
    <trkpt lat="37.566975" lon="127.000421">
      <ele>32.0</ele>
      <time>2026-07-20T20:56:21.000Z</time>
      <extensions><gpxtpx:TrackPointExtension><gpxtpx:hr>146</gpxtpx:hr></gpxtpx:TrackPointExtension></extensions>
    </trkpt>
    <trkpt lat="37.566957" lon="127.000453">
      <ele>32.0</ele>
      <time>2026-07-20T20:56:22.000Z</time>
      <extensions><gpxtpx:TrackPointExtension><gpxtpx:hr>146</gpxtpx:hr></gpxtpx:TrackPointExtension></extensions>
    </trkpt>
    <trkpt lat="37.566954" lon="127.000483">
      <ele>32.0</ele>
      <time>2026-07-20T20:56:23.000Z</time>
      <extensions><gpxtpx:TrackPointExtension><gpxtpx:hr>146</gpxtpx:hr></gpxtpx:TrackPointExtension></extensions>
    </trkpt>
    <trkpt lat="37.566931" lon="127.000521">
      <ele>32.0</ele>
      <time>2026-07-20T20:56:24.000Z</time>
      <extensions><gpxtpx:TrackPointExtension><gpxtpx:hr>146</gpxtpx:hr></gpxtpx:TrackPointExtension></extensions>
    </trkpt>
    <trkpt lat="37.566916" lon="127.000562">
      <ele>32.0</ele>
      <time>2026-07-20T20:56:25.000Z</time>
      <extensions><gpxtpx:TrackPointExtension><gpxtpx:hr>146</gpxtpx:hr></gpxtpx:TrackPointExtension></extensions>
    </trkpt>
    <trkpt lat="37.566900" lon="127.000585">
      <ele>32.0</ele>
      <time>2026-07-20T20:56:26.000Z</time>
      <extensions><gpxtpx:TrackPointExtension><gpxtpx:hr>146</gpxtpx:hr></gpxtpx:TrackPointExtension></extensions>
    </trkpt>
    <trkpt lat="37.566879" lon="127.000559">
      <ele>32.0</ele>
      <time>2026-07-20T20:56:27.000Z</time>
      <extensions><gpxtpx:TrackPointExtension><gpxtpx:hr>146</gpxtpx:hr></gpxtpx:TrackPointExtension></extensions>
    </trkpt>
    <trkpt lat="37.566859" lon="127.000512">
      <ele>32.0</ele>
      <time>2026-07-20T20:56:28.000Z</time>
      <extensions><gpxtpx:TrackPointExtension><gpxtpx:hr>147</gpxtpx:hr></gpxtpx:TrackPointExtension></extensions>
    </trkpt>
    <trkpt lat="37.566825" lon="127.000472">
      <ele>32.0</ele>
      <time>2026-07-20T20:56:29.000Z</time>
      <extensions><gpxtpx:TrackPointExtension><gpxtpx:hr>148</gpxtpx:hr></gpxtpx:TrackPointExtension></extensions>
    </trkpt>
    <trkpt lat="37.566791" lon="127.000464">
      <ele>32.0</ele>
      <time>2026-07-20T20:56:30.000Z</time>
      <extensions><gpxtpx:TrackPointExtension><gpxtpx:hr>148</gpxtpx:hr></gpxtpx:TrackPointExtension></extensions>
    </trkpt>
    <trkpt lat="37.566750" lon="127.000471">
      <ele>32.0</ele>
      <time>2026-07-20T20:56:31.000Z</time>
      <extensions><gpxtpx:TrackPointExtension><gpxtpx:hr>148</gpxtpx:hr></gpxtpx:TrackPointExtension></extensions>
    </trkpt>
    <trkpt lat="37.566718" lon="127.000466">
      <ele>32.0</ele>
      <time>2026-07-20T20:56:32.000Z</time>
      <extensions><gpxtpx:TrackPointExtension><gpxtpx:hr>148</gpxtpx:hr></gpxtpx:TrackPointExtension></extensions>
    </trkpt>
    <trkpt lat="37.566682" lon="127.000468">
      <ele>32.0</ele>
      <time>2026-07-20T20:56:33.000Z</time>
      <extensions><gpxtpx:TrackPointExtension><gpxtpx:hr>148</gpxtpx:hr></gpxtpx:TrackPointExtension></extensions>
    </trkpt>
    <trkpt lat="37.566653" lon="127.000458">
      <ele>32.0</ele>
      <time>2026-07-20T20:56:34.000Z</time>
      <extensions><gpxtpx:TrackPointExtension><gpxtpx:hr>148</gpxtpx:hr></gpxtpx:TrackPointExtension></extensions>
    </trkpt>
    <trkpt lat="37.566618" lon="127.000459">
      <ele>32.0</ele>
      <time>2026-07-20T20:56:35.000Z</time>
      <extensions><gpxtpx:TrackPointExtension><gpxtpx:hr>148</gpxtpx:hr></gpxtpx:TrackPointExtension></extensions>
    </trkpt>
    <trkpt lat="37.566600" lon="127.000460">
      <ele>32.0</ele>
      <time>2026-07-20T20:56:36.000Z</time>
      <extensions><gpxtpx:TrackPointExtension><gpxtpx:hr>147</gpxtpx:hr></gpxtpx:TrackPointExtension></extensions>
    </trkpt>
    <trkpt lat="37.566567" lon="127.000448">
      <ele>32.0</ele>
      <time>2026-07-20T20:56:37.000Z</time>
      <extensions><gpxtpx:TrackPointExtension><gpxtpx:hr>147</gpxtpx:hr></gpxtpx:TrackPointExtension></extensions>
    </trkpt>
    <trkpt lat="37.566590" lon="127.000465">
      <ele>32.0</ele>
      <time>2026-07-20T20:56:38.000Z</time>
      <extensions><gpxtpx:TrackPointExtension><gpxtpx:hr>147</gpxtpx:hr></gpxtpx:TrackPointExtension></extensions>
    </trkpt>
    <trkpt lat="37.566567" lon="127.000463">
      <ele>32.0</ele>
      <time>2026-07-20T20:56:39.000Z</time>
      <extensions><gpxtpx:TrackPointExtension><gpxtpx:hr>146</gpxtpx:hr></gpxtpx:TrackPointExtension></extensions>
    </trkpt>
    <trkpt lat="37.566589" lon="127.000479">
      <ele>32.0</ele>
      <time>2026-07-20T20:56:40.000Z</time>
      <extensions><gpxtpx:TrackPointExtension><gpxtpx:hr>146</gpxtpx:hr></gpxtpx:TrackPointExtension></extensions>
    </trkpt>
    <trkpt lat="37.566611" lon="127.000496">
      <ele>32.0</ele>
      <time>2026-07-20T20:56:41.000Z</time>
      <extensions><gpxtpx:TrackPointExtension><gpxtpx:hr>146</gpxtpx:hr></gpxtpx:TrackPointExtension></extensions>
    </trkpt>
    <trkpt lat="37.566627" lon="127.000527">
      <ele>32.0</ele>
      <time>2026-07-20T20:56:42.000Z</time>
      <extensions><gpxtpx:TrackPointExtension><gpxtpx:hr>145</gpxtpx:hr></gpxtpx:TrackPointExtension></extensions>
    </trkpt>
    <trkpt lat="37.566645" lon="127.000554">
      <ele>32.0</ele>
      <time>2026-07-20T20:56:43.000Z</time>
      <extensions><gpxtpx:TrackPointExtension><gpxtpx:hr>145</gpxtpx:hr></gpxtpx:TrackPointExtension></extensions>
    </trkpt>
    <trkpt lat="37.566656" lon="127.000567">
      <ele>32.0</ele>
      <time>2026-07-20T20:56:44.000Z</time>
      <extensions><gpxtpx:TrackPointExtension><gpxtpx:hr>145</gpxtpx:hr></gpxtpx:TrackPointExtension></extensions>
    </trkpt>
    <trkpt lat="37.566673" lon="127.000596">
      <ele>32.0</ele>
      <time>2026-07-20T20:56:45.000Z</time>
      <extensions><gpxtpx:TrackPointExtension><gpxtpx:hr>144</gpxtpx:hr></gpxtpx:TrackPointExtension></extensions>
    </trkpt>
    <trkpt lat="37.566695" lon="127.000613">
      <ele>32.0</ele>
      <time>2026-07-20T20:56:46.000Z</time>
      <extensions><gpxtpx:TrackPointExtension><gpxtpx:hr>144</gpxtpx:hr></gpxtpx:TrackPointExtension></extensions>
    </trkpt>
    <trkpt lat="37.566706" lon="127.000633">
      <ele>32.0</ele>
      <time>2026-07-20T20:56:47.000Z</time>
      <extensions><gpxtpx:TrackPointExtension><gpxtpx:hr>144</gpxtpx:hr></gpxtpx:TrackPointExtension></extensions>
    </trkpt>
    <trkpt lat="37.566721" lon="127.000656">
      <ele>32.0</ele>
      <time>2026-07-20T20:56:48.000Z</time>
      <extensions><gpxtpx:TrackPointExtension><gpxtpx:hr>143</gpxtpx:hr></gpxtpx:TrackPointExtension></extensions>
    </trkpt>
    <trkpt lat="37.566730" lon="127.000666">
      <ele>32.0</ele>
      <time>2026-07-20T20:56:49.000Z</time>
      <extensions><gpxtpx:TrackPointExtension><gpxtpx:hr>143</gpxtpx:hr></gpxtpx:TrackPointExtension></extensions>
    </trkpt>
    <trkpt lat="37.566745" lon="127.000673">
      <ele>32.0</ele>
      <time>2026-07-20T20:56:50.000Z</time>
      <extensions><gpxtpx:TrackPointExtension><gpxtpx:hr>142</gpxtpx:hr></gpxtpx:TrackPointExtension></extensions>
    </trkpt>
    <trkpt lat="37.566746" lon="127.000686">
      <ele>32.0</ele>
      <time>2026-07-20T20:56:51.000Z</time>
      <extensions><gpxtpx:TrackPointExtension><gpxtpx:hr>141</gpxtpx:hr></gpxtpx:TrackPointExtension></extensions>
    </trkpt>
    <trkpt lat="37.566753" lon="127.000701">
      <ele>32.0</ele>
      <time>2026-07-20T20:56:52.000Z</time>
      <extensions><gpxtpx:TrackPointExtension><gpxtpx:hr>141</gpxtpx:hr></gpxtpx:TrackPointExtension></extensions>
    </trkpt>
    <trkpt lat="37.566769" lon="127.000712">
      <ele>32.0</ele>
      <time>2026-07-20T20:56:53.000Z</time>
      <extensions><gpxtpx:TrackPointExtension><gpxtpx:hr>140</gpxtpx:hr></gpxtpx:TrackPointExtension></extensions>
    </trkpt>
    <trkpt lat="37.566774" lon="127.000729">
      <ele>32.0</ele>
      <time>2026-07-20T20:56:54.000Z</time>
      <extensions><gpxtpx:TrackPointExtension><gpxtpx:hr>139</gpxtpx:hr></gpxtpx:TrackPointExtension></extensions>
    </trkpt>
    <trkpt lat="37.566789" lon="127.000751">
      <ele>32.0</ele>
      <time>2026-07-20T20:56:55.000Z</time>
      <extensions><gpxtpx:TrackPointExtension><gpxtpx:hr>139</gpxtpx:hr></gpxtpx:TrackPointExtension></extensions>
    </trkpt>
    <trkpt lat="37.566793" lon="127.000757">
      <ele>32.0</ele>
      <time>2026-07-20T20:56:56.000Z</time>
      <extensions><gpxtpx:TrackPointExtension><gpxtpx:hr>138</gpxtpx:hr></gpxtpx:TrackPointExtension></extensions>
    </trkpt>
    <trkpt lat="37.566785" lon="127.000744">
      <ele>32.0</ele>
      <time>2026-07-20T20:56:57.000Z</time>
      <extensions><gpxtpx:TrackPointExtension><gpxtpx:hr>138</gpxtpx:hr></gpxtpx:TrackPointExtension></extensions>
    </trkpt>
    <trkpt lat="37.566782" lon="127.000732">
      <ele>32.0</ele>
      <time>2026-07-20T20:56:58.000Z</time>
      <extensions><gpxtpx:TrackPointExtension><gpxtpx:hr>137</gpxtpx:hr></gpxtpx:TrackPointExtension></extensions>
    </trkpt>
    <trkpt lat="37.566780" lon="127.000701">
      <ele>32.0</ele>
      <time>2026-07-20T20:56:59.000Z</time>
      <extensions><gpxtpx:TrackPointExtension><gpxtpx:hr>137</gpxtpx:hr></gpxtpx:TrackPointExtension></extensions>
    </trkpt>
    <trkpt lat="37.566790" lon="127.000689">
      <ele>32.0</ele>
      <time>2026-07-20T20:57:00.000Z</time>
      <extensions><gpxtpx:TrackPointExtension><gpxtpx:hr>136</gpxtpx:hr></gpxtpx:TrackPointExtension></extensions>
    </trkpt>
    <trkpt lat="37.566784" lon="127.000669">
      <ele>32.0</ele>
      <time>2026-07-20T20:57:01.000Z</time>
      <extensions><gpxtpx:TrackPointExtension><gpxtpx:hr>136</gpxtpx:hr></gpxtpx:TrackPointExtension></extensions>
    </trkpt>
    <trkpt lat="37.566773" lon="127.000657">
      <ele>32.0</ele>
      <time>2026-07-20T20:57:02.000Z</time>
      <extensions><gpxtpx:TrackPointExtension><gpxtpx:hr>136</gpxtpx:hr></gpxtpx:TrackPointExtension></extensions>
    </trkpt>
    <trkpt lat="37.566781" lon="127.000642">
      <ele>32.0</ele>
      <time>2026-07-20T20:57:03.000Z</time>
      <extensions><gpxtpx:TrackPointExtension><gpxtpx:hr>135</gpxtpx:hr></gpxtpx:TrackPointExtension></extensions>
    </trkpt>
    <trkpt lat="37.566772" lon="127.000620">
      <ele>32.0</ele>
      <time>2026-07-20T20:57:04.000Z</time>
      <extensions><gpxtpx:TrackPointExtension><gpxtpx:hr>135</gpxtpx:hr></gpxtpx:TrackPointExtension></extensions>
    </trkpt>
    <trkpt lat="37.566770" lon="127.000609">
      <ele>32.0</ele>
      <time>2026-07-20T20:57:05.000Z</time>
      <extensions><gpxtpx:TrackPointExtension><gpxtpx:hr>135</gpxtpx:hr></gpxtpx:TrackPointExtension></extensions>
    </trkpt>
    <trkpt lat="37.566776" lon="127.000584">
      <ele>32.0</ele>
      <time>2026-07-20T20:57:06.000Z</time>
      <extensions><gpxtpx:TrackPointExtension><gpxtpx:hr>134</gpxtpx:hr></gpxtpx:TrackPointExtension></extensions>
    </trkpt>
    <trkpt lat="37.566773" lon="127.000550">
      <ele>32.0</ele>
      <time>2026-07-20T20:57:07.000Z</time>
      <extensions><gpxtpx:TrackPointExtension><gpxtpx:hr>135</gpxtpx:hr></gpxtpx:TrackPointExtension></extensions>
    </trkpt>
    <trkpt lat="37.566792" lon="127.000492">
      <ele>32.0</ele>
      <time>2026-07-20T20:57:08.000Z</time>
      <extensions><gpxtpx:TrackPointExtension><gpxtpx:hr>136</gpxtpx:hr></gpxtpx:TrackPointExtension></extensions>
    </trkpt>
    <trkpt lat="37.566797" lon="127.000442">
      <ele>32.0</ele>
      <time>2026-07-20T20:57:09.000Z</time>
      <extensions><gpxtpx:TrackPointExtension><gpxtpx:hr>137</gpxtpx:hr></gpxtpx:TrackPointExtension></extensions>
    </trkpt>
    <trkpt lat="37.566807" lon="127.000369">
      <ele>32.0</ele>
      <time>2026-07-20T20:57:10.000Z</time>
      <extensions><gpxtpx:TrackPointExtension><gpxtpx:hr>138</gpxtpx:hr></gpxtpx:TrackPointExtension></extensions>
    </trkpt>
    <trkpt lat="37.566811" lon="127.000322">
      <ele>32.0</ele>
      <time>2026-07-20T20:57:11.000Z</time>
      <extensions><gpxtpx:TrackPointExtension><gpxtpx:hr>140</gpxtpx:hr></gpxtpx:TrackPointExtension></extensions>
    </trkpt>
    <trkpt lat="37.566824" lon="127.000247">
      <ele>32.0</ele>
      <time>2026-07-20T20:57:12.000Z</time>
      <extensions><gpxtpx:TrackPointExtension><gpxtpx:hr>141</gpxtpx:hr></gpxtpx:TrackPointExtension></extensions>
    </trkpt>
    <trkpt lat="37.566816" lon="127.000331">
      <ele>32.0</ele>
      <time>2026-07-20T20:57:13.000Z</time>
      <extensions><gpxtpx:TrackPointExtension><gpxtpx:hr>143</gpxtpx:hr></gpxtpx:TrackPointExtension></extensions>
    </trkpt>
    <trkpt lat="37.566813" lon="127.000415">
      <ele>32.0</ele>
      <time>2026-07-20T20:57:14.000Z</time>
      <extensions><gpxtpx:TrackPointExtension><gpxtpx:hr>145</gpxtpx:hr></gpxtpx:TrackPointExtension></extensions>
    </trkpt>
    <trkpt lat="37.566853" lon="127.000433">
      <ele>32.0</ele>
      <time>2026-07-20T20:57:15.000Z</time>
      <extensions><gpxtpx:TrackPointExtension><gpxtpx:hr>146</gpxtpx:hr></gpxtpx:TrackPointExtension></extensions>
    </trkpt>
    <trkpt lat="37.566896" lon="127.000439">
      <ele>32.0</ele>
      <time>2026-07-20T20:57:16.000Z</time>
      <extensions><gpxtpx:TrackPointExtension><gpxtpx:hr>146</gpxtpx:hr></gpxtpx:TrackPointExtension></extensions>
    </trkpt>
    <trkpt lat="37.566945" lon="127.000447">
      <ele>32.0</ele>
      <time>2026-07-20T20:57:17.000Z</time>
      <extensions><gpxtpx:TrackPointExtension><gpxtpx:hr>147</gpxtpx:hr></gpxtpx:TrackPointExtension></extensions>
    </trkpt>
    <trkpt lat="37.566968" lon="127.000446">
      <ele>32.0</ele>
      <time>2026-07-20T20:57:18.000Z</time>
      <extensions><gpxtpx:TrackPointExtension><gpxtpx:hr>147</gpxtpx:hr></gpxtpx:TrackPointExtension></extensions>
    </trkpt>
    <trkpt lat="37.567004" lon="127.000453">
      <ele>32.0</ele>
      <time>2026-07-20T20:57:19.000Z</time>
      <extensions><gpxtpx:TrackPointExtension><gpxtpx:hr>147</gpxtpx:hr></gpxtpx:TrackPointExtension></extensions>
    </trkpt>
    <trkpt lat="37.567037" lon="127.000458">
      <ele>32.0</ele>
      <time>2026-07-20T20:57:20.000Z</time>
      <extensions><gpxtpx:TrackPointExtension><gpxtpx:hr>147</gpxtpx:hr></gpxtpx:TrackPointExtension></extensions>
    </trkpt>
    <trkpt lat="37.567063" lon="127.000474">
      <ele>32.0</ele>
      <time>2026-07-20T20:57:21.000Z</time>
      <extensions><gpxtpx:TrackPointExtension><gpxtpx:hr>147</gpxtpx:hr></gpxtpx:TrackPointExtension></extensions>
    </trkpt>
    <trkpt lat="37.567105" lon="127.000480">
      <ele>32.0</ele>
      <time>2026-07-20T20:57:22.000Z</time>
      <extensions><gpxtpx:TrackPointExtension><gpxtpx:hr>147</gpxtpx:hr></gpxtpx:TrackPointExtension></extensions>
    </trkpt>
    <trkpt lat="37.567078" lon="127.000497">
      <ele>32.0</ele>
      <time>2026-07-20T20:57:23.000Z</time>
      <extensions><gpxtpx:TrackPointExtension><gpxtpx:hr>146</gpxtpx:hr></gpxtpx:TrackPointExtension></extensions>
    </trkpt>
    <trkpt lat="37.567063" lon="127.000515">
      <ele>32.0</ele>
      <time>2026-07-20T20:57:24.000Z</time>
      <extensions><gpxtpx:TrackPointExtension><gpxtpx:hr>146</gpxtpx:hr></gpxtpx:TrackPointExtension></extensions>
    </trkpt>
    <trkpt lat="37.567058" lon="127.000523">
      <ele>32.0</ele>
      <time>2026-07-20T20:57:25.000Z</time>
      <extensions><gpxtpx:TrackPointExtension><gpxtpx:hr>145</gpxtpx:hr></gpxtpx:TrackPointExtension></extensions>
    </trkpt>
    <trkpt lat="37.567036" lon="127.000546">
      <ele>32.0</ele>
      <time>2026-07-20T20:57:26.000Z</time>
      <extensions><gpxtpx:TrackPointExtension><gpxtpx:hr>144</gpxtpx:hr></gpxtpx:TrackPointExtension></extensions>
    </trkpt>
    <trkpt lat="37.567023" lon="127.000563">
      <ele>32.0</ele>
      <time>2026-07-20T20:57:27.000Z</time>
      <extensions><gpxtpx:TrackPointExtension><gpxtpx:hr>144</gpxtpx:hr></gpxtpx:TrackPointExtension></extensions>
    </trkpt>
    <trkpt lat="37.567019" lon="127.000573">
      <ele>32.0</ele>
      <time>2026-07-20T20:57:28.000Z</time>
      <extensions><gpxtpx:TrackPointExtension><gpxtpx:hr>143</gpxtpx:hr></gpxtpx:TrackPointExtension></extensions>
    </trkpt>
    <trkpt lat="37.566992" lon="127.000603">
      <ele>32.0</ele>
      <time>2026-07-20T20:57:29.000Z</time>
      <extensions><gpxtpx:TrackPointExtension><gpxtpx:hr>144</gpxtpx:hr></gpxtpx:TrackPointExtension></extensions>
    </trkpt>
    <trkpt lat="37.566963" lon="127.000658">
      <ele>32.0</ele>
      <time>2026-07-20T20:57:30.000Z</time>
      <extensions><gpxtpx:TrackPointExtension><gpxtpx:hr>144</gpxtpx:hr></gpxtpx:TrackPointExtension></extensions>
    </trkpt>
    <trkpt lat="37.566941" lon="127.000692">
      <ele>32.0</ele>
      <time>2026-07-20T20:57:31.000Z</time>
      <extensions><gpxtpx:TrackPointExtension><gpxtpx:hr>145</gpxtpx:hr></gpxtpx:TrackPointExtension></extensions>
    </trkpt>
    <trkpt lat="37.566919" lon="127.000739">
      <ele>32.0</ele>
      <time>2026-07-20T20:57:32.000Z</time>
      <extensions><gpxtpx:TrackPointExtension><gpxtpx:hr>146</gpxtpx:hr></gpxtpx:TrackPointExtension></extensions>
    </trkpt>
    <trkpt lat="37.566877" lon="127.000730">
      <ele>32.0</ele>
      <time>2026-07-20T20:57:33.000Z</time>
      <extensions><gpxtpx:TrackPointExtension><gpxtpx:hr>146</gpxtpx:hr></gpxtpx:TrackPointExtension></extensions>
    </trkpt>
    <trkpt lat="37.566824" lon="127.000700">
      <ele>32.0</ele>
      <time>2026-07-20T20:57:34.000Z</time>
      <extensions><gpxtpx:TrackPointExtension><gpxtpx:hr>147</gpxtpx:hr></gpxtpx:TrackPointExtension></extensions>
    </trkpt>
    <trkpt lat="37.566790" lon="127.000695">
      <ele>32.0</ele>
      <time>2026-07-20T20:57:35.000Z</time>
      <extensions><gpxtpx:TrackPointExtension><gpxtpx:hr>147</gpxtpx:hr></gpxtpx:TrackPointExtension></extensions>
    </trkpt>
    <trkpt lat="37.566755" lon="127.000667">
      <ele>32.0</ele>
      <time>2026-07-20T20:57:36.000Z</time>
      <extensions><gpxtpx:TrackPointExtension><gpxtpx:hr>148</gpxtpx:hr></gpxtpx:TrackPointExtension></extensions>
    </trkpt>
    <trkpt lat="37.566699" lon="127.000643">
      <ele>32.0</ele>
      <time>2026-07-20T20:57:37.000Z</time>
      <extensions><gpxtpx:TrackPointExtension><gpxtpx:hr>149</gpxtpx:hr></gpxtpx:TrackPointExtension></extensions>
    </trkpt>
    <trkpt lat="37.566687" lon="127.000706">
      <ele>32.0</ele>
      <time>2026-07-20T20:57:38.000Z</time>
      <extensions><gpxtpx:TrackPointExtension><gpxtpx:hr>149</gpxtpx:hr></gpxtpx:TrackPointExtension></extensions>
    </trkpt>
    <trkpt lat="37.566674" lon="127.000735">
      <ele>32.0</ele>
      <time>2026-07-20T20:57:39.000Z</time>
      <extensions><gpxtpx:TrackPointExtension><gpxtpx:hr>149</gpxtpx:hr></gpxtpx:TrackPointExtension></extensions>
    </trkpt>
    <trkpt lat="37.566671" lon="127.000777">
      <ele>32.0</ele>
      <time>2026-07-20T20:57:40.000Z</time>
      <extensions><gpxtpx:TrackPointExtension><gpxtpx:hr>149</gpxtpx:hr></gpxtpx:TrackPointExtension></extensions>
    </trkpt>
    <trkpt lat="37.566648" lon="127.000819">
      <ele>32.0</ele>
      <time>2026-07-20T20:57:41.000Z</time>
      <extensions><gpxtpx:TrackPointExtension><gpxtpx:hr>149</gpxtpx:hr></gpxtpx:TrackPointExtension></extensions>
    </trkpt>
    <trkpt lat="37.566642" lon="127.000847">
      <ele>32.0</ele>
      <time>2026-07-20T20:57:42.000Z</time>
      <extensions><gpxtpx:TrackPointExtension><gpxtpx:hr>149</gpxtpx:hr></gpxtpx:TrackPointExtension></extensions>
    </trkpt>
    <trkpt lat="37.566636" lon="127.000890">
      <ele>32.0</ele>
      <time>2026-07-20T20:57:43.000Z</time>
      <extensions><gpxtpx:TrackPointExtension><gpxtpx:hr>148</gpxtpx:hr></gpxtpx:TrackPointExtension></extensions>
    </trkpt>
    <trkpt lat="37.566621" lon="127.000935">
      <ele>32.0</ele>
      <time>2026-07-20T20:57:44.000Z</time>
      <extensions><gpxtpx:TrackPointExtension><gpxtpx:hr>148</gpxtpx:hr></gpxtpx:TrackPointExtension></extensions>
    </trkpt>
    <trkpt lat="37.566609" lon="127.000969">
      <ele>32.0</ele>
      <time>2026-07-20T20:57:45.000Z</time>
      <extensions><gpxtpx:TrackPointExtension><gpxtpx:hr>148</gpxtpx:hr></gpxtpx:TrackPointExtension></extensions>
    </trkpt>
    <trkpt lat="37.566597" lon="127.001008">
      <ele>32.0</ele>
      <time>2026-07-20T20:57:46.000Z</time>
      <extensions><gpxtpx:TrackPointExtension><gpxtpx:hr>148</gpxtpx:hr></gpxtpx:TrackPointExtension></extensions>
    </trkpt>
    <trkpt lat="37.566595" lon="127.001040">
      <ele>32.0</ele>
      <time>2026-07-20T20:57:47.000Z</time>
      <extensions><gpxtpx:TrackPointExtension><gpxtpx:hr>148</gpxtpx:hr></gpxtpx:TrackPointExtension></extensions>
    </trkpt>
    <trkpt lat="37.566600" lon="127.001011">
      <ele>32.0</ele>
      <time>2026-07-20T20:57:48.000Z</time>
      <extensions><gpxtpx:TrackPointExtension><gpxtpx:hr>148</gpxtpx:hr></gpxtpx:TrackPointExtension></extensions>
    </trkpt>
    <trkpt lat="37.566604" lon="127.000971">
      <ele>32.0</ele>
      <time>2026-07-20T20:57:49.000Z</time>
      <extensions><gpxtpx:TrackPointExtension><gpxtpx:hr>147</gpxtpx:hr></gpxtpx:TrackPointExtension></extensions>
    </trkpt>
    <trkpt lat="37.566614" lon="127.000956">
      <ele>32.0</ele>
      <time>2026-07-20T20:57:50.000Z</time>
      <extensions><gpxtpx:TrackPointExtension><gpxtpx:hr>146</gpxtpx:hr></gpxtpx:TrackPointExtension></extensions>
    </trkpt>
    <trkpt lat="37.566613" lon="127.000943">
      <ele>32.0</ele>
      <time>2026-07-20T20:57:51.000Z</time>
      <extensions><gpxtpx:TrackPointExtension><gpxtpx:hr>145</gpxtpx:hr></gpxtpx:TrackPointExtension></extensions>
    </trkpt>
    <trkpt lat="37.566619" lon="127.000922">
      <ele>32.0</ele>
      <time>2026-07-20T20:57:52.000Z</time>
      <extensions><gpxtpx:TrackPointExtension><gpxtpx:hr>145</gpxtpx:hr></gpxtpx:TrackPointExtension></extensions>
    </trkpt>
    <trkpt lat="37.566617" lon="127.000895">
      <ele>32.0</ele>
      <time>2026-07-20T20:57:53.000Z</time>
      <extensions><gpxtpx:TrackPointExtension><gpxtpx:hr>144</gpxtpx:hr></gpxtpx:TrackPointExtension></extensions>
    </trkpt>
    <trkpt lat="37.566632" lon="127.000887">
      <ele>32.0</ele>
      <time>2026-07-20T20:57:54.000Z</time>
      <extensions><gpxtpx:TrackPointExtension><gpxtpx:hr>143</gpxtpx:hr></gpxtpx:TrackPointExtension></extensions>
    </trkpt>
    <trkpt lat="37.566622" lon="127.000869">
      <ele>32.0</ele>
      <time>2026-07-20T20:57:55.000Z</time>
      <extensions><gpxtpx:TrackPointExtension><gpxtpx:hr>142</gpxtpx:hr></gpxtpx:TrackPointExtension></extensions>
    </trkpt>
    <trkpt lat="37.566634" lon="127.000849">
      <ele>32.0</ele>
      <time>2026-07-20T20:57:56.000Z</time>
      <extensions><gpxtpx:TrackPointExtension><gpxtpx:hr>142</gpxtpx:hr></gpxtpx:TrackPointExtension></extensions>
    </trkpt>
    <trkpt lat="37.566626" lon="127.000834">
      <ele>32.0</ele>
      <time>2026-07-20T20:57:57.000Z</time>
      <extensions><gpxtpx:TrackPointExtension><gpxtpx:hr>141</gpxtpx:hr></gpxtpx:TrackPointExtension></extensions>
    </trkpt>
    <trkpt lat="37.566626" lon="127.000819">
      <ele>32.0</ele>
      <time>2026-07-20T20:57:58.000Z</time>
      <extensions><gpxtpx:TrackPointExtension><gpxtpx:hr>140</gpxtpx:hr></gpxtpx:TrackPointExtension></extensions>
    </trkpt>
    <trkpt lat="37.566630" lon="127.000798">
      <ele>32.0</ele>
      <time>2026-07-20T20:57:59.000Z</time>
      <extensions><gpxtpx:TrackPointExtension><gpxtpx:hr>140</gpxtpx:hr></gpxtpx:TrackPointExtension></extensions>
    </trkpt>
    <trkpt lat="37.566636" lon="127.000796">
      <ele>32.0</ele>
      <time>2026-07-20T20:58:00.000Z</time>
      <extensions><gpxtpx:TrackPointExtension><gpxtpx:hr>139</gpxtpx:hr></gpxtpx:TrackPointExtension></extensions>
    </trkpt>
    <trkpt lat="37.566631" lon="127.000782">
      <ele>32.0</ele>
      <time>2026-07-20T20:58:01.000Z</time>
      <extensions><gpxtpx:TrackPointExtension><gpxtpx:hr>138</gpxtpx:hr></gpxtpx:TrackPointExtension></extensions>
    </trkpt>
    <trkpt lat="37.566632" lon="127.000758">
      <ele>32.0</ele>
      <time>2026-07-20T20:58:02.000Z</time>
      <extensions><gpxtpx:TrackPointExtension><gpxtpx:hr>138</gpxtpx:hr></gpxtpx:TrackPointExtension></extensions>
    </trkpt>
    <trkpt lat="37.566637" lon="127.000740">
      <ele>32.0</ele>
      <time>2026-07-20T20:58:03.000Z</time>
      <extensions><gpxtpx:TrackPointExtension><gpxtpx:hr>137</gpxtpx:hr></gpxtpx:TrackPointExtension></extensions>
    </trkpt>
    <trkpt lat="37.566634" lon="127.000726">
      <ele>32.0</ele>
      <time>2026-07-20T20:58:04.000Z</time>
      <extensions><gpxtpx:TrackPointExtension><gpxtpx:hr>137</gpxtpx:hr></gpxtpx:TrackPointExtension></extensions>
    </trkpt>
    <trkpt lat="37.566637" lon="127.000724">
      <ele>32.0</ele>
      <time>2026-07-20T20:58:05.000Z</time>
      <extensions><gpxtpx:TrackPointExtension><gpxtpx:hr>136</gpxtpx:hr></gpxtpx:TrackPointExtension></extensions>
    </trkpt>
    <trkpt lat="37.566613" lon="127.000758">
      <ele>32.0</ele>
      <time>2026-07-20T20:58:06.000Z</time>
      <extensions><gpxtpx:TrackPointExtension><gpxtpx:hr>136</gpxtpx:hr></gpxtpx:TrackPointExtension></extensions>
    </trkpt>
    <trkpt lat="37.566574" lon="127.000795">
      <ele>32.0</ele>
      <time>2026-07-20T20:58:07.000Z</time>
      <extensions><gpxtpx:TrackPointExtension><gpxtpx:hr>137</gpxtpx:hr></gpxtpx:TrackPointExtension></extensions>
    </trkpt>
    <trkpt lat="37.566550" lon="127.000835">
      <ele>32.0</ele>
      <time>2026-07-20T20:58:08.000Z</time>
      <extensions><gpxtpx:TrackPointExtension><gpxtpx:hr>138</gpxtpx:hr></gpxtpx:TrackPointExtension></extensions>
    </trkpt>
    <trkpt lat="37.566516" lon="127.000865">
      <ele>32.0</ele>
      <time>2026-07-20T20:58:09.000Z</time>
      <extensions><gpxtpx:TrackPointExtension><gpxtpx:hr>139</gpxtpx:hr></gpxtpx:TrackPointExtension></extensions>
    </trkpt>
    <trkpt lat="37.566555" lon="127.000829">
      <ele>32.0</ele>
      <time>2026-07-20T20:58:10.000Z</time>
      <extensions><gpxtpx:TrackPointExtension><gpxtpx:hr>140</gpxtpx:hr></gpxtpx:TrackPointExtension></extensions>
    </trkpt>
    <trkpt lat="37.566513" lon="127.000856">
      <ele>32.0</ele>
      <time>2026-07-20T20:58:11.000Z</time>
      <extensions><gpxtpx:TrackPointExtension><gpxtpx:hr>141</gpxtpx:hr></gpxtpx:TrackPointExtension></extensions>
    </trkpt>
    <trkpt lat="37.566557" lon="127.000827">
      <ele>32.0</ele>
      <time>2026-07-20T20:58:12.000Z</time>
      <extensions><gpxtpx:TrackPointExtension><gpxtpx:hr>142</gpxtpx:hr></gpxtpx:TrackPointExtension></extensions>
    </trkpt>
    <trkpt lat="37.566561" lon="127.000824">
      <ele>32.0</ele>
      <time>2026-07-20T20:58:13.000Z</time>
      <extensions><gpxtpx:TrackPointExtension><gpxtpx:hr>141</gpxtpx:hr></gpxtpx:TrackPointExtension></extensions>
    </trkpt>
    <trkpt lat="37.566577" lon="127.000821">
      <ele>32.0</ele>
      <time>2026-07-20T20:58:14.000Z</time>
      <extensions><gpxtpx:TrackPointExtension><gpxtpx:hr>140</gpxtpx:hr></gpxtpx:TrackPointExtension></extensions>
    </trkpt>
    <trkpt lat="37.566578" lon="127.000833">
      <ele>32.0</ele>
      <time>2026-07-20T20:58:15.000Z</time>
      <extensions><gpxtpx:TrackPointExtension><gpxtpx:hr>139</gpxtpx:hr></gpxtpx:TrackPointExtension></extensions>
    </trkpt>
    <trkpt lat="37.566581" lon="127.000832">
      <ele>32.0</ele>
      <time>2026-07-20T20:58:16.000Z</time>
      <extensions><gpxtpx:TrackPointExtension><gpxtpx:hr>138</gpxtpx:hr></gpxtpx:TrackPointExtension></extensions>
    </trkpt>
    <trkpt lat="37.566584" lon="127.000830">
      <ele>32.0</ele>
      <time>2026-07-20T20:58:17.000Z</time>
      <extensions><gpxtpx:TrackPointExtension><gpxtpx:hr>137</gpxtpx:hr></gpxtpx:TrackPointExtension></extensions>
    </trkpt>
    <trkpt lat="37.566584" lon="127.000825">
      <ele>32.0</ele>
      <time>2026-07-20T20:58:18.000Z</time>
      <extensions><gpxtpx:TrackPointExtension><gpxtpx:hr>136</gpxtpx:hr></gpxtpx:TrackPointExtension></extensions>
    </trkpt>
    <trkpt lat="37.566587" lon="127.000836">
      <ele>32.0</ele>
      <time>2026-07-20T20:58:19.000Z</time>
      <extensions><gpxtpx:TrackPointExtension><gpxtpx:hr>135</gpxtpx:hr></gpxtpx:TrackPointExtension></extensions>
    </trkpt>
    <trkpt lat="37.566604" lon="127.000825">
      <ele>32.0</ele>
      <time>2026-07-20T20:58:20.000Z</time>
      <extensions><gpxtpx:TrackPointExtension><gpxtpx:hr>135</gpxtpx:hr></gpxtpx:TrackPointExtension></extensions>
    </trkpt>
    <trkpt lat="37.566615" lon="127.000830">
      <ele>32.0</ele>
      <time>2026-07-20T20:58:21.000Z</time>
      <extensions><gpxtpx:TrackPointExtension><gpxtpx:hr>134</gpxtpx:hr></gpxtpx:TrackPointExtension></extensions>
    </trkpt>
    <trkpt lat="37.566625" lon="127.000813">
      <ele>32.0</ele>
      <time>2026-07-20T20:58:22.000Z</time>
      <extensions><gpxtpx:TrackPointExtension><gpxtpx:hr>134</gpxtpx:hr></gpxtpx:TrackPointExtension></extensions>
    </trkpt>
    <trkpt lat="37.566636" lon="127.000814">
      <ele>32.0</ele>
      <time>2026-07-20T20:58:23.000Z</time>
      <extensions><gpxtpx:TrackPointExtension><gpxtpx:hr>134</gpxtpx:hr></gpxtpx:TrackPointExtension></extensions>
    </trkpt>
    <trkpt lat="37.566636" lon="127.000824">
      <ele>32.0</ele>
      <time>2026-07-20T20:58:24.000Z</time>
      <extensions><gpxtpx:TrackPointExtension><gpxtpx:hr>133</gpxtpx:hr></gpxtpx:TrackPointExtension></extensions>
    </trkpt>
    <trkpt lat="37.566641" lon="127.000825">
      <ele>32.0</ele>
      <time>2026-07-20T20:58:25.000Z</time>
      <extensions><gpxtpx:TrackPointExtension><gpxtpx:hr>132</gpxtpx:hr></gpxtpx:TrackPointExtension></extensions>
    </trkpt>
    <trkpt lat="37.566644" lon="127.000834">
      <ele>32.0</ele>
      <time>2026-07-20T20:58:26.000Z</time>
      <extensions><gpxtpx:TrackPointExtension><gpxtpx:hr>132</gpxtpx:hr></gpxtpx:TrackPointExtension></extensions>
    </trkpt>
    <trkpt lat="37.566644" lon="127.000826">
      <ele>32.0</ele>
      <time>2026-07-20T20:58:27.000Z</time>
      <extensions><gpxtpx:TrackPointExtension><gpxtpx:hr>131</gpxtpx:hr></gpxtpx:TrackPointExtension></extensions>
    </trkpt>
    <trkpt lat="37.566640" lon="127.000828">
      <ele>32.0</ele>
      <time>2026-07-20T20:58:28.000Z</time>
      <extensions><gpxtpx:TrackPointExtension><gpxtpx:hr>130</gpxtpx:hr></gpxtpx:TrackPointExtension></extensions>
    </trkpt>
    <trkpt lat="37.566639" lon="127.000836">
      <ele>32.0</ele>
      <time>2026-07-20T20:58:29.000Z</time>
      <extensions><gpxtpx:TrackPointExtension><gpxtpx:hr>130</gpxtpx:hr></gpxtpx:TrackPointExtension></extensions>
    </trkpt>
    <trkpt lat="37.566645" lon="127.000841">
      <ele>32.0</ele>
      <time>2026-07-20T20:58:30.000Z</time>
      <extensions><gpxtpx:TrackPointExtension><gpxtpx:hr>129</gpxtpx:hr></gpxtpx:TrackPointExtension></extensions>
    </trkpt>
    <trkpt lat="37.566641" lon="127.000840">
      <ele>32.0</ele>
      <time>2026-07-20T20:58:31.000Z</time>
      <extensions><gpxtpx:TrackPointExtension><gpxtpx:hr>128</gpxtpx:hr></gpxtpx:TrackPointExtension></extensions>
    </trkpt>
    <trkpt lat="37.566647" lon="127.000829">
      <ele>32.0</ele>
      <time>2026-07-20T20:58:32.000Z</time>
      <extensions><gpxtpx:TrackPointExtension><gpxtpx:hr>128</gpxtpx:hr></gpxtpx:TrackPointExtension></extensions>
    </trkpt>
    <trkpt lat="37.566656" lon="127.000827">
      <ele>32.0</ele>
      <time>2026-07-20T20:58:33.000Z</time>
      <extensions><gpxtpx:TrackPointExtension><gpxtpx:hr>127</gpxtpx:hr></gpxtpx:TrackPointExtension></extensions>
    </trkpt>
    <trkpt lat="37.566651" lon="127.000826">
      <ele>32.0</ele>
      <time>2026-07-20T20:58:34.000Z</time>
      <extensions><gpxtpx:TrackPointExtension><gpxtpx:hr>127</gpxtpx:hr></gpxtpx:TrackPointExtension></extensions>
    </trkpt>
    <trkpt lat="37.566656" lon="127.000824">
      <ele>32.0</ele>
      <time>2026-07-20T20:58:35.000Z</time>
      <extensions><gpxtpx:TrackPointExtension><gpxtpx:hr>126</gpxtpx:hr></gpxtpx:TrackPointExtension></extensions>
    </trkpt>
    <trkpt lat="37.566656" lon="127.000836">
      <ele>32.0</ele>
      <time>2026-07-20T20:58:36.000Z</time>
      <extensions><gpxtpx:TrackPointExtension><gpxtpx:hr>126</gpxtpx:hr></gpxtpx:TrackPointExtension></extensions>
    </trkpt>
    <trkpt lat="37.566657" lon="127.000827">
      <ele>32.0</ele>
      <time>2026-07-20T20:58:37.000Z</time>
      <extensions><gpxtpx:TrackPointExtension><gpxtpx:hr>126</gpxtpx:hr></gpxtpx:TrackPointExtension></extensions>
    </trkpt>
    <trkpt lat="37.566672" lon="127.000810">
      <ele>32.0</ele>
      <time>2026-07-20T20:58:38.000Z</time>
      <extensions><gpxtpx:TrackPointExtension><gpxtpx:hr>126</gpxtpx:hr></gpxtpx:TrackPointExtension></extensions>
    </trkpt>
    <trkpt lat="37.566676" lon="127.000801">
      <ele>32.0</ele>
      <time>2026-07-20T20:58:39.000Z</time>
      <extensions><gpxtpx:TrackPointExtension><gpxtpx:hr>126</gpxtpx:hr></gpxtpx:TrackPointExtension></extensions>
    </trkpt>
    <trkpt lat="37.566680" lon="127.000781">
      <ele>32.0</ele>
      <time>2026-07-20T20:58:40.000Z</time>
      <extensions><gpxtpx:TrackPointExtension><gpxtpx:hr>126</gpxtpx:hr></gpxtpx:TrackPointExtension></extensions>
    </trkpt>
    <trkpt lat="37.566692" lon="127.000771">
      <ele>32.0</ele>
      <time>2026-07-20T20:58:41.000Z</time>
      <extensions><gpxtpx:TrackPointExtension><gpxtpx:hr>126</gpxtpx:hr></gpxtpx:TrackPointExtension></extensions>
    </trkpt>
    <trkpt lat="37.566707" lon="127.000753">
      <ele>32.0</ele>
      <time>2026-07-20T20:58:42.000Z</time>
      <extensions><gpxtpx:TrackPointExtension><gpxtpx:hr>126</gpxtpx:hr></gpxtpx:TrackPointExtension></extensions>
    </trkpt>
    <trkpt lat="37.566712" lon="127.000725">
      <ele>32.0</ele>
      <time>2026-07-20T20:58:43.000Z</time>
      <extensions><gpxtpx:TrackPointExtension><gpxtpx:hr>127</gpxtpx:hr></gpxtpx:TrackPointExtension></extensions>
    </trkpt>
    <trkpt lat="37.566719" lon="127.000721">
      <ele>32.0</ele>
      <time>2026-07-20T20:58:44.000Z</time>
      <extensions><gpxtpx:TrackPointExtension><gpxtpx:hr>127</gpxtpx:hr></gpxtpx:TrackPointExtension></extensions>
    </trkpt>
    <trkpt lat="37.566734" lon="127.000707">
      <ele>32.0</ele>
      <time>2026-07-20T20:58:45.000Z</time>
      <extensions><gpxtpx:TrackPointExtension><gpxtpx:hr>127</gpxtpx:hr></gpxtpx:TrackPointExtension></extensions>
    </trkpt>
    <trkpt lat="37.566734" lon="127.000680">
      <ele>32.0</ele>
      <time>2026-07-20T20:58:46.000Z</time>
      <extensions><gpxtpx:TrackPointExtension><gpxtpx:hr>127</gpxtpx:hr></gpxtpx:TrackPointExtension></extensions>
    </trkpt>
    <trkpt lat="37.566745" lon="127.000669">
      <ele>32.0</ele>
      <time>2026-07-20T20:58:47.000Z</time>
      <extensions><gpxtpx:TrackPointExtension><gpxtpx:hr>127</gpxtpx:hr></gpxtpx:TrackPointExtension></extensions>
    </trkpt>
    <trkpt lat="37.566784" lon="127.000702">
      <ele>32.0</ele>
      <time>2026-07-20T20:58:48.000Z</time>
      <extensions><gpxtpx:TrackPointExtension><gpxtpx:hr>128</gpxtpx:hr></gpxtpx:TrackPointExtension></extensions>
    </trkpt>
    <trkpt lat="37.566817" lon="127.000731">
      <ele>32.0</ele>
      <time>2026-07-20T20:58:49.000Z</time>
      <extensions><gpxtpx:TrackPointExtension><gpxtpx:hr>130</gpxtpx:hr></gpxtpx:TrackPointExtension></extensions>
    </trkpt>
    <trkpt lat="37.566872" lon="127.000753">
      <ele>32.0</ele>
      <time>2026-07-20T20:58:50.000Z</time>
      <extensions><gpxtpx:TrackPointExtension><gpxtpx:hr>132</gpxtpx:hr></gpxtpx:TrackPointExtension></extensions>
    </trkpt>
    <trkpt lat="37.566844" lon="127.000718">
      <ele>32.0</ele>
      <time>2026-07-20T20:58:51.000Z</time>
      <extensions><gpxtpx:TrackPointExtension><gpxtpx:hr>132</gpxtpx:hr></gpxtpx:TrackPointExtension></extensions>
    </trkpt>
    <trkpt lat="37.566830" lon="127.000690">
      <ele>32.0</ele>
      <time>2026-07-20T20:58:52.000Z</time>
      <extensions><gpxtpx:TrackPointExtension><gpxtpx:hr>133</gpxtpx:hr></gpxtpx:TrackPointExtension></extensions>
    </trkpt>
    <trkpt lat="37.566824" lon="127.000678">
      <ele>32.0</ele>
      <time>2026-07-20T20:58:53.000Z</time>
      <extensions><gpxtpx:TrackPointExtension><gpxtpx:hr>133</gpxtpx:hr></gpxtpx:TrackPointExtension></extensions>
    </trkpt>
    <trkpt lat="37.566814" lon="127.000648">
      <ele>32.0</ele>
      <time>2026-07-20T20:58:54.000Z</time>
      <extensions><gpxtpx:TrackPointExtension><gpxtpx:hr>133</gpxtpx:hr></gpxtpx:TrackPointExtension></extensions>
    </trkpt>
    <trkpt lat="37.566839" lon="127.000656">
      <ele>32.0</ele>
      <time>2026-07-20T20:58:55.000Z</time>
      <extensions><gpxtpx:TrackPointExtension><gpxtpx:hr>133</gpxtpx:hr></gpxtpx:TrackPointExtension></extensions>
    </trkpt>
    <trkpt lat="37.566852" lon="127.000641">
      <ele>32.0</ele>
      <time>2026-07-20T20:58:56.000Z</time>
      <extensions><gpxtpx:TrackPointExtension><gpxtpx:hr>133</gpxtpx:hr></gpxtpx:TrackPointExtension></extensions>
    </trkpt>
    <trkpt lat="37.566883" lon="127.000643">
      <ele>32.0</ele>
      <time>2026-07-20T20:58:57.000Z</time>
      <extensions><gpxtpx:TrackPointExtension><gpxtpx:hr>134</gpxtpx:hr></gpxtpx:TrackPointExtension></extensions>
    </trkpt>
    <trkpt lat="37.566908" lon="127.000648">
      <ele>32.0</ele>
      <time>2026-07-20T20:58:58.000Z</time>
      <extensions><gpxtpx:TrackPointExtension><gpxtpx:hr>134</gpxtpx:hr></gpxtpx:TrackPointExtension></extensions>
    </trkpt>
    <trkpt lat="37.566948" lon="127.000635">
      <ele>32.0</ele>
      <time>2026-07-20T20:58:59.000Z</time>
      <extensions><gpxtpx:TrackPointExtension><gpxtpx:hr>135</gpxtpx:hr></gpxtpx:TrackPointExtension></extensions>
    </trkpt>
    <trkpt lat="37.566970" lon="127.000631">
      <ele>32.0</ele>
      <time>2026-07-20T20:59:00.000Z</time>
      <extensions><gpxtpx:TrackPointExtension><gpxtpx:hr>135</gpxtpx:hr></gpxtpx:TrackPointExtension></extensions>
    </trkpt>
    <trkpt lat="37.566995" lon="127.000634">
      <ele>32.0</ele>
      <time>2026-07-20T20:59:01.000Z</time>
      <extensions><gpxtpx:TrackPointExtension><gpxtpx:hr>136</gpxtpx:hr></gpxtpx:TrackPointExtension></extensions>
    </trkpt>
    <trkpt lat="37.566993" lon="127.000627">
      <ele>32.0</ele>
      <time>2026-07-20T20:59:02.000Z</time>
      <extensions><gpxtpx:TrackPointExtension><gpxtpx:hr>135</gpxtpx:hr></gpxtpx:TrackPointExtension></extensions>
    </trkpt>
    <trkpt lat="37.566989" lon="127.000624">
      <ele>32.0</ele>
      <time>2026-07-20T20:59:03.000Z</time>
      <extensions><gpxtpx:TrackPointExtension><gpxtpx:hr>134</gpxtpx:hr></gpxtpx:TrackPointExtension></extensions>
    </trkpt>
    <trkpt lat="37.566977" lon="127.000624">
      <ele>32.0</ele>
      <time>2026-07-20T20:59:04.000Z</time>
      <extensions><gpxtpx:TrackPointExtension><gpxtpx:hr>133</gpxtpx:hr></gpxtpx:TrackPointExtension></extensions>
    </trkpt>
    <trkpt lat="37.566975" lon="127.000630">
      <ele>32.0</ele>
      <time>2026-07-20T20:59:05.000Z</time>
      <extensions><gpxtpx:TrackPointExtension><gpxtpx:hr>133</gpxtpx:hr></gpxtpx:TrackPointExtension></extensions>
    </trkpt>
    <trkpt lat="37.566978" lon="127.000634">
      <ele>32.0</ele>
      <time>2026-07-20T20:59:06.000Z</time>
      <extensions><gpxtpx:TrackPointExtension><gpxtpx:hr>132</gpxtpx:hr></gpxtpx:TrackPointExtension></extensions>
    </trkpt>
    <trkpt lat="37.566978" lon="127.000631">
      <ele>32.0</ele>
      <time>2026-07-20T20:59:07.000Z</time>
      <extensions><gpxtpx:TrackPointExtension><gpxtpx:hr>131</gpxtpx:hr></gpxtpx:TrackPointExtension></extensions>
    </trkpt>
    <trkpt lat="37.566984" lon="127.000630">
      <ele>32.0</ele>
      <time>2026-07-20T20:59:08.000Z</time>
      <extensions><gpxtpx:TrackPointExtension><gpxtpx:hr>130</gpxtpx:hr></gpxtpx:TrackPointExtension></extensions>
    </trkpt>
    <trkpt lat="37.566972" lon="127.000629">
      <ele>32.0</ele>
      <time>2026-07-20T20:59:09.000Z</time>
      <extensions><gpxtpx:TrackPointExtension><gpxtpx:hr>130</gpxtpx:hr></gpxtpx:TrackPointExtension></extensions>
    </trkpt>
    <trkpt lat="37.566958" lon="127.000626">
      <ele>32.0</ele>
      <time>2026-07-20T20:59:10.000Z</time>
      <extensions><gpxtpx:TrackPointExtension><gpxtpx:hr>130</gpxtpx:hr></gpxtpx:TrackPointExtension></extensions>
    </trkpt>
    <trkpt lat="37.566954" lon="127.000602">
      <ele>32.0</ele>
      <time>2026-07-20T20:59:11.000Z</time>
      <extensions><gpxtpx:TrackPointExtension><gpxtpx:hr>130</gpxtpx:hr></gpxtpx:TrackPointExtension></extensions>
    </trkpt>
    <trkpt lat="37.566952" lon="127.000591">
      <ele>32.0</ele>
      <time>2026-07-20T20:59:12.000Z</time>
      <extensions><gpxtpx:TrackPointExtension><gpxtpx:hr>130</gpxtpx:hr></gpxtpx:TrackPointExtension></extensions>
    </trkpt>
    <trkpt lat="37.566930" lon="127.000581">
      <ele>32.0</ele>
      <time>2026-07-20T20:59:13.000Z</time>
      <extensions><gpxtpx:TrackPointExtension><gpxtpx:hr>130</gpxtpx:hr></gpxtpx:TrackPointExtension></extensions>
    </trkpt>
    <trkpt lat="37.566924" lon="127.000572">
      <ele>32.0</ele>
      <time>2026-07-20T20:59:14.000Z</time>
      <extensions><gpxtpx:TrackPointExtension><gpxtpx:hr>130</gpxtpx:hr></gpxtpx:TrackPointExtension></extensions>
    </trkpt>
    <trkpt lat="37.566912" lon="127.000554">
      <ele>32.0</ele>
      <time>2026-07-20T20:59:15.000Z</time>
      <extensions><gpxtpx:TrackPointExtension><gpxtpx:hr>130</gpxtpx:hr></gpxtpx:TrackPointExtension></extensions>
    </trkpt>
    <trkpt lat="37.566895" lon="127.000544">
      <ele>32.0</ele>
      <time>2026-07-20T20:59:16.000Z</time>
      <extensions><gpxtpx:TrackPointExtension><gpxtpx:hr>130</gpxtpx:hr></gpxtpx:TrackPointExtension></extensions>
    </trkpt>
    <trkpt lat="37.566889" lon="127.000533">
      <ele>32.0</ele>
      <time>2026-07-20T20:59:17.000Z</time>
      <extensions><gpxtpx:TrackPointExtension><gpxtpx:hr>130</gpxtpx:hr></gpxtpx:TrackPointExtension></extensions>
    </trkpt>
    <trkpt lat="37.566889" lon="127.000574">
      <ele>32.0</ele>
      <time>2026-07-20T20:59:18.000Z</time>
      <extensions><gpxtpx:TrackPointExtension><gpxtpx:hr>131</gpxtpx:hr></gpxtpx:TrackPointExtension></extensions>
    </trkpt>
    <trkpt lat="37.566898" lon="127.000635">
      <ele>32.0</ele>
      <time>2026-07-20T20:59:19.000Z</time>
      <extensions><gpxtpx:TrackPointExtension><gpxtpx:hr>132</gpxtpx:hr></gpxtpx:TrackPointExtension></extensions>
    </trkpt>
    <trkpt lat="37.566895" lon="127.000694">
      <ele>32.0</ele>
      <time>2026-07-20T20:59:20.000Z</time>
      <extensions><gpxtpx:TrackPointExtension><gpxtpx:hr>134</gpxtpx:hr></gpxtpx:TrackPointExtension></extensions>
    </trkpt>
    <trkpt lat="37.566894" lon="127.000744">
      <ele>32.0</ele>
      <time>2026-07-20T20:59:21.000Z</time>
      <extensions><gpxtpx:TrackPointExtension><gpxtpx:hr>135</gpxtpx:hr></gpxtpx:TrackPointExtension></extensions>
    </trkpt>
    <trkpt lat="37.566900" lon="127.000806">
      <ele>32.0</ele>
      <time>2026-07-20T20:59:22.000Z</time>
      <extensions><gpxtpx:TrackPointExtension><gpxtpx:hr>136</gpxtpx:hr></gpxtpx:TrackPointExtension></extensions>
    </trkpt>
    <trkpt lat="37.566876" lon="127.000843">
      <ele>32.0</ele>
      <time>2026-07-20T20:59:23.000Z</time>
      <extensions><gpxtpx:TrackPointExtension><gpxtpx:hr>137</gpxtpx:hr></gpxtpx:TrackPointExtension></extensions>
    </trkpt>
    <trkpt lat="37.566865" lon="127.000887">
      <ele>32.0</ele>
      <time>2026-07-20T20:59:24.000Z</time>
      <extensions><gpxtpx:TrackPointExtension><gpxtpx:hr>138</gpxtpx:hr></gpxtpx:TrackPointExtension></extensions>
    </trkpt>
    <trkpt lat="37.566841" lon="127.000920">
      <ele>32.0</ele>
      <time>2026-07-20T20:59:25.000Z</time>
      <extensions><gpxtpx:TrackPointExtension><gpxtpx:hr>138</gpxtpx:hr></gpxtpx:TrackPointExtension></extensions>
    </trkpt>
    <trkpt lat="37.566833" lon="127.000961">
      <ele>32.0</ele>
      <time>2026-07-20T20:59:26.000Z</time>
      <extensions><gpxtpx:TrackPointExtension><gpxtpx:hr>139</gpxtpx:hr></gpxtpx:TrackPointExtension></extensions>
    </trkpt>
    <trkpt lat="37.566820" lon="127.000983">
      <ele>32.0</ele>
      <time>2026-07-20T20:59:27.000Z</time>
      <extensions><gpxtpx:TrackPointExtension><gpxtpx:hr>139</gpxtpx:hr></gpxtpx:TrackPointExtension></extensions>
    </trkpt>
    <trkpt lat="37.566812" lon="127.000993">
      <ele>32.0</ele>
      <time>2026-07-20T20:59:28.000Z</time>
      <extensions><gpxtpx:TrackPointExtension><gpxtpx:hr>138</gpxtpx:hr></gpxtpx:TrackPointExtension></extensions>
    </trkpt>
    <trkpt lat="37.566818" lon="127.001002">
      <ele>32.0</ele>
      <time>2026-07-20T20:59:29.000Z</time>
      <extensions><gpxtpx:TrackPointExtension><gpxtpx:hr>137</gpxtpx:hr></gpxtpx:TrackPointExtension></extensions>
    </trkpt>
    <trkpt lat="37.566817" lon="127.001005">
      <ele>32.0</ele>
      <time>2026-07-20T20:59:30.000Z</time>
      <extensions><gpxtpx:TrackPointExtension><gpxtpx:hr>136</gpxtpx:hr></gpxtpx:TrackPointExtension></extensions>
    </trkpt>
    <trkpt lat="37.566795" lon="127.000992">
      <ele>32.0</ele>
      <time>2026-07-20T20:59:31.000Z</time>
      <extensions><gpxtpx:TrackPointExtension><gpxtpx:hr>136</gpxtpx:hr></gpxtpx:TrackPointExtension></extensions>
    </trkpt>
    <trkpt lat="37.566776" lon="127.000993">
      <ele>32.0</ele>
      <time>2026-07-20T20:59:32.000Z</time>
      <extensions><gpxtpx:TrackPointExtension><gpxtpx:hr>136</gpxtpx:hr></gpxtpx:TrackPointExtension></extensions>
    </trkpt>
    <trkpt lat="37.566755" lon="127.000969">
      <ele>32.0</ele>
      <time>2026-07-20T20:59:33.000Z</time>
      <extensions><gpxtpx:TrackPointExtension><gpxtpx:hr>136</gpxtpx:hr></gpxtpx:TrackPointExtension></extensions>
    </trkpt>
    <trkpt lat="37.566738" lon="127.000971">
      <ele>32.0</ele>
      <time>2026-07-20T20:59:34.000Z</time>
      <extensions><gpxtpx:TrackPointExtension><gpxtpx:hr>136</gpxtpx:hr></gpxtpx:TrackPointExtension></extensions>
    </trkpt>
    <trkpt lat="37.566698" lon="127.000940">
      <ele>32.0</ele>
      <time>2026-07-20T20:59:35.000Z</time>
      <extensions><gpxtpx:TrackPointExtension><gpxtpx:hr>137</gpxtpx:hr></gpxtpx:TrackPointExtension></extensions>
    </trkpt>
    <trkpt lat="37.566684" lon="127.000927">
      <ele>32.0</ele>
      <time>2026-07-20T20:59:36.000Z</time>
      <extensions><gpxtpx:TrackPointExtension><gpxtpx:hr>137</gpxtpx:hr></gpxtpx:TrackPointExtension></extensions>
    </trkpt>
    <trkpt lat="37.566652" lon="127.000923">
      <ele>32.0</ele>
      <time>2026-07-20T20:59:37.000Z</time>
      <extensions><gpxtpx:TrackPointExtension><gpxtpx:hr>137</gpxtpx:hr></gpxtpx:TrackPointExtension></extensions>
    </trkpt>
    <trkpt lat="37.566663" lon="127.000893">
      <ele>32.0</ele>
      <time>2026-07-20T20:59:38.000Z</time>
      <extensions><gpxtpx:TrackPointExtension><gpxtpx:hr>137</gpxtpx:hr></gpxtpx:TrackPointExtension></extensions>
    </trkpt>
    <trkpt lat="37.566663" lon="127.000868">
      <ele>32.0</ele>
      <time>2026-07-20T20:59:39.000Z</time>
      <extensions><gpxtpx:TrackPointExtension><gpxtpx:hr>137</gpxtpx:hr></gpxtpx:TrackPointExtension></extensions>
    </trkpt>
    <trkpt lat="37.566655" lon="127.000837">
      <ele>32.0</ele>
      <time>2026-07-20T20:59:40.000Z</time>
      <extensions><gpxtpx:TrackPointExtension><gpxtpx:hr>137</gpxtpx:hr></gpxtpx:TrackPointExtension></extensions>
    </trkpt>
    <trkpt lat="37.566659" lon="127.000818">
      <ele>32.0</ele>
      <time>2026-07-20T20:59:41.000Z</time>
      <extensions><gpxtpx:TrackPointExtension><gpxtpx:hr>136</gpxtpx:hr></gpxtpx:TrackPointExtension></extensions>
    </trkpt>
    <trkpt lat="37.566660" lon="127.000850">
      <ele>32.0</ele>
      <time>2026-07-20T20:59:42.000Z</time>
      <extensions><gpxtpx:TrackPointExtension><gpxtpx:hr>136</gpxtpx:hr></gpxtpx:TrackPointExtension></extensions>
    </trkpt>
    <trkpt lat="37.566661" lon="127.000884">
      <ele>32.0</ele>
      <time>2026-07-20T20:59:43.000Z</time>
      <extensions><gpxtpx:TrackPointExtension><gpxtpx:hr>137</gpxtpx:hr></gpxtpx:TrackPointExtension></extensions>
    </trkpt>
    <trkpt lat="37.566663" lon="127.000925">
      <ele>32.0</ele>
      <time>2026-07-20T20:59:44.000Z</time>
      <extensions><gpxtpx:TrackPointExtension><gpxtpx:hr>137</gpxtpx:hr></gpxtpx:TrackPointExtension></extensions>
    </trkpt>
    <trkpt lat="37.566660" lon="127.000961">
      <ele>32.0</ele>
      <time>2026-07-20T20:59:45.000Z</time>
      <extensions><gpxtpx:TrackPointExtension><gpxtpx:hr>137</gpxtpx:hr></gpxtpx:TrackPointExtension></extensions>
    </trkpt>
    <trkpt lat="37.566656" lon="127.000995">
      <ele>32.0</ele>
      <time>2026-07-20T20:59:46.000Z</time>
      <extensions><gpxtpx:TrackPointExtension><gpxtpx:hr>138</gpxtpx:hr></gpxtpx:TrackPointExtension></extensions>
    </trkpt>
    <trkpt lat="37.566661" lon="127.001033">
      <ele>32.0</ele>
      <time>2026-07-20T20:59:47.000Z</time>
      <extensions><gpxtpx:TrackPointExtension><gpxtpx:hr>138</gpxtpx:hr></gpxtpx:TrackPointExtension></extensions>
    </trkpt>
    <trkpt lat="37.566651" lon="127.001075">
      <ele>32.0</ele>
      <time>2026-07-20T20:59:48.000Z</time>
      <extensions><gpxtpx:TrackPointExtension><gpxtpx:hr>138</gpxtpx:hr></gpxtpx:TrackPointExtension></extensions>
    </trkpt>
    <trkpt lat="37.566652" lon="127.001110">
      <ele>32.0</ele>
      <time>2026-07-20T20:59:49.000Z</time>
      <extensions><gpxtpx:TrackPointExtension><gpxtpx:hr>138</gpxtpx:hr></gpxtpx:TrackPointExtension></extensions>
    </trkpt>
    <trkpt lat="37.566657" lon="127.001135">
      <ele>32.0</ele>
      <time>2026-07-20T20:59:50.000Z</time>
      <extensions><gpxtpx:TrackPointExtension><gpxtpx:hr>139</gpxtpx:hr></gpxtpx:TrackPointExtension></extensions>
    </trkpt>
    <trkpt lat="37.566651" lon="127.001105">
      <ele>32.0</ele>
      <time>2026-07-20T20:59:51.000Z</time>
      <extensions><gpxtpx:TrackPointExtension><gpxtpx:hr>139</gpxtpx:hr></gpxtpx:TrackPointExtension></extensions>
    </trkpt>
    <trkpt lat="37.566671" lon="127.001096">
      <ele>32.0</ele>
      <time>2026-07-20T20:59:52.000Z</time>
      <extensions><gpxtpx:TrackPointExtension><gpxtpx:hr>139</gpxtpx:hr></gpxtpx:TrackPointExtension></extensions>
    </trkpt>
    <trkpt lat="37.566687" lon="127.001076">
      <ele>32.0</ele>
      <time>2026-07-20T20:59:53.000Z</time>
      <extensions><gpxtpx:TrackPointExtension><gpxtpx:hr>138</gpxtpx:hr></gpxtpx:TrackPointExtension></extensions>
    </trkpt>
    <trkpt lat="37.566697" lon="127.001069">
      <ele>32.0</ele>
      <time>2026-07-20T20:59:54.000Z</time>
      <extensions><gpxtpx:TrackPointExtension><gpxtpx:hr>138</gpxtpx:hr></gpxtpx:TrackPointExtension></extensions>
    </trkpt>
    <trkpt lat="37.566708" lon="127.001060">
      <ele>32.0</ele>
      <time>2026-07-20T20:59:55.000Z</time>
      <extensions><gpxtpx:TrackPointExtension><gpxtpx:hr>138</gpxtpx:hr></gpxtpx:TrackPointExtension></extensions>
    </trkpt>
    <trkpt lat="37.566733" lon="127.000989">
      <ele>32.0</ele>
      <time>2026-07-20T20:59:56.000Z</time>
      <extensions><gpxtpx:TrackPointExtension><gpxtpx:hr>139</gpxtpx:hr></gpxtpx:TrackPointExtension></extensions>
    </trkpt>
    <trkpt lat="37.566755" lon="127.000922">
      <ele>32.0</ele>
      <time>2026-07-20T20:59:57.000Z</time>
      <extensions><gpxtpx:TrackPointExtension><gpxtpx:hr>141</gpxtpx:hr></gpxtpx:TrackPointExtension></extensions>
    </trkpt>
    <trkpt lat="37.566788" lon="127.000848">
      <ele>32.0</ele>
      <time>2026-07-20T20:59:58.000Z</time>
      <extensions><gpxtpx:TrackPointExtension><gpxtpx:hr>143</gpxtpx:hr></gpxtpx:TrackPointExtension></extensions>
    </trkpt>
    <trkpt lat="37.566765" lon="127.000796">
      <ele>32.0</ele>
      <time>2026-07-20T20:59:59.000Z</time>
      <extensions><gpxtpx:TrackPointExtension><gpxtpx:hr>144</gpxtpx:hr></gpxtpx:TrackPointExtension></extensions>
    </trkpt>
    <trkpt lat="37.566739" lon="127.000752">
      <ele>32.0</ele>
      <time>2026-07-20T21:00:00.000Z</time>
      <extensions><gpxtpx:TrackPointExtension><gpxtpx:hr>144</gpxtpx:hr></gpxtpx:TrackPointExtension></extensions>
    </trkpt>
    <trkpt lat="37.566724" lon="127.000705">
      <ele>32.0</ele>
      <time>2026-07-20T21:00:01.000Z</time>
      <extensions><gpxtpx:TrackPointExtension><gpxtpx:hr>144</gpxtpx:hr></gpxtpx:TrackPointExtension></extensions>
    </trkpt>
    <trkpt lat="37.566713" lon="127.000666">
      <ele>32.0</ele>
      <time>2026-07-20T21:00:02.000Z</time>
      <extensions><gpxtpx:TrackPointExtension><gpxtpx:hr>145</gpxtpx:hr></gpxtpx:TrackPointExtension></extensions>
    </trkpt>
    <trkpt lat="37.566757" lon="127.000613">
      <ele>32.0</ele>
      <time>2026-07-20T21:00:03.000Z</time>
      <extensions><gpxtpx:TrackPointExtension><gpxtpx:hr>146</gpxtpx:hr></gpxtpx:TrackPointExtension></extensions>
    </trkpt>
    <trkpt lat="37.566800" lon="127.000559">
      <ele>32.0</ele>
      <time>2026-07-20T21:00:04.000Z</time>
      <extensions><gpxtpx:TrackPointExtension><gpxtpx:hr>148</gpxtpx:hr></gpxtpx:TrackPointExtension></extensions>
    </trkpt>
    <trkpt lat="37.566778" lon="127.000611">
      <ele>32.0</ele>
      <time>2026-07-20T21:00:05.000Z</time>
      <extensions><gpxtpx:TrackPointExtension><gpxtpx:hr>148</gpxtpx:hr></gpxtpx:TrackPointExtension></extensions>
    </trkpt>
    <trkpt lat="37.566763" lon="127.000636">
      <ele>32.0</ele>
      <time>2026-07-20T21:00:06.000Z</time>
      <extensions><gpxtpx:TrackPointExtension><gpxtpx:hr>148</gpxtpx:hr></gpxtpx:TrackPointExtension></extensions>
    </trkpt>
    <trkpt lat="37.566740" lon="127.000657">
      <ele>32.0</ele>
      <time>2026-07-20T21:00:07.000Z</time>
      <extensions><gpxtpx:TrackPointExtension><gpxtpx:hr>148</gpxtpx:hr></gpxtpx:TrackPointExtension></extensions>
    </trkpt>
    <trkpt lat="37.566734" lon="127.000678">
      <ele>32.0</ele>
      <time>2026-07-20T21:00:08.000Z</time>
      <extensions><gpxtpx:TrackPointExtension><gpxtpx:hr>147</gpxtpx:hr></gpxtpx:TrackPointExtension></extensions>
    </trkpt>
    <trkpt lat="37.566717" lon="127.000699">
      <ele>32.0</ele>
      <time>2026-07-20T21:00:09.000Z</time>
      <extensions><gpxtpx:TrackPointExtension><gpxtpx:hr>146</gpxtpx:hr></gpxtpx:TrackPointExtension></extensions>
    </trkpt>
    <trkpt lat="37.566711" lon="127.000716">
      <ele>32.0</ele>
      <time>2026-07-20T21:00:10.000Z</time>
      <extensions><gpxtpx:TrackPointExtension><gpxtpx:hr>145</gpxtpx:hr></gpxtpx:TrackPointExtension></extensions>
    </trkpt>
    <trkpt lat="37.566711" lon="127.000685">
      <ele>32.0</ele>
      <time>2026-07-20T21:00:11.000Z</time>
      <extensions><gpxtpx:TrackPointExtension><gpxtpx:hr>145</gpxtpx:hr></gpxtpx:TrackPointExtension></extensions>
    </trkpt>
    <trkpt lat="37.566713" lon="127.000676">
      <ele>32.0</ele>
      <time>2026-07-20T21:00:12.000Z</time>
      <extensions><gpxtpx:TrackPointExtension><gpxtpx:hr>144</gpxtpx:hr></gpxtpx:TrackPointExtension></extensions>
    </trkpt>
    <trkpt lat="37.566712" lon="127.000646">
      <ele>32.0</ele>
      <time>2026-07-20T21:00:13.000Z</time>
      <extensions><gpxtpx:TrackPointExtension><gpxtpx:hr>143</gpxtpx:hr></gpxtpx:TrackPointExtension></extensions>
    </trkpt>
    <trkpt lat="37.566724" lon="127.000641">
      <ele>32.0</ele>
      <time>2026-07-20T21:00:14.000Z</time>
      <extensions><gpxtpx:TrackPointExtension><gpxtpx:hr>143</gpxtpx:hr></gpxtpx:TrackPointExtension></extensions>
    </trkpt>
    <trkpt lat="37.566723" lon="127.000625">
      <ele>32.0</ele>
      <time>2026-07-20T21:00:15.000Z</time>
      <extensions><gpxtpx:TrackPointExtension><gpxtpx:hr>142</gpxtpx:hr></gpxtpx:TrackPointExtension></extensions>
    </trkpt>
    <trkpt lat="37.566730" lon="127.000605">
      <ele>32.0</ele>
      <time>2026-07-20T21:00:16.000Z</time>
      <extensions><gpxtpx:TrackPointExtension><gpxtpx:hr>141</gpxtpx:hr></gpxtpx:TrackPointExtension></extensions>
    </trkpt>
    <trkpt lat="37.566721" lon="127.000575">
      <ele>32.0</ele>
      <time>2026-07-20T21:00:17.000Z</time>
      <extensions><gpxtpx:TrackPointExtension><gpxtpx:hr>141</gpxtpx:hr></gpxtpx:TrackPointExtension></extensions>
    </trkpt>
    <trkpt lat="37.566724" lon="127.000563">
      <ele>32.0</ele>
      <time>2026-07-20T21:00:18.000Z</time>
      <extensions><gpxtpx:TrackPointExtension><gpxtpx:hr>140</gpxtpx:hr></gpxtpx:TrackPointExtension></extensions>
    </trkpt>
    <trkpt lat="37.566729" lon="127.000549">
      <ele>32.0</ele>
      <time>2026-07-20T21:00:19.000Z</time>
      <extensions><gpxtpx:TrackPointExtension><gpxtpx:hr>140</gpxtpx:hr></gpxtpx:TrackPointExtension></extensions>
    </trkpt>
    <trkpt lat="37.566741" lon="127.000531">
      <ele>32.0</ele>
      <time>2026-07-20T21:00:20.000Z</time>
      <extensions><gpxtpx:TrackPointExtension><gpxtpx:hr>139</gpxtpx:hr></gpxtpx:TrackPointExtension></extensions>
    </trkpt>
    <trkpt lat="37.566739" lon="127.000550">
      <ele>32.0</ele>
      <time>2026-07-20T21:00:21.000Z</time>
      <extensions><gpxtpx:TrackPointExtension><gpxtpx:hr>139</gpxtpx:hr></gpxtpx:TrackPointExtension></extensions>
    </trkpt>
    <trkpt lat="37.566761" lon="127.000577">
      <ele>32.0</ele>
      <time>2026-07-20T21:00:22.000Z</time>
      <extensions><gpxtpx:TrackPointExtension><gpxtpx:hr>139</gpxtpx:hr></gpxtpx:TrackPointExtension></extensions>
    </trkpt>
    <trkpt lat="37.566769" lon="127.000608">
      <ele>32.0</ele>
      <time>2026-07-20T21:00:23.000Z</time>
      <extensions><gpxtpx:TrackPointExtension><gpxtpx:hr>139</gpxtpx:hr></gpxtpx:TrackPointExtension></extensions>
    </trkpt>
    <trkpt lat="37.566780" lon="127.000641">
      <ele>32.0</ele>
      <time>2026-07-20T21:00:24.000Z</time>
      <extensions><gpxtpx:TrackPointExtension><gpxtpx:hr>139</gpxtpx:hr></gpxtpx:TrackPointExtension></extensions>
    </trkpt>
    <trkpt lat="37.566787" lon="127.000682">
      <ele>32.0</ele>
      <time>2026-07-20T21:00:25.000Z</time>
      <extensions><gpxtpx:TrackPointExtension><gpxtpx:hr>139</gpxtpx:hr></gpxtpx:TrackPointExtension></extensions>
    </trkpt>
    <trkpt lat="37.566795" lon="127.000679">
      <ele>32.0</ele>
      <time>2026-07-20T21:00:26.000Z</time>
      <extensions><gpxtpx:TrackPointExtension><gpxtpx:hr>140</gpxtpx:hr></gpxtpx:TrackPointExtension></extensions>
    </trkpt>
    <trkpt lat="37.566797" lon="127.000669">
      <ele>32.0</ele>
      <time>2026-07-20T21:00:27.000Z</time>
      <extensions><gpxtpx:TrackPointExtension><gpxtpx:hr>139</gpxtpx:hr></gpxtpx:TrackPointExtension></extensions>
    </trkpt>
    <trkpt lat="37.566808" lon="127.000673">
      <ele>32.0</ele>
      <time>2026-07-20T21:00:28.000Z</time>
      <extensions><gpxtpx:TrackPointExtension><gpxtpx:hr>138</gpxtpx:hr></gpxtpx:TrackPointExtension></extensions>
    </trkpt>
    <trkpt lat="37.566797" lon="127.000672">
      <ele>32.0</ele>
      <time>2026-07-20T21:00:29.000Z</time>
      <extensions><gpxtpx:TrackPointExtension><gpxtpx:hr>137</gpxtpx:hr></gpxtpx:TrackPointExtension></extensions>
    </trkpt>
    <trkpt lat="37.566785" lon="127.000678">
      <ele>32.0</ele>
      <time>2026-07-20T21:00:30.000Z</time>
      <extensions><gpxtpx:TrackPointExtension><gpxtpx:hr>136</gpxtpx:hr></gpxtpx:TrackPointExtension></extensions>
    </trkpt>
    <trkpt lat="37.566776" lon="127.000673">
      <ele>32.0</ele>
      <time>2026-07-20T21:00:31.000Z</time>
      <extensions><gpxtpx:TrackPointExtension><gpxtpx:hr>136</gpxtpx:hr></gpxtpx:TrackPointExtension></extensions>
    </trkpt>
    <trkpt lat="37.566771" lon="127.000682">
      <ele>32.0</ele>
      <time>2026-07-20T21:00:32.000Z</time>
      <extensions><gpxtpx:TrackPointExtension><gpxtpx:hr>135</gpxtpx:hr></gpxtpx:TrackPointExtension></extensions>
    </trkpt>
    <trkpt lat="37.566753" lon="127.000684">
      <ele>32.0</ele>
      <time>2026-07-20T21:00:33.000Z</time>
      <extensions><gpxtpx:TrackPointExtension><gpxtpx:hr>135</gpxtpx:hr></gpxtpx:TrackPointExtension></extensions>
    </trkpt>
    <trkpt lat="37.566736" lon="127.000681">
      <ele>32.0</ele>
      <time>2026-07-20T21:00:34.000Z</time>
      <extensions><gpxtpx:TrackPointExtension><gpxtpx:hr>135</gpxtpx:hr></gpxtpx:TrackPointExtension></extensions>
    </trkpt>
    <trkpt lat="37.566719" lon="127.000684">
      <ele>32.0</ele>
      <time>2026-07-20T21:00:35.000Z</time>
      <extensions><gpxtpx:TrackPointExtension><gpxtpx:hr>135</gpxtpx:hr></gpxtpx:TrackPointExtension></extensions>
    </trkpt>
    <trkpt lat="37.566722" lon="127.000698">
      <ele>32.0</ele>
      <time>2026-07-20T21:00:36.000Z</time>
      <extensions><gpxtpx:TrackPointExtension><gpxtpx:hr>134</gpxtpx:hr></gpxtpx:TrackPointExtension></extensions>
    </trkpt>
    <trkpt lat="37.566717" lon="127.000690">
      <ele>32.0</ele>
      <time>2026-07-20T21:00:37.000Z</time>
      <extensions><gpxtpx:TrackPointExtension><gpxtpx:hr>133</gpxtpx:hr></gpxtpx:TrackPointExtension></extensions>
    </trkpt>
    <trkpt lat="37.566711" lon="127.000693">
      <ele>32.0</ele>
      <time>2026-07-20T21:00:38.000Z</time>
      <extensions><gpxtpx:TrackPointExtension><gpxtpx:hr>132</gpxtpx:hr></gpxtpx:TrackPointExtension></extensions>
    </trkpt>
    <trkpt lat="37.566723" lon="127.000691">
      <ele>32.0</ele>
      <time>2026-07-20T21:00:39.000Z</time>
      <extensions><gpxtpx:TrackPointExtension><gpxtpx:hr>132</gpxtpx:hr></gpxtpx:TrackPointExtension></extensions>
    </trkpt>
    <trkpt lat="37.566723" lon="127.000691">
      <ele>32.0</ele>
      <time>2026-07-20T21:00:40.000Z</time>
      <extensions><gpxtpx:TrackPointExtension><gpxtpx:hr>131</gpxtpx:hr></gpxtpx:TrackPointExtension></extensions>
    </trkpt>
    <trkpt lat="37.566723" lon="127.000712">
      <ele>32.0</ele>
      <time>2026-07-20T21:00:41.000Z</time>
      <extensions><gpxtpx:TrackPointExtension><gpxtpx:hr>130</gpxtpx:hr></gpxtpx:TrackPointExtension></extensions>
    </trkpt>
    <trkpt lat="37.566713" lon="127.000723">
      <ele>32.0</ele>
      <time>2026-07-20T21:00:42.000Z</time>
      <extensions><gpxtpx:TrackPointExtension><gpxtpx:hr>130</gpxtpx:hr></gpxtpx:TrackPointExtension></extensions>
    </trkpt>
    <trkpt lat="37.566712" lon="127.000732">
      <ele>32.0</ele>
      <time>2026-07-20T21:00:43.000Z</time>
      <extensions><gpxtpx:TrackPointExtension><gpxtpx:hr>130</gpxtpx:hr></gpxtpx:TrackPointExtension></extensions>
    </trkpt>
    <trkpt lat="37.566709" lon="127.000756">
      <ele>32.0</ele>
      <time>2026-07-20T21:00:44.000Z</time>
      <extensions><gpxtpx:TrackPointExtension><gpxtpx:hr>130</gpxtpx:hr></gpxtpx:TrackPointExtension></extensions>
    </trkpt>
    <trkpt lat="37.566697" lon="127.000769">
      <ele>32.0</ele>
      <time>2026-07-20T21:00:45.000Z</time>
      <extensions><gpxtpx:TrackPointExtension><gpxtpx:hr>130</gpxtpx:hr></gpxtpx:TrackPointExtension></extensions>
    </trkpt>
    <trkpt lat="37.566693" lon="127.000785">
      <ele>32.0</ele>
      <time>2026-07-20T21:00:46.000Z</time>
      <extensions><gpxtpx:TrackPointExtension><gpxtpx:hr>130</gpxtpx:hr></gpxtpx:TrackPointExtension></extensions>
    </trkpt>
    <trkpt lat="37.566688" lon="127.000805">
      <ele>32.0</ele>
      <time>2026-07-20T21:00:47.000Z</time>
      <extensions><gpxtpx:TrackPointExtension><gpxtpx:hr>130</gpxtpx:hr></gpxtpx:TrackPointExtension></extensions>
    </trkpt>
    <trkpt lat="37.566697" lon="127.000779">
      <ele>32.0</ele>
      <time>2026-07-20T21:00:48.000Z</time>
      <extensions><gpxtpx:TrackPointExtension><gpxtpx:hr>130</gpxtpx:hr></gpxtpx:TrackPointExtension></extensions>
    </trkpt>
    <trkpt lat="37.566715" lon="127.000752">
      <ele>32.0</ele>
      <time>2026-07-20T21:00:49.000Z</time>
      <extensions><gpxtpx:TrackPointExtension><gpxtpx:hr>130</gpxtpx:hr></gpxtpx:TrackPointExtension></extensions>
    </trkpt>
    <trkpt lat="37.566723" lon="127.000706">
      <ele>32.0</ele>
      <time>2026-07-20T21:00:50.000Z</time>
      <extensions><gpxtpx:TrackPointExtension><gpxtpx:hr>131</gpxtpx:hr></gpxtpx:TrackPointExtension></extensions>
    </trkpt>
    <trkpt lat="37.566731" lon="127.000677">
      <ele>32.0</ele>
      <time>2026-07-20T21:00:51.000Z</time>
      <extensions><gpxtpx:TrackPointExtension><gpxtpx:hr>131</gpxtpx:hr></gpxtpx:TrackPointExtension></extensions>
    </trkpt>
    <trkpt lat="37.566740" lon="127.000645">
      <ele>32.0</ele>
      <time>2026-07-20T21:00:52.000Z</time>
      <extensions><gpxtpx:TrackPointExtension><gpxtpx:hr>132</gpxtpx:hr></gpxtpx:TrackPointExtension></extensions>
    </trkpt>
    <trkpt lat="37.566749" lon="127.000624">
      <ele>32.0</ele>
      <time>2026-07-20T21:00:53.000Z</time>
      <extensions><gpxtpx:TrackPointExtension><gpxtpx:hr>132</gpxtpx:hr></gpxtpx:TrackPointExtension></extensions>
    </trkpt>
    <trkpt lat="37.566766" lon="127.000585">
      <ele>32.0</ele>
      <time>2026-07-20T21:00:54.000Z</time>
      <extensions><gpxtpx:TrackPointExtension><gpxtpx:hr>133</gpxtpx:hr></gpxtpx:TrackPointExtension></extensions>
    </trkpt>
    <trkpt lat="37.566770" lon="127.000563">
      <ele>32.0</ele>
      <time>2026-07-20T21:00:55.000Z</time>
      <extensions><gpxtpx:TrackPointExtension><gpxtpx:hr>133</gpxtpx:hr></gpxtpx:TrackPointExtension></extensions>
    </trkpt>
    <trkpt lat="37.566787" lon="127.000524">
      <ele>32.0</ele>
      <time>2026-07-20T21:00:56.000Z</time>
      <extensions><gpxtpx:TrackPointExtension><gpxtpx:hr>134</gpxtpx:hr></gpxtpx:TrackPointExtension></extensions>
    </trkpt>
    <trkpt lat="37.566775" lon="127.000558">
      <ele>32.0</ele>
      <time>2026-07-20T21:00:57.000Z</time>
      <extensions><gpxtpx:TrackPointExtension><gpxtpx:hr>134</gpxtpx:hr></gpxtpx:TrackPointExtension></extensions>
    </trkpt>
    <trkpt lat="37.566790" lon="127.000530">
      <ele>32.0</ele>
      <time>2026-07-20T21:00:58.000Z</time>
      <extensions><gpxtpx:TrackPointExtension><gpxtpx:hr>135</gpxtpx:hr></gpxtpx:TrackPointExtension></extensions>
    </trkpt>
    <trkpt lat="37.566819" lon="127.000584">
      <ele>32.0</ele>
      <time>2026-07-20T21:00:59.000Z</time>
      <extensions><gpxtpx:TrackPointExtension><gpxtpx:hr>137</gpxtpx:hr></gpxtpx:TrackPointExtension></extensions>
    </trkpt>
    <trkpt lat="37.566837" lon="127.000672">
      <ele>32.0</ele>
      <time>2026-07-20T21:01:00.000Z</time>
      <extensions><gpxtpx:TrackPointExtension><gpxtpx:hr>139</gpxtpx:hr></gpxtpx:TrackPointExtension></extensions>
    </trkpt>
    <trkpt lat="37.566843" lon="127.000596">
      <ele>32.0</ele>
      <time>2026-07-20T21:01:01.000Z</time>
      <extensions><gpxtpx:TrackPointExtension><gpxtpx:hr>140</gpxtpx:hr></gpxtpx:TrackPointExtension></extensions>
    </trkpt>
    <trkpt lat="37.566850" lon="127.000531">
      <ele>32.0</ele>
      <time>2026-07-20T21:01:02.000Z</time>
      <extensions><gpxtpx:TrackPointExtension><gpxtpx:hr>141</gpxtpx:hr></gpxtpx:TrackPointExtension></extensions>
    </trkpt>
    <trkpt lat="37.566863" lon="127.000479">
      <ele>32.0</ele>
      <time>2026-07-20T21:01:03.000Z</time>
      <extensions><gpxtpx:TrackPointExtension><gpxtpx:hr>142</gpxtpx:hr></gpxtpx:TrackPointExtension></extensions>
    </trkpt>
    <trkpt lat="37.566869" lon="127.000426">
      <ele>32.0</ele>
      <time>2026-07-20T21:01:04.000Z</time>
      <extensions><gpxtpx:TrackPointExtension><gpxtpx:hr>143</gpxtpx:hr></gpxtpx:TrackPointExtension></extensions>
    </trkpt>
    <trkpt lat="37.566873" lon="127.000364">
      <ele>32.0</ele>
      <time>2026-07-20T21:01:05.000Z</time>
      <extensions><gpxtpx:TrackPointExtension><gpxtpx:hr>144</gpxtpx:hr></gpxtpx:TrackPointExtension></extensions>
    </trkpt>
    <trkpt lat="37.566885" lon="127.000299">
      <ele>32.0</ele>
      <time>2026-07-20T21:01:06.000Z</time>
      <extensions><gpxtpx:TrackPointExtension><gpxtpx:hr>145</gpxtpx:hr></gpxtpx:TrackPointExtension></extensions>
    </trkpt>
    <trkpt lat="37.566870" lon="127.000353">
      <ele>32.0</ele>
      <time>2026-07-20T21:01:07.000Z</time>
      <extensions><gpxtpx:TrackPointExtension><gpxtpx:hr>146</gpxtpx:hr></gpxtpx:TrackPointExtension></extensions>
    </trkpt>
    <trkpt lat="37.566869" lon="127.000415">
      <ele>32.0</ele>
      <time>2026-07-20T21:01:08.000Z</time>
      <extensions><gpxtpx:TrackPointExtension><gpxtpx:hr>147</gpxtpx:hr></gpxtpx:TrackPointExtension></extensions>
    </trkpt>
    <trkpt lat="37.566869" lon="127.000482">
      <ele>32.0</ele>
      <time>2026-07-20T21:01:09.000Z</time>
      <extensions><gpxtpx:TrackPointExtension><gpxtpx:hr>148</gpxtpx:hr></gpxtpx:TrackPointExtension></extensions>
    </trkpt>
    <trkpt lat="37.566861" lon="127.000546">
      <ele>32.0</ele>
      <time>2026-07-20T21:01:10.000Z</time>
      <extensions><gpxtpx:TrackPointExtension><gpxtpx:hr>149</gpxtpx:hr></gpxtpx:TrackPointExtension></extensions>
    </trkpt>
    <trkpt lat="37.566856" lon="127.000609">
      <ele>32.0</ele>
      <time>2026-07-20T21:01:11.000Z</time>
      <extensions><gpxtpx:TrackPointExtension><gpxtpx:hr>149</gpxtpx:hr></gpxtpx:TrackPointExtension></extensions>
    </trkpt>
    <trkpt lat="37.566855" lon="127.000678">
      <ele>32.0</ele>
      <time>2026-07-20T21:01:12.000Z</time>
      <extensions><gpxtpx:TrackPointExtension><gpxtpx:hr>150</gpxtpx:hr></gpxtpx:TrackPointExtension></extensions>
    </trkpt>
    <trkpt lat="37.566836" lon="127.000715">
      <ele>32.0</ele>
      <time>2026-07-20T21:01:13.000Z</time>
      <extensions><gpxtpx:TrackPointExtension><gpxtpx:hr>150</gpxtpx:hr></gpxtpx:TrackPointExtension></extensions>
    </trkpt>
    <trkpt lat="37.566818" lon="127.000761">
      <ele>32.0</ele>
      <time>2026-07-20T21:01:14.000Z</time>
      <extensions><gpxtpx:TrackPointExtension><gpxtpx:hr>151</gpxtpx:hr></gpxtpx:TrackPointExtension></extensions>
    </trkpt>
    <trkpt lat="37.566815" lon="127.000801">
      <ele>32.0</ele>
      <time>2026-07-20T21:01:15.000Z</time>
      <extensions><gpxtpx:TrackPointExtension><gpxtpx:hr>151</gpxtpx:hr></gpxtpx:TrackPointExtension></extensions>
    </trkpt>
    <trkpt lat="37.566795" lon="127.000857">
      <ele>32.0</ele>
      <time>2026-07-20T21:01:16.000Z</time>
      <extensions><gpxtpx:TrackPointExtension><gpxtpx:hr>150</gpxtpx:hr></gpxtpx:TrackPointExtension></extensions>
    </trkpt>
    <trkpt lat="37.566784" lon="127.000892">
      <ele>32.0</ele>
      <time>2026-07-20T21:01:17.000Z</time>
      <extensions><gpxtpx:TrackPointExtension><gpxtpx:hr>150</gpxtpx:hr></gpxtpx:TrackPointExtension></extensions>
    </trkpt>
    <trkpt lat="37.566767" lon="127.000931">
      <ele>32.0</ele>
      <time>2026-07-20T21:01:18.000Z</time>
      <extensions><gpxtpx:TrackPointExtension><gpxtpx:hr>150</gpxtpx:hr></gpxtpx:TrackPointExtension></extensions>
    </trkpt>
    <trkpt lat="37.566765" lon="127.000959">
      <ele>32.0</ele>
      <time>2026-07-20T21:01:19.000Z</time>
      <extensions><gpxtpx:TrackPointExtension><gpxtpx:hr>150</gpxtpx:hr></gpxtpx:TrackPointExtension></extensions>
    </trkpt>
    <trkpt lat="37.566749" lon="127.001002">
      <ele>32.0</ele>
      <time>2026-07-20T21:01:20.000Z</time>
      <extensions><gpxtpx:TrackPointExtension><gpxtpx:hr>150</gpxtpx:hr></gpxtpx:TrackPointExtension></extensions>
    </trkpt>
    <trkpt lat="37.566743" lon="127.000964">
      <ele>32.0</ele>
      <time>2026-07-20T21:01:21.000Z</time>
      <extensions><gpxtpx:TrackPointExtension><gpxtpx:hr>150</gpxtpx:hr></gpxtpx:TrackPointExtension></extensions>
    </trkpt>
    <trkpt lat="37.566748" lon="127.000930">
      <ele>32.0</ele>
      <time>2026-07-20T21:01:22.000Z</time>
      <extensions><gpxtpx:TrackPointExtension><gpxtpx:hr>149</gpxtpx:hr></gpxtpx:TrackPointExtension></extensions>
    </trkpt>
    <trkpt lat="37.566740" lon="127.000889">
      <ele>32.0</ele>
      <time>2026-07-20T21:01:23.000Z</time>
      <extensions><gpxtpx:TrackPointExtension><gpxtpx:hr>149</gpxtpx:hr></gpxtpx:TrackPointExtension></extensions>
    </trkpt>
    <trkpt lat="37.566741" lon="127.000864">
      <ele>32.0</ele>
      <time>2026-07-20T21:01:24.000Z</time>
      <extensions><gpxtpx:TrackPointExtension><gpxtpx:hr>148</gpxtpx:hr></gpxtpx:TrackPointExtension></extensions>
    </trkpt>
    <trkpt lat="37.566740" lon="127.000819">
      <ele>32.0</ele>
      <time>2026-07-20T21:01:25.000Z</time>
      <extensions><gpxtpx:TrackPointExtension><gpxtpx:hr>148</gpxtpx:hr></gpxtpx:TrackPointExtension></extensions>
    </trkpt>
    <trkpt lat="37.566739" lon="127.000790">
      <ele>32.0</ele>
      <time>2026-07-20T21:01:26.000Z</time>
      <extensions><gpxtpx:TrackPointExtension><gpxtpx:hr>148</gpxtpx:hr></gpxtpx:TrackPointExtension></extensions>
    </trkpt>
    <trkpt lat="37.566739" lon="127.000754">
      <ele>32.0</ele>
      <time>2026-07-20T21:01:27.000Z</time>
      <extensions><gpxtpx:TrackPointExtension><gpxtpx:hr>148</gpxtpx:hr></gpxtpx:TrackPointExtension></extensions>
    </trkpt>
    <trkpt lat="37.566730" lon="127.000713">
      <ele>32.0</ele>
      <time>2026-07-20T21:01:28.000Z</time>
      <extensions><gpxtpx:TrackPointExtension><gpxtpx:hr>147</gpxtpx:hr></gpxtpx:TrackPointExtension></extensions>
    </trkpt>
    <trkpt lat="37.566725" lon="127.000682">
      <ele>32.0</ele>
      <time>2026-07-20T21:01:29.000Z</time>
      <extensions><gpxtpx:TrackPointExtension><gpxtpx:hr>147</gpxtpx:hr></gpxtpx:TrackPointExtension></extensions>
    </trkpt>
    <trkpt lat="37.566725" lon="127.000636">
      <ele>32.0</ele>
      <time>2026-07-20T21:01:30.000Z</time>
      <extensions><gpxtpx:TrackPointExtension><gpxtpx:hr>147</gpxtpx:hr></gpxtpx:TrackPointExtension></extensions>
    </trkpt>
    <trkpt lat="37.566724" lon="127.000598">
      <ele>32.0</ele>
      <time>2026-07-20T21:01:31.000Z</time>
      <extensions><gpxtpx:TrackPointExtension><gpxtpx:hr>147</gpxtpx:hr></gpxtpx:TrackPointExtension></extensions>
    </trkpt>
    <trkpt lat="37.566699" lon="127.000636">
      <ele>32.0</ele>
      <time>2026-07-20T21:01:32.000Z</time>
      <extensions><gpxtpx:TrackPointExtension><gpxtpx:hr>147</gpxtpx:hr></gpxtpx:TrackPointExtension></extensions>
    </trkpt>
    <trkpt lat="37.566679" lon="127.000652">
      <ele>32.0</ele>
      <time>2026-07-20T21:01:33.000Z</time>
      <extensions><gpxtpx:TrackPointExtension><gpxtpx:hr>147</gpxtpx:hr></gpxtpx:TrackPointExtension></extensions>
    </trkpt>
    <trkpt lat="37.566661" lon="127.000677">
      <ele>32.0</ele>
      <time>2026-07-20T21:01:34.000Z</time>
      <extensions><gpxtpx:TrackPointExtension><gpxtpx:hr>146</gpxtpx:hr></gpxtpx:TrackPointExtension></extensions>
    </trkpt>
    <trkpt lat="37.566636" lon="127.000710">
      <ele>32.0</ele>
      <time>2026-07-20T21:01:35.000Z</time>
      <extensions><gpxtpx:TrackPointExtension><gpxtpx:hr>146</gpxtpx:hr></gpxtpx:TrackPointExtension></extensions>
    </trkpt>
    <trkpt lat="37.566617" lon="127.000735">
      <ele>32.0</ele>
      <time>2026-07-20T21:01:36.000Z</time>
      <extensions><gpxtpx:TrackPointExtension><gpxtpx:hr>146</gpxtpx:hr></gpxtpx:TrackPointExtension></extensions>
    </trkpt>
    <trkpt lat="37.566610" lon="127.000734">
      <ele>32.0</ele>
      <time>2026-07-20T21:01:37.000Z</time>
      <extensions><gpxtpx:TrackPointExtension><gpxtpx:hr>146</gpxtpx:hr></gpxtpx:TrackPointExtension></extensions>
    </trkpt>
    <trkpt lat="37.566639" lon="127.000716">
      <ele>32.0</ele>
      <time>2026-07-20T21:01:38.000Z</time>
      <extensions><gpxtpx:TrackPointExtension><gpxtpx:hr>146</gpxtpx:hr></gpxtpx:TrackPointExtension></extensions>
    </trkpt>
    <trkpt lat="37.566677" lon="127.000692">
      <ele>32.0</ele>
      <time>2026-07-20T21:01:39.000Z</time>
      <extensions><gpxtpx:TrackPointExtension><gpxtpx:hr>146</gpxtpx:hr></gpxtpx:TrackPointExtension></extensions>
    </trkpt>
    <trkpt lat="37.566705" lon="127.000679">
      <ele>32.0</ele>
      <time>2026-07-20T21:01:40.000Z</time>
      <extensions><gpxtpx:TrackPointExtension><gpxtpx:hr>146</gpxtpx:hr></gpxtpx:TrackPointExtension></extensions>
    </trkpt>
    <trkpt lat="37.566726" lon="127.000655">
      <ele>32.0</ele>
      <time>2026-07-20T21:01:41.000Z</time>
      <extensions><gpxtpx:TrackPointExtension><gpxtpx:hr>146</gpxtpx:hr></gpxtpx:TrackPointExtension></extensions>
    </trkpt>
    <trkpt lat="37.566754" lon="127.000640">
      <ele>32.0</ele>
      <time>2026-07-20T21:01:42.000Z</time>
      <extensions><gpxtpx:TrackPointExtension><gpxtpx:hr>146</gpxtpx:hr></gpxtpx:TrackPointExtension></extensions>
    </trkpt>
    <trkpt lat="37.566776" lon="127.000625">
      <ele>32.0</ele>
      <time>2026-07-20T21:01:43.000Z</time>
      <extensions><gpxtpx:TrackPointExtension><gpxtpx:hr>146</gpxtpx:hr></gpxtpx:TrackPointExtension></extensions>
    </trkpt>
    <trkpt lat="37.566763" lon="127.000602">
      <ele>32.0</ele>
      <time>2026-07-20T21:01:44.000Z</time>
      <extensions><gpxtpx:TrackPointExtension><gpxtpx:hr>146</gpxtpx:hr></gpxtpx:TrackPointExtension></extensions>
    </trkpt>
    <trkpt lat="37.566763" lon="127.000559">
      <ele>32.0</ele>
      <time>2026-07-20T21:01:45.000Z</time>
      <extensions><gpxtpx:TrackPointExtension><gpxtpx:hr>145</gpxtpx:hr></gpxtpx:TrackPointExtension></extensions>
    </trkpt>
    <trkpt lat="37.566743" lon="127.000535">
      <ele>32.0</ele>
      <time>2026-07-20T21:01:46.000Z</time>
      <extensions><gpxtpx:TrackPointExtension><gpxtpx:hr>145</gpxtpx:hr></gpxtpx:TrackPointExtension></extensions>
    </trkpt>
    <trkpt lat="37.566737" lon="127.000496">
      <ele>32.0</ele>
      <time>2026-07-20T21:01:47.000Z</time>
      <extensions><gpxtpx:TrackPointExtension><gpxtpx:hr>145</gpxtpx:hr></gpxtpx:TrackPointExtension></extensions>
    </trkpt>
    <trkpt lat="37.566731" lon="127.000471">
      <ele>32.0</ele>
      <time>2026-07-20T21:01:48.000Z</time>
      <extensions><gpxtpx:TrackPointExtension><gpxtpx:hr>145</gpxtpx:hr></gpxtpx:TrackPointExtension></extensions>
    </trkpt>
    <trkpt lat="37.566714" lon="127.000430">
      <ele>32.0</ele>
      <time>2026-07-20T21:01:49.000Z</time>
      <extensions><gpxtpx:TrackPointExtension><gpxtpx:hr>145</gpxtpx:hr></gpxtpx:TrackPointExtension></extensions>
    </trkpt>
    <trkpt lat="37.566707" lon="127.000391">
      <ele>32.0</ele>
      <time>2026-07-20T21:01:50.000Z</time>
      <extensions><gpxtpx:TrackPointExtension><gpxtpx:hr>145</gpxtpx:hr></gpxtpx:TrackPointExtension></extensions>
    </trkpt>
    <trkpt lat="37.566696" lon="127.000370">
      <ele>32.0</ele>
      <time>2026-07-20T21:01:51.000Z</time>
      <extensions><gpxtpx:TrackPointExtension><gpxtpx:hr>145</gpxtpx:hr></gpxtpx:TrackPointExtension></extensions>
    </trkpt>
    <trkpt lat="37.566683" lon="127.000339">
      <ele>32.0</ele>
      <time>2026-07-20T21:01:52.000Z</time>
      <extensions><gpxtpx:TrackPointExtension><gpxtpx:hr>144</gpxtpx:hr></gpxtpx:TrackPointExtension></extensions>
    </trkpt>
    <trkpt lat="37.566673" lon="127.000309">
      <ele>32.0</ele>
      <time>2026-07-20T21:01:53.000Z</time>
      <extensions><gpxtpx:TrackPointExtension><gpxtpx:hr>144</gpxtpx:hr></gpxtpx:TrackPointExtension></extensions>
    </trkpt>
    <trkpt lat="37.566678" lon="127.000339">
      <ele>32.0</ele>
      <time>2026-07-20T21:01:54.000Z</time>
      <extensions><gpxtpx:TrackPointExtension><gpxtpx:hr>144</gpxtpx:hr></gpxtpx:TrackPointExtension></extensions>
    </trkpt>
    <trkpt lat="37.566679" lon="127.000378">
      <ele>32.0</ele>
      <time>2026-07-20T21:01:55.000Z</time>
      <extensions><gpxtpx:TrackPointExtension><gpxtpx:hr>144</gpxtpx:hr></gpxtpx:TrackPointExtension></extensions>
    </trkpt>
    <trkpt lat="37.566678" lon="127.000409">
      <ele>32.0</ele>
      <time>2026-07-20T21:01:56.000Z</time>
      <extensions><gpxtpx:TrackPointExtension><gpxtpx:hr>144</gpxtpx:hr></gpxtpx:TrackPointExtension></extensions>
    </trkpt>
    <trkpt lat="37.566676" lon="127.000444">
      <ele>32.0</ele>
      <time>2026-07-20T21:01:57.000Z</time>
      <extensions><gpxtpx:TrackPointExtension><gpxtpx:hr>144</gpxtpx:hr></gpxtpx:TrackPointExtension></extensions>
    </trkpt>
    <trkpt lat="37.566680" lon="127.000480">
      <ele>32.0</ele>
      <time>2026-07-20T21:01:58.000Z</time>
      <extensions><gpxtpx:TrackPointExtension><gpxtpx:hr>143</gpxtpx:hr></gpxtpx:TrackPointExtension></extensions>
    </trkpt>
    <trkpt lat="37.566681" lon="127.000499">
      <ele>32.0</ele>
      <time>2026-07-20T21:01:59.000Z</time>
      <extensions><gpxtpx:TrackPointExtension><gpxtpx:hr>143</gpxtpx:hr></gpxtpx:TrackPointExtension></extensions>
    </trkpt>
    <trkpt lat="37.566682" lon="127.000540">
      <ele>32.0</ele>
      <time>2026-07-20T21:02:00.000Z</time>
      <extensions><gpxtpx:TrackPointExtension><gpxtpx:hr>143</gpxtpx:hr></gpxtpx:TrackPointExtension></extensions>
    </trkpt>
    <trkpt lat="37.566673" lon="127.000581">
      <ele>32.0</ele>
      <time>2026-07-20T21:02:01.000Z</time>
      <extensions><gpxtpx:TrackPointExtension><gpxtpx:hr>143</gpxtpx:hr></gpxtpx:TrackPointExtension></extensions>
    </trkpt>
    <trkpt lat="37.566675" lon="127.000609">
      <ele>32.0</ele>
      <time>2026-07-20T21:02:02.000Z</time>
      <extensions><gpxtpx:TrackPointExtension><gpxtpx:hr>143</gpxtpx:hr></gpxtpx:TrackPointExtension></extensions>
    </trkpt>
    <trkpt lat="37.566682" lon="127.000643">
      <ele>32.0</ele>
      <time>2026-07-20T21:02:03.000Z</time>
      <extensions><gpxtpx:TrackPointExtension><gpxtpx:hr>143</gpxtpx:hr></gpxtpx:TrackPointExtension></extensions>
    </trkpt>
    <trkpt lat="37.566681" lon="127.000679">
      <ele>32.0</ele>
      <time>2026-07-20T21:02:04.000Z</time>
      <extensions><gpxtpx:TrackPointExtension><gpxtpx:hr>143</gpxtpx:hr></gpxtpx:TrackPointExtension></extensions>
    </trkpt>
    <trkpt lat="37.566679" lon="127.000724">
      <ele>32.0</ele>
      <time>2026-07-20T21:02:05.000Z</time>
      <extensions><gpxtpx:TrackPointExtension><gpxtpx:hr>143</gpxtpx:hr></gpxtpx:TrackPointExtension></extensions>
    </trkpt>
    <trkpt lat="37.566679" lon="127.000713">
      <ele>32.0</ele>
      <time>2026-07-20T21:02:06.000Z</time>
      <extensions><gpxtpx:TrackPointExtension><gpxtpx:hr>142</gpxtpx:hr></gpxtpx:TrackPointExtension></extensions>
    </trkpt>
    <trkpt lat="37.566683" lon="127.000710">
      <ele>32.0</ele>
      <time>2026-07-20T21:02:07.000Z</time>
      <extensions><gpxtpx:TrackPointExtension><gpxtpx:hr>141</gpxtpx:hr></gpxtpx:TrackPointExtension></extensions>
    </trkpt>
    <trkpt lat="37.566687" lon="127.000709">
      <ele>32.0</ele>
      <time>2026-07-20T21:02:08.000Z</time>
      <extensions><gpxtpx:TrackPointExtension><gpxtpx:hr>140</gpxtpx:hr></gpxtpx:TrackPointExtension></extensions>
    </trkpt>
    <trkpt lat="37.566691" lon="127.000695">
      <ele>32.0</ele>
      <time>2026-07-20T21:02:09.000Z</time>
      <extensions><gpxtpx:TrackPointExtension><gpxtpx:hr>139</gpxtpx:hr></gpxtpx:TrackPointExtension></extensions>
    </trkpt>
    <trkpt lat="37.566694" lon="127.000707">
      <ele>32.0</ele>
      <time>2026-07-20T21:02:10.000Z</time>
      <extensions><gpxtpx:TrackPointExtension><gpxtpx:hr>138</gpxtpx:hr></gpxtpx:TrackPointExtension></extensions>
    </trkpt>
    <trkpt lat="37.566690" lon="127.000704">
      <ele>32.0</ele>
      <time>2026-07-20T21:02:11.000Z</time>
      <extensions><gpxtpx:TrackPointExtension><gpxtpx:hr>137</gpxtpx:hr></gpxtpx:TrackPointExtension></extensions>
    </trkpt>
    <trkpt lat="37.566693" lon="127.000714">
      <ele>32.0</ele>
      <time>2026-07-20T21:02:12.000Z</time>
      <extensions><gpxtpx:TrackPointExtension><gpxtpx:hr>136</gpxtpx:hr></gpxtpx:TrackPointExtension></extensions>
    </trkpt>
    <trkpt lat="37.566699" lon="127.000708">
      <ele>32.0</ele>
      <time>2026-07-20T21:02:13.000Z</time>
      <extensions><gpxtpx:TrackPointExtension><gpxtpx:hr>135</gpxtpx:hr></gpxtpx:TrackPointExtension></extensions>
    </trkpt>
    <trkpt lat="37.566690" lon="127.000728">
      <ele>32.0</ele>
      <time>2026-07-20T21:02:14.000Z</time>
      <extensions><gpxtpx:TrackPointExtension><gpxtpx:hr>135</gpxtpx:hr></gpxtpx:TrackPointExtension></extensions>
    </trkpt>
    <trkpt lat="37.566697" lon="127.000751">
      <ele>32.0</ele>
      <time>2026-07-20T21:02:15.000Z</time>
      <extensions><gpxtpx:TrackPointExtension><gpxtpx:hr>134</gpxtpx:hr></gpxtpx:TrackPointExtension></extensions>
    </trkpt>
    <trkpt lat="37.566692" lon="127.000765">
      <ele>32.0</ele>
      <time>2026-07-20T21:02:16.000Z</time>
      <extensions><gpxtpx:TrackPointExtension><gpxtpx:hr>134</gpxtpx:hr></gpxtpx:TrackPointExtension></extensions>
    </trkpt>
    <trkpt lat="37.566684" lon="127.000776">
      <ele>32.0</ele>
      <time>2026-07-20T21:02:17.000Z</time>
      <extensions><gpxtpx:TrackPointExtension><gpxtpx:hr>134</gpxtpx:hr></gpxtpx:TrackPointExtension></extensions>
    </trkpt>
    <trkpt lat="37.566692" lon="127.000793">
      <ele>32.0</ele>
      <time>2026-07-20T21:02:18.000Z</time>
      <extensions><gpxtpx:TrackPointExtension><gpxtpx:hr>134</gpxtpx:hr></gpxtpx:TrackPointExtension></extensions>
    </trkpt>
    <trkpt lat="37.566683" lon="127.000827">
      <ele>32.0</ele>
      <time>2026-07-20T21:02:19.000Z</time>
      <extensions><gpxtpx:TrackPointExtension><gpxtpx:hr>133</gpxtpx:hr></gpxtpx:TrackPointExtension></extensions>
    </trkpt>
    <trkpt lat="37.566679" lon="127.000847">
      <ele>32.0</ele>
      <time>2026-07-20T21:02:20.000Z</time>
      <extensions><gpxtpx:TrackPointExtension><gpxtpx:hr>133</gpxtpx:hr></gpxtpx:TrackPointExtension></extensions>
    </trkpt>
    <trkpt lat="37.566687" lon="127.000860">
      <ele>32.0</ele>
      <time>2026-07-20T21:02:21.000Z</time>
      <extensions><gpxtpx:TrackPointExtension><gpxtpx:hr>133</gpxtpx:hr></gpxtpx:TrackPointExtension></extensions>
    </trkpt>
    <trkpt lat="37.566674" lon="127.000884">
      <ele>32.0</ele>
      <time>2026-07-20T21:02:22.000Z</time>
      <extensions><gpxtpx:TrackPointExtension><gpxtpx:hr>133</gpxtpx:hr></gpxtpx:TrackPointExtension></extensions>
    </trkpt>
    <trkpt lat="37.566678" lon="127.000889">
      <ele>32.0</ele>
      <time>2026-07-20T21:02:23.000Z</time>
      <extensions><gpxtpx:TrackPointExtension><gpxtpx:hr>133</gpxtpx:hr></gpxtpx:TrackPointExtension></extensions>
    </trkpt>
    <trkpt lat="37.566679" lon="127.000883">
      <ele>32.0</ele>
      <time>2026-07-20T21:02:24.000Z</time>
      <extensions><gpxtpx:TrackPointExtension><gpxtpx:hr>132</gpxtpx:hr></gpxtpx:TrackPointExtension></extensions>
    </trkpt>
    <trkpt lat="37.566688" lon="127.000867">
      <ele>32.0</ele>
      <time>2026-07-20T21:02:25.000Z</time>
      <extensions><gpxtpx:TrackPointExtension><gpxtpx:hr>132</gpxtpx:hr></gpxtpx:TrackPointExtension></extensions>
    </trkpt>
    <trkpt lat="37.566699" lon="127.000846">
      <ele>32.0</ele>
      <time>2026-07-20T21:02:26.000Z</time>
      <extensions><gpxtpx:TrackPointExtension><gpxtpx:hr>132</gpxtpx:hr></gpxtpx:TrackPointExtension></extensions>
    </trkpt>
    <trkpt lat="37.566705" lon="127.000833">
      <ele>32.0</ele>
      <time>2026-07-20T21:02:27.000Z</time>
      <extensions><gpxtpx:TrackPointExtension><gpxtpx:hr>132</gpxtpx:hr></gpxtpx:TrackPointExtension></extensions>
    </trkpt>
    <trkpt lat="37.566712" lon="127.000833">
      <ele>32.0</ele>
      <time>2026-07-20T21:02:28.000Z</time>
      <extensions><gpxtpx:TrackPointExtension><gpxtpx:hr>131</gpxtpx:hr></gpxtpx:TrackPointExtension></extensions>
    </trkpt>
    <trkpt lat="37.566717" lon="127.000817">
      <ele>32.0</ele>
      <time>2026-07-20T21:02:29.000Z</time>
      <extensions><gpxtpx:TrackPointExtension><gpxtpx:hr>131</gpxtpx:hr></gpxtpx:TrackPointExtension></extensions>
    </trkpt>
    <trkpt lat="37.566714" lon="127.000802">
      <ele>32.0</ele>
      <time>2026-07-20T21:02:30.000Z</time>
      <extensions><gpxtpx:TrackPointExtension><gpxtpx:hr>131</gpxtpx:hr></gpxtpx:TrackPointExtension></extensions>
    </trkpt>
    <trkpt lat="37.566718" lon="127.000790">
      <ele>32.0</ele>
      <time>2026-07-20T21:02:31.000Z</time>
      <extensions><gpxtpx:TrackPointExtension><gpxtpx:hr>131</gpxtpx:hr></gpxtpx:TrackPointExtension></extensions>
    </trkpt>
    <trkpt lat="37.566734" lon="127.000779">
      <ele>32.0</ele>
      <time>2026-07-20T21:02:32.000Z</time>
      <extensions><gpxtpx:TrackPointExtension><gpxtpx:hr>130</gpxtpx:hr></gpxtpx:TrackPointExtension></extensions>
    </trkpt>
    <trkpt lat="37.566741" lon="127.000767">
      <ele>32.0</ele>
      <time>2026-07-20T21:02:33.000Z</time>
      <extensions><gpxtpx:TrackPointExtension><gpxtpx:hr>130</gpxtpx:hr></gpxtpx:TrackPointExtension></extensions>
    </trkpt>
    <trkpt lat="37.566729" lon="127.000743">
      <ele>32.0</ele>
      <time>2026-07-20T21:02:34.000Z</time>
      <extensions><gpxtpx:TrackPointExtension><gpxtpx:hr>130</gpxtpx:hr></gpxtpx:TrackPointExtension></extensions>
    </trkpt>
    <trkpt lat="37.566721" lon="127.000735">
      <ele>32.0</ele>
      <time>2026-07-20T21:02:35.000Z</time>
      <extensions><gpxtpx:TrackPointExtension><gpxtpx:hr>130</gpxtpx:hr></gpxtpx:TrackPointExtension></extensions>
    </trkpt>
    <trkpt lat="37.566723" lon="127.000715">
      <ele>32.0</ele>
      <time>2026-07-20T21:02:36.000Z</time>
      <extensions><gpxtpx:TrackPointExtension><gpxtpx:hr>130</gpxtpx:hr></gpxtpx:TrackPointExtension></extensions>
    </trkpt>
    <trkpt lat="37.566705" lon="127.000702">
      <ele>32.0</ele>
      <time>2026-07-20T21:02:37.000Z</time>
      <extensions><gpxtpx:TrackPointExtension><gpxtpx:hr>130</gpxtpx:hr></gpxtpx:TrackPointExtension></extensions>
    </trkpt>
    <trkpt lat="37.566708" lon="127.000692">
      <ele>32.0</ele>
      <time>2026-07-20T21:02:38.000Z</time>
      <extensions><gpxtpx:TrackPointExtension><gpxtpx:hr>130</gpxtpx:hr></gpxtpx:TrackPointExtension></extensions>
    </trkpt>
    <trkpt lat="37.566697" lon="127.000666">
      <ele>32.0</ele>
      <time>2026-07-20T21:02:39.000Z</time>
      <extensions><gpxtpx:TrackPointExtension><gpxtpx:hr>130</gpxtpx:hr></gpxtpx:TrackPointExtension></extensions>
    </trkpt>
    <trkpt lat="37.566687" lon="127.000652">
      <ele>32.0</ele>
      <time>2026-07-20T21:02:40.000Z</time>
      <extensions><gpxtpx:TrackPointExtension><gpxtpx:hr>130</gpxtpx:hr></gpxtpx:TrackPointExtension></extensions>
    </trkpt>
    <trkpt lat="37.566692" lon="127.000643">
      <ele>32.0</ele>
      <time>2026-07-20T21:02:41.000Z</time>
      <extensions><gpxtpx:TrackPointExtension><gpxtpx:hr>129</gpxtpx:hr></gpxtpx:TrackPointExtension></extensions>
    </trkpt>
    <trkpt lat="37.566695" lon="127.000640">
      <ele>32.0</ele>
      <time>2026-07-20T21:02:42.000Z</time>
      <extensions><gpxtpx:TrackPointExtension><gpxtpx:hr>129</gpxtpx:hr></gpxtpx:TrackPointExtension></extensions>
    </trkpt>
    <trkpt lat="37.566698" lon="127.000638">
      <ele>32.0</ele>
      <time>2026-07-20T21:02:43.000Z</time>
      <extensions><gpxtpx:TrackPointExtension><gpxtpx:hr>129</gpxtpx:hr></gpxtpx:TrackPointExtension></extensions>
    </trkpt>
    <trkpt lat="37.566700" lon="127.000642">
      <ele>32.0</ele>
      <time>2026-07-20T21:02:44.000Z</time>
      <extensions><gpxtpx:TrackPointExtension><gpxtpx:hr>128</gpxtpx:hr></gpxtpx:TrackPointExtension></extensions>
    </trkpt>
    <trkpt lat="37.566702" lon="127.000641">
      <ele>32.0</ele>
      <time>2026-07-20T21:02:45.000Z</time>
      <extensions><gpxtpx:TrackPointExtension><gpxtpx:hr>128</gpxtpx:hr></gpxtpx:TrackPointExtension></extensions>
    </trkpt>
    <trkpt lat="37.566706" lon="127.000628">
      <ele>32.0</ele>
      <time>2026-07-20T21:02:46.000Z</time>
      <extensions><gpxtpx:TrackPointExtension><gpxtpx:hr>127</gpxtpx:hr></gpxtpx:TrackPointExtension></extensions>
    </trkpt>
    <trkpt lat="37.566701" lon="127.000637">
      <ele>32.0</ele>
      <time>2026-07-20T21:02:47.000Z</time>
      <extensions><gpxtpx:TrackPointExtension><gpxtpx:hr>127</gpxtpx:hr></gpxtpx:TrackPointExtension></extensions>
    </trkpt>
    <trkpt lat="37.566668" lon="127.000654">
      <ele>32.0</ele>
      <time>2026-07-20T21:02:48.000Z</time>
      <extensions><gpxtpx:TrackPointExtension><gpxtpx:hr>128</gpxtpx:hr></gpxtpx:TrackPointExtension></extensions>
    </trkpt>
    <trkpt lat="37.566629" lon="127.000689">
      <ele>32.0</ele>
      <time>2026-07-20T21:02:49.000Z</time>
      <extensions><gpxtpx:TrackPointExtension><gpxtpx:hr>129</gpxtpx:hr></gpxtpx:TrackPointExtension></extensions>
    </trkpt>
    <trkpt lat="37.566589" lon="127.000710">
      <ele>32.0</ele>
      <time>2026-07-20T21:02:50.000Z</time>
      <extensions><gpxtpx:TrackPointExtension><gpxtpx:hr>131</gpxtpx:hr></gpxtpx:TrackPointExtension></extensions>
    </trkpt>
    <trkpt lat="37.566551" lon="127.000731">
      <ele>32.0</ele>
      <time>2026-07-20T21:02:51.000Z</time>
      <extensions><gpxtpx:TrackPointExtension><gpxtpx:hr>132</gpxtpx:hr></gpxtpx:TrackPointExtension></extensions>
    </trkpt>
    <trkpt lat="37.566593" lon="127.000708">
      <ele>32.0</ele>
      <time>2026-07-20T21:02:52.000Z</time>
      <extensions><gpxtpx:TrackPointExtension><gpxtpx:hr>134</gpxtpx:hr></gpxtpx:TrackPointExtension></extensions>
    </trkpt>
    <trkpt lat="37.566550" lon="127.000733">
      <ele>32.0</ele>
      <time>2026-07-20T21:02:53.000Z</time>
      <extensions><gpxtpx:TrackPointExtension><gpxtpx:hr>135</gpxtpx:hr></gpxtpx:TrackPointExtension></extensions>
    </trkpt>
    <trkpt lat="37.566596" lon="127.000699">
      <ele>32.0</ele>
      <time>2026-07-20T21:02:54.000Z</time>
      <extensions><gpxtpx:TrackPointExtension><gpxtpx:hr>136</gpxtpx:hr></gpxtpx:TrackPointExtension></extensions>
    </trkpt>
    <trkpt lat="37.566637" lon="127.000712">
      <ele>32.0</ele>
      <time>2026-07-20T21:02:55.000Z</time>
      <extensions><gpxtpx:TrackPointExtension><gpxtpx:hr>137</gpxtpx:hr></gpxtpx:TrackPointExtension></extensions>
    </trkpt>
    <trkpt lat="37.566678" lon="127.000733">
      <ele>32.0</ele>
      <time>2026-07-20T21:02:56.000Z</time>
      <extensions><gpxtpx:TrackPointExtension><gpxtpx:hr>138</gpxtpx:hr></gpxtpx:TrackPointExtension></extensions>
    </trkpt>
    <trkpt lat="37.566711" lon="127.000741">
      <ele>32.0</ele>
      <time>2026-07-20T21:02:57.000Z</time>
      <extensions><gpxtpx:TrackPointExtension><gpxtpx:hr>138</gpxtpx:hr></gpxtpx:TrackPointExtension></extensions>
    </trkpt>
    <trkpt lat="37.566733" lon="127.000733">
      <ele>32.0</ele>
      <time>2026-07-20T21:02:58.000Z</time>
      <extensions><gpxtpx:TrackPointExtension><gpxtpx:hr>139</gpxtpx:hr></gpxtpx:TrackPointExtension></extensions>
    </trkpt>
    <trkpt lat="37.566768" lon="127.000744">
      <ele>32.0</ele>
      <time>2026-07-20T21:02:59.000Z</time>
      <extensions><gpxtpx:TrackPointExtension><gpxtpx:hr>139</gpxtpx:hr></gpxtpx:TrackPointExtension></extensions>
    </trkpt>
    <trkpt lat="37.566760" lon="127.000808">
      <ele>32.0</ele>
      <time>2026-07-20T21:03:00.000Z</time>
      <extensions><gpxtpx:TrackPointExtension><gpxtpx:hr>140</gpxtpx:hr></gpxtpx:TrackPointExtension></extensions>
    </trkpt>
    <trkpt lat="37.566746" lon="127.000870">
      <ele>32.0</ele>
      <time>2026-07-20T21:03:01.000Z</time>
      <extensions><gpxtpx:TrackPointExtension><gpxtpx:hr>141</gpxtpx:hr></gpxtpx:TrackPointExtension></extensions>
    </trkpt>
    <trkpt lat="37.566725" lon="127.000921">
      <ele>32.0</ele>
      <time>2026-07-20T21:03:02.000Z</time>
      <extensions><gpxtpx:TrackPointExtension><gpxtpx:hr>142</gpxtpx:hr></gpxtpx:TrackPointExtension></extensions>
    </trkpt>
    <trkpt lat="37.566712" lon="127.000973">
      <ele>32.0</ele>
      <time>2026-07-20T21:03:03.000Z</time>
      <extensions><gpxtpx:TrackPointExtension><gpxtpx:hr>143</gpxtpx:hr></gpxtpx:TrackPointExtension></extensions>
    </trkpt>
    <trkpt lat="37.566700" lon="127.001044">
      <ele>32.0</ele>
      <time>2026-07-20T21:03:04.000Z</time>
      <extensions><gpxtpx:TrackPointExtension><gpxtpx:hr>144</gpxtpx:hr></gpxtpx:TrackPointExtension></extensions>
    </trkpt>
    <trkpt lat="37.566689" lon="127.001085">
      <ele>32.0</ele>
      <time>2026-07-20T21:03:05.000Z</time>
      <extensions><gpxtpx:TrackPointExtension><gpxtpx:hr>145</gpxtpx:hr></gpxtpx:TrackPointExtension></extensions>
    </trkpt>
    <trkpt lat="37.566676" lon="127.001061">
      <ele>32.0</ele>
      <time>2026-07-20T21:03:06.000Z</time>
      <extensions><gpxtpx:TrackPointExtension><gpxtpx:hr>145</gpxtpx:hr></gpxtpx:TrackPointExtension></extensions>
    </trkpt>
    <trkpt lat="37.566677" lon="127.001019">
      <ele>32.0</ele>
      <time>2026-07-20T21:03:07.000Z</time>
      <extensions><gpxtpx:TrackPointExtension><gpxtpx:hr>144</gpxtpx:hr></gpxtpx:TrackPointExtension></extensions>
    </trkpt>
    <trkpt lat="37.566675" lon="127.000994">
      <ele>32.0</ele>
      <time>2026-07-20T21:03:08.000Z</time>
      <extensions><gpxtpx:TrackPointExtension><gpxtpx:hr>144</gpxtpx:hr></gpxtpx:TrackPointExtension></extensions>
    </trkpt>
    <trkpt lat="37.566665" lon="127.000971">
      <ele>32.0</ele>
      <time>2026-07-20T21:03:09.000Z</time>
      <extensions><gpxtpx:TrackPointExtension><gpxtpx:hr>143</gpxtpx:hr></gpxtpx:TrackPointExtension></extensions>
    </trkpt>
    <trkpt lat="37.566661" lon="127.000966">
      <ele>32.0</ele>
      <time>2026-07-20T21:03:10.000Z</time>
      <extensions><gpxtpx:TrackPointExtension><gpxtpx:hr>143</gpxtpx:hr></gpxtpx:TrackPointExtension></extensions>
    </trkpt>
    <trkpt lat="37.566662" lon="127.000948">
      <ele>32.0</ele>
      <time>2026-07-20T21:03:11.000Z</time>
      <extensions><gpxtpx:TrackPointExtension><gpxtpx:hr>142</gpxtpx:hr></gpxtpx:TrackPointExtension></extensions>
    </trkpt>
    <trkpt lat="37.566655" lon="127.000919">
      <ele>32.0</ele>
      <time>2026-07-20T21:03:12.000Z</time>
      <extensions><gpxtpx:TrackPointExtension><gpxtpx:hr>141</gpxtpx:hr></gpxtpx:TrackPointExtension></extensions>
    </trkpt>
    <trkpt lat="37.566651" lon="127.000900">
      <ele>32.0</ele>
      <time>2026-07-20T21:03:13.000Z</time>
      <extensions><gpxtpx:TrackPointExtension><gpxtpx:hr>141</gpxtpx:hr></gpxtpx:TrackPointExtension></extensions>
    </trkpt>
    <trkpt lat="37.566651" lon="127.000876">
      <ele>32.0</ele>
      <time>2026-07-20T21:03:14.000Z</time>
      <extensions><gpxtpx:TrackPointExtension><gpxtpx:hr>140</gpxtpx:hr></gpxtpx:TrackPointExtension></extensions>
    </trkpt>
    <trkpt lat="37.566656" lon="127.000843">
      <ele>32.0</ele>
      <time>2026-07-20T21:03:15.000Z</time>
      <extensions><gpxtpx:TrackPointExtension><gpxtpx:hr>140</gpxtpx:hr></gpxtpx:TrackPointExtension></extensions>
    </trkpt>
    <trkpt lat="37.566662" lon="127.000819">
      <ele>32.0</ele>
      <time>2026-07-20T21:03:16.000Z</time>
      <extensions><gpxtpx:TrackPointExtension><gpxtpx:hr>140</gpxtpx:hr></gpxtpx:TrackPointExtension></extensions>
    </trkpt>
    <trkpt lat="37.566676" lon="127.000783">
      <ele>32.0</ele>
      <time>2026-07-20T21:03:17.000Z</time>
      <extensions><gpxtpx:TrackPointExtension><gpxtpx:hr>140</gpxtpx:hr></gpxtpx:TrackPointExtension></extensions>
    </trkpt>
    <trkpt lat="37.566677" lon="127.000752">
      <ele>32.0</ele>
      <time>2026-07-20T21:03:18.000Z</time>
      <extensions><gpxtpx:TrackPointExtension><gpxtpx:hr>140</gpxtpx:hr></gpxtpx:TrackPointExtension></extensions>
    </trkpt>
    <trkpt lat="37.566679" lon="127.000720">
      <ele>32.0</ele>
      <time>2026-07-20T21:03:19.000Z</time>
      <extensions><gpxtpx:TrackPointExtension><gpxtpx:hr>140</gpxtpx:hr></gpxtpx:TrackPointExtension></extensions>
    </trkpt>
    <trkpt lat="37.566691" lon="127.000677">
      <ele>32.0</ele>
      <time>2026-07-20T21:03:20.000Z</time>
      <extensions><gpxtpx:TrackPointExtension><gpxtpx:hr>141</gpxtpx:hr></gpxtpx:TrackPointExtension></extensions>
    </trkpt>
    <trkpt lat="37.566713" lon="127.000659">
      <ele>32.0</ele>
      <time>2026-07-20T21:03:21.000Z</time>
      <extensions><gpxtpx:TrackPointExtension><gpxtpx:hr>141</gpxtpx:hr></gpxtpx:TrackPointExtension></extensions>
    </trkpt>
    <trkpt lat="37.566727" lon="127.000630">
      <ele>32.0</ele>
      <time>2026-07-20T21:03:22.000Z</time>
      <extensions><gpxtpx:TrackPointExtension><gpxtpx:hr>141</gpxtpx:hr></gpxtpx:TrackPointExtension></extensions>
    </trkpt>
    <trkpt lat="37.566748" lon="127.000608">
      <ele>32.0</ele>
      <time>2026-07-20T21:03:23.000Z</time>
      <extensions><gpxtpx:TrackPointExtension><gpxtpx:hr>141</gpxtpx:hr></gpxtpx:TrackPointExtension></extensions>
    </trkpt>
    <trkpt lat="37.566780" lon="127.000590">
      <ele>32.0</ele>
      <time>2026-07-20T21:03:24.000Z</time>
      <extensions><gpxtpx:TrackPointExtension><gpxtpx:hr>141</gpxtpx:hr></gpxtpx:TrackPointExtension></extensions>
    </trkpt>
    <trkpt lat="37.566802" lon="127.000565">
      <ele>32.0</ele>
      <time>2026-07-20T21:03:25.000Z</time>
      <extensions><gpxtpx:TrackPointExtension><gpxtpx:hr>141</gpxtpx:hr></gpxtpx:TrackPointExtension></extensions>
    </trkpt>
    <trkpt lat="37.566817" lon="127.000533">
      <ele>32.0</ele>
      <time>2026-07-20T21:03:26.000Z</time>
      <extensions><gpxtpx:TrackPointExtension><gpxtpx:hr>141</gpxtpx:hr></gpxtpx:TrackPointExtension></extensions>
    </trkpt>
    <trkpt lat="37.566844" lon="127.000511">
      <ele>32.0</ele>
      <time>2026-07-20T21:03:27.000Z</time>
      <extensions><gpxtpx:TrackPointExtension><gpxtpx:hr>141</gpxtpx:hr></gpxtpx:TrackPointExtension></extensions>
    </trkpt>
    <trkpt lat="37.566864" lon="127.000490">
      <ele>32.0</ele>
      <time>2026-07-20T21:03:28.000Z</time>
      <extensions><gpxtpx:TrackPointExtension><gpxtpx:hr>141</gpxtpx:hr></gpxtpx:TrackPointExtension></extensions>
    </trkpt>
    <trkpt lat="37.566885" lon="127.000476">
      <ele>32.0</ele>
      <time>2026-07-20T21:03:29.000Z</time>
      <extensions><gpxtpx:TrackPointExtension><gpxtpx:hr>141</gpxtpx:hr></gpxtpx:TrackPointExtension></extensions>
    </trkpt>
    <trkpt lat="37.566903" lon="127.000454">
      <ele>32.0</ele>
      <time>2026-07-20T21:03:30.000Z</time>
      <extensions><gpxtpx:TrackPointExtension><gpxtpx:hr>141</gpxtpx:hr></gpxtpx:TrackPointExtension></extensions>
    </trkpt>
    <trkpt lat="37.566919" lon="127.000429">
      <ele>32.0</ele>
      <time>2026-07-20T21:03:31.000Z</time>
      <extensions><gpxtpx:TrackPointExtension><gpxtpx:hr>141</gpxtpx:hr></gpxtpx:TrackPointExtension></extensions>
    </trkpt>
    <trkpt lat="37.566939" lon="127.000414">
      <ele>32.0</ele>
      <time>2026-07-20T21:03:32.000Z</time>
      <extensions><gpxtpx:TrackPointExtension><gpxtpx:hr>141</gpxtpx:hr></gpxtpx:TrackPointExtension></extensions>
    </trkpt>
    <trkpt lat="37.566906" lon="127.000431">
      <ele>32.0</ele>
      <time>2026-07-20T21:03:33.000Z</time>
      <extensions><gpxtpx:TrackPointExtension><gpxtpx:hr>142</gpxtpx:hr></gpxtpx:TrackPointExtension></extensions>
    </trkpt>
    <trkpt lat="37.566853" lon="127.000436">
      <ele>32.0</ele>
      <time>2026-07-20T21:03:34.000Z</time>
      <extensions><gpxtpx:TrackPointExtension><gpxtpx:hr>143</gpxtpx:hr></gpxtpx:TrackPointExtension></extensions>
    </trkpt>
    <trkpt lat="37.566812" lon="127.000458">
      <ele>32.0</ele>
      <time>2026-07-20T21:03:35.000Z</time>
      <extensions><gpxtpx:TrackPointExtension><gpxtpx:hr>144</gpxtpx:hr></gpxtpx:TrackPointExtension></extensions>
    </trkpt>
    <trkpt lat="37.566767" lon="127.000478">
      <ele>32.0</ele>
      <time>2026-07-20T21:03:36.000Z</time>
      <extensions><gpxtpx:TrackPointExtension><gpxtpx:hr>145</gpxtpx:hr></gpxtpx:TrackPointExtension></extensions>
    </trkpt>
    <trkpt lat="37.566728" lon="127.000501">
      <ele>32.0</ele>
      <time>2026-07-20T21:03:37.000Z</time>
      <extensions><gpxtpx:TrackPointExtension><gpxtpx:hr>146</gpxtpx:hr></gpxtpx:TrackPointExtension></extensions>
    </trkpt>
    <trkpt lat="37.566685" lon="127.000521">
      <ele>32.0</ele>
      <time>2026-07-20T21:03:38.000Z</time>
      <extensions><gpxtpx:TrackPointExtension><gpxtpx:hr>146</gpxtpx:hr></gpxtpx:TrackPointExtension></extensions>
    </trkpt>
    <trkpt lat="37.566648" lon="127.000545">
      <ele>32.0</ele>
      <time>2026-07-20T21:03:39.000Z</time>
      <extensions><gpxtpx:TrackPointExtension><gpxtpx:hr>147</gpxtpx:hr></gpxtpx:TrackPointExtension></extensions>
    </trkpt>
    <trkpt lat="37.566678" lon="127.000587">
      <ele>32.0</ele>
      <time>2026-07-20T21:03:40.000Z</time>
      <extensions><gpxtpx:TrackPointExtension><gpxtpx:hr>148</gpxtpx:hr></gpxtpx:TrackPointExtension></extensions>
    </trkpt>
    <trkpt lat="37.566706" lon="127.000627">
      <ele>32.0</ele>
      <time>2026-07-20T21:03:41.000Z</time>
      <extensions><gpxtpx:TrackPointExtension><gpxtpx:hr>148</gpxtpx:hr></gpxtpx:TrackPointExtension></extensions>
    </trkpt>
    <trkpt lat="37.566726" lon="127.000671">
      <ele>32.0</ele>
      <time>2026-07-20T21:03:42.000Z</time>
      <extensions><gpxtpx:TrackPointExtension><gpxtpx:hr>148</gpxtpx:hr></gpxtpx:TrackPointExtension></extensions>
    </trkpt>
    <trkpt lat="37.566754" lon="127.000720">
      <ele>32.0</ele>
      <time>2026-07-20T21:03:43.000Z</time>
      <extensions><gpxtpx:TrackPointExtension><gpxtpx:hr>149</gpxtpx:hr></gpxtpx:TrackPointExtension></extensions>
    </trkpt>
    <trkpt lat="37.566790" lon="127.000770">
      <ele>32.0</ele>
      <time>2026-07-20T21:03:44.000Z</time>
      <extensions><gpxtpx:TrackPointExtension><gpxtpx:hr>150</gpxtpx:hr></gpxtpx:TrackPointExtension></extensions>
    </trkpt>
    <trkpt lat="37.566820" lon="127.000817">
      <ele>32.0</ele>
      <time>2026-07-20T21:03:45.000Z</time>
      <extensions><gpxtpx:TrackPointExtension><gpxtpx:hr>150</gpxtpx:hr></gpxtpx:TrackPointExtension></extensions>
    </trkpt>
    <trkpt lat="37.566846" lon="127.000868">
      <ele>32.0</ele>
      <time>2026-07-20T21:03:46.000Z</time>
      <extensions><gpxtpx:TrackPointExtension><gpxtpx:hr>151</gpxtpx:hr></gpxtpx:TrackPointExtension></extensions>
    </trkpt>
    <trkpt lat="37.566871" lon="127.000909">
      <ele>32.0</ele>
      <time>2026-07-20T21:03:47.000Z</time>
      <extensions><gpxtpx:TrackPointExtension><gpxtpx:hr>151</gpxtpx:hr></gpxtpx:TrackPointExtension></extensions>
    </trkpt>
    <trkpt lat="37.566892" lon="127.000949">
      <ele>32.0</ele>
      <time>2026-07-20T21:03:48.000Z</time>
      <extensions><gpxtpx:TrackPointExtension><gpxtpx:hr>151</gpxtpx:hr></gpxtpx:TrackPointExtension></extensions>
    </trkpt>
    <trkpt lat="37.566871" lon="127.000907">
      <ele>32.0</ele>
      <time>2026-07-20T21:03:49.000Z</time>
      <extensions><gpxtpx:TrackPointExtension><gpxtpx:hr>151</gpxtpx:hr></gpxtpx:TrackPointExtension></extensions>
    </trkpt>
    <trkpt lat="37.566895" lon="127.000948">
      <ele>32.0</ele>
      <time>2026-07-20T21:03:50.000Z</time>
      <extensions><gpxtpx:TrackPointExtension><gpxtpx:hr>151</gpxtpx:hr></gpxtpx:TrackPointExtension></extensions>
    </trkpt>
    <trkpt lat="37.566874" lon="127.000909">
      <ele>32.0</ele>
      <time>2026-07-20T21:03:51.000Z</time>
      <extensions><gpxtpx:TrackPointExtension><gpxtpx:hr>150</gpxtpx:hr></gpxtpx:TrackPointExtension></extensions>
    </trkpt>
    <trkpt lat="37.566882" lon="127.000934">
      <ele>32.0</ele>
      <time>2026-07-20T21:03:52.000Z</time>
      <extensions><gpxtpx:TrackPointExtension><gpxtpx:hr>150</gpxtpx:hr></gpxtpx:TrackPointExtension></extensions>
    </trkpt>
    <trkpt lat="37.566873" lon="127.000913">
      <ele>32.0</ele>
      <time>2026-07-20T21:03:53.000Z</time>
      <extensions><gpxtpx:TrackPointExtension><gpxtpx:hr>150</gpxtpx:hr></gpxtpx:TrackPointExtension></extensions>
    </trkpt>
    <trkpt lat="37.566859" lon="127.000876">
      <ele>32.0</ele>
      <time>2026-07-20T21:03:54.000Z</time>
      <extensions><gpxtpx:TrackPointExtension><gpxtpx:hr>149</gpxtpx:hr></gpxtpx:TrackPointExtension></extensions>
    </trkpt>
    <trkpt lat="37.566839" lon="127.000848">
      <ele>32.0</ele>
      <time>2026-07-20T21:03:55.000Z</time>
      <extensions><gpxtpx:TrackPointExtension><gpxtpx:hr>149</gpxtpx:hr></gpxtpx:TrackPointExtension></extensions>
    </trkpt>
    <trkpt lat="37.566828" lon="127.000830">
      <ele>32.0</ele>
      <time>2026-07-20T21:03:56.000Z</time>
      <extensions><gpxtpx:TrackPointExtension><gpxtpx:hr>149</gpxtpx:hr></gpxtpx:TrackPointExtension></extensions>
    </trkpt>
    <trkpt lat="37.566815" lon="127.000798">
      <ele>32.0</ele>
      <time>2026-07-20T21:03:57.000Z</time>
      <extensions><gpxtpx:TrackPointExtension><gpxtpx:hr>148</gpxtpx:hr></gpxtpx:TrackPointExtension></extensions>
    </trkpt>
    <trkpt lat="37.566797" lon="127.000761">
      <ele>32.0</ele>
      <time>2026-07-20T21:03:58.000Z</time>
      <extensions><gpxtpx:TrackPointExtension><gpxtpx:hr>148</gpxtpx:hr></gpxtpx:TrackPointExtension></extensions>
    </trkpt>
    <trkpt lat="37.566777" lon="127.000737">
      <ele>32.0</ele>
      <time>2026-07-20T21:03:59.000Z</time>
      <extensions><gpxtpx:TrackPointExtension><gpxtpx:hr>148</gpxtpx:hr></gpxtpx:TrackPointExtension></extensions>
    </trkpt>
    <trkpt lat="37.566812" lon="127.000771">
      <ele>32.0</ele>
      <time>2026-07-20T21:04:00.000Z</time>
      <extensions><gpxtpx:TrackPointExtension><gpxtpx:hr>148</gpxtpx:hr></gpxtpx:TrackPointExtension></extensions>
    </trkpt>
    <trkpt lat="37.566834" lon="127.000808">
      <ele>32.0</ele>
      <time>2026-07-20T21:04:01.000Z</time>
      <extensions><gpxtpx:TrackPointExtension><gpxtpx:hr>149</gpxtpx:hr></gpxtpx:TrackPointExtension></extensions>
    </trkpt>
    <trkpt lat="37.566872" lon="127.000866">
      <ele>32.0</ele>
      <time>2026-07-20T21:04:02.000Z</time>
      <extensions><gpxtpx:TrackPointExtension><gpxtpx:hr>149</gpxtpx:hr></gpxtpx:TrackPointExtension></extensions>
    </trkpt>
    <trkpt lat="37.566910" lon="127.000907">
      <ele>32.0</ele>
      <time>2026-07-20T21:04:03.000Z</time>
      <extensions><gpxtpx:TrackPointExtension><gpxtpx:hr>150</gpxtpx:hr></gpxtpx:TrackPointExtension></extensions>
    </trkpt>
    <trkpt lat="37.566944" lon="127.000947">
      <ele>32.0</ele>
      <time>2026-07-20T21:04:04.000Z</time>
      <extensions><gpxtpx:TrackPointExtension><gpxtpx:hr>150</gpxtpx:hr></gpxtpx:TrackPointExtension></extensions>
    </trkpt>
    <trkpt lat="37.566901" lon="127.000910">
      <ele>32.0</ele>
      <time>2026-07-20T21:04:05.000Z</time>
      <extensions><gpxtpx:TrackPointExtension><gpxtpx:hr>151</gpxtpx:hr></gpxtpx:TrackPointExtension></extensions>
    </trkpt>
    <trkpt lat="37.566943" lon="127.000950">
      <ele>32.0</ele>
      <time>2026-07-20T21:04:06.000Z</time>
      <extensions><gpxtpx:TrackPointExtension><gpxtpx:hr>151</gpxtpx:hr></gpxtpx:TrackPointExtension></extensions>
    </trkpt>
    <trkpt lat="37.566914" lon="127.000899">
      <ele>32.0</ele>
      <time>2026-07-20T21:04:07.000Z</time>
      <extensions><gpxtpx:TrackPointExtension><gpxtpx:hr>152</gpxtpx:hr></gpxtpx:TrackPointExtension></extensions>
    </trkpt>
    <trkpt lat="37.566904" lon="127.000840">
      <ele>32.0</ele>
      <time>2026-07-20T21:04:08.000Z</time>
      <extensions><gpxtpx:TrackPointExtension><gpxtpx:hr>153</gpxtpx:hr></gpxtpx:TrackPointExtension></extensions>
    </trkpt>
    <trkpt lat="37.566873" lon="127.000771">
      <ele>32.0</ele>
      <time>2026-07-20T21:04:09.000Z</time>
      <extensions><gpxtpx:TrackPointExtension><gpxtpx:hr>153</gpxtpx:hr></gpxtpx:TrackPointExtension></extensions>
    </trkpt>
    <trkpt lat="37.566856" lon="127.000719">
      <ele>32.0</ele>
      <time>2026-07-20T21:04:10.000Z</time>
      <extensions><gpxtpx:TrackPointExtension><gpxtpx:hr>154</gpxtpx:hr></gpxtpx:TrackPointExtension></extensions>
    </trkpt>
    <trkpt lat="37.566837" lon="127.000665">
      <ele>32.0</ele>
      <time>2026-07-20T21:04:11.000Z</time>
      <extensions><gpxtpx:TrackPointExtension><gpxtpx:hr>154</gpxtpx:hr></gpxtpx:TrackPointExtension></extensions>
    </trkpt>
    <trkpt lat="37.566807" lon="127.000592">
      <ele>32.0</ele>
      <time>2026-07-20T21:04:12.000Z</time>
      <extensions><gpxtpx:TrackPointExtension><gpxtpx:hr>155</gpxtpx:hr></gpxtpx:TrackPointExtension></extensions>
    </trkpt>
    <trkpt lat="37.566813" lon="127.000642">
      <ele>32.0</ele>
      <time>2026-07-20T21:04:13.000Z</time>
      <extensions><gpxtpx:TrackPointExtension><gpxtpx:hr>155</gpxtpx:hr></gpxtpx:TrackPointExtension></extensions>
    </trkpt>
    <trkpt lat="37.566825" lon="127.000686">
      <ele>32.0</ele>
      <time>2026-07-20T21:04:14.000Z</time>
      <extensions><gpxtpx:TrackPointExtension><gpxtpx:hr>154</gpxtpx:hr></gpxtpx:TrackPointExtension></extensions>
    </trkpt>
    <trkpt lat="37.566818" lon="127.000707">
      <ele>32.0</ele>
      <time>2026-07-20T21:04:15.000Z</time>
      <extensions><gpxtpx:TrackPointExtension><gpxtpx:hr>153</gpxtpx:hr></gpxtpx:TrackPointExtension></extensions>
    </trkpt>
    <trkpt lat="37.566824" lon="127.000724">
      <ele>32.0</ele>
      <time>2026-07-20T21:04:16.000Z</time>
      <extensions><gpxtpx:TrackPointExtension><gpxtpx:hr>152</gpxtpx:hr></gpxtpx:TrackPointExtension></extensions>
    </trkpt>
    <trkpt lat="37.566829" lon="127.000699">
      <ele>32.0</ele>
      <time>2026-07-20T21:04:17.000Z</time>
      <extensions><gpxtpx:TrackPointExtension><gpxtpx:hr>151</gpxtpx:hr></gpxtpx:TrackPointExtension></extensions>
    </trkpt>
    <trkpt lat="37.566837" lon="127.000669">
      <ele>32.0</ele>
      <time>2026-07-20T21:04:18.000Z</time>
      <extensions><gpxtpx:TrackPointExtension><gpxtpx:hr>150</gpxtpx:hr></gpxtpx:TrackPointExtension></extensions>
    </trkpt>
    <trkpt lat="37.566855" lon="127.000644">
      <ele>32.0</ele>
      <time>2026-07-20T21:04:19.000Z</time>
      <extensions><gpxtpx:TrackPointExtension><gpxtpx:hr>150</gpxtpx:hr></gpxtpx:TrackPointExtension></extensions>
    </trkpt>
    <trkpt lat="37.566869" lon="127.000599">
      <ele>32.0</ele>
      <time>2026-07-20T21:04:20.000Z</time>
      <extensions><gpxtpx:TrackPointExtension><gpxtpx:hr>150</gpxtpx:hr></gpxtpx:TrackPointExtension></extensions>
    </trkpt>
    <trkpt lat="37.566869" lon="127.000574">
      <ele>32.0</ele>
      <time>2026-07-20T21:04:21.000Z</time>
      <extensions><gpxtpx:TrackPointExtension><gpxtpx:hr>149</gpxtpx:hr></gpxtpx:TrackPointExtension></extensions>
    </trkpt>
    <trkpt lat="37.566891" lon="127.000545">
      <ele>32.0</ele>
      <time>2026-07-20T21:04:22.000Z</time>
      <extensions><gpxtpx:TrackPointExtension><gpxtpx:hr>149</gpxtpx:hr></gpxtpx:TrackPointExtension></extensions>
    </trkpt>
    <trkpt lat="37.566893" lon="127.000514">
      <ele>32.0</ele>
      <time>2026-07-20T21:04:23.000Z</time>
      <extensions><gpxtpx:TrackPointExtension><gpxtpx:hr>149</gpxtpx:hr></gpxtpx:TrackPointExtension></extensions>
    </trkpt>
    <trkpt lat="37.566904" lon="127.000467">
      <ele>32.0</ele>
      <time>2026-07-20T21:04:24.000Z</time>
      <extensions><gpxtpx:TrackPointExtension><gpxtpx:hr>148</gpxtpx:hr></gpxtpx:TrackPointExtension></extensions>
    </trkpt>
    <trkpt lat="37.566920" lon="127.000452">
      <ele>32.0</ele>
      <time>2026-07-20T21:04:25.000Z</time>
      <extensions><gpxtpx:TrackPointExtension><gpxtpx:hr>148</gpxtpx:hr></gpxtpx:TrackPointExtension></extensions>
    </trkpt>
    <trkpt lat="37.566934" lon="127.000407">
      <ele>32.0</ele>
      <time>2026-07-20T21:04:26.000Z</time>
      <extensions><gpxtpx:TrackPointExtension><gpxtpx:hr>148</gpxtpx:hr></gpxtpx:TrackPointExtension></extensions>
    </trkpt>
    <trkpt lat="37.566920" lon="127.000444">
      <ele>32.0</ele>
      <time>2026-07-20T21:04:27.000Z</time>
      <extensions><gpxtpx:TrackPointExtension><gpxtpx:hr>148</gpxtpx:hr></gpxtpx:TrackPointExtension></extensions>
    </trkpt>
    <trkpt lat="37.566926" lon="127.000421">
      <ele>32.0</ele>
      <time>2026-07-20T21:04:28.000Z</time>
      <extensions><gpxtpx:TrackPointExtension><gpxtpx:hr>147</gpxtpx:hr></gpxtpx:TrackPointExtension></extensions>
    </trkpt>
    <trkpt lat="37.566918" lon="127.000440">
      <ele>32.0</ele>
      <time>2026-07-20T21:04:29.000Z</time>
      <extensions><gpxtpx:TrackPointExtension><gpxtpx:hr>147</gpxtpx:hr></gpxtpx:TrackPointExtension></extensions>
    </trkpt>
    <trkpt lat="37.566910" lon="127.000457">
      <ele>32.0</ele>
      <time>2026-07-20T21:04:30.000Z</time>
      <extensions><gpxtpx:TrackPointExtension><gpxtpx:hr>146</gpxtpx:hr></gpxtpx:TrackPointExtension></extensions>
    </trkpt>
    <trkpt lat="37.566910" lon="127.000491">
      <ele>32.0</ele>
      <time>2026-07-20T21:04:31.000Z</time>
      <extensions><gpxtpx:TrackPointExtension><gpxtpx:hr>146</gpxtpx:hr></gpxtpx:TrackPointExtension></extensions>
    </trkpt>
    <trkpt lat="37.566904" lon="127.000497">
      <ele>32.0</ele>
      <time>2026-07-20T21:04:32.000Z</time>
      <extensions><gpxtpx:TrackPointExtension><gpxtpx:hr>145</gpxtpx:hr></gpxtpx:TrackPointExtension></extensions>
    </trkpt>
    <trkpt lat="37.566898" lon="127.000525">
      <ele>32.0</ele>
      <time>2026-07-20T21:04:33.000Z</time>
      <extensions><gpxtpx:TrackPointExtension><gpxtpx:hr>144</gpxtpx:hr></gpxtpx:TrackPointExtension></extensions>
    </trkpt>
    <trkpt lat="37.566901" lon="127.000542">
      <ele>32.0</ele>
      <time>2026-07-20T21:04:34.000Z</time>
      <extensions><gpxtpx:TrackPointExtension><gpxtpx:hr>144</gpxtpx:hr></gpxtpx:TrackPointExtension></extensions>
    </trkpt>
    <trkpt lat="37.566896" lon="127.000573">
      <ele>32.0</ele>
      <time>2026-07-20T21:04:35.000Z</time>
      <extensions><gpxtpx:TrackPointExtension><gpxtpx:hr>143</gpxtpx:hr></gpxtpx:TrackPointExtension></extensions>
    </trkpt>
    <trkpt lat="37.566888" lon="127.000585">
      <ele>32.0</ele>
      <time>2026-07-20T21:04:36.000Z</time>
      <extensions><gpxtpx:TrackPointExtension><gpxtpx:hr>142</gpxtpx:hr></gpxtpx:TrackPointExtension></extensions>
    </trkpt>
    <trkpt lat="37.566875" lon="127.000623">
      <ele>32.0</ele>
      <time>2026-07-20T21:04:37.000Z</time>
      <extensions><gpxtpx:TrackPointExtension><gpxtpx:hr>143</gpxtpx:hr></gpxtpx:TrackPointExtension></extensions>
    </trkpt>
    <trkpt lat="37.566837" lon="127.000676">
      <ele>32.0</ele>
      <time>2026-07-20T21:04:38.000Z</time>
      <extensions><gpxtpx:TrackPointExtension><gpxtpx:hr>144</gpxtpx:hr></gpxtpx:TrackPointExtension></extensions>
    </trkpt>
    <trkpt lat="37.566815" lon="127.000721">
      <ele>32.0</ele>
      <time>2026-07-20T21:04:39.000Z</time>
      <extensions><gpxtpx:TrackPointExtension><gpxtpx:hr>145</gpxtpx:hr></gpxtpx:TrackPointExtension></extensions>
    </trkpt>
    <trkpt lat="37.566786" lon="127.000771">
      <ele>32.0</ele>
      <time>2026-07-20T21:04:40.000Z</time>
      <extensions><gpxtpx:TrackPointExtension><gpxtpx:hr>145</gpxtpx:hr></gpxtpx:TrackPointExtension></extensions>
    </trkpt>
    <trkpt lat="37.566760" lon="127.000812">
      <ele>32.0</ele>
      <time>2026-07-20T21:04:41.000Z</time>
      <extensions><gpxtpx:TrackPointExtension><gpxtpx:hr>146</gpxtpx:hr></gpxtpx:TrackPointExtension></extensions>
    </trkpt>
    <trkpt lat="37.566731" lon="127.000866">
      <ele>32.0</ele>
      <time>2026-07-20T21:04:42.000Z</time>
      <extensions><gpxtpx:TrackPointExtension><gpxtpx:hr>147</gpxtpx:hr></gpxtpx:TrackPointExtension></extensions>
    </trkpt>
    <trkpt lat="37.566686" lon="127.000860">
      <ele>32.0</ele>
      <time>2026-07-20T21:04:43.000Z</time>
      <extensions><gpxtpx:TrackPointExtension><gpxtpx:hr>148</gpxtpx:hr></gpxtpx:TrackPointExtension></extensions>
    </trkpt>
    <trkpt lat="37.566729" lon="127.000872">
      <ele>32.0</ele>
      <time>2026-07-20T21:04:44.000Z</time>
      <extensions><gpxtpx:TrackPointExtension><gpxtpx:hr>148</gpxtpx:hr></gpxtpx:TrackPointExtension></extensions>
    </trkpt>
    <trkpt lat="37.566682" lon="127.000872">
      <ele>32.0</ele>
      <time>2026-07-20T21:04:45.000Z</time>
      <extensions><gpxtpx:TrackPointExtension><gpxtpx:hr>149</gpxtpx:hr></gpxtpx:TrackPointExtension></extensions>
    </trkpt>
    <trkpt lat="37.566719" lon="127.000872">
      <ele>32.0</ele>
      <time>2026-07-20T21:04:46.000Z</time>
      <extensions><gpxtpx:TrackPointExtension><gpxtpx:hr>149</gpxtpx:hr></gpxtpx:TrackPointExtension></extensions>
    </trkpt>
    <trkpt lat="37.566677" lon="127.000858">
      <ele>32.0</ele>
      <time>2026-07-20T21:04:47.000Z</time>
      <extensions><gpxtpx:TrackPointExtension><gpxtpx:hr>150</gpxtpx:hr></gpxtpx:TrackPointExtension></extensions>
    </trkpt>
    <trkpt lat="37.566680" lon="127.000804">
      <ele>32.0</ele>
      <time>2026-07-20T21:04:48.000Z</time>
      <extensions><gpxtpx:TrackPointExtension><gpxtpx:hr>150</gpxtpx:hr></gpxtpx:TrackPointExtension></extensions>
    </trkpt>
    <trkpt lat="37.566681" lon="127.000750">
      <ele>32.0</ele>
      <time>2026-07-20T21:04:49.000Z</time>
      <extensions><gpxtpx:TrackPointExtension><gpxtpx:hr>151</gpxtpx:hr></gpxtpx:TrackPointExtension></extensions>
    </trkpt>
    <trkpt lat="37.566689" lon="127.000694">
      <ele>32.0</ele>
      <time>2026-07-20T21:04:50.000Z</time>
      <extensions><gpxtpx:TrackPointExtension><gpxtpx:hr>151</gpxtpx:hr></gpxtpx:TrackPointExtension></extensions>
    </trkpt>
    <trkpt lat="37.566681" lon="127.000626">
      <ele>32.0</ele>
      <time>2026-07-20T21:04:51.000Z</time>
      <extensions><gpxtpx:TrackPointExtension><gpxtpx:hr>152</gpxtpx:hr></gpxtpx:TrackPointExtension></extensions>
    </trkpt>
    <trkpt lat="37.566688" lon="127.000573">
      <ele>32.0</ele>
      <time>2026-07-20T21:04:52.000Z</time>
      <extensions><gpxtpx:TrackPointExtension><gpxtpx:hr>152</gpxtpx:hr></gpxtpx:TrackPointExtension></extensions>
    </trkpt>
    <trkpt lat="37.566679" lon="127.000624">
      <ele>32.0</ele>
      <time>2026-07-20T21:04:53.000Z</time>
      <extensions><gpxtpx:TrackPointExtension><gpxtpx:hr>152</gpxtpx:hr></gpxtpx:TrackPointExtension></extensions>
    </trkpt>
    <trkpt lat="37.566665" lon="127.000658">
      <ele>32.0</ele>
      <time>2026-07-20T21:04:54.000Z</time>
      <extensions><gpxtpx:TrackPointExtension><gpxtpx:hr>152</gpxtpx:hr></gpxtpx:TrackPointExtension></extensions>
    </trkpt>
    <trkpt lat="37.566656" lon="127.000708">
      <ele>32.0</ele>
      <time>2026-07-20T21:04:55.000Z</time>
      <extensions><gpxtpx:TrackPointExtension><gpxtpx:hr>152</gpxtpx:hr></gpxtpx:TrackPointExtension></extensions>
    </trkpt>
    <trkpt lat="37.566653" lon="127.000734">
      <ele>32.0</ele>
      <time>2026-07-20T21:04:56.000Z</time>
      <extensions><gpxtpx:TrackPointExtension><gpxtpx:hr>151</gpxtpx:hr></gpxtpx:TrackPointExtension></extensions>
    </trkpt>
    <trkpt lat="37.566647" lon="127.000776">
      <ele>32.0</ele>
      <time>2026-07-20T21:04:57.000Z</time>
      <extensions><gpxtpx:TrackPointExtension><gpxtpx:hr>151</gpxtpx:hr></gpxtpx:TrackPointExtension></extensions>
    </trkpt>
    <trkpt lat="37.566637" lon="127.000817">
      <ele>32.0</ele>
      <time>2026-07-20T21:04:58.000Z</time>
      <extensions><gpxtpx:TrackPointExtension><gpxtpx:hr>151</gpxtpx:hr></gpxtpx:TrackPointExtension></extensions>
    </trkpt>
    <trkpt lat="37.566619" lon="127.000844">
      <ele>32.0</ele>
      <time>2026-07-20T21:04:59.000Z</time>
      <extensions><gpxtpx:TrackPointExtension><gpxtpx:hr>150</gpxtpx:hr></gpxtpx:TrackPointExtension></extensions>
    </trkpt>
    <trkpt lat="37.566612" lon="127.000879">
      <ele>32.0</ele>
      <time>2026-07-20T21:05:00.000Z</time>
      <extensions><gpxtpx:TrackPointExtension><gpxtpx:hr>150</gpxtpx:hr></gpxtpx:TrackPointExtension></extensions>
    </trkpt>
  </trkseg></trk>
</gpx>
