<?xml version="1.0" encoding="UTF-8"?>
<gpx version="1.1" creator="Amazfit" xmlns="http://www.topografix.com/GPX/1/1" xmlns:gpxtpx="http://www.garmin.com/xmlschemas/TrackPointExtension/v1">
  <trk><name>주말 풋살 경기</name><type>Soccer</type><trkseg>
    <trkpt lat="37.566803" lon="127.000447">
      <ele>32.0</ele>
      <time>2026-07-20T19:05:00.000Z</time>
      <extensions><gpxtpx:TrackPointExtension><gpxtpx:hr>111</gpxtpx:hr></gpxtpx:TrackPointExtension></extensions>
    </trkpt>
    <trkpt lat="37.566807" lon="127.000450">
      <ele>32.0</ele>
      <time>2026-07-20T19:05:01.000Z</time>
      <extensions><gpxtpx:TrackPointExtension><gpxtpx:hr>111</gpxtpx:hr></gpxtpx:TrackPointExtension></extensions>
    </trkpt>
    <trkpt lat="37.566814" lon="127.000434">
      <ele>32.0</ele>
      <time>2026-07-20T19:05:02.000Z</time>
      <extensions><gpxtpx:TrackPointExtension><gpxtpx:hr>111</gpxtpx:hr></gpxtpx:TrackPointExtension></extensions>
    </trkpt>
    <trkpt lat="37.566819" lon="127.000442">
      <ele>32.0</ele>
      <time>2026-07-20T19:05:03.000Z</time>
      <extensions><gpxtpx:TrackPointExtension><gpxtpx:hr>112</gpxtpx:hr></gpxtpx:TrackPointExtension></extensions>
    </trkpt>
    <trkpt lat="37.566820" lon="127.000436">
      <ele>32.0</ele>
      <time>2026-07-20T19:05:04.000Z</time>
      <extensions><gpxtpx:TrackPointExtension><gpxtpx:hr>112</gpxtpx:hr></gpxtpx:TrackPointExtension></extensions>
    </trkpt>
    <trkpt lat="37.566812" lon="127.000429">
      <ele>32.0</ele>
      <time>2026-07-20T19:05:05.000Z</time>
      <extensions><gpxtpx:TrackPointExtension><gpxtpx:hr>112</gpxtpx:hr></gpxtpx:TrackPointExtension></extensions>
    </trkpt>
    <trkpt lat="37.566797" lon="127.000440">
      <ele>32.0</ele>
      <time>2026-07-20T19:05:06.000Z</time>
      <extensions><gpxtpx:TrackPointExtension><gpxtpx:hr>113</gpxtpx:hr></gpxtpx:TrackPointExtension></extensions>
    </trkpt>
    <trkpt lat="37.566788" lon="127.000456">
      <ele>32.0</ele>
      <time>2026-07-20T19:05:07.000Z</time>
      <extensions><gpxtpx:TrackPointExtension><gpxtpx:hr>114</gpxtpx:hr></gpxtpx:TrackPointExtension></extensions>
    </trkpt>
    <trkpt lat="37.566811" lon="127.000438">
      <ele>32.0</ele>
      <time>2026-07-20T19:05:08.000Z</time>
      <extensions><gpxtpx:TrackPointExtension><gpxtpx:hr>115</gpxtpx:hr></gpxtpx:TrackPointExtension></extensions>
    </trkpt>
    <trkpt lat="37.566781" lon="127.000454">
      <ele>32.0</ele>
      <time>2026-07-20T19:05:09.000Z</time>
      <extensions><gpxtpx:TrackPointExtension><gpxtpx:hr>116</gpxtpx:hr></gpxtpx:TrackPointExtension></extensions>
    </trkpt>
    <trkpt lat="37.566806" lon="127.000441">
      <ele>32.0</ele>
      <time>2026-07-20T19:05:10.000Z</time>
      <extensions><gpxtpx:TrackPointExtension><gpxtpx:hr>117</gpxtpx:hr></gpxtpx:TrackPointExtension></extensions>
    </trkpt>
    <trkpt lat="37.566781" lon="127.000454">
      <ele>32.0</ele>
      <time>2026-07-20T19:05:11.000Z</time>
      <extensions><gpxtpx:TrackPointExtension><gpxtpx:hr>119</gpxtpx:hr></gpxtpx:TrackPointExtension></extensions>
    </trkpt>
    <trkpt lat="37.566808" lon="127.000438">
      <ele>32.0</ele>
      <time>2026-07-20T19:05:12.000Z</time>
      <extensions><gpxtpx:TrackPointExtension><gpxtpx:hr>120</gpxtpx:hr></gpxtpx:TrackPointExtension></extensions>
    </trkpt>
    <trkpt lat="37.566790" lon="127.000457">
      <ele>32.0</ele>
      <time>2026-07-20T19:05:13.000Z</time>
      <extensions><gpxtpx:TrackPointExtension><gpxtpx:hr>121</gpxtpx:hr></gpxtpx:TrackPointExtension></extensions>
    </trkpt>
    <trkpt lat="37.566807" lon="127.000446">
      <ele>32.0</ele>
      <time>2026-07-20T19:05:14.000Z</time>
      <extensions><gpxtpx:TrackPointExtension><gpxtpx:hr>121</gpxtpx:hr></gpxtpx:TrackPointExtension></extensions>
    </trkpt>
    <trkpt lat="37.566828" lon="127.000434">
      <ele>32.0</ele>
      <time>2026-07-20T19:05:15.000Z</time>
      <extensions><gpxtpx:TrackPointExtension><gpxtpx:hr>122</gpxtpx:hr></gpxtpx:TrackPointExtension></extensions>
    </trkpt>
    <trkpt lat="37.566840" lon="127.000434">
      <ele>32.0</ele>
      <time>2026-07-20T19:05:16.000Z</time>
      <extensions><gpxtpx:TrackPointExtension><gpxtpx:hr>123</gpxtpx:hr></gpxtpx:TrackPointExtension></extensions>
    </trkpt>
    <trkpt lat="37.566851" lon="127.000424">
      <ele>32.0</ele>
      <time>2026-07-20T19:05:17.000Z</time>
      <extensions><gpxtpx:TrackPointExtension><gpxtpx:hr>123</gpxtpx:hr></gpxtpx:TrackPointExtension></extensions>
    </trkpt>
    <trkpt lat="37.566838" lon="127.000461">
      <ele>32.0</ele>
      <time>2026-07-20T19:05:18.000Z</time>
      <extensions><gpxtpx:TrackPointExtension><gpxtpx:hr>124</gpxtpx:hr></gpxtpx:TrackPointExtension></extensions>
    </trkpt>
    <trkpt lat="37.566821" lon="127.000513">
      <ele>32.0</ele>
      <time>2026-07-20T19:05:19.000Z</time>
      <extensions><gpxtpx:TrackPointExtension><gpxtpx:hr>126</gpxtpx:hr></gpxtpx:TrackPointExtension></extensions>
    </trkpt>
    <trkpt lat="37.566808" lon="127.000561">
      <ele>32.0</ele>
      <time>2026-07-20T19:05:20.000Z</time>
      <extensions><gpxtpx:TrackPointExtension><gpxtpx:hr>128</gpxtpx:hr></gpxtpx:TrackPointExtension></extensions>
    </trkpt>
    <trkpt lat="37.566782" lon="127.000617">
      <ele>32.0</ele>
      <time>2026-07-20T19:05:21.000Z</time>
      <extensions><gpxtpx:TrackPointExtension><gpxtpx:hr>129</gpxtpx:hr></gpxtpx:TrackPointExtension></extensions>
    </trkpt>
    <trkpt lat="37.566756" lon="127.000574">
      <ele>32.0</ele>
      <time>2026-07-20T19:05:22.000Z</time>
      <extensions><gpxtpx:TrackPointExtension><gpxtpx:hr>131</gpxtpx:hr></gpxtpx:TrackPointExtension></extensions>
    </trkpt>
    <trkpt lat="37.566720" lon="127.000531">
      <ele>32.0</ele>
      <time>2026-07-20T19:05:23.000Z</time>
      <extensions><gpxtpx:TrackPointExtension><gpxtpx:hr>132</gpxtpx:hr></gpxtpx:TrackPointExtension></extensions>
    </trkpt>
    <trkpt lat="37.566691" lon="127.000490">
      <ele>32.0</ele>
      <time>2026-07-20T19:05:24.000Z</time>
      <extensions><gpxtpx:TrackPointExtension><gpxtpx:hr>134</gpxtpx:hr></gpxtpx:TrackPointExtension></extensions>
    </trkpt>
    <trkpt lat="37.566660" lon="127.000442">
      <ele>32.0</ele>
      <time>2026-07-20T19:05:25.000Z</time>
      <extensions><gpxtpx:TrackPointExtension><gpxtpx:hr>135</gpxtpx:hr></gpxtpx:TrackPointExtension></extensions>
    </trkpt>
    <trkpt lat="37.566651" lon="127.000450">
      <ele>32.0</ele>
      <time>2026-07-20T19:05:26.000Z</time>
      <extensions><gpxtpx:TrackPointExtension><gpxtpx:hr>135</gpxtpx:hr></gpxtpx:TrackPointExtension></extensions>
    </trkpt>
    <trkpt lat="37.566655" lon="127.000453">
      <ele>32.0</ele>
      <time>2026-07-20T19:05:27.000Z</time>
      <extensions><gpxtpx:TrackPointExtension><gpxtpx:hr>134</gpxtpx:hr></gpxtpx:TrackPointExtension></extensions>
    </trkpt>
    <trkpt lat="37.566642" lon="127.000473">
      <ele>32.0</ele>
      <time>2026-07-20T19:05:28.000Z</time>
      <extensions><gpxtpx:TrackPointExtension><gpxtpx:hr>134</gpxtpx:hr></gpxtpx:TrackPointExtension></extensions>
    </trkpt>
    <trkpt lat="37.566645" lon="127.000485">
      <ele>32.0</ele>
      <time>2026-07-20T19:05:29.000Z</time>
      <extensions><gpxtpx:TrackPointExtension><gpxtpx:hr>133</gpxtpx:hr></gpxtpx:TrackPointExtension></extensions>
    </trkpt>
    <trkpt lat="37.566651" lon="127.000503">
      <ele>32.0</ele>
      <time>2026-07-20T19:05:30.000Z</time>
      <extensions><gpxtpx:TrackPointExtension><gpxtpx:hr>133</gpxtpx:hr></gpxtpx:TrackPointExtension></extensions>
    </trkpt>
    <trkpt lat="37.566658" lon="127.000534">
      <ele>32.0</ele>
      <time>2026-07-20T19:05:31.000Z</time>
      <extensions><gpxtpx:TrackPointExtension><gpxtpx:hr>133</gpxtpx:hr></gpxtpx:TrackPointExtension></extensions>
    </trkpt>
    <trkpt lat="37.566660" lon="127.000563">
      <ele>32.0</ele>
      <time>2026-07-20T19:05:32.000Z</time>
      <extensions><gpxtpx:TrackPointExtension><gpxtpx:hr>134</gpxtpx:hr></gpxtpx:TrackPointExtension></extensions>
    </trkpt>
    <trkpt lat="37.566690" lon="127.000556">
      <ele>32.0</ele>
      <time>2026-07-20T19:05:33.000Z</time>
      <extensions><gpxtpx:TrackPointExtension><gpxtpx:hr>134</gpxtpx:hr></gpxtpx:TrackPointExtension></extensions>
    </trkpt>
    <trkpt lat="37.566729" lon="127.000548">
      <ele>32.0</ele>
      <time>2026-07-20T19:05:34.000Z</time>
      <extensions><gpxtpx:TrackPointExtension><gpxtpx:hr>135</gpxtpx:hr></gpxtpx:TrackPointExtension></extensions>
    </trkpt>
    <trkpt lat="37.566755" lon="127.000535">
      <ele>32.0</ele>
      <time>2026-07-20T19:05:35.000Z</time>
      <extensions><gpxtpx:TrackPointExtension><gpxtpx:hr>135</gpxtpx:hr></gpxtpx:TrackPointExtension></extensions>
    </trkpt>
    <trkpt lat="37.566789" lon="127.000532">
      <ele>32.0</ele>
      <time>2026-07-20T19:05:36.000Z</time>
      <extensions><gpxtpx:TrackPointExtension><gpxtpx:hr>136</gpxtpx:hr></gpxtpx:TrackPointExtension></extensions>
    </trkpt>
    <trkpt lat="37.566823" lon="127.000530">
      <ele>32.0</ele>
      <time>2026-07-20T19:05:37.000Z</time>
      <extensions><gpxtpx:TrackPointExtension><gpxtpx:hr>136</gpxtpx:hr></gpxtpx:TrackPointExtension></extensions>
    </trkpt>
    <trkpt lat="37.566787" lon="127.000502">
      <ele>32.0</ele>
      <time>2026-07-20T19:05:38.000Z</time>
      <extensions><gpxtpx:TrackPointExtension><gpxtpx:hr>137</gpxtpx:hr></gpxtpx:TrackPointExtension></extensions>
    </trkpt>
    <trkpt lat="37.566761" lon="127.000489">
      <ele>32.0</ele>
      <time>2026-07-20T19:05:39.000Z</time>
      <extensions><gpxtpx:TrackPointExtension><gpxtpx:hr>137</gpxtpx:hr></gpxtpx:TrackPointExtension></extensions>
    </trkpt>
    <trkpt lat="37.566733" lon="127.000474">
      <ele>32.0</ele>
      <time>2026-07-20T19:05:40.000Z</time>
      <extensions><gpxtpx:TrackPointExtension><gpxtpx:hr>138</gpxtpx:hr></gpxtpx:TrackPointExtension></extensions>
    </trkpt>
    <trkpt lat="37.566717" lon="127.000451">
      <ele>32.0</ele>
      <time>2026-07-20T19:05:41.000Z</time>
      <extensions><gpxtpx:TrackPointExtension><gpxtpx:hr>138</gpxtpx:hr></gpxtpx:TrackPointExtension></extensions>
    </trkpt>
    <trkpt lat="37.566683" lon="127.000437">
      <ele>32.0</ele>
      <time>2026-07-20T19:05:42.000Z</time>
      <extensions><gpxtpx:TrackPointExtension><gpxtpx:hr>138</gpxtpx:hr></gpxtpx:TrackPointExtension></extensions>
    </trkpt>
    <trkpt lat="37.566660" lon="127.000413">
      <ele>32.0</ele>
      <time>2026-07-20T19:05:43.000Z</time>
      <extensions><gpxtpx:TrackPointExtension><gpxtpx:hr>138</gpxtpx:hr></gpxtpx:TrackPointExtension></extensions>
    </trkpt>
    <trkpt lat="37.566638" lon="127.000404">
      <ele>32.0</ele>
      <time>2026-07-20T19:05:44.000Z</time>
      <extensions><gpxtpx:TrackPointExtension><gpxtpx:hr>138</gpxtpx:hr></gpxtpx:TrackPointExtension></extensions>
    </trkpt>
    <trkpt lat="37.566635" lon="127.000404">
      <ele>32.0</ele>
      <time>2026-07-20T19:05:45.000Z</time>
      <extensions><gpxtpx:TrackPointExtension><gpxtpx:hr>139</gpxtpx:hr></gpxtpx:TrackPointExtension></extensions>
    </trkpt>
    <trkpt lat="37.566651" lon="127.000426">
      <ele>32.0</ele>
      <time>2026-07-20T19:05:46.000Z</time>
      <extensions><gpxtpx:TrackPointExtension><gpxtpx:hr>139</gpxtpx:hr></gpxtpx:TrackPointExtension></extensions>
    </trkpt>
    <trkpt lat="37.566667" lon="127.000439">
      <ele>32.0</ele>
      <time>2026-07-20T19:05:47.000Z</time>
      <extensions><gpxtpx:TrackPointExtension><gpxtpx:hr>138</gpxtpx:hr></gpxtpx:TrackPointExtension></extensions>
    </trkpt>
    <trkpt lat="37.566693" lon="127.000445">
      <ele>32.0</ele>
      <time>2026-07-20T19:05:48.000Z</time>
      <extensions><gpxtpx:TrackPointExtension><gpxtpx:hr>138</gpxtpx:hr></gpxtpx:TrackPointExtension></extensions>
    </trkpt>
    <trkpt lat="37.566707" lon="127.000457">
      <ele>32.0</ele>
      <time>2026-07-20T19:05:49.000Z</time>
      <extensions><gpxtpx:TrackPointExtension><gpxtpx:hr>138</gpxtpx:hr></gpxtpx:TrackPointExtension></extensions>
    </trkpt>
    <trkpt lat="37.566713" lon="127.000471">
      <ele>32.0</ele>
      <time>2026-07-20T19:05:50.000Z</time>
      <extensions><gpxtpx:TrackPointExtension><gpxtpx:hr>137</gpxtpx:hr></gpxtpx:TrackPointExtension></extensions>
    </trkpt>
    <trkpt lat="37.566731" lon="127.000477">
      <ele>32.0</ele>
      <time>2026-07-20T19:05:51.000Z</time>
      <extensions><gpxtpx:TrackPointExtension><gpxtpx:hr>137</gpxtpx:hr></gpxtpx:TrackPointExtension></extensions>
    </trkpt>
    <trkpt lat="37.566736" lon="127.000491">
      <ele>32.0</ele>
      <time>2026-07-20T19:05:52.000Z</time>
      <extensions><gpxtpx:TrackPointExtension><gpxtpx:hr>137</gpxtpx:hr></gpxtpx:TrackPointExtension></extensions>
    </trkpt>
    <trkpt lat="37.566748" lon="127.000496">
      <ele>32.0</ele>
      <time>2026-07-20T19:05:53.000Z</time>
      <extensions><gpxtpx:TrackPointExtension><gpxtpx:hr>136</gpxtpx:hr></gpxtpx:TrackPointExtension></extensions>
    </trkpt>
    <trkpt lat="37.566745" lon="127.000536">
      <ele>32.0</ele>
      <time>2026-07-20T19:05:54.000Z</time>
      <extensions><gpxtpx:TrackPointExtension><gpxtpx:hr>137</gpxtpx:hr></gpxtpx:TrackPointExtension></extensions>
    </trkpt>
    <trkpt lat="37.566721" lon="127.000592">
      <ele>32.0</ele>
      <time>2026-07-20T19:05:55.000Z</time>
      <extensions><gpxtpx:TrackPointExtension><gpxtpx:hr>138</gpxtpx:hr></gpxtpx:TrackPointExtension></extensions>
    </trkpt>
    <trkpt lat="37.566705" lon="127.000647">
      <ele>32.0</ele>
      <time>2026-07-20T19:05:56.000Z</time>
      <extensions><gpxtpx:TrackPointExtension><gpxtpx:hr>139</gpxtpx:hr></gpxtpx:TrackPointExtension></extensions>
    </trkpt>
    <trkpt lat="37.566691" lon="127.000695">
      <ele>32.0</ele>
      <time>2026-07-20T19:05:57.000Z</time>
      <extensions><gpxtpx:TrackPointExtension><gpxtpx:hr>140</gpxtpx:hr></gpxtpx:TrackPointExtension></extensions>
    </trkpt>
    <trkpt lat="37.566670" lon="127.000755">
      <ele>32.0</ele>
      <time>2026-07-20T19:05:58.000Z</time>
      <extensions><gpxtpx:TrackPointExtension><gpxtpx:hr>141</gpxtpx:hr></gpxtpx:TrackPointExtension></extensions>
    </trkpt>
    <trkpt lat="37.566683" lon="127.000705">
      <ele>32.0</ele>
      <time>2026-07-20T19:05:59.000Z</time>
      <extensions><gpxtpx:TrackPointExtension><gpxtpx:hr>142</gpxtpx:hr></gpxtpx:TrackPointExtension></extensions>
    </trkpt>
    <trkpt lat="37.566721" lon="127.000718">
      <ele>32.0</ele>
      <time>2026-07-20T19:06:00.000Z</time>
      <extensions><gpxtpx:TrackPointExtension><gpxtpx:hr>143</gpxtpx:hr></gpxtpx:TrackPointExtension></extensions>
    </trkpt>
    <trkpt lat="37.566750" lon="127.000744">
      <ele>32.0</ele>
      <time>2026-07-20T19:06:01.000Z</time>
      <extensions><gpxtpx:TrackPointExtension><gpxtpx:hr>143</gpxtpx:hr></gpxtpx:TrackPointExtension></extensions>
    </trkpt>
    <trkpt lat="37.566793" lon="127.000757">
      <ele>32.0</ele>
      <time>2026-07-20T19:06:02.000Z</time>
      <extensions><gpxtpx:TrackPointExtension><gpxtpx:hr>143</gpxtpx:hr></gpxtpx:TrackPointExtension></extensions>
    </trkpt>
    <trkpt lat="37.566817" lon="127.000764">
      <ele>32.0</ele>
      <time>2026-07-20T19:06:03.000Z</time>
      <extensions><gpxtpx:TrackPointExtension><gpxtpx:hr>143</gpxtpx:hr></gpxtpx:TrackPointExtension></extensions>
    </trkpt>
    <trkpt lat="37.566846" lon="127.000792">
      <ele>32.0</ele>
      <time>2026-07-20T19:06:04.000Z</time>
      <extensions><gpxtpx:TrackPointExtension><gpxtpx:hr>143</gpxtpx:hr></gpxtpx:TrackPointExtension></extensions>
    </trkpt>
    <trkpt lat="37.566864" lon="127.000803">
      <ele>32.0</ele>
      <time>2026-07-20T19:06:05.000Z</time>
      <extensions><gpxtpx:TrackPointExtension><gpxtpx:hr>143</gpxtpx:hr></gpxtpx:TrackPointExtension></extensions>
    </trkpt>
    <trkpt lat="37.566896" lon="127.000822">
      <ele>32.0</ele>
      <time>2026-07-20T19:06:06.000Z</time>
      <extensions><gpxtpx:TrackPointExtension><gpxtpx:hr>143</gpxtpx:hr></gpxtpx:TrackPointExtension></extensions>
    </trkpt>
    <trkpt lat="37.566916" lon="127.000829">
      <ele>32.0</ele>
      <time>2026-07-20T19:06:07.000Z</time>
      <extensions><gpxtpx:TrackPointExtension><gpxtpx:hr>143</gpxtpx:hr></gpxtpx:TrackPointExtension></extensions>
    </trkpt>
    <trkpt lat="37.566943" lon="127.000847">
      <ele>32.0</ele>
      <time>2026-07-20T19:06:08.000Z</time>
      <extensions><gpxtpx:TrackPointExtension><gpxtpx:hr>143</gpxtpx:hr></gpxtpx:TrackPointExtension></extensions>
    </trkpt>
    <trkpt lat="37.566918" lon="127.000867">
      <ele>32.0</ele>
      <time>2026-07-20T19:06:09.000Z</time>
      <extensions><gpxtpx:TrackPointExtension><gpxtpx:hr>143</gpxtpx:hr></gpxtpx:TrackPointExtension></extensions>
    </trkpt>
    <trkpt lat="37.566898" lon="127.000881">
      <ele>32.0</ele>
      <time>2026-07-20T19:06:10.000Z</time>
      <extensions><gpxtpx:TrackPointExtension><gpxtpx:hr>143</gpxtpx:hr></gpxtpx:TrackPointExtension></extensions>
    </trkpt>
    <trkpt lat="37.566875" lon="127.000900">
      <ele>32.0</ele>
      <time>2026-07-20T19:06:11.000Z</time>
      <extensions><gpxtpx:TrackPointExtension><gpxtpx:hr>143</gpxtpx:hr></gpxtpx:TrackPointExtension></extensions>
    </trkpt>
    <trkpt lat="37.566849" lon="127.000921">
      <ele>32.0</ele>
      <time>2026-07-20T19:06:12.000Z</time>
      <extensions><gpxtpx:TrackPointExtension><gpxtpx:hr>143</gpxtpx:hr></gpxtpx:TrackPointExtension></extensions>
    </trkpt>
    <trkpt lat="37.566824" lon="127.000954">
      <ele>32.0</ele>
      <time>2026-07-20T19:06:13.000Z</time>
      <extensions><gpxtpx:TrackPointExtension><gpxtpx:hr>143</gpxtpx:hr></gpxtpx:TrackPointExtension></extensions>
    </trkpt>
    <trkpt lat="37.566850" lon="127.000919">
      <ele>32.0</ele>
      <time>2026-07-20T19:06:14.000Z</time>
      <extensions><gpxtpx:TrackPointExtension><gpxtpx:hr>143</gpxtpx:hr></gpxtpx:TrackPointExtension></extensions>
    </trkpt>
    <trkpt lat="37.566832" lon="127.000942">
      <ele>32.0</ele>
      <time>2026-07-20T19:06:15.000Z</time>
      <extensions><gpxtpx:TrackPointExtension><gpxtpx:hr>143</gpxtpx:hr></gpxtpx:TrackPointExtension></extensions>
    </trkpt>
    <trkpt lat="37.566827" lon="127.000933">
      <ele>32.0</ele>
      <time>2026-07-20T19:06:16.000Z</time>
      <extensions><gpxtpx:TrackPointExtension><gpxtpx:hr>142</gpxtpx:hr></gpxtpx:TrackPointExtension></extensions>
    </trkpt>
    <trkpt lat="37.566819" lon="127.000928">
      <ele>32.0</ele>
      <time>2026-07-20T19:06:17.000Z</time>
      <extensions><gpxtpx:TrackPointExtension><gpxtpx:hr>141</gpxtpx:hr></gpxtpx:TrackPointExtension></extensions>
    </trkpt>
    <trkpt lat="37.566822" lon="127.000922">
      <ele>32.0</ele>
      <time>2026-07-20T19:06:18.000Z</time>
      <extensions><gpxtpx:TrackPointExtension><gpxtpx:hr>140</gpxtpx:hr></gpxtpx:TrackPointExtension></extensions>
    </trkpt>
    <trkpt lat="37.566816" lon="127.000921">
      <ele>32.0</ele>
      <time>2026-07-20T19:06:19.000Z</time>
      <extensions><gpxtpx:TrackPointExtension><gpxtpx:hr>139</gpxtpx:hr></gpxtpx:TrackPointExtension></extensions>
    </trkpt>
    <trkpt lat="37.566821" lon="127.000916">
      <ele>32.0</ele>
      <time>2026-07-20T19:06:20.000Z</time>
      <extensions><gpxtpx:TrackPointExtension><gpxtpx:hr>138</gpxtpx:hr></gpxtpx:TrackPointExtension></extensions>
    </trkpt>
    <trkpt lat="37.566818" lon="127.000925">
      <ele>32.0</ele>
      <time>2026-07-20T19:06:21.000Z</time>
      <extensions><gpxtpx:TrackPointExtension><gpxtpx:hr>137</gpxtpx:hr></gpxtpx:TrackPointExtension></extensions>
    </trkpt>
    <trkpt lat="37.566816" lon="127.000917">
      <ele>32.0</ele>
      <time>2026-07-20T19:06:22.000Z</time>
      <extensions><gpxtpx:TrackPointExtension><gpxtpx:hr>136</gpxtpx:hr></gpxtpx:TrackPointExtension></extensions>
    </trkpt>
    <trkpt lat="37.566803" lon="127.000911">
      <ele>32.0</ele>
      <time>2026-07-20T19:06:23.000Z</time>
      <extensions><gpxtpx:TrackPointExtension><gpxtpx:hr>136</gpxtpx:hr></gpxtpx:TrackPointExtension></extensions>
    </trkpt>
    <trkpt lat="37.566803" lon="127.000891">
      <ele>32.0</ele>
      <time>2026-07-20T19:06:24.000Z</time>
      <extensions><gpxtpx:TrackPointExtension><gpxtpx:hr>135</gpxtpx:hr></gpxtpx:TrackPointExtension></extensions>
    </trkpt>
    <trkpt lat="37.566797" lon="127.000884">
      <ele>32.0</ele>
      <time>2026-07-20T19:06:25.000Z</time>
      <extensions><gpxtpx:TrackPointExtension><gpxtpx:hr>134</gpxtpx:hr></gpxtpx:TrackPointExtension></extensions>
    </trkpt>
    <trkpt lat="37.566788" lon="127.000879">
      <ele>32.0</ele>
      <time>2026-07-20T19:06:26.000Z</time>
      <extensions><gpxtpx:TrackPointExtension><gpxtpx:hr>134</gpxtpx:hr></gpxtpx:TrackPointExtension></extensions>
    </trkpt>
    <trkpt lat="37.566771" lon="127.000859">
      <ele>32.0</ele>
      <time>2026-07-20T19:06:27.000Z</time>
      <extensions><gpxtpx:TrackPointExtension><gpxtpx:hr>134</gpxtpx:hr></gpxtpx:TrackPointExtension></extensions>
    </trkpt>
    <trkpt lat="37.566764" lon="127.000856">
      <ele>32.0</ele>
      <time>2026-07-20T19:06:28.000Z</time>
      <extensions><gpxtpx:TrackPointExtension><gpxtpx:hr>133</gpxtpx:hr></gpxtpx:TrackPointExtension></extensions>
    </trkpt>
    <trkpt lat="37.566759" lon="127.000841">
      <ele>32.0</ele>
      <time>2026-07-20T19:06:29.000Z</time>
      <extensions><gpxtpx:TrackPointExtension><gpxtpx:hr>133</gpxtpx:hr></gpxtpx:TrackPointExtension></extensions>
    </trkpt>
    <trkpt lat="37.566739" lon="127.000837">
      <ele>32.0</ele>
      <time>2026-07-20T19:06:30.000Z</time>
      <extensions><gpxtpx:TrackPointExtension><gpxtpx:hr>133</gpxtpx:hr></gpxtpx:TrackPointExtension></extensions>
    </trkpt>
    <trkpt lat="37.566758" lon="127.000838">
      <ele>32.0</ele>
      <time>2026-07-20T19:06:31.000Z</time>
      <extensions><gpxtpx:TrackPointExtension><gpxtpx:hr>133</gpxtpx:hr></gpxtpx:TrackPointExtension></extensions>
    </trkpt>
    <trkpt lat="37.566764" lon="127.000853">
      <ele>32.0</ele>
      <time>2026-07-20T19:06:32.000Z</time>
      <extensions><gpxtpx:TrackPointExtension><gpxtpx:hr>133</gpxtpx:hr></gpxtpx:TrackPointExtension></extensions>
    </trkpt>
    <trkpt lat="37.566781" lon="127.000868">
      <ele>32.0</ele>
      <time>2026-07-20T19:06:33.000Z</time>
      <extensions><gpxtpx:TrackPointExtension><gpxtpx:hr>132</gpxtpx:hr></gpxtpx:TrackPointExtension></extensions>
    </trkpt>
    <trkpt lat="37.566785" lon="127.000892">
      <ele>32.0</ele>
      <time>2026-07-20T19:06:34.000Z</time>
      <extensions><gpxtpx:TrackPointExtension><gpxtpx:hr>132</gpxtpx:hr></gpxtpx:TrackPointExtension></extensions>
    </trkpt>
    <trkpt lat="37.566795" lon="127.000893">
      <ele>32.0</ele>
      <time>2026-07-20T19:06:35.000Z</time>
      <extensions><gpxtpx:TrackPointExtension><gpxtpx:hr>132</gpxtpx:hr></gpxtpx:TrackPointExtension></extensions>
    </trkpt>
    <trkpt lat="37.566801" lon="127.000908">
      <ele>32.0</ele>
      <time>2026-07-20T19:06:36.000Z</time>
      <extensions><gpxtpx:TrackPointExtension><gpxtpx:hr>132</gpxtpx:hr></gpxtpx:TrackPointExtension></extensions>
    </trkpt>
    <trkpt lat="37.566817" lon="127.000928">
      <ele>32.0</ele>
      <time>2026-07-20T19:06:37.000Z</time>
      <extensions><gpxtpx:TrackPointExtension><gpxtpx:hr>132</gpxtpx:hr></gpxtpx:TrackPointExtension></extensions>
    </trkpt>
    <trkpt lat="37.566832" lon="127.000935">
      <ele>32.0</ele>
      <time>2026-07-20T19:06:38.000Z</time>
      <extensions><gpxtpx:TrackPointExtension><gpxtpx:hr>132</gpxtpx:hr></gpxtpx:TrackPointExtension></extensions>
    </trkpt>
    <trkpt lat="37.566840" lon="127.000907">
      <ele>32.0</ele>
      <time>2026-07-20T19:06:39.000Z</time>
      <extensions><gpxtpx:TrackPointExtension><gpxtpx:hr>132</gpxtpx:hr></gpxtpx:TrackPointExtension></extensions>
    </trkpt>
    <trkpt lat="37.566841" lon="127.000876">
      <ele>32.0</ele>
      <time>2026-07-20T19:06:40.000Z</time>
      <extensions><gpxtpx:TrackPointExtension><gpxtpx:hr>132</gpxtpx:hr></gpxtpx:TrackPointExtension></extensions>
    </trkpt>
    <trkpt lat="37.566859" lon="127.000862">
      <ele>32.0</ele>
      <time>2026-07-20T19:06:41.000Z</time>
      <extensions><gpxtpx:TrackPointExtension><gpxtpx:hr>133</gpxtpx:hr></gpxtpx:TrackPointExtension></extensions>
    </trkpt>
    <trkpt lat="37.566873" lon="127.000834">
      <ele>32.0</ele>
      <time>2026-07-20T19:06:42.000Z</time>
      <extensions><gpxtpx:TrackPointExtension><gpxtpx:hr>133</gpxtpx:hr></gpxtpx:TrackPointExtension></extensions>
    </trkpt>
    <trkpt lat="37.566885" lon="127.000784">
      <ele>32.0</ele>
      <time>2026-07-20T19:06:43.000Z</time>
      <extensions><gpxtpx:TrackPointExtension><gpxtpx:hr>134</gpxtpx:hr></gpxtpx:TrackPointExtension></extensions>
    </trkpt>
    <trkpt lat="37.566885" lon="127.000748">
      <ele>32.0</ele>
      <time>2026-07-20T19:06:44.000Z</time>
      <extensions><gpxtpx:TrackPointExtension><gpxtpx:hr>134</gpxtpx:hr></gpxtpx:TrackPointExtension></extensions>
    </trkpt>
    <trkpt lat="37.566877" lon="127.000728">
      <ele>32.0</ele>
      <time>2026-07-20T19:06:45.000Z</time>
      <extensions><gpxtpx:TrackPointExtension><gpxtpx:hr>135</gpxtpx:hr></gpxtpx:TrackPointExtension></extensions>
    </trkpt>
    <trkpt lat="37.566854" lon="127.000701">
      <ele>32.0</ele>
      <time>2026-07-20T19:06:46.000Z</time>
      <extensions><gpxtpx:TrackPointExtension><gpxtpx:hr>135</gpxtpx:hr></gpxtpx:TrackPointExtension></extensions>
    </trkpt>
    <trkpt lat="37.566841" lon="127.000683">
      <ele>32.0</ele>
      <time>2026-07-20T19:06:47.000Z</time>
      <extensions><gpxtpx:TrackPointExtension><gpxtpx:hr>135</gpxtpx:hr></gpxtpx:TrackPointExtension></extensions>
    </trkpt>
    <trkpt lat="37.566819" lon="127.000644">
      <ele>32.0</ele>
      <time>2026-07-20T19:06:48.000Z</time>
      <extensions><gpxtpx:TrackPointExtension><gpxtpx:hr>136</gpxtpx:hr></gpxtpx:TrackPointExtension></extensions>
    </trkpt>
    <trkpt lat="37.566802" lon="127.000630">
      <ele>32.0</ele>
      <time>2026-07-20T19:06:49.000Z</time>
      <extensions><gpxtpx:TrackPointExtension><gpxtpx:hr>136</gpxtpx:hr></gpxtpx:TrackPointExtension></extensions>
    </trkpt>
    <trkpt lat="37.566787" lon="127.000602">
      <ele>32.0</ele>
      <time>2026-07-20T19:06:50.000Z</time>
      <extensions><gpxtpx:TrackPointExtension><gpxtpx:hr>136</gpxtpx:hr></gpxtpx:TrackPointExtension></extensions>
    </trkpt>
    <trkpt lat="37.566772" lon="127.000565">
      <ele>32.0</ele>
      <time>2026-07-20T19:06:51.000Z</time>
      <extensions><gpxtpx:TrackPointExtension><gpxtpx:hr>137</gpxtpx:hr></gpxtpx:TrackPointExtension></extensions>
    </trkpt>
    <trkpt lat="37.566754" lon="127.000541">
      <ele>32.0</ele>
      <time>2026-07-20T19:06:52.000Z</time>
      <extensions><gpxtpx:TrackPointExtension><gpxtpx:hr>137</gpxtpx:hr></gpxtpx:TrackPointExtension></extensions>
    </trkpt>
    <trkpt lat="37.566725" lon="127.000515">
      <ele>32.0</ele>
      <time>2026-07-20T19:06:53.000Z</time>
      <extensions><gpxtpx:TrackPointExtension><gpxtpx:hr>137</gpxtpx:hr></gpxtpx:TrackPointExtension></extensions>
    </trkpt>
    <trkpt lat="37.566744" lon="127.000543">
      <ele>32.0</ele>
      <time>2026-07-20T19:06:54.000Z</time>
      <extensions><gpxtpx:TrackPointExtension><gpxtpx:hr>138</gpxtpx:hr></gpxtpx:TrackPointExtension></extensions>
    </trkpt>
    <trkpt lat="37.566724" lon="127.000562">
      <ele>32.0</ele>
      <time>2026-07-20T19:06:55.000Z</time>
      <extensions><gpxtpx:TrackPointExtension><gpxtpx:hr>138</gpxtpx:hr></gpxtpx:TrackPointExtension></extensions>
    </trkpt>
    <trkpt lat="37.566713" lon="127.000563">
      <ele>32.0</ele>
      <time>2026-07-20T19:06:56.000Z</time>
      <extensions><gpxtpx:TrackPointExtension><gpxtpx:hr>137</gpxtpx:hr></gpxtpx:TrackPointExtension></extensions>
    </trkpt>
    <trkpt lat="37.566701" lon="127.000576">
      <ele>32.0</ele>
      <time>2026-07-20T19:06:57.000Z</time>
      <extensions><gpxtpx:TrackPointExtension><gpxtpx:hr>137</gpxtpx:hr></gpxtpx:TrackPointExtension></extensions>
    </trkpt>
    <trkpt lat="37.566673" lon="127.000591">
      <ele>32.0</ele>
      <time>2026-07-20T19:06:58.000Z</time>
      <extensions><gpxtpx:TrackPointExtension><gpxtpx:hr>137</gpxtpx:hr></gpxtpx:TrackPointExtension></extensions>
    </trkpt>
    <trkpt lat="37.566659" lon="127.000598">
      <ele>32.0</ele>
      <time>2026-07-20T19:06:59.000Z</time>
      <extensions><gpxtpx:TrackPointExtension><gpxtpx:hr>137</gpxtpx:hr></gpxtpx:TrackPointExtension></extensions>
    </trkpt>
    <trkpt lat="37.566649" lon="127.000609">
      <ele>32.0</ele>
      <time>2026-07-20T19:07:00.000Z</time>
      <extensions><gpxtpx:TrackPointExtension><gpxtpx:hr>136</gpxtpx:hr></gpxtpx:TrackPointExtension></extensions>
    </trkpt>
    <trkpt lat="37.566628" lon="127.000626">
      <ele>32.0</ele>
      <time>2026-07-20T19:07:01.000Z</time>
      <extensions><gpxtpx:TrackPointExtension><gpxtpx:hr>136</gpxtpx:hr></gpxtpx:TrackPointExtension></extensions>
    </trkpt>
    <trkpt lat="37.566616" lon="127.000625">
      <ele>32.0</ele>
      <time>2026-07-20T19:07:02.000Z</time>
      <extensions><gpxtpx:TrackPointExtension><gpxtpx:hr>136</gpxtpx:hr></gpxtpx:TrackPointExtension></extensions>
    </trkpt>
    <trkpt lat="37.566639" lon="127.000620">
      <ele>32.0</ele>
      <time>2026-07-20T19:07:03.000Z</time>
      <extensions><gpxtpx:TrackPointExtension><gpxtpx:hr>136</gpxtpx:hr></gpxtpx:TrackPointExtension></extensions>
    </trkpt>
    <trkpt lat="37.566663" lon="127.000618">
      <ele>32.0</ele>
      <time>2026-07-20T19:07:04.000Z</time>
      <extensions><gpxtpx:TrackPointExtension><gpxtpx:hr>136</gpxtpx:hr></gpxtpx:TrackPointExtension></extensions>
    </trkpt>
    <trkpt lat="37.566689" lon="127.000618">
      <ele>32.0</ele>
      <time>2026-07-20T19:07:05.000Z</time>
      <extensions><gpxtpx:TrackPointExtension><gpxtpx:hr>136</gpxtpx:hr></gpxtpx:TrackPointExtension></extensions>
    </trkpt>
    <trkpt lat="37.566708" lon="127.000611">
      <ele>32.0</ele>
      <time>2026-07-20T19:07:06.000Z</time>
      <extensions><gpxtpx:TrackPointExtension><gpxtpx:hr>136</gpxtpx:hr></gpxtpx:TrackPointExtension></extensions>
    </trkpt>
    <trkpt lat="37.566736" lon="127.000613">
      <ele>32.0</ele>
      <time>2026-07-20T19:07:07.000Z</time>
      <extensions><gpxtpx:TrackPointExtension><gpxtpx:hr>136</gpxtpx:hr></gpxtpx:TrackPointExtension></extensions>
    </trkpt>
    <trkpt lat="37.566771" lon="127.000604">
      <ele>32.0</ele>
      <time>2026-07-20T19:07:08.000Z</time>
      <extensions><gpxtpx:TrackPointExtension><gpxtpx:hr>137</gpxtpx:hr></gpxtpx:TrackPointExtension></extensions>
    </trkpt>
    <trkpt lat="37.566804" lon="127.000593">
      <ele>32.0</ele>
      <time>2026-07-20T19:07:09.000Z</time>
      <extensions><gpxtpx:TrackPointExtension><gpxtpx:hr>137</gpxtpx:hr></gpxtpx:TrackPointExtension></extensions>
    </trkpt>
    <trkpt lat="37.566832" lon="127.000578">
      <ele>32.0</ele>
      <time>2026-07-20T19:07:10.000Z</time>
      <extensions><gpxtpx:TrackPointExtension><gpxtpx:hr>138</gpxtpx:hr></gpxtpx:TrackPointExtension></extensions>
    </trkpt>
    <trkpt lat="37.566857" lon="127.000582">
      <ele>32.0</ele>
      <time>2026-07-20T19:07:11.000Z</time>
      <extensions><gpxtpx:TrackPointExtension><gpxtpx:hr>138</gpxtpx:hr></gpxtpx:TrackPointExtension></extensions>
    </trkpt>
    <trkpt lat="37.566848" lon="127.000525">
      <ele>32.0</ele>
      <time>2026-07-20T19:07:12.000Z</time>
      <extensions><gpxtpx:TrackPointExtension><gpxtpx:hr>139</gpxtpx:hr></gpxtpx:TrackPointExtension></extensions>
    </trkpt>
    <trkpt lat="37.566817" lon="127.000481">
      <ele>32.0</ele>
      <time>2026-07-20T19:07:13.000Z</time>
      <extensions><gpxtpx:TrackPointExtension><gpxtpx:hr>140</gpxtpx:hr></gpxtpx:TrackPointExtension></extensions>
    </trkpt>
    <trkpt lat="37.566807" lon="127.000417">
      <ele>32.0</ele>
      <time>2026-07-20T19:07:14.000Z</time>
      <extensions><gpxtpx:TrackPointExtension><gpxtpx:hr>141</gpxtpx:hr></gpxtpx:TrackPointExtension></extensions>
    </trkpt>
    <trkpt lat="37.566783" lon="127.000359">
      <ele>32.0</ele>
      <time>2026-07-20T19:07:15.000Z</time>
      <extensions><gpxtpx:TrackPointExtension><gpxtpx:hr>142</gpxtpx:hr></gpxtpx:TrackPointExtension></extensions>
    </trkpt>
    <trkpt lat="37.566758" lon="127.000312">
      <ele>32.0</ele>
      <time>2026-07-20T19:07:16.000Z</time>
      <extensions><gpxtpx:TrackPointExtension><gpxtpx:hr>143</gpxtpx:hr></gpxtpx:TrackPointExtension></extensions>
    </trkpt>
    <trkpt lat="37.566780" lon="127.000373">
      <ele>32.0</ele>
      <time>2026-07-20T19:07:17.000Z</time>
      <extensions><gpxtpx:TrackPointExtension><gpxtpx:hr>144</gpxtpx:hr></gpxtpx:TrackPointExtension></extensions>
    </trkpt>
    <trkpt lat="37.566767" lon="127.000318">
      <ele>32.0</ele>
      <time>2026-07-20T19:07:18.000Z</time>
      <extensions><gpxtpx:TrackPointExtension><gpxtpx:hr>145</gpxtpx:hr></gpxtpx:TrackPointExtension></extensions>
    </trkpt>
    <trkpt lat="37.566755" lon="127.000356">
      <ele>32.0</ele>
      <time>2026-07-20T19:07:19.000Z</time>
      <extensions><gpxtpx:TrackPointExtension><gpxtpx:hr>145</gpxtpx:hr></gpxtpx:TrackPointExtension></extensions>
    </trkpt>
    <trkpt lat="37.566734" lon="127.000401">
      <ele>32.0</ele>
      <time>2026-07-20T19:07:20.000Z</time>
      <extensions><gpxtpx:TrackPointExtension><gpxtpx:hr>145</gpxtpx:hr></gpxtpx:TrackPointExtension></extensions>
    </trkpt>
    <trkpt lat="37.566731" lon="127.000428">
      <ele>32.0</ele>
      <time>2026-07-20T19:07:21.000Z</time>
      <extensions><gpxtpx:TrackPointExtension><gpxtpx:hr>145</gpxtpx:hr></gpxtpx:TrackPointExtension></extensions>
    </trkpt>
    <trkpt lat="37.566718" lon="127.000477">
      <ele>32.0</ele>
      <time>2026-07-20T19:07:22.000Z</time>
      <extensions><gpxtpx:TrackPointExtension><gpxtpx:hr>145</gpxtpx:hr></gpxtpx:TrackPointExtension></extensions>
    </trkpt>
    <trkpt lat="37.566732" lon="127.000426">
      <ele>32.0</ele>
      <time>2026-07-20T19:07:23.000Z</time>
      <extensions><gpxtpx:TrackPointExtension><gpxtpx:hr>145</gpxtpx:hr></gpxtpx:TrackPointExtension></extensions>
    </trkpt>
    <trkpt lat="37.566741" lon="127.000401">
      <ele>32.0</ele>
      <time>2026-07-20T19:07:24.000Z</time>
      <extensions><gpxtpx:TrackPointExtension><gpxtpx:hr>145</gpxtpx:hr></gpxtpx:TrackPointExtension></extensions>
    </trkpt>
    <trkpt lat="37.566757" lon="127.000351">
      <ele>32.0</ele>
      <time>2026-07-20T19:07:25.000Z</time>
      <extensions><gpxtpx:TrackPointExtension><gpxtpx:hr>145</gpxtpx:hr></gpxtpx:TrackPointExtension></extensions>
    </trkpt>
    <trkpt lat="37.566763" lon="127.000331">
      <ele>32.0</ele>
      <time>2026-07-20T19:07:26.000Z</time>
      <extensions><gpxtpx:TrackPointExtension><gpxtpx:hr>145</gpxtpx:hr></gpxtpx:TrackPointExtension></extensions>
    </trkpt>
    <trkpt lat="37.566775" lon="127.000300">
      <ele>32.0</ele>
      <time>2026-07-20T19:07:27.000Z</time>
      <extensions><gpxtpx:TrackPointExtension><gpxtpx:hr>145</gpxtpx:hr></gpxtpx:TrackPointExtension></extensions>
    </trkpt>
    <trkpt lat="37.566787" lon="127.000266">
      <ele>32.0</ele>
      <time>2026-07-20T19:07:28.000Z</time>
      <extensions><gpxtpx:TrackPointExtension><gpxtpx:hr>145</gpxtpx:hr></gpxtpx:TrackPointExtension></extensions>
    </trkpt>
    <trkpt lat="37.566781" lon="127.000285">
      <ele>32.0</ele>
      <time>2026-07-20T19:07:29.000Z</time>
      <extensions><gpxtpx:TrackPointExtension><gpxtpx:hr>145</gpxtpx:hr></gpxtpx:TrackPointExtension></extensions>
    </trkpt>
    <trkpt lat="37.566791" lon="127.000255">
      <ele>32.0</ele>
      <time>2026-07-20T19:07:30.000Z</time>
      <extensions><gpxtpx:TrackPointExtension><gpxtpx:hr>145</gpxtpx:hr></gpxtpx:TrackPointExtension></extensions>
    </trkpt>
    <trkpt lat="37.566782" lon="127.000297">
      <ele>32.0</ele>
      <time>2026-07-20T19:07:31.000Z</time>
      <extensions><gpxtpx:TrackPointExtension><gpxtpx:hr>145</gpxtpx:hr></gpxtpx:TrackPointExtension></extensions>
    </trkpt>
    <trkpt lat="37.566787" lon="127.000265">
      <ele>32.0</ele>
      <time>2026-07-20T19:07:32.000Z</time>
      <extensions><gpxtpx:TrackPointExtension><gpxtpx:hr>144</gpxtpx:hr></gpxtpx:TrackPointExtension></extensions>
    </trkpt>
    <trkpt lat="37.566807" lon="127.000322">
      <ele>32.0</ele>
      <time>2026-07-20T19:07:33.000Z</time>
      <extensions><gpxtpx:TrackPointExtension><gpxtpx:hr>145</gpxtpx:hr></gpxtpx:TrackPointExtension></extensions>
    </trkpt>
    <trkpt lat="37.566810" lon="127.000366">
      <ele>32.0</ele>
      <time>2026-07-20T19:07:34.000Z</time>
      <extensions><gpxtpx:TrackPointExtension><gpxtpx:hr>146</gpxtpx:hr></gpxtpx:TrackPointExtension></extensions>
    </trkpt>
    <trkpt lat="37.566821" lon="127.000435">
      <ele>32.0</ele>
      <time>2026-07-20T19:07:35.000Z</time>
      <extensions><gpxtpx:TrackPointExtension><gpxtpx:hr>147</gpxtpx:hr></gpxtpx:TrackPointExtension></extensions>
    </trkpt>
    <trkpt lat="37.566802" lon="127.000490">
      <ele>32.0</ele>
      <time>2026-07-20T19:07:36.000Z</time>
      <extensions><gpxtpx:TrackPointExtension><gpxtpx:hr>148</gpxtpx:hr></gpxtpx:TrackPointExtension></extensions>
    </trkpt>
    <trkpt lat="37.566776" lon="127.000542">
      <ele>32.0</ele>
      <time>2026-07-20T19:07:37.000Z</time>
      <extensions><gpxtpx:TrackPointExtension><gpxtpx:hr>148</gpxtpx:hr></gpxtpx:TrackPointExtension></extensions>
    </trkpt>
    <trkpt lat="37.566756" lon="127.000579">
      <ele>32.0</ele>
      <time>2026-07-20T19:07:38.000Z</time>
      <extensions><gpxtpx:TrackPointExtension><gpxtpx:hr>149</gpxtpx:hr></gpxtpx:TrackPointExtension></extensions>
    </trkpt>
    <trkpt lat="37.566723" lon="127.000626">
      <ele>32.0</ele>
      <time>2026-07-20T19:07:39.000Z</time>
      <extensions><gpxtpx:TrackPointExtension><gpxtpx:hr>149</gpxtpx:hr></gpxtpx:TrackPointExtension></extensions>
    </trkpt>
    <trkpt lat="37.566710" lon="127.000682">
      <ele>32.0</ele>
      <time>2026-07-20T19:07:40.000Z</time>
      <extensions><gpxtpx:TrackPointExtension><gpxtpx:hr>150</gpxtpx:hr></gpxtpx:TrackPointExtension></extensions>
    </trkpt>
    <trkpt lat="37.566717" lon="127.000646">
      <ele>32.0</ele>
      <time>2026-07-20T19:07:41.000Z</time>
      <extensions><gpxtpx:TrackPointExtension><gpxtpx:hr>150</gpxtpx:hr></gpxtpx:TrackPointExtension></extensions>
    </trkpt>
    <trkpt lat="37.566720" lon="127.000607">
      <ele>32.0</ele>
      <time>2026-07-20T19:07:42.000Z</time>
      <extensions><gpxtpx:TrackPointExtension><gpxtpx:hr>149</gpxtpx:hr></gpxtpx:TrackPointExtension></extensions>
    </trkpt>
    <trkpt lat="37.566734" lon="127.000586">
      <ele>32.0</ele>
      <time>2026-07-20T19:07:43.000Z</time>
      <extensions><gpxtpx:TrackPointExtension><gpxtpx:hr>149</gpxtpx:hr></gpxtpx:TrackPointExtension></extensions>
    </trkpt>
    <trkpt lat="37.566729" lon="127.000565">
      <ele>32.0</ele>
      <time>2026-07-20T19:07:44.000Z</time>
      <extensions><gpxtpx:TrackPointExtension><gpxtpx:hr>148</gpxtpx:hr></gpxtpx:TrackPointExtension></extensions>
    </trkpt>
    <trkpt lat="37.566741" lon="127.000547">
      <ele>32.0</ele>
      <time>2026-07-20T19:07:45.000Z</time>
      <extensions><gpxtpx:TrackPointExtension><gpxtpx:hr>147</gpxtpx:hr></gpxtpx:TrackPointExtension></extensions>
    </trkpt>
    <trkpt lat="37.566747" lon="127.000516">
      <ele>32.0</ele>
      <time>2026-07-20T19:07:46.000Z</time>
      <extensions><gpxtpx:TrackPointExtension><gpxtpx:hr>147</gpxtpx:hr></gpxtpx:TrackPointExtension></extensions>
    </trkpt>
    <trkpt lat="37.566750" lon="127.000491">
      <ele>32.0</ele>
      <time>2026-07-20T19:07:47.000Z</time>
      <extensions><gpxtpx:TrackPointExtension><gpxtpx:hr>146</gpxtpx:hr></gpxtpx:TrackPointExtension></extensions>
    </trkpt>
    <trkpt lat="37.566754" lon="127.000481">
      <ele>32.0</ele>
      <time>2026-07-20T19:07:48.000Z</time>
      <extensions><gpxtpx:TrackPointExtension><gpxtpx:hr>145</gpxtpx:hr></gpxtpx:TrackPointExtension></extensions>
    </trkpt>
    <trkpt lat="37.566765" lon="127.000468">
      <ele>32.0</ele>
      <time>2026-07-20T19:07:49.000Z</time>
      <extensions><gpxtpx:TrackPointExtension><gpxtpx:hr>144</gpxtpx:hr></gpxtpx:TrackPointExtension></extensions>
    </trkpt>
    <trkpt lat="37.566756" lon="127.000441">
      <ele>32.0</ele>
      <time>2026-07-20T19:07:50.000Z</time>
      <extensions><gpxtpx:TrackPointExtension><gpxtpx:hr>143</gpxtpx:hr></gpxtpx:TrackPointExtension></extensions>
    </trkpt>
    <trkpt lat="37.566767" lon="127.000428">
      <ele>32.0</ele>
      <time>2026-07-20T19:07:51.000Z</time>
      <extensions><gpxtpx:TrackPointExtension><gpxtpx:hr>143</gpxtpx:hr></gpxtpx:TrackPointExtension></extensions>
    </trkpt>
    <trkpt lat="37.566755" lon="127.000416">
      <ele>32.0</ele>
      <time>2026-07-20T19:07:52.000Z</time>
      <extensions><gpxtpx:TrackPointExtension><gpxtpx:hr>142</gpxtpx:hr></gpxtpx:TrackPointExtension></extensions>
    </trkpt>
    <trkpt lat="37.566742" lon="127.000393">
      <ele>32.0</ele>
      <time>2026-07-20T19:07:53.000Z</time>
      <extensions><gpxtpx:TrackPointExtension><gpxtpx:hr>142</gpxtpx:hr></gpxtpx:TrackPointExtension></extensions>
    </trkpt>
    <trkpt lat="37.566722" lon="127.000369">
      <ele>32.0</ele>
      <time>2026-07-20T19:07:54.000Z</time>
      <extensions><gpxtpx:TrackPointExtension><gpxtpx:hr>142</gpxtpx:hr></gpxtpx:TrackPointExtension></extensions>
    </trkpt>
    <trkpt lat="37.566702" lon="127.000346">
      <ele>32.0</ele>
      <time>2026-07-20T19:07:55.000Z</time>
      <extensions><gpxtpx:TrackPointExtension><gpxtpx:hr>141</gpxtpx:hr></gpxtpx:TrackPointExtension></extensions>
    </trkpt>
    <trkpt lat="37.566687" lon="127.000323">
      <ele>32.0</ele>
      <time>2026-07-20T19:07:56.000Z</time>
      <extensions><gpxtpx:TrackPointExtension><gpxtpx:hr>142</gpxtpx:hr></gpxtpx:TrackPointExtension></extensions>
    </trkpt>
    <trkpt lat="37.566670" lon="127.000293">
      <ele>32.0</ele>
      <time>2026-07-20T19:07:57.000Z</time>
      <extensions><gpxtpx:TrackPointExtension><gpxtpx:hr>142</gpxtpx:hr></gpxtpx:TrackPointExtension></extensions>
    </trkpt>
    <trkpt lat="37.566674" lon="127.000323">
      <ele>32.0</ele>
      <time>2026-07-20T19:07:58.000Z</time>
      <extensions><gpxtpx:TrackPointExtension><gpxtpx:hr>141</gpxtpx:hr></gpxtpx:TrackPointExtension></extensions>
    </trkpt>
    <trkpt lat="37.566672" lon="127.000343">
      <ele>32.0</ele>
      <time>2026-07-20T19:07:59.000Z</time>
      <extensions><gpxtpx:TrackPointExtension><gpxtpx:hr>141</gpxtpx:hr></gpxtpx:TrackPointExtension></extensions>
    </trkpt>
    <trkpt lat="37.566685" lon="127.000371">
      <ele>32.0</ele>
      <time>2026-07-20T19:08:00.000Z</time>
      <extensions><gpxtpx:TrackPointExtension><gpxtpx:hr>140</gpxtpx:hr></gpxtpx:TrackPointExtension></extensions>
    </trkpt>
    <trkpt lat="37.566687" lon="127.000385">
      <ele>32.0</ele>
      <time>2026-07-20T19:08:01.000Z</time>
      <extensions><gpxtpx:TrackPointExtension><gpxtpx:hr>140</gpxtpx:hr></gpxtpx:TrackPointExtension></extensions>
    </trkpt>
    <trkpt lat="37.566695" lon="127.000409">
      <ele>32.0</ele>
      <time>2026-07-20T19:08:02.000Z</time>
      <extensions><gpxtpx:TrackPointExtension><gpxtpx:hr>139</gpxtpx:hr></gpxtpx:TrackPointExtension></extensions>
    </trkpt>
    <trkpt lat="37.566700" lon="127.000426">
      <ele>32.0</ele>
      <time>2026-07-20T19:08:03.000Z</time>
      <extensions><gpxtpx:TrackPointExtension><gpxtpx:hr>139</gpxtpx:hr></gpxtpx:TrackPointExtension></extensions>
    </trkpt>
    <trkpt lat="37.566720" lon="127.000417">
      <ele>32.0</ele>
      <time>2026-07-20T19:08:04.000Z</time>
      <extensions><gpxtpx:TrackPointExtension><gpxtpx:hr>138</gpxtpx:hr></gpxtpx:TrackPointExtension></extensions>
    </trkpt>
    <trkpt lat="37.566740" lon="127.000411">
      <ele>32.0</ele>
      <time>2026-07-20T19:08:05.000Z</time>
      <extensions><gpxtpx:TrackPointExtension><gpxtpx:hr>138</gpxtpx:hr></gpxtpx:TrackPointExtension></extensions>
    </trkpt>
    <trkpt lat="37.566758" lon="127.000413">
      <ele>32.0</ele>
      <time>2026-07-20T19:08:06.000Z</time>
      <extensions><gpxtpx:TrackPointExtension><gpxtpx:hr>138</gpxtpx:hr></gpxtpx:TrackPointExtension></extensions>
    </trkpt>
    <trkpt lat="37.566772" lon="127.000410">
      <ele>32.0</ele>
      <time>2026-07-20T19:08:07.000Z</time>
      <extensions><gpxtpx:TrackPointExtension><gpxtpx:hr>137</gpxtpx:hr></gpxtpx:TrackPointExtension></extensions>
    </trkpt>
    <trkpt lat="37.566775" lon="127.000411">
      <ele>32.0</ele>
      <time>2026-07-20T19:08:08.000Z</time>
      <extensions><gpxtpx:TrackPointExtension><gpxtpx:hr>137</gpxtpx:hr></gpxtpx:TrackPointExtension></extensions>
    </trkpt>
    <trkpt lat="37.566789" lon="127.000412">
      <ele>32.0</ele>
      <time>2026-07-20T19:08:09.000Z</time>
      <extensions><gpxtpx:TrackPointExtension><gpxtpx:hr>136</gpxtpx:hr></gpxtpx:TrackPointExtension></extensions>
    </trkpt>
    <trkpt lat="37.566804" lon="127.000416">
      <ele>32.0</ele>
      <time>2026-07-20T19:08:10.000Z</time>
      <extensions><gpxtpx:TrackPointExtension><gpxtpx:hr>136</gpxtpx:hr></gpxtpx:TrackPointExtension></extensions>
    </trkpt>
    <trkpt lat="37.566812" lon="127.000410">
      <ele>32.0</ele>
      <time>2026-07-20T19:08:11.000Z</time>
      <extensions><gpxtpx:TrackPointExtension><gpxtpx:hr>136</gpxtpx:hr></gpxtpx:TrackPointExtension></extensions>
    </trkpt>
    <trkpt lat="37.566828" lon="127.000406">
      <ele>32.0</ele>
      <time>2026-07-20T19:08:12.000Z</time>
      <extensions><gpxtpx:TrackPointExtension><gpxtpx:hr>135</gpxtpx:hr></gpxtpx:TrackPointExtension></extensions>
    </trkpt>
    <trkpt lat="37.566850" lon="127.000407">
      <ele>32.0</ele>
      <time>2026-07-20T19:08:13.000Z</time>
      <extensions><gpxtpx:TrackPointExtension><gpxtpx:hr>135</gpxtpx:hr></gpxtpx:TrackPointExtension></extensions>
    </trkpt>
    <trkpt lat="37.566861" lon="127.000412">
      <ele>32.0</ele>
      <time>2026-07-20T19:08:14.000Z</time>
      <extensions><gpxtpx:TrackPointExtension><gpxtpx:hr>134</gpxtpx:hr></gpxtpx:TrackPointExtension></extensions>
    </trkpt>
    <trkpt lat="37.566848" lon="127.000444">
      <ele>32.0</ele>
      <time>2026-07-20T19:08:15.000Z</time>
      <extensions><gpxtpx:TrackPointExtension><gpxtpx:hr>135</gpxtpx:hr></gpxtpx:TrackPointExtension></extensions>
    </trkpt>
    <trkpt lat="37.566827" lon="127.000459">
      <ele>32.0</ele>
      <time>2026-07-20T19:08:16.000Z</time>
      <extensions><gpxtpx:TrackPointExtension><gpxtpx:hr>135</gpxtpx:hr></gpxtpx:TrackPointExtension></extensions>
    </trkpt>
    <trkpt lat="37.566816" lon="127.000487">
      <ele>32.0</ele>
      <time>2026-07-20T19:08:17.000Z</time>
      <extensions><gpxtpx:TrackPointExtension><gpxtpx:hr>135</gpxtpx:hr></gpxtpx:TrackPointExtension></extensions>
    </trkpt>
    <trkpt lat="37.566803" lon="127.000516">
      <ele>32.0</ele>
      <time>2026-07-20T19:08:18.000Z</time>
      <extensions><gpxtpx:TrackPointExtension><gpxtpx:hr>135</gpxtpx:hr></gpxtpx:TrackPointExtension></extensions>
    </trkpt>
    <trkpt lat="37.566793" lon="127.000540">
      <ele>32.0</ele>
      <time>2026-07-20T19:08:19.000Z</time>
      <extensions><gpxtpx:TrackPointExtension><gpxtpx:hr>135</gpxtpx:hr></gpxtpx:TrackPointExtension></extensions>
    </trkpt>
    <trkpt lat="37.566770" lon="127.000572">
      <ele>32.0</ele>
      <time>2026-07-20T19:08:20.000Z</time>
      <extensions><gpxtpx:TrackPointExtension><gpxtpx:hr>136</gpxtpx:hr></gpxtpx:TrackPointExtension></extensions>
    </trkpt>
    <trkpt lat="37.566756" lon="127.000595">
      <ele>32.0</ele>
      <time>2026-07-20T19:08:21.000Z</time>
      <extensions><gpxtpx:TrackPointExtension><gpxtpx:hr>136</gpxtpx:hr></gpxtpx:TrackPointExtension></extensions>
    </trkpt>
    <trkpt lat="37.566746" lon="127.000617">
      <ele>32.0</ele>
      <time>2026-07-20T19:08:22.000Z</time>
      <extensions><gpxtpx:TrackPointExtension><gpxtpx:hr>136</gpxtpx:hr></gpxtpx:TrackPointExtension></extensions>
    </trkpt>
    <trkpt lat="37.566727" lon="127.000656">
      <ele>32.0</ele>
      <time>2026-07-20T19:08:23.000Z</time>
      <extensions><gpxtpx:TrackPointExtension><gpxtpx:hr>137</gpxtpx:hr></gpxtpx:TrackPointExtension></extensions>
    </trkpt>
    <trkpt lat="37.566743" lon="127.000632">
      <ele>32.0</ele>
      <time>2026-07-20T19:08:24.000Z</time>
      <extensions><gpxtpx:TrackPointExtension><gpxtpx:hr>137</gpxtpx:hr></gpxtpx:TrackPointExtension></extensions>
    </trkpt>
    <trkpt lat="37.566788" lon="127.000608">
      <ele>32.0</ele>
      <time>2026-07-20T19:08:25.000Z</time>
      <extensions><gpxtpx:TrackPointExtension><gpxtpx:hr>138</gpxtpx:hr></gpxtpx:TrackPointExtension></extensions>
    </trkpt>
    <trkpt lat="37.566830" lon="127.000591">
      <ele>32.0</ele>
      <time>2026-07-20T19:08:26.000Z</time>
      <extensions><gpxtpx:TrackPointExtension><gpxtpx:hr>139</gpxtpx:hr></gpxtpx:TrackPointExtension></extensions>
    </trkpt>
    <trkpt lat="37.566878" lon="127.000577">
      <ele>32.0</ele>
      <time>2026-07-20T19:08:27.000Z</time>
      <extensions><gpxtpx:TrackPointExtension><gpxtpx:hr>140</gpxtpx:hr></gpxtpx:TrackPointExtension></extensions>
    </trkpt>
    <trkpt lat="37.566920" lon="127.000563">
      <ele>32.0</ele>
      <time>2026-07-20T19:08:28.000Z</time>
      <extensions><gpxtpx:TrackPointExtension><gpxtpx:hr>141</gpxtpx:hr></gpxtpx:TrackPointExtension></extensions>
    </trkpt>
    <trkpt lat="37.566899" lon="127.000517">
      <ele>32.0</ele>
      <time>2026-07-20T19:08:29.000Z</time>
      <extensions><gpxtpx:TrackPointExtension><gpxtpx:hr>142</gpxtpx:hr></gpxtpx:TrackPointExtension></extensions>
    </trkpt>
    <trkpt lat="37.566866" lon="127.000486">
      <ele>32.0</ele>
      <time>2026-07-20T19:08:30.000Z</time>
      <extensions><gpxtpx:TrackPointExtension><gpxtpx:hr>142</gpxtpx:hr></gpxtpx:TrackPointExtension></extensions>
    </trkpt>
    <trkpt lat="37.566842" lon="127.000462">
      <ele>32.0</ele>
      <time>2026-07-20T19:08:31.000Z</time>
      <extensions><gpxtpx:TrackPointExtension><gpxtpx:hr>142</gpxtpx:hr></gpxtpx:TrackPointExtension></extensions>
    </trkpt>
    <trkpt lat="37.566824" lon="127.000425">
      <ele>32.0</ele>
      <time>2026-07-20T19:08:32.000Z</time>
      <extensions><gpxtpx:TrackPointExtension><gpxtpx:hr>142</gpxtpx:hr></gpxtpx:TrackPointExtension></extensions>
    </trkpt>
    <trkpt lat="37.566810" lon="127.000455">
      <ele>32.0</ele>
      <time>2026-07-20T19:08:33.000Z</time>
      <extensions><gpxtpx:TrackPointExtension><gpxtpx:hr>142</gpxtpx:hr></gpxtpx:TrackPointExtension></extensions>
    </trkpt>
    <trkpt lat="37.566807" lon="127.000490">
      <ele>32.0</ele>
      <time>2026-07-20T19:08:34.000Z</time>
      <extensions><gpxtpx:TrackPointExtension><gpxtpx:hr>142</gpxtpx:hr></gpxtpx:TrackPointExtension></extensions>
    </trkpt>
    <trkpt lat="37.566788" lon="127.000516">
      <ele>32.0</ele>
      <time>2026-07-20T19:08:35.000Z</time>
      <extensions><gpxtpx:TrackPointExtension><gpxtpx:hr>142</gpxtpx:hr></gpxtpx:TrackPointExtension></extensions>
    </trkpt>
    <trkpt lat="37.566773" lon="127.000547">
      <ele>32.0</ele>
      <time>2026-07-20T19:08:36.000Z</time>
      <extensions><gpxtpx:TrackPointExtension><gpxtpx:hr>142</gpxtpx:hr></gpxtpx:TrackPointExtension></extensions>
    </trkpt>
    <trkpt lat="37.566764" lon="127.000573">
      <ele>32.0</ele>
      <time>2026-07-20T19:08:37.000Z</time>
      <extensions><gpxtpx:TrackPointExtension><gpxtpx:hr>142</gpxtpx:hr></gpxtpx:TrackPointExtension></extensions>
    </trkpt>
    <trkpt lat="37.566743" lon="127.000611">
      <ele>32.0</ele>
      <time>2026-07-20T19:08:38.000Z</time>
      <extensions><gpxtpx:TrackPointExtension><gpxtpx:hr>142</gpxtpx:hr></gpxtpx:TrackPointExtension></extensions>
    </trkpt>
    <trkpt lat="37.566732" lon="127.000648">
      <ele>32.0</ele>
      <time>2026-07-20T19:08:39.000Z</time>
      <extensions><gpxtpx:TrackPointExtension><gpxtpx:hr>142</gpxtpx:hr></gpxtpx:TrackPointExtension></extensions>
    </trkpt>
    <trkpt lat="37.566747" lon="127.000579">
      <ele>32.0</ele>
      <time>2026-07-20T19:08:40.000Z</time>
      <extensions><gpxtpx:TrackPointExtension><gpxtpx:hr>144</gpxtpx:hr></gpxtpx:TrackPointExtension></extensions>
    </trkpt>
    <trkpt lat="37.566770" lon="127.000497">
      <ele>32.0</ele>
      <time>2026-07-20T19:08:41.000Z</time>
      <extensions><gpxtpx:TrackPointExtension><gpxtpx:hr>146</gpxtpx:hr></gpxtpx:TrackPointExtension></extensions>
    </trkpt>
    <trkpt lat="37.566791" lon="127.000404">
      <ele>32.0</ele>
      <time>2026-07-20T19:08:42.000Z</time>
      <extensions><gpxtpx:TrackPointExtension><gpxtpx:hr>148</gpxtpx:hr></gpxtpx:TrackPointExtension></extensions>
    </trkpt>
    <trkpt lat="37.566837" lon="127.000473">
      <ele>32.0</ele>
      <time>2026-07-20T19:08:43.000Z</time>
      <extensions><gpxtpx:TrackPointExtension><gpxtpx:hr>149</gpxtpx:hr></gpxtpx:TrackPointExtension></extensions>
    </trkpt>
    <trkpt lat="37.566879" lon="127.000526">
      <ele>32.0</ele>
      <time>2026-07-20T19:08:44.000Z</time>
      <extensions><gpxtpx:TrackPointExtension><gpxtpx:hr>151</gpxtpx:hr></gpxtpx:TrackPointExtension></extensions>
    </trkpt>
    <trkpt lat="37.566921" lon="127.000587">
      <ele>32.0</ele>
      <time>2026-07-20T19:08:45.000Z</time>
      <extensions><gpxtpx:TrackPointExtension><gpxtpx:hr>152</gpxtpx:hr></gpxtpx:TrackPointExtension></extensions>
    </trkpt>
    <trkpt lat="37.566962" lon="127.000664">
      <ele>32.0</ele>
      <time>2026-07-20T19:08:46.000Z</time>
      <extensions><gpxtpx:TrackPointExtension><gpxtpx:hr>154</gpxtpx:hr></gpxtpx:TrackPointExtension></extensions>
    </trkpt>
    <trkpt lat="37.566923" lon="127.000606">
      <ele>32.0</ele>
      <time>2026-07-20T19:08:47.000Z</time>
      <extensions><gpxtpx:TrackPointExtension><gpxtpx:hr>154</gpxtpx:hr></gpxtpx:TrackPointExtension></extensions>
    </trkpt>
    <trkpt lat="37.566892" lon="127.000567">
      <ele>32.0</ele>
      <time>2026-07-20T19:08:48.000Z</time>
      <extensions><gpxtpx:TrackPointExtension><gpxtpx:hr>155</gpxtpx:hr></gpxtpx:TrackPointExtension></extensions>
    </trkpt>
    <trkpt lat="37.566854" lon="127.000522">
      <ele>32.0</ele>
      <time>2026-07-20T19:08:49.000Z</time>
      <extensions><gpxtpx:TrackPointExtension><gpxtpx:hr>155</gpxtpx:hr></gpxtpx:TrackPointExtension></extensions>
    </trkpt>
    <trkpt lat="37.566833" lon="127.000445">
      <ele>32.0</ele>
      <time>2026-07-20T19:08:50.000Z</time>
      <extensions><gpxtpx:TrackPointExtension><gpxtpx:hr>156</gpxtpx:hr></gpxtpx:TrackPointExtension></extensions>
    </trkpt>
    <trkpt lat="37.566798" lon="127.000370">
      <ele>32.0</ele>
      <time>2026-07-20T19:08:51.000Z</time>
      <extensions><gpxtpx:TrackPointExtension><gpxtpx:hr>158</gpxtpx:hr></gpxtpx:TrackPointExtension></extensions>
    </trkpt>
    <trkpt lat="37.566785" lon="127.000422">
      <ele>32.0</ele>
      <time>2026-07-20T19:08:52.000Z</time>
      <extensions><gpxtpx:TrackPointExtension><gpxtpx:hr>158</gpxtpx:hr></gpxtpx:TrackPointExtension></extensions>
    </trkpt>
    <trkpt lat="37.566769" lon="127.000473">
      <ele>32.0</ele>
      <time>2026-07-20T19:08:53.000Z</time>
      <extensions><gpxtpx:TrackPointExtension><gpxtpx:hr>158</gpxtpx:hr></gpxtpx:TrackPointExtension></extensions>
    </trkpt>
    <trkpt lat="37.566750" lon="127.000509">
      <ele>32.0</ele>
      <time>2026-07-20T19:08:54.000Z</time>
      <extensions><gpxtpx:TrackPointExtension><gpxtpx:hr>157</gpxtpx:hr></gpxtpx:TrackPointExtension></extensions>
    </trkpt>
    <trkpt lat="37.566733" lon="127.000545">
      <ele>32.0</ele>
      <time>2026-07-20T19:08:55.000Z</time>
      <extensions><gpxtpx:TrackPointExtension><gpxtpx:hr>157</gpxtpx:hr></gpxtpx:TrackPointExtension></extensions>
    </trkpt>
    <trkpt lat="37.566727" lon="127.000572">
      <ele>32.0</ele>
      <time>2026-07-20T19:08:56.000Z</time>
      <extensions><gpxtpx:TrackPointExtension><gpxtpx:hr>156</gpxtpx:hr></gpxtpx:TrackPointExtension></extensions>
    </trkpt>
    <trkpt lat="37.566711" lon="127.000609">
      <ele>32.0</ele>
      <time>2026-07-20T19:08:57.000Z</time>
      <extensions><gpxtpx:TrackPointExtension><gpxtpx:hr>155</gpxtpx:hr></gpxtpx:TrackPointExtension></extensions>
    </trkpt>
    <trkpt lat="37.566717" lon="127.000629">
      <ele>32.0</ele>
      <time>2026-07-20T19:08:58.000Z</time>
      <extensions><gpxtpx:TrackPointExtension><gpxtpx:hr>154</gpxtpx:hr></gpxtpx:TrackPointExtension></extensions>
    </trkpt>
    <trkpt lat="37.566719" lon="127.000654">
      <ele>32.0</ele>
      <time>2026-07-20T19:08:59.000Z</time>
      <extensions><gpxtpx:TrackPointExtension><gpxtpx:hr>153</gpxtpx:hr></gpxtpx:TrackPointExtension></extensions>
    </trkpt>
    <trkpt lat="37.566714" lon="127.000671">
      <ele>32.0</ele>
      <time>2026-07-20T19:09:00.000Z</time>
      <extensions><gpxtpx:TrackPointExtension><gpxtpx:hr>152</gpxtpx:hr></gpxtpx:TrackPointExtension></extensions>
    </trkpt>
    <trkpt lat="37.566720" lon="127.000695">
      <ele>32.0</ele>
      <time>2026-07-20T19:09:01.000Z</time>
      <extensions><gpxtpx:TrackPointExtension><gpxtpx:hr>151</gpxtpx:hr></gpxtpx:TrackPointExtension></extensions>
    </trkpt>
    <trkpt lat="37.566713" lon="127.000699">
      <ele>32.0</ele>
      <time>2026-07-20T19:09:02.000Z</time>
      <extensions><gpxtpx:TrackPointExtension><gpxtpx:hr>149</gpxtpx:hr></gpxtpx:TrackPointExtension></extensions>
    </trkpt>
    <trkpt lat="37.566719" lon="127.000733">
      <ele>32.0</ele>
      <time>2026-07-20T19:09:03.000Z</time>
      <extensions><gpxtpx:TrackPointExtension><gpxtpx:hr>148</gpxtpx:hr></gpxtpx:TrackPointExtension></extensions>
    </trkpt>
    <trkpt lat="37.566713" lon="127.000749">
      <ele>32.0</ele>
      <time>2026-07-20T19:09:04.000Z</time>
      <extensions><gpxtpx:TrackPointExtension><gpxtpx:hr>147</gpxtpx:hr></gpxtpx:TrackPointExtension></extensions>
    </trkpt>
    <trkpt lat="37.566713" lon="127.000755">
      <ele>32.0</ele>
      <time>2026-07-20T19:09:05.000Z</time>
      <extensions><gpxtpx:TrackPointExtension><gpxtpx:hr>147</gpxtpx:hr></gpxtpx:TrackPointExtension></extensions>
    </trkpt>
    <trkpt lat="37.566720" lon="127.000776">
      <ele>32.0</ele>
      <time>2026-07-20T19:09:06.000Z</time>
      <extensions><gpxtpx:TrackPointExtension><gpxtpx:hr>146</gpxtpx:hr></gpxtpx:TrackPointExtension></extensions>
    </trkpt>
    <trkpt lat="37.566693" lon="127.000838">
      <ele>32.0</ele>
      <time>2026-07-20T19:09:07.000Z</time>
      <extensions><gpxtpx:TrackPointExtension><gpxtpx:hr>147</gpxtpx:hr></gpxtpx:TrackPointExtension></extensions>
    </trkpt>
    <trkpt lat="37.566665" lon="127.000924">
      <ele>32.0</ele>
      <time>2026-07-20T19:09:08.000Z</time>
      <extensions><gpxtpx:TrackPointExtension><gpxtpx:hr>148</gpxtpx:hr></gpxtpx:TrackPointExtension></extensions>
    </trkpt>
    <trkpt lat="37.566685" lon="127.000837">
      <ele>32.0</ele>
      <time>2026-07-20T19:09:09.000Z</time>
      <extensions><gpxtpx:TrackPointExtension><gpxtpx:hr>150</gpxtpx:hr></gpxtpx:TrackPointExtension></extensions>
    </trkpt>
    <trkpt lat="37.566667" lon="127.000920">
      <ele>32.0</ele>
      <time>2026-07-20T19:09:10.000Z</time>
      <extensions><gpxtpx:TrackPointExtension><gpxtpx:hr>152</gpxtpx:hr></gpxtpx:TrackPointExtension></extensions>
    </trkpt>
    <trkpt lat="37.566692" lon="127.000870">
      <ele>32.0</ele>
      <time>2026-07-20T19:09:11.000Z</time>
      <extensions><gpxtpx:TrackPointExtension><gpxtpx:hr>152</gpxtpx:hr></gpxtpx:TrackPointExtension></extensions>
    </trkpt>
    <trkpt lat="37.566709" lon="127.000832">
      <ele>32.0</ele>
      <time>2026-07-20T19:09:12.000Z</time>
      <extensions><gpxtpx:TrackPointExtension><gpxtpx:hr>153</gpxtpx:hr></gpxtpx:TrackPointExtension></extensions>
    </trkpt>
    <trkpt lat="37.566739" lon="127.000783">
      <ele>32.0</ele>
      <time>2026-07-20T19:09:13.000Z</time>
      <extensions><gpxtpx:TrackPointExtension><gpxtpx:hr>152</gpxtpx:hr></gpxtpx:TrackPointExtension></extensions>
    </trkpt>
    <trkpt lat="37.566760" lon="127.000754">
      <ele>32.0</ele>
      <time>2026-07-20T19:09:14.000Z</time>
      <extensions><gpxtpx:TrackPointExtension><gpxtpx:hr>152</gpxtpx:hr></gpxtpx:TrackPointExtension></extensions>
    </trkpt>
    <trkpt lat="37.566776" lon="127.000718">
      <ele>32.0</ele>
      <time>2026-07-20T19:09:15.000Z</time>
      <extensions><gpxtpx:TrackPointExtension><gpxtpx:hr>152</gpxtpx:hr></gpxtpx:TrackPointExtension></extensions>
    </trkpt>
    <trkpt lat="37.566792" lon="127.000679">
      <ele>32.0</ele>
      <time>2026-07-20T19:09:16.000Z</time>
      <extensions><gpxtpx:TrackPointExtension><gpxtpx:hr>152</gpxtpx:hr></gpxtpx:TrackPointExtension></extensions>
    </trkpt>
    <trkpt lat="37.566810" lon="127.000650">
      <ele>32.0</ele>
      <time>2026-07-20T19:09:17.000Z</time>
      <extensions><gpxtpx:TrackPointExtension><gpxtpx:hr>151</gpxtpx:hr></gpxtpx:TrackPointExtension></extensions>
    </trkpt>
    <trkpt lat="37.566825" lon="127.000619">
      <ele>32.0</ele>
      <time>2026-07-20T19:09:18.000Z</time>
      <extensions><gpxtpx:TrackPointExtension><gpxtpx:hr>151</gpxtpx:hr></gpxtpx:TrackPointExtension></extensions>
    </trkpt>
    <trkpt lat="37.566853" lon="127.000597">
      <ele>32.0</ele>
      <time>2026-07-20T19:09:19.000Z</time>
      <extensions><gpxtpx:TrackPointExtension><gpxtpx:hr>151</gpxtpx:hr></gpxtpx:TrackPointExtension></extensions>
    </trkpt>
    <trkpt lat="37.566860" lon="127.000567">
      <ele>32.0</ele>
      <time>2026-07-20T19:09:20.000Z</time>
      <extensions><gpxtpx:TrackPointExtension><gpxtpx:hr>150</gpxtpx:hr></gpxtpx:TrackPointExtension></extensions>
    </trkpt>
    <trkpt lat="37.566876" lon="127.000544">
      <ele>32.0</ele>
      <time>2026-07-20T19:09:21.000Z</time>
      <extensions><gpxtpx:TrackPointExtension><gpxtpx:hr>150</gpxtpx:hr></gpxtpx:TrackPointExtension></extensions>
    </trkpt>
    <trkpt lat="37.566887" lon="127.000569">
      <ele>32.0</ele>
      <time>2026-07-20T19:09:22.000Z</time>
      <extensions><gpxtpx:TrackPointExtension><gpxtpx:hr>149</gpxtpx:hr></gpxtpx:TrackPointExtension></extensions>
    </trkpt>
    <trkpt lat="37.566895" lon="127.000601">
      <ele>32.0</ele>
      <time>2026-07-20T19:09:23.000Z</time>
      <extensions><gpxtpx:TrackPointExtension><gpxtpx:hr>149</gpxtpx:hr></gpxtpx:TrackPointExtension></extensions>
    </trkpt>
    <trkpt lat="37.566912" lon="127.000631">
      <ele>32.0</ele>
      <time>2026-07-20T19:09:24.000Z</time>
      <extensions><gpxtpx:TrackPointExtension><gpxtpx:hr>149</gpxtpx:hr></gpxtpx:TrackPointExtension></extensions>
    </trkpt>
    <trkpt lat="37.566925" lon="127.000673">
      <ele>32.0</ele>
      <time>2026-07-20T19:09:25.000Z</time>
      <extensions><gpxtpx:TrackPointExtension><gpxtpx:hr>149</gpxtpx:hr></gpxtpx:TrackPointExtension></extensions>
    </trkpt>
    <trkpt lat="37.566928" lon="127.000702">
      <ele>32.0</ele>
      <time>2026-07-20T19:09:26.000Z</time>
      <extensions><gpxtpx:TrackPointExtension><gpxtpx:hr>148</gpxtpx:hr></gpxtpx:TrackPointExtension></extensions>
    </trkpt>
    <trkpt lat="37.566945" lon="127.000739">
      <ele>32.0</ele>
      <time>2026-07-20T19:09:27.000Z</time>
      <extensions><gpxtpx:TrackPointExtension><gpxtpx:hr>148</gpxtpx:hr></gpxtpx:TrackPointExtension></extensions>
    </trkpt>
    <trkpt lat="37.566953" lon="127.000777">
      <ele>32.0</ele>
      <time>2026-07-20T19:09:28.000Z</time>
      <extensions><gpxtpx:TrackPointExtension><gpxtpx:hr>148</gpxtpx:hr></gpxtpx:TrackPointExtension></extensions>
    </trkpt>
    <trkpt lat="37.566942" lon="127.000735">
      <ele>32.0</ele>
      <time>2026-07-20T19:09:29.000Z</time>
      <extensions><gpxtpx:TrackPointExtension><gpxtpx:hr>148</gpxtpx:hr></gpxtpx:TrackPointExtension></extensions>
    </trkpt>
    <trkpt lat="37.566918" lon="127.000683">
      <ele>32.0</ele>
      <time>2026-07-20T19:09:30.000Z</time>
      <extensions><gpxtpx:TrackPointExtension><gpxtpx:hr>148</gpxtpx:hr></gpxtpx:TrackPointExtension></extensions>
    </trkpt>
    <trkpt lat="37.566900" lon="127.000616">
      <ele>32.0</ele>
      <time>2026-07-20T19:09:31.000Z</time>
      <extensions><gpxtpx:TrackPointExtension><gpxtpx:hr>149</gpxtpx:hr></gpxtpx:TrackPointExtension></extensions>
    </trkpt>
    <trkpt lat="37.566894" lon="127.000563">
      <ele>32.0</ele>
      <time>2026-07-20T19:09:32.000Z</time>
      <extensions><gpxtpx:TrackPointExtension><gpxtpx:hr>150</gpxtpx:hr></gpxtpx:TrackPointExtension></extensions>
    </trkpt>
    <trkpt lat="37.566876" lon="127.000515">
      <ele>32.0</ele>
      <time>2026-07-20T19:09:33.000Z</time>
      <extensions><gpxtpx:TrackPointExtension><gpxtpx:hr>150</gpxtpx:hr></gpxtpx:TrackPointExtension></extensions>
    </trkpt>
    <trkpt lat="37.566895" lon="127.000488">
      <ele>32.0</ele>
      <time>2026-07-20T19:09:34.000Z</time>
      <extensions><gpxtpx:TrackPointExtension><gpxtpx:hr>150</gpxtpx:hr></gpxtpx:TrackPointExtension></extensions>
    </trkpt>
    <trkpt lat="37.566910" lon="127.000464">
      <ele>32.0</ele>
      <time>2026-07-20T19:09:35.000Z</time>
      <extensions><gpxtpx:TrackPointExtension><gpxtpx:hr>149</gpxtpx:hr></gpxtpx:TrackPointExtension></extensions>
    </trkpt>
    <trkpt lat="37.566914" lon="127.000437">
      <ele>32.0</ele>
      <time>2026-07-20T19:09:36.000Z</time>
      <extensions><gpxtpx:TrackPointExtension><gpxtpx:hr>148</gpxtpx:hr></gpxtpx:TrackPointExtension></extensions>
    </trkpt>
    <trkpt lat="37.566937" lon="127.000433">
      <ele>32.0</ele>
      <time>2026-07-20T19:09:37.000Z</time>
      <extensions><gpxtpx:TrackPointExtension><gpxtpx:hr>148</gpxtpx:hr></gpxtpx:TrackPointExtension></extensions>
    </trkpt>
    <trkpt lat="37.566941" lon="127.000421">
      <ele>32.0</ele>
      <time>2026-07-20T19:09:38.000Z</time>
      <extensions><gpxtpx:TrackPointExtension><gpxtpx:hr>147</gpxtpx:hr></gpxtpx:TrackPointExtension></extensions>
    </trkpt>
    <trkpt lat="37.566948" lon="127.000392">
      <ele>32.0</ele>
      <time>2026-07-20T19:09:39.000Z</time>
      <extensions><gpxtpx:TrackPointExtension><gpxtpx:hr>146</gpxtpx:hr></gpxtpx:TrackPointExtension></extensions>
    </trkpt>
    <trkpt lat="37.566945" lon="127.000408">
      <ele>32.0</ele>
      <time>2026-07-20T19:09:40.000Z</time>
      <extensions><gpxtpx:TrackPointExtension><gpxtpx:hr>145</gpxtpx:hr></gpxtpx:TrackPointExtension></extensions>
    </trkpt>
    <trkpt lat="37.566949" lon="127.000450">
      <ele>32.0</ele>
      <time>2026-07-20T19:09:41.000Z</time>
      <extensions><gpxtpx:TrackPointExtension><gpxtpx:hr>145</gpxtpx:hr></gpxtpx:TrackPointExtension></extensions>
    </trkpt>
    <trkpt lat="37.566955" lon="127.000513">
      <ele>32.0</ele>
      <time>2026-07-20T19:09:42.000Z</time>
      <extensions><gpxtpx:TrackPointExtension><gpxtpx:hr>146</gpxtpx:hr></gpxtpx:TrackPointExtension></extensions>
    </trkpt>
    <trkpt lat="37.566964" lon="127.000564">
      <ele>32.0</ele>
      <time>2026-07-20T19:09:43.000Z</time>
      <extensions><gpxtpx:TrackPointExtension><gpxtpx:hr>147</gpxtpx:hr></gpxtpx:TrackPointExtension></extensions>
    </trkpt>
    <trkpt lat="37.566972" lon="127.000642">
      <ele>32.0</ele>
      <time>2026-07-20T19:09:44.000Z</time>
      <extensions><gpxtpx:TrackPointExtension><gpxtpx:hr>148</gpxtpx:hr></gpxtpx:TrackPointExtension></extensions>
    </trkpt>
    <trkpt lat="37.566972" lon="127.000701">
      <ele>32.0</ele>
      <time>2026-07-20T19:09:45.000Z</time>
      <extensions><gpxtpx:TrackPointExtension><gpxtpx:hr>148</gpxtpx:hr></gpxtpx:TrackPointExtension></extensions>
    </trkpt>
    <trkpt lat="37.566979" lon="127.000744">
      <ele>32.0</ele>
      <time>2026-07-20T19:09:46.000Z</time>
      <extensions><gpxtpx:TrackPointExtension><gpxtpx:hr>149</gpxtpx:hr></gpxtpx:TrackPointExtension></extensions>
    </trkpt>
    <trkpt lat="37.566921" lon="127.000768">
      <ele>32.0</ele>
      <time>2026-07-20T19:09:47.000Z</time>
      <extensions><gpxtpx:TrackPointExtension><gpxtpx:hr>150</gpxtpx:hr></gpxtpx:TrackPointExtension></extensions>
    </trkpt>
    <trkpt lat="37.566861" lon="127.000794">
      <ele>32.0</ele>
      <time>2026-07-20T19:09:48.000Z</time>
      <extensions><gpxtpx:TrackPointExtension><gpxtpx:hr>152</gpxtpx:hr></gpxtpx:TrackPointExtension></extensions>
    </trkpt>
    <trkpt lat="37.566788" lon="127.000827">
      <ele>32.0</ele>
      <time>2026-07-20T19:09:49.000Z</time>
      <extensions><gpxtpx:TrackPointExtension><gpxtpx:hr>153</gpxtpx:hr></gpxtpx:TrackPointExtension></extensions>
    </trkpt>
    <trkpt lat="37.566731" lon="127.000856">
      <ele>32.0</ele>
      <time>2026-07-20T19:09:50.000Z</time>
      <extensions><gpxtpx:TrackPointExtension><gpxtpx:hr>155</gpxtpx:hr></gpxtpx:TrackPointExtension></extensions>
    </trkpt>
    <trkpt lat="37.566745" lon="127.000903">
      <ele>32.0</ele>
      <time>2026-07-20T19:09:51.000Z</time>
      <extensions><gpxtpx:TrackPointExtension><gpxtpx:hr>155</gpxtpx:hr></gpxtpx:TrackPointExtension></extensions>
    </trkpt>
    <trkpt lat="37.566738" lon="127.000874">
      <ele>32.0</ele>
      <time>2026-07-20T19:09:52.000Z</time>
      <extensions><gpxtpx:TrackPointExtension><gpxtpx:hr>154</gpxtpx:hr></gpxtpx:TrackPointExtension></extensions>
    </trkpt>
    <trkpt lat="37.566732" lon="127.000892">
      <ele>32.0</ele>
      <time>2026-07-20T19:09:53.000Z</time>
      <extensions><gpxtpx:TrackPointExtension><gpxtpx:hr>154</gpxtpx:hr></gpxtpx:TrackPointExtension></extensions>
    </trkpt>
    <trkpt lat="37.566732" lon="127.000865">
      <ele>32.0</ele>
      <time>2026-07-20T19:09:54.000Z</time>
      <extensions><gpxtpx:TrackPointExtension><gpxtpx:hr>153</gpxtpx:hr></gpxtpx:TrackPointExtension></extensions>
    </trkpt>
    <trkpt lat="37.566729" lon="127.000879">
      <ele>32.0</ele>
      <time>2026-07-20T19:09:55.000Z</time>
      <extensions><gpxtpx:TrackPointExtension><gpxtpx:hr>152</gpxtpx:hr></gpxtpx:TrackPointExtension></extensions>
    </trkpt>
    <trkpt lat="37.566744" lon="127.000860">
      <ele>32.0</ele>
      <time>2026-07-20T19:09:56.000Z</time>
      <extensions><gpxtpx:TrackPointExtension><gpxtpx:hr>150</gpxtpx:hr></gpxtpx:TrackPointExtension></extensions>
    </trkpt>
    <trkpt lat="37.566758" lon="127.000855">
      <ele>32.0</ele>
      <time>2026-07-20T19:09:57.000Z</time>
      <extensions><gpxtpx:TrackPointExtension><gpxtpx:hr>149</gpxtpx:hr></gpxtpx:TrackPointExtension></extensions>
    </trkpt>
    <trkpt lat="37.566766" lon="127.000843">
      <ele>32.0</ele>
      <time>2026-07-20T19:09:58.000Z</time>
      <extensions><gpxtpx:TrackPointExtension><gpxtpx:hr>148</gpxtpx:hr></gpxtpx:TrackPointExtension></extensions>
    </trkpt>
    <trkpt lat="37.566769" lon="127.000833">
      <ele>32.0</ele>
      <time>2026-07-20T19:09:59.000Z</time>
      <extensions><gpxtpx:TrackPointExtension><gpxtpx:hr>147</gpxtpx:hr></gpxtpx:TrackPointExtension></extensions>
    </trkpt>
    <trkpt lat="37.566784" lon="127.000808">
      <ele>32.0</ele>
      <time>2026-07-20T19:10:00.000Z</time>
      <extensions><gpxtpx:TrackPointExtension><gpxtpx:hr>146</gpxtpx:hr></gpxtpx:TrackPointExtension></extensions>
    </trkpt>
    <trkpt lat="37.566780" lon="127.000808">
      <ele>32.0</ele>
      <time>2026-07-20T19:10:01.000Z</time>
      <extensions><gpxtpx:TrackPointExtension><gpxtpx:hr>145</gpxtpx:hr></gpxtpx:TrackPointExtension></extensions>
    </trkpt>
    <trkpt lat="37.566797" lon="127.000788">
      <ele>32.0</ele>
      <time>2026-07-20T19:10:02.000Z</time>
      <extensions><gpxtpx:TrackPointExtension><gpxtpx:hr>144</gpxtpx:hr></gpxtpx:TrackPointExtension></extensions>
    </trkpt>
    <trkpt lat="37.566808" lon="127.000775">
      <ele>32.0</ele>
      <time>2026-07-20T19:10:03.000Z</time>
      <extensions><gpxtpx:TrackPointExtension><gpxtpx:hr>144</gpxtpx:hr></gpxtpx:TrackPointExtension></extensions>
    </trkpt>
    <trkpt lat="37.566812" lon="127.000758">
      <ele>32.0</ele>
      <time>2026-07-20T19:10:04.000Z</time>
      <extensions><gpxtpx:TrackPointExtension><gpxtpx:hr>143</gpxtpx:hr></gpxtpx:TrackPointExtension></extensions>
    </trkpt>
    <trkpt lat="37.566829" lon="127.000787">
      <ele>32.0</ele>
      <time>2026-07-20T19:10:05.000Z</time>
      <extensions><gpxtpx:TrackPointExtension><gpxtpx:hr>142</gpxtpx:hr></gpxtpx:TrackPointExtension></extensions>
    </trkpt>
    <trkpt lat="37.566841" lon="127.000800">
      <ele>32.0</ele>
      <time>2026-07-20T19:10:06.000Z</time>
      <extensions><gpxtpx:TrackPointExtension><gpxtpx:hr>142</gpxtpx:hr></gpxtpx:TrackPointExtension></extensions>
    </trkpt>
    <trkpt lat="37.566850" lon="127.000824">
      <ele>32.0</ele>
      <time>2026-07-20T19:10:07.000Z</time>
      <extensions><gpxtpx:TrackPointExtension><gpxtpx:hr>142</gpxtpx:hr></gpxtpx:TrackPointExtension></extensions>
    </trkpt>
    <trkpt lat="37.566865" lon="127.000851">
      <ele>32.0</ele>
      <time>2026-07-20T19:10:08.000Z</time>
      <extensions><gpxtpx:TrackPointExtension><gpxtpx:hr>142</gpxtpx:hr></gpxtpx:TrackPointExtension></extensions>
    </trkpt>
    <trkpt lat="37.566881" lon="127.000888">
      <ele>32.0</ele>
      <time>2026-07-20T19:10:09.000Z</time>
      <extensions><gpxtpx:TrackPointExtension><gpxtpx:hr>142</gpxtpx:hr></gpxtpx:TrackPointExtension></extensions>
    </trkpt>
    <trkpt lat="37.566890" lon="127.000916">
      <ele>32.0</ele>
      <time>2026-07-20T19:10:10.000Z</time>
      <extensions><gpxtpx:TrackPointExtension><gpxtpx:hr>142</gpxtpx:hr></gpxtpx:TrackPointExtension></extensions>
    </trkpt>
    <trkpt lat="37.566909" lon="127.000945">
      <ele>32.0</ele>
      <time>2026-07-20T19:10:11.000Z</time>
      <extensions><gpxtpx:TrackPointExtension><gpxtpx:hr>142</gpxtpx:hr></gpxtpx:TrackPointExtension></extensions>
    </trkpt>
    <trkpt lat="37.566929" lon="127.000951">
      <ele>32.0</ele>
      <time>2026-07-20T19:10:12.000Z</time>
      <extensions><gpxtpx:TrackPointExtension><gpxtpx:hr>141</gpxtpx:hr></gpxtpx:TrackPointExtension></extensions>
    </trkpt>
    <trkpt lat="37.566942" lon="127.000949">
      <ele>32.0</ele>
      <time>2026-07-20T19:10:13.000Z</time>
      <extensions><gpxtpx:TrackPointExtension><gpxtpx:hr>141</gpxtpx:hr></gpxtpx:TrackPointExtension></extensions>
    </trkpt>
    <trkpt lat="37.566953" lon="127.000968">
      <ele>32.0</ele>
      <time>2026-07-20T19:10:14.000Z</time>
      <extensions><gpxtpx:TrackPointExtension><gpxtpx:hr>140</gpxtpx:hr></gpxtpx:TrackPointExtension></extensions>
    </trkpt>
    <trkpt lat="37.566974" lon="127.000980">
      <ele>32.0</ele>
      <time>2026-07-20T19:10:15.000Z</time>
      <extensions><gpxtpx:TrackPointExtension><gpxtpx:hr>140</gpxtpx:hr></gpxtpx:TrackPointExtension></extensions>
    </trkpt>
    <trkpt lat="37.566947" lon="127.000916">
      <ele>32.0</ele>
      <time>2026-07-20T19:10:16.000Z</time>
      <extensions><gpxtpx:TrackPointExtension><gpxtpx:hr>141</gpxtpx:hr></gpxtpx:TrackPointExtension></extensions>
    </trkpt>
    <trkpt lat="37.566918" lon="127.000854">
      <ele>32.0</ele>
      <time>2026-07-20T19:10:17.000Z</time>
      <extensions><gpxtpx:TrackPointExtension><gpxtpx:hr>143</gpxtpx:hr></gpxtpx:TrackPointExtension></extensions>
    </trkpt>
    <trkpt lat="37.566881" lon="127.000775">
      <ele>32.0</ele>
      <time>2026-07-20T19:10:18.000Z</time>
      <extensions><gpxtpx:TrackPointExtension><gpxtpx:hr>145</gpxtpx:hr></gpxtpx:TrackPointExtension></extensions>
    </trkpt>
    <trkpt lat="37.566848" lon="127.000699">
      <ele>32.0</ele>
      <time>2026-07-20T19:10:19.000Z</time>
      <extensions><gpxtpx:TrackPointExtension><gpxtpx:hr>147</gpxtpx:hr></gpxtpx:TrackPointExtension></extensions>
    </trkpt>
    <trkpt lat="37.566813" lon="127.000624">
      <ele>32.0</ele>
      <time>2026-07-20T19:10:20.000Z</time>
      <extensions><gpxtpx:TrackPointExtension><gpxtpx:hr>149</gpxtpx:hr></gpxtpx:TrackPointExtension></extensions>
    </trkpt>
    <trkpt lat="37.566792" lon="127.000676">
      <ele>32.0</ele>
      <time>2026-07-20T19:10:21.000Z</time>
      <extensions><gpxtpx:TrackPointExtension><gpxtpx:hr>149</gpxtpx:hr></gpxtpx:TrackPointExtension></extensions>
    </trkpt>
    <trkpt lat="37.566775" lon="127.000736">
      <ele>32.0</ele>
      <time>2026-07-20T19:10:22.000Z</time>
      <extensions><gpxtpx:TrackPointExtension><gpxtpx:hr>150</gpxtpx:hr></gpxtpx:TrackPointExtension></extensions>
    </trkpt>
    <trkpt lat="37.566751" lon="127.000789">
      <ele>32.0</ele>
      <time>2026-07-20T19:10:23.000Z</time>
      <extensions><gpxtpx:TrackPointExtension><gpxtpx:hr>150</gpxtpx:hr></gpxtpx:TrackPointExtension></extensions>
    </trkpt>
    <trkpt lat="37.566727" lon="127.000853">
      <ele>32.0</ele>
      <time>2026-07-20T19:10:24.000Z</time>
      <extensions><gpxtpx:TrackPointExtension><gpxtpx:hr>151</gpxtpx:hr></gpxtpx:TrackPointExtension></extensions>
    </trkpt>
    <trkpt lat="37.566697" lon="127.000901">
      <ele>32.0</ele>
      <time>2026-07-20T19:10:25.000Z</time>
      <extensions><gpxtpx:TrackPointExtension><gpxtpx:hr>152</gpxtpx:hr></gpxtpx:TrackPointExtension></extensions>
    </trkpt>
    <trkpt lat="37.566724" lon="127.000853">
      <ele>32.0</ele>
      <time>2026-07-20T19:10:26.000Z</time>
      <extensions><gpxtpx:TrackPointExtension><gpxtpx:hr>152</gpxtpx:hr></gpxtpx:TrackPointExtension></extensions>
    </trkpt>
    <trkpt lat="37.566740" lon="127.000816">
      <ele>32.0</ele>
      <time>2026-07-20T19:10:27.000Z</time>
      <extensions><gpxtpx:TrackPointExtension><gpxtpx:hr>152</gpxtpx:hr></gpxtpx:TrackPointExtension></extensions>
    </trkpt>
    <trkpt lat="37.566755" lon="127.000771">
      <ele>32.0</ele>
      <time>2026-07-20T19:10:28.000Z</time>
      <extensions><gpxtpx:TrackPointExtension><gpxtpx:hr>152</gpxtpx:hr></gpxtpx:TrackPointExtension></extensions>
    </trkpt>
    <trkpt lat="37.566774" lon="127.000744">
      <ele>32.0</ele>
      <time>2026-07-20T19:10:29.000Z</time>
      <extensions><gpxtpx:TrackPointExtension><gpxtpx:hr>152</gpxtpx:hr></gpxtpx:TrackPointExtension></extensions>
    </trkpt>
    <trkpt lat="37.566786" lon="127.000702">
      <ele>32.0</ele>
      <time>2026-07-20T19:10:30.000Z</time>
      <extensions><gpxtpx:TrackPointExtension><gpxtpx:hr>152</gpxtpx:hr></gpxtpx:TrackPointExtension></extensions>
    </trkpt>
    <trkpt lat="37.566806" lon="127.000712">
      <ele>32.0</ele>
      <time>2026-07-20T19:10:31.000Z</time>
      <extensions><gpxtpx:TrackPointExtension><gpxtpx:hr>151</gpxtpx:hr></gpxtpx:TrackPointExtension></extensions>
    </trkpt>
    <trkpt lat="37.566825" lon="127.000719">
      <ele>32.0</ele>
      <time>2026-07-20T19:10:32.000Z</time>
      <extensions><gpxtpx:TrackPointExtension><gpxtpx:hr>150</gpxtpx:hr></gpxtpx:TrackPointExtension></extensions>
    </trkpt>
    <trkpt lat="37.566838" lon="127.000716">
      <ele>32.0</ele>
      <time>2026-07-20T19:10:33.000Z</time>
      <extensions><gpxtpx:TrackPointExtension><gpxtpx:hr>149</gpxtpx:hr></gpxtpx:TrackPointExtension></extensions>
    </trkpt>
    <trkpt lat="37.566857" lon="127.000728">
      <ele>32.0</ele>
      <time>2026-07-20T19:10:34.000Z</time>
      <extensions><gpxtpx:TrackPointExtension><gpxtpx:hr>148</gpxtpx:hr></gpxtpx:TrackPointExtension></extensions>
    </trkpt>
    <trkpt lat="37.566879" lon="127.000733">
      <ele>32.0</ele>
      <time>2026-07-20T19:10:35.000Z</time>
      <extensions><gpxtpx:TrackPointExtension><gpxtpx:hr>147</gpxtpx:hr></gpxtpx:TrackPointExtension></extensions>
    </trkpt>
    <trkpt lat="37.566895" lon="127.000736">
      <ele>32.0</ele>
      <time>2026-07-20T19:10:36.000Z</time>
      <extensions><gpxtpx:TrackPointExtension><gpxtpx:hr>147</gpxtpx:hr></gpxtpx:TrackPointExtension></extensions>
    </trkpt>
    <trkpt lat="37.566913" lon="127.000738">
      <ele>32.0</ele>
      <time>2026-07-20T19:10:37.000Z</time>
      <extensions><gpxtpx:TrackPointExtension><gpxtpx:hr>146</gpxtpx:hr></gpxtpx:TrackPointExtension></extensions>
    </trkpt>
    <trkpt lat="37.566930" lon="127.000746">
      <ele>32.0</ele>
      <time>2026-07-20T19:10:38.000Z</time>
      <extensions><gpxtpx:TrackPointExtension><gpxtpx:hr>145</gpxtpx:hr></gpxtpx:TrackPointExtension></extensions>
    </trkpt>
    <trkpt lat="37.566935" lon="127.000743">
      <ele>32.0</ele>
      <time>2026-07-20T19:10:39.000Z</time>
      <extensions><gpxtpx:TrackPointExtension><gpxtpx:hr>144</gpxtpx:hr></gpxtpx:TrackPointExtension></extensions>
    </trkpt>
    <trkpt lat="37.566951" lon="127.000759">
      <ele>32.0</ele>
      <time>2026-07-20T19:10:40.000Z</time>
      <extensions><gpxtpx:TrackPointExtension><gpxtpx:hr>144</gpxtpx:hr></gpxtpx:TrackPointExtension></extensions>
    </trkpt>
    <trkpt lat="37.566964" lon="127.000761">
      <ele>32.0</ele>
      <time>2026-07-20T19:10:41.000Z</time>
      <extensions><gpxtpx:TrackPointExtension><gpxtpx:hr>143</gpxtpx:hr></gpxtpx:TrackPointExtension></extensions>
    </trkpt>
    <trkpt lat="37.566965" lon="127.000781">
      <ele>32.0</ele>
      <time>2026-07-20T19:10:42.000Z</time>
      <extensions><gpxtpx:TrackPointExtension><gpxtpx:hr>142</gpxtpx:hr></gpxtpx:TrackPointExtension></extensions>
    </trkpt>
    <trkpt lat="37.566945" lon="127.000785">
      <ele>32.0</ele>
      <time>2026-07-20T19:10:43.000Z</time>
      <extensions><gpxtpx:TrackPointExtension><gpxtpx:hr>142</gpxtpx:hr></gpxtpx:TrackPointExtension></extensions>
    </trkpt>
    <trkpt lat="37.566945" lon="127.000814">
      <ele>32.0</ele>
      <time>2026-07-20T19:10:44.000Z</time>
      <extensions><gpxtpx:TrackPointExtension><gpxtpx:hr>141</gpxtpx:hr></gpxtpx:TrackPointExtension></extensions>
    </trkpt>
    <trkpt lat="37.566933" lon="127.000817">
      <ele>32.0</ele>
      <time>2026-07-20T19:10:45.000Z</time>
      <extensions><gpxtpx:TrackPointExtension><gpxtpx:hr>140</gpxtpx:hr></gpxtpx:TrackPointExtension></extensions>
    </trkpt>
    <trkpt lat="37.566927" lon="127.000847">
      <ele>32.0</ele>
      <time>2026-07-20T19:10:46.000Z</time>
      <extensions><gpxtpx:TrackPointExtension><gpxtpx:hr>140</gpxtpx:hr></gpxtpx:TrackPointExtension></extensions>
    </trkpt>
    <trkpt lat="37.566919" lon="127.000851">
      <ele>32.0</ele>
      <time>2026-07-20T19:10:47.000Z</time>
      <extensions><gpxtpx:TrackPointExtension><gpxtpx:hr>139</gpxtpx:hr></gpxtpx:TrackPointExtension></extensions>
    </trkpt>
    <trkpt lat="37.566907" lon="127.000876">
      <ele>32.0</ele>
      <time>2026-07-20T19:10:48.000Z</time>
      <extensions><gpxtpx:TrackPointExtension><gpxtpx:hr>139</gpxtpx:hr></gpxtpx:TrackPointExtension></extensions>
    </trkpt>
    <trkpt lat="37.566902" lon="127.000878">
      <ele>32.0</ele>
      <time>2026-07-20T19:10:49.000Z</time>
      <extensions><gpxtpx:TrackPointExtension><gpxtpx:hr>138</gpxtpx:hr></gpxtpx:TrackPointExtension></extensions>
    </trkpt>
    <trkpt lat="37.566903" lon="127.000900">
      <ele>32.0</ele>
      <time>2026-07-20T19:10:50.000Z</time>
      <extensions><gpxtpx:TrackPointExtension><gpxtpx:hr>138</gpxtpx:hr></gpxtpx:TrackPointExtension></extensions>
    </trkpt>
    <trkpt lat="37.566893" lon="127.000916">
      <ele>32.0</ele>
      <time>2026-07-20T19:10:51.000Z</time>
      <extensions><gpxtpx:TrackPointExtension><gpxtpx:hr>137</gpxtpx:hr></gpxtpx:TrackPointExtension></extensions>
    </trkpt>
    <trkpt lat="37.566885" lon="127.000928">
      <ele>32.0</ele>
      <time>2026-07-20T19:10:52.000Z</time>
      <extensions><gpxtpx:TrackPointExtension><gpxtpx:hr>137</gpxtpx:hr></gpxtpx:TrackPointExtension></extensions>
    </trkpt>
    <trkpt lat="37.566847" lon="127.000963">
      <ele>32.0</ele>
      <time>2026-07-20T19:10:53.000Z</time>
      <extensions><gpxtpx:TrackPointExtension><gpxtpx:hr>138</gpxtpx:hr></gpxtpx:TrackPointExtension></extensions>
    </trkpt>
    <trkpt lat="37.566797" lon="127.001022">
      <ele>32.0</ele>
      <time>2026-07-20T19:10:54.000Z</time>
      <extensions><gpxtpx:TrackPointExtension><gpxtpx:hr>140</gpxtpx:hr></gpxtpx:TrackPointExtension></extensions>
    </trkpt>
    <trkpt lat="37.566806" lon="127.000984">
      <ele>32.0</ele>
      <time>2026-07-20T19:10:55.000Z</time>
      <extensions><gpxtpx:TrackPointExtension><gpxtpx:hr>140</gpxtpx:hr></gpxtpx:TrackPointExtension></extensions>
    </trkpt>
    <trkpt lat="37.566809" lon="127.000979">
      <ele>32.0</ele>
      <time>2026-07-20T19:10:56.000Z</time>
      <extensions><gpxtpx:TrackPointExtension><gpxtpx:hr>139</gpxtpx:hr></gpxtpx:TrackPointExtension></extensions>
    </trkpt>
    <trkpt lat="37.566793" lon="127.000928">
      <ele>32.0</ele>
      <time>2026-07-20T19:10:57.000Z</time>
      <extensions><gpxtpx:TrackPointExtension><gpxtpx:hr>139</gpxtpx:hr></gpxtpx:TrackPointExtension></extensions>
    </trkpt>
    <trkpt lat="37.566780" lon="127.000879">
      <ele>32.0</ele>
      <time>2026-07-20T19:10:58.000Z</time>
      <extensions><gpxtpx:TrackPointExtension><gpxtpx:hr>140</gpxtpx:hr></gpxtpx:TrackPointExtension></extensions>
    </trkpt>
    <trkpt lat="37.566766" lon="127.000825">
      <ele>32.0</ele>
      <time>2026-07-20T19:10:59.000Z</time>
      <extensions><gpxtpx:TrackPointExtension><gpxtpx:hr>142</gpxtpx:hr></gpxtpx:TrackPointExtension></extensions>
    </trkpt>
    <trkpt lat="37.566753" lon="127.000768">
      <ele>32.0</ele>
      <time>2026-07-20T19:11:00.000Z</time>
      <extensions><gpxtpx:TrackPointExtension><gpxtpx:hr>142</gpxtpx:hr></gpxtpx:TrackPointExtension></extensions>
    </trkpt>
    <trkpt lat="37.566741" lon="127.000711">
      <ele>32.0</ele>
      <time>2026-07-20T19:11:01.000Z</time>
      <extensions><gpxtpx:TrackPointExtension><gpxtpx:hr>143</gpxtpx:hr></gpxtpx:TrackPointExtension></extensions>
    </trkpt>
    <trkpt lat="37.566732" lon="127.000724">
      <ele>32.0</ele>
      <time>2026-07-20T19:11:02.000Z</time>
      <extensions><gpxtpx:TrackPointExtension><gpxtpx:hr>142</gpxtpx:hr></gpxtpx:TrackPointExtension></extensions>
    </trkpt>
    <trkpt lat="37.566722" lon="127.000729">
      <ele>32.0</ele>
      <time>2026-07-20T19:11:03.000Z</time>
      <extensions><gpxtpx:TrackPointExtension><gpxtpx:hr>141</gpxtpx:hr></gpxtpx:TrackPointExtension></extensions>
    </trkpt>
    <trkpt lat="37.566731" lon="127.000723">
      <ele>32.0</ele>
      <time>2026-07-20T19:11:04.000Z</time>
      <extensions><gpxtpx:TrackPointExtension><gpxtpx:hr>140</gpxtpx:hr></gpxtpx:TrackPointExtension></extensions>
    </trkpt>
    <trkpt lat="37.566727" lon="127.000698">
      <ele>32.0</ele>
      <time>2026-07-20T19:11:05.000Z</time>
      <extensions><gpxtpx:TrackPointExtension><gpxtpx:hr>139</gpxtpx:hr></gpxtpx:TrackPointExtension></extensions>
    </trkpt>
    <trkpt lat="37.566723" lon="127.000682">
      <ele>32.0</ele>
      <time>2026-07-20T19:11:06.000Z</time>
      <extensions><gpxtpx:TrackPointExtension><gpxtpx:hr>139</gpxtpx:hr></gpxtpx:TrackPointExtension></extensions>
    </trkpt>
    <trkpt lat="37.566716" lon="127.000658">
      <ele>32.0</ele>
      <time>2026-07-20T19:11:07.000Z</time>
      <extensions><gpxtpx:TrackPointExtension><gpxtpx:hr>139</gpxtpx:hr></gpxtpx:TrackPointExtension></extensions>
    </trkpt>
    <trkpt lat="37.566711" lon="127.000623">
      <ele>32.0</ele>
      <time>2026-07-20T19:11:08.000Z</time>
      <extensions><gpxtpx:TrackPointExtension><gpxtpx:hr>139</gpxtpx:hr></gpxtpx:TrackPointExtension></extensions>
    </trkpt>
    <trkpt lat="37.566703" lon="127.000599">
      <ele>32.0</ele>
      <time>2026-07-20T19:11:09.000Z</time>
      <extensions><gpxtpx:TrackPointExtension><gpxtpx:hr>139</gpxtpx:hr></gpxtpx:TrackPointExtension></extensions>
    </trkpt>
    <trkpt lat="37.566687" lon="127.000550">
      <ele>32.0</ele>
      <time>2026-07-20T19:11:10.000Z</time>
      <extensions><gpxtpx:TrackPointExtension><gpxtpx:hr>139</gpxtpx:hr></gpxtpx:TrackPointExtension></extensions>
    </trkpt>
    <trkpt lat="37.566682" lon="127.000525">
      <ele>32.0</ele>
      <time>2026-07-20T19:11:11.000Z</time>
      <extensions><gpxtpx:TrackPointExtension><gpxtpx:hr>139</gpxtpx:hr></gpxtpx:TrackPointExtension></extensions>
    </trkpt>
    <trkpt lat="37.566681" lon="127.000501">
      <ele>32.0</ele>
      <time>2026-07-20T19:11:12.000Z</time>
      <extensions><gpxtpx:TrackPointExtension><gpxtpx:hr>139</gpxtpx:hr></gpxtpx:TrackPointExtension></extensions>
    </trkpt>
    <trkpt lat="37.566696" lon="127.000496">
      <ele>32.0</ele>
      <time>2026-07-20T19:11:13.000Z</time>
      <extensions><gpxtpx:TrackPointExtension><gpxtpx:hr>139</gpxtpx:hr></gpxtpx:TrackPointExtension></extensions>
    </trkpt>
    <trkpt lat="37.566711" lon="127.000490">
      <ele>32.0</ele>
      <time>2026-07-20T19:11:14.000Z</time>
      <extensions><gpxtpx:TrackPointExtension><gpxtpx:hr>139</gpxtpx:hr></gpxtpx:TrackPointExtension></extensions>
    </trkpt>
    <trkpt lat="37.566732" lon="127.000497">
      <ele>32.0</ele>
      <time>2026-07-20T19:11:15.000Z</time>
      <extensions><gpxtpx:TrackPointExtension><gpxtpx:hr>138</gpxtpx:hr></gpxtpx:TrackPointExtension></extensions>
    </trkpt>
    <trkpt lat="37.566744" lon="127.000490">
      <ele>32.0</ele>
      <time>2026-07-20T19:11:16.000Z</time>
      <extensions><gpxtpx:TrackPointExtension><gpxtpx:hr>138</gpxtpx:hr></gpxtpx:TrackPointExtension></extensions>
    </trkpt>
    <trkpt lat="37.566754" lon="127.000497">
      <ele>32.0</ele>
      <time>2026-07-20T19:11:17.000Z</time>
      <extensions><gpxtpx:TrackPointExtension><gpxtpx:hr>137</gpxtpx:hr></gpxtpx:TrackPointExtension></extensions>
    </trkpt>
    <trkpt lat="37.566778" lon="127.000499">
      <ele>32.0</ele>
      <time>2026-07-20T19:11:18.000Z</time>
      <extensions><gpxtpx:TrackPointExtension><gpxtpx:hr>137</gpxtpx:hr></gpxtpx:TrackPointExtension></extensions>
    </trkpt>
    <trkpt lat="37.566788" lon="127.000494">
      <ele>32.0</ele>
      <time>2026-07-20T19:11:19.000Z</time>
      <extensions><gpxtpx:TrackPointExtension><gpxtpx:hr>137</gpxtpx:hr></gpxtpx:TrackPointExtension></extensions>
    </trkpt>
    <trkpt lat="37.566803" lon="127.000488">
      <ele>32.0</ele>
      <time>2026-07-20T19:11:20.000Z</time>
      <extensions><gpxtpx:TrackPointExtension><gpxtpx:hr>136</gpxtpx:hr></gpxtpx:TrackPointExtension></extensions>
    </trkpt>
    <trkpt lat="37.566820" lon="127.000485">
      <ele>32.0</ele>
      <time>2026-07-20T19:11:21.000Z</time>
      <extensions><gpxtpx:TrackPointExtension><gpxtpx:hr>136</gpxtpx:hr></gpxtpx:TrackPointExtension></extensions>
    </trkpt>
    <trkpt lat="37.566840" lon="127.000497">
      <ele>32.0</ele>
      <time>2026-07-20T19:11:22.000Z</time>
      <extensions><gpxtpx:TrackPointExtension><gpxtpx:hr>136</gpxtpx:hr></gpxtpx:TrackPointExtension></extensions>
    </trkpt>
    <trkpt lat="37.566850" lon="127.000484">
      <ele>32.0</ele>
      <time>2026-07-20T19:11:23.000Z</time>
      <extensions><gpxtpx:TrackPointExtension><gpxtpx:hr>136</gpxtpx:hr></gpxtpx:TrackPointExtension></extensions>
    </trkpt>
    <trkpt lat="37.566859" lon="127.000506">
      <ele>32.0</ele>
      <time>2026-07-20T19:11:24.000Z</time>
      <extensions><gpxtpx:TrackPointExtension><gpxtpx:hr>135</gpxtpx:hr></gpxtpx:TrackPointExtension></extensions>
    </trkpt>
    <trkpt lat="37.566850" lon="127.000526">
      <ele>32.0</ele>
      <time>2026-07-20T19:11:25.000Z</time>
      <extensions><gpxtpx:TrackPointExtension><gpxtpx:hr>135</gpxtpx:hr></gpxtpx:TrackPointExtension></extensions>
    </trkpt>
    <trkpt lat="37.566843" lon="127.000544">
      <ele>32.0</ele>
      <time>2026-07-20T19:11:26.000Z</time>
      <extensions><gpxtpx:TrackPointExtension><gpxtpx:hr>135</gpxtpx:hr></gpxtpx:TrackPointExtension></extensions>
    </trkpt>
    <trkpt lat="37.566849" lon="127.000562">
      <ele>32.0</ele>
      <time>2026-07-20T19:11:27.000Z</time>
      <extensions><gpxtpx:TrackPointExtension><gpxtpx:hr>134</gpxtpx:hr></gpxtpx:TrackPointExtension></extensions>
    </trkpt>
    <trkpt lat="37.566844" lon="127.000581">
      <ele>32.0</ele>
      <time>2026-07-20T19:11:28.000Z</time>
      <extensions><gpxtpx:TrackPointExtension><gpxtpx:hr>134</gpxtpx:hr></gpxtpx:TrackPointExtension></extensions>
    </trkpt>
    <trkpt lat="37.566832" lon="127.000608">
      <ele>32.0</ele>
      <time>2026-07-20T19:11:29.000Z</time>
      <extensions><gpxtpx:TrackPointExtension><gpxtpx:hr>134</gpxtpx:hr></gpxtpx:TrackPointExtension></extensions>
    </trkpt>
    <trkpt lat="37.566836" lon="127.000623">
      <ele>32.0</ele>
      <time>2026-07-20T19:11:30.000Z</time>
      <extensions><gpxtpx:TrackPointExtension><gpxtpx:hr>134</gpxtpx:hr></gpxtpx:TrackPointExtension></extensions>
    </trkpt>
    <trkpt lat="37.566833" lon="127.000635">
      <ele>32.0</ele>
      <time>2026-07-20T19:11:31.000Z</time>
      <extensions><gpxtpx:TrackPointExtension><gpxtpx:hr>133</gpxtpx:hr></gpxtpx:TrackPointExtension></extensions>
    </trkpt>
    <trkpt lat="37.566827" lon="127.000662">
      <ele>32.0</ele>
      <time>2026-07-20T19:11:32.000Z</time>
      <extensions><gpxtpx:TrackPointExtension><gpxtpx:hr>133</gpxtpx:hr></gpxtpx:TrackPointExtension></extensions>
    </trkpt>
    <trkpt lat="37.566819" lon="127.000674">
      <ele>32.0</ele>
      <time>2026-07-20T19:11:33.000Z</time>
      <extensions><gpxtpx:TrackPointExtension><gpxtpx:hr>133</gpxtpx:hr></gpxtpx:TrackPointExtension></extensions>
    </trkpt>
    <trkpt lat="37.566826" lon="127.000690">
      <ele>32.0</ele>
      <time>2026-07-20T19:11:34.000Z</time>
      <extensions><gpxtpx:TrackPointExtension><gpxtpx:hr>133</gpxtpx:hr></gpxtpx:TrackPointExtension></extensions>
    </trkpt>
    <trkpt lat="37.566830" lon="127.000711">
      <ele>32.0</ele>
      <time>2026-07-20T19:11:35.000Z</time>
      <extensions><gpxtpx:TrackPointExtension><gpxtpx:hr>133</gpxtpx:hr></gpxtpx:TrackPointExtension></extensions>
    </trkpt>
    <trkpt lat="37.566843" lon="127.000714">
      <ele>32.0</ele>
      <time>2026-07-20T19:11:36.000Z</time>
      <extensions><gpxtpx:TrackPointExtension><gpxtpx:hr>133</gpxtpx:hr></gpxtpx:TrackPointExtension></extensions>
    </trkpt>
    <trkpt lat="37.566856" lon="127.000732">
      <ele>32.0</ele>
      <time>2026-07-20T19:11:37.000Z</time>
      <extensions><gpxtpx:TrackPointExtension><gpxtpx:hr>132</gpxtpx:hr></gpxtpx:TrackPointExtension></extensions>
    </trkpt>
    <trkpt lat="37.566869" lon="127.000730">
      <ele>32.0</ele>
      <time>2026-07-20T19:11:38.000Z</time>
      <extensions><gpxtpx:TrackPointExtension><gpxtpx:hr>132</gpxtpx:hr></gpxtpx:TrackPointExtension></extensions>
    </trkpt>
    <trkpt lat="37.566884" lon="127.000755">
      <ele>32.0</ele>
      <time>2026-07-20T19:11:39.000Z</time>
      <extensions><gpxtpx:TrackPointExtension><gpxtpx:hr>132</gpxtpx:hr></gpxtpx:TrackPointExtension></extensions>
    </trkpt>
    <trkpt lat="37.566899" lon="127.000759">
      <ele>32.0</ele>
      <time>2026-07-20T19:11:40.000Z</time>
      <extensions><gpxtpx:TrackPointExtension><gpxtpx:hr>132</gpxtpx:hr></gpxtpx:TrackPointExtension></extensions>
    </trkpt>
    <trkpt lat="37.566904" lon="127.000771">
      <ele>32.0</ele>
      <time>2026-07-20T19:11:41.000Z</time>
      <extensions><gpxtpx:TrackPointExtension><gpxtpx:hr>132</gpxtpx:hr></gpxtpx:TrackPointExtension></extensions>
    </trkpt>
    <trkpt lat="37.566917" lon="127.000781">
      <ele>32.0</ele>
      <time>2026-07-20T19:11:42.000Z</time>
      <extensions><gpxtpx:TrackPointExtension><gpxtpx:hr>132</gpxtpx:hr></gpxtpx:TrackPointExtension></extensions>
    </trkpt>
    <trkpt lat="37.566929" lon="127.000793">
      <ele>32.0</ele>
      <time>2026-07-20T19:11:43.000Z</time>
      <extensions><gpxtpx:TrackPointExtension><gpxtpx:hr>132</gpxtpx:hr></gpxtpx:TrackPointExtension></extensions>
    </trkpt>
    <trkpt lat="37.566893" lon="127.000776">
      <ele>32.0</ele>
      <time>2026-07-20T19:11:44.000Z</time>
      <extensions><gpxtpx:TrackPointExtension><gpxtpx:hr>133</gpxtpx:hr></gpxtpx:TrackPointExtension></extensions>
    </trkpt>
    <trkpt lat="37.566849" lon="127.000778">
      <ele>32.0</ele>
      <time>2026-07-20T19:11:45.000Z</time>
      <extensions><gpxtpx:TrackPointExtension><gpxtpx:hr>134</gpxtpx:hr></gpxtpx:TrackPointExtension></extensions>
    </trkpt>
    <trkpt lat="37.566804" lon="127.000773">
      <ele>32.0</ele>
      <time>2026-07-20T19:11:46.000Z</time>
      <extensions><gpxtpx:TrackPointExtension><gpxtpx:hr>135</gpxtpx:hr></gpxtpx:TrackPointExtension></extensions>
    </trkpt>
    <trkpt lat="37.566758" lon="127.000758">
      <ele>32.0</ele>
      <time>2026-07-20T19:11:47.000Z</time>
      <extensions><gpxtpx:TrackPointExtension><gpxtpx:hr>137</gpxtpx:hr></gpxtpx:TrackPointExtension></extensions>
    </trkpt>
    <trkpt lat="37.566703" lon="127.000735">
      <ele>32.0</ele>
      <time>2026-07-20T19:11:48.000Z</time>
      <extensions><gpxtpx:TrackPointExtension><gpxtpx:hr>138</gpxtpx:hr></gpxtpx:TrackPointExtension></extensions>
    </trkpt>
    <trkpt lat="37.566744" lon="127.000747">
      <ele>32.0</ele>
      <time>2026-07-20T19:11:49.000Z</time>
      <extensions><gpxtpx:TrackPointExtension><gpxtpx:hr>139</gpxtpx:hr></gpxtpx:TrackPointExtension></extensions>
    </trkpt>
    <trkpt lat="37.566706" lon="127.000738">
      <ele>32.0</ele>
      <time>2026-07-20T19:11:50.000Z</time>
      <extensions><gpxtpx:TrackPointExtension><gpxtpx:hr>140</gpxtpx:hr></gpxtpx:TrackPointExtension></extensions>
    </trkpt>
    <trkpt lat="37.566708" lon="127.000797">
      <ele>32.0</ele>
      <time>2026-07-20T19:11:51.000Z</time>
      <extensions><gpxtpx:TrackPointExtension><gpxtpx:hr>141</gpxtpx:hr></gpxtpx:TrackPointExtension></extensions>
    </trkpt>
    <trkpt lat="37.566712" lon="127.000860">
      <ele>32.0</ele>
      <time>2026-07-20T19:11:52.000Z</time>
      <extensions><gpxtpx:TrackPointExtension><gpxtpx:hr>142</gpxtpx:hr></gpxtpx:TrackPointExtension></extensions>
    </trkpt>
    <trkpt lat="37.566721" lon="127.000904">
      <ele>32.0</ele>
      <time>2026-07-20T19:11:53.000Z</time>
      <extensions><gpxtpx:TrackPointExtension><gpxtpx:hr>143</gpxtpx:hr></gpxtpx:TrackPointExtension></extensions>
    </trkpt>
    <trkpt lat="37.566725" lon="127.000962">
      <ele>32.0</ele>
      <time>2026-07-20T19:11:54.000Z</time>
      <extensions><gpxtpx:TrackPointExtension><gpxtpx:hr>144</gpxtpx:hr></gpxtpx:TrackPointExtension></extensions>
    </trkpt>
    <trkpt lat="37.566720" lon="127.000911">
      <ele>32.0</ele>
      <time>2026-07-20T19:11:55.000Z</time>
      <extensions><gpxtpx:TrackPointExtension><gpxtpx:hr>145</gpxtpx:hr></gpxtpx:TrackPointExtension></extensions>
    </trkpt>
    <trkpt lat="37.566725" lon="127.000963">
      <ele>32.0</ele>
      <time>2026-07-20T19:11:56.000Z</time>
      <extensions><gpxtpx:TrackPointExtension><gpxtpx:hr>146</gpxtpx:hr></gpxtpx:TrackPointExtension></extensions>
    </trkpt>
    <trkpt lat="37.566738" lon="127.000939">
      <ele>32.0</ele>
      <time>2026-07-20T19:11:57.000Z</time>
      <extensions><gpxtpx:TrackPointExtension><gpxtpx:hr>145</gpxtpx:hr></gpxtpx:TrackPointExtension></extensions>
    </trkpt>
    <trkpt lat="37.566729" lon="127.000934">
      <ele>32.0</ele>
      <time>2026-07-20T19:11:58.000Z</time>
      <extensions><gpxtpx:TrackPointExtension><gpxtpx:hr>144</gpxtpx:hr></gpxtpx:TrackPointExtension></extensions>
    </trkpt>
    <trkpt lat="37.566734" lon="127.000934">
      <ele>32.0</ele>
      <time>2026-07-20T19:11:59.000Z</time>
      <extensions><gpxtpx:TrackPointExtension><gpxtpx:hr>143</gpxtpx:hr></gpxtpx:TrackPointExtension></extensions>
    </trkpt>
    <trkpt lat="37.566742" lon="127.000926">
      <ele>32.0</ele>
      <time>2026-07-20T19:12:00.000Z</time>
      <extensions><gpxtpx:TrackPointExtension><gpxtpx:hr>141</gpxtpx:hr></gpxtpx:TrackPointExtension></extensions>
    </trkpt>
    <trkpt lat="37.566735" lon="127.000880">
      <ele>32.0</ele>
      <time>2026-07-20T19:12:01.000Z</time>
      <extensions><gpxtpx:TrackPointExtension><gpxtpx:hr>142</gpxtpx:hr></gpxtpx:TrackPointExtension></extensions>
    </trkpt>
    <trkpt lat="37.566746" lon="127.000819">
      <ele>32.0</ele>
      <time>2026-07-20T19:12:02.000Z</time>
      <extensions><gpxtpx:TrackPointExtension><gpxtpx:hr>143</gpxtpx:hr></gpxtpx:TrackPointExtension></extensions>
    </trkpt>
    <trkpt lat="37.566750" lon="127.000764">
      <ele>32.0</ele>
      <time>2026-07-20T19:12:03.000Z</time>
      <extensions><gpxtpx:TrackPointExtension><gpxtpx:hr>144</gpxtpx:hr></gpxtpx:TrackPointExtension></extensions>
    </trkpt>
    <trkpt lat="37.566787" lon="127.000724">
      <ele>32.0</ele>
      <time>2026-07-20T19:12:04.000Z</time>
      <extensions><gpxtpx:TrackPointExtension><gpxtpx:hr>145</gpxtpx:hr></gpxtpx:TrackPointExtension></extensions>
    </trkpt>
    <trkpt lat="37.566827" lon="127.000685">
      <ele>32.0</ele>
      <time>2026-07-20T19:12:05.000Z</time>
      <extensions><gpxtpx:TrackPointExtension><gpxtpx:hr>146</gpxtpx:hr></gpxtpx:TrackPointExtension></extensions>
    </trkpt>
    <trkpt lat="37.566870" lon="127.000643">
      <ele>32.0</ele>
      <time>2026-07-20T19:12:06.000Z</time>
      <extensions><gpxtpx:TrackPointExtension><gpxtpx:hr>147</gpxtpx:hr></gpxtpx:TrackPointExtension></extensions>
    </trkpt>
    <trkpt lat="37.566905" lon="127.000611">
      <ele>32.0</ele>
      <time>2026-07-20T19:12:07.000Z</time>
      <extensions><gpxtpx:TrackPointExtension><gpxtpx:hr>147</gpxtpx:hr></gpxtpx:TrackPointExtension></extensions>
    </trkpt>
    <trkpt lat="37.566948" lon="127.000565">
      <ele>32.0</ele>
      <time>2026-07-20T19:12:08.000Z</time>
      <extensions><gpxtpx:TrackPointExtension><gpxtpx:hr>148</gpxtpx:hr></gpxtpx:TrackPointExtension></extensions>
    </trkpt>
    <trkpt lat="37.566928" lon="127.000557">
      <ele>32.0</ele>
      <time>2026-07-20T19:12:09.000Z</time>
      <extensions><gpxtpx:TrackPointExtension><gpxtpx:hr>147</gpxtpx:hr></gpxtpx:TrackPointExtension></extensions>
    </trkpt>
    <trkpt lat="37.566927" lon="127.000547">
      <ele>32.0</ele>
      <time>2026-07-20T19:12:10.000Z</time>
      <extensions><gpxtpx:TrackPointExtension><gpxtpx:hr>146</gpxtpx:hr></gpxtpx:TrackPointExtension></extensions>
    </trkpt>
    <trkpt lat="37.566924" lon="127.000550">
      <ele>32.0</ele>
      <time>2026-07-20T19:12:11.000Z</time>
      <extensions><gpxtpx:TrackPointExtension><gpxtpx:hr>145</gpxtpx:hr></gpxtpx:TrackPointExtension></extensions>
    </trkpt>
    <trkpt lat="37.566928" lon="127.000544">
      <ele>32.0</ele>
      <time>2026-07-20T19:12:12.000Z</time>
      <extensions><gpxtpx:TrackPointExtension><gpxtpx:hr>143</gpxtpx:hr></gpxtpx:TrackPointExtension></extensions>
    </trkpt>
    <trkpt lat="37.566916" lon="127.000548">
      <ele>32.0</ele>
      <time>2026-07-20T19:12:13.000Z</time>
      <extensions><gpxtpx:TrackPointExtension><gpxtpx:hr>142</gpxtpx:hr></gpxtpx:TrackPointExtension></extensions>
    </trkpt>
    <trkpt lat="37.566926" lon="127.000546">
      <ele>32.0</ele>
      <time>2026-07-20T19:12:14.000Z</time>
      <extensions><gpxtpx:TrackPointExtension><gpxtpx:hr>141</gpxtpx:hr></gpxtpx:TrackPointExtension></extensions>
    </trkpt>
    <trkpt lat="37.566946" lon="127.000600">
      <ele>32.0</ele>
      <time>2026-07-20T19:12:15.000Z</time>
      <extensions><gpxtpx:TrackPointExtension><gpxtpx:hr>142</gpxtpx:hr></gpxtpx:TrackPointExtension></extensions>
    </trkpt>
    <trkpt lat="37.566971" lon="127.000684">
      <ele>32.0</ele>
      <time>2026-07-20T19:12:16.000Z</time>
      <extensions><gpxtpx:TrackPointExtension><gpxtpx:hr>144</gpxtpx:hr></gpxtpx:TrackPointExtension></extensions>
    </trkpt>
    <trkpt lat="37.567003" lon="127.000757">
      <ele>32.0</ele>
      <time>2026-07-20T19:12:17.000Z</time>
      <extensions><gpxtpx:TrackPointExtension><gpxtpx:hr>145</gpxtpx:hr></gpxtpx:TrackPointExtension></extensions>
    </trkpt>
    <trkpt lat="37.566972" lon="127.000715">
      <ele>32.0</ele>
      <time>2026-07-20T19:12:18.000Z</time>
      <extensions><gpxtpx:TrackPointExtension><gpxtpx:hr>146</gpxtpx:hr></gpxtpx:TrackPointExtension></extensions>
    </trkpt>
    <trkpt lat="37.566955" lon="127.000686">
      <ele>32.0</ele>
      <time>2026-07-20T19:12:19.000Z</time>
      <extensions><gpxtpx:TrackPointExtension><gpxtpx:hr>146</gpxtpx:hr></gpxtpx:TrackPointExtension></extensions>
    </trkpt>
    <trkpt lat="37.566944" lon="127.000659">
      <ele>32.0</ele>
      <time>2026-07-20T19:12:20.000Z</time>
      <extensions><gpxtpx:TrackPointExtension><gpxtpx:hr>145</gpxtpx:hr></gpxtpx:TrackPointExtension></extensions>
    </trkpt>
    <trkpt lat="37.566934" lon="127.000642">
      <ele>32.0</ele>
      <time>2026-07-20T19:12:21.000Z</time>
      <extensions><gpxtpx:TrackPointExtension><gpxtpx:hr>144</gpxtpx:hr></gpxtpx:TrackPointExtension></extensions>
    </trkpt>
    <trkpt lat="37.566915" lon="127.000621">
      <ele>32.0</ele>
      <time>2026-07-20T19:12:22.000Z</time>
      <extensions><gpxtpx:TrackPointExtension><gpxtpx:hr>144</gpxtpx:hr></gpxtpx:TrackPointExtension></extensions>
    </trkpt>
    <trkpt lat="37.566902" lon="127.000614">
      <ele>32.0</ele>
      <time>2026-07-20T19:12:23.000Z</time>
      <extensions><gpxtpx:TrackPointExtension><gpxtpx:hr>143</gpxtpx:hr></gpxtpx:TrackPointExtension></extensions>
    </trkpt>
    <trkpt lat="37.566899" lon="127.000598">
      <ele>32.0</ele>
      <time>2026-07-20T19:12:24.000Z</time>
      <extensions><gpxtpx:TrackPointExtension><gpxtpx:hr>143</gpxtpx:hr></gpxtpx:TrackPointExtension></extensions>
    </trkpt>
    <trkpt lat="37.566883" lon="127.000585">
      <ele>32.0</ele>
      <time>2026-07-20T19:12:25.000Z</time>
      <extensions><gpxtpx:TrackPointExtension><gpxtpx:hr>142</gpxtpx:hr></gpxtpx:TrackPointExtension></extensions>
    </trkpt>
    <trkpt lat="37.566877" lon="127.000571">
      <ele>32.0</ele>
      <time>2026-07-20T19:12:26.000Z</time>
      <extensions><gpxtpx:TrackPointExtension><gpxtpx:hr>141</gpxtpx:hr></gpxtpx:TrackPointExtension></extensions>
    </trkpt>
    <trkpt lat="37.566868" lon="127.000598">
      <ele>32.0</ele>
      <time>2026-07-20T19:12:27.000Z</time>
      <extensions><gpxtpx:TrackPointExtension><gpxtpx:hr>141</gpxtpx:hr></gpxtpx:TrackPointExtension></extensions>
    </trkpt>
    <trkpt lat="37.566853" lon="127.000608">
      <ele>32.0</ele>
      <time>2026-07-20T19:12:28.000Z</time>
      <extensions><gpxtpx:TrackPointExtension><gpxtpx:hr>141</gpxtpx:hr></gpxtpx:TrackPointExtension></extensions>
    </trkpt>
    <trkpt lat="37.566851" lon="127.000654">
      <ele>32.0</ele>
      <time>2026-07-20T19:12:29.000Z</time>
      <extensions><gpxtpx:TrackPointExtension><gpxtpx:hr>141</gpxtpx:hr></gpxtpx:TrackPointExtension></extensions>
    </trkpt>
    <trkpt lat="37.566839" lon="127.000686">
      <ele>32.0</ele>
      <time>2026-07-20T19:12:30.000Z</time>
      <extensions><gpxtpx:TrackPointExtension><gpxtpx:hr>141</gpxtpx:hr></gpxtpx:TrackPointExtension></extensions>
    </trkpt>
    <trkpt lat="37.566829" lon="127.000704">
      <ele>32.0</ele>
      <time>2026-07-20T19:12:31.000Z</time>
      <extensions><gpxtpx:TrackPointExtension><gpxtpx:hr>141</gpxtpx:hr></gpxtpx:TrackPointExtension></extensions>
    </trkpt>
    <trkpt lat="37.566809" lon="127.000738">
      <ele>32.0</ele>
      <time>2026-07-20T19:12:32.000Z</time>
      <extensions><gpxtpx:TrackPointExtension><gpxtpx:hr>141</gpxtpx:hr></gpxtpx:TrackPointExtension></extensions>
    </trkpt>
    <trkpt lat="37.566803" lon="127.000773">
      <ele>32.0</ele>
      <time>2026-07-20T19:12:33.000Z</time>
      <extensions><gpxtpx:TrackPointExtension><gpxtpx:hr>141</gpxtpx:hr></gpxtpx:TrackPointExtension></extensions>
    </trkpt>
    <trkpt lat="37.566847" lon="127.000725">
      <ele>32.0</ele>
      <time>2026-07-20T19:12:34.000Z</time>
      <extensions><gpxtpx:TrackPointExtension><gpxtpx:hr>143</gpxtpx:hr></gpxtpx:TrackPointExtension></extensions>
    </trkpt>
    <trkpt lat="37.566898" lon="127.000670">
      <ele>32.0</ele>
      <time>2026-07-20T19:12:35.000Z</time>
      <extensions><gpxtpx:TrackPointExtension><gpxtpx:hr>144</gpxtpx:hr></gpxtpx:TrackPointExtension></extensions>
    </trkpt>
    <trkpt lat="37.566957" lon="127.000625">
      <ele>32.0</ele>
      <time>2026-07-20T19:12:36.000Z</time>
      <extensions><gpxtpx:TrackPointExtension><gpxtpx:hr>146</gpxtpx:hr></gpxtpx:TrackPointExtension></extensions>
    </trkpt>
    <trkpt lat="37.567012" lon="127.000570">
      <ele>32.0</ele>
      <time>2026-07-20T19:12:37.000Z</time>
      <extensions><gpxtpx:TrackPointExtension><gpxtpx:hr>148</gpxtpx:hr></gpxtpx:TrackPointExtension></extensions>
    </trkpt>
    <trkpt lat="37.566989" lon="127.000560">
      <ele>32.0</ele>
      <time>2026-07-20T19:12:38.000Z</time>
      <extensions><gpxtpx:TrackPointExtension><gpxtpx:hr>148</gpxtpx:hr></gpxtpx:TrackPointExtension></extensions>
    </trkpt>
    <trkpt lat="37.566984" lon="127.000559">
      <ele>32.0</ele>
      <time>2026-07-20T19:12:39.000Z</time>
      <extensions><gpxtpx:TrackPointExtension><gpxtpx:hr>146</gpxtpx:hr></gpxtpx:TrackPointExtension></extensions>
    </trkpt>
    <trkpt lat="37.566980" lon="127.000547">
      <ele>32.0</ele>
      <time>2026-07-20T19:12:40.000Z</time>
      <extensions><gpxtpx:TrackPointExtension><gpxtpx:hr>145</gpxtpx:hr></gpxtpx:TrackPointExtension></extensions>
    </trkpt>
    <trkpt lat="37.566985" lon="127.000544">
      <ele>32.0</ele>
      <time>2026-07-20T19:12:41.000Z</time>
      <extensions><gpxtpx:TrackPointExtension><gpxtpx:hr>144</gpxtpx:hr></gpxtpx:TrackPointExtension></extensions>
    </trkpt>
    <trkpt lat="37.566973" lon="127.000528">
      <ele>32.0</ele>
      <time>2026-07-20T19:12:42.000Z</time>
      <extensions><gpxtpx:TrackPointExtension><gpxtpx:hr>143</gpxtpx:hr></gpxtpx:TrackPointExtension></extensions>
    </trkpt>
    <trkpt lat="37.566968" lon="127.000528">
      <ele>32.0</ele>
      <time>2026-07-20T19:12:43.000Z</time>
      <extensions><gpxtpx:TrackPointExtension><gpxtpx:hr>142</gpxtpx:hr></gpxtpx:TrackPointExtension></extensions>
    </trkpt>
    <trkpt lat="37.566958" lon="127.000516">
      <ele>32.0</ele>
      <time>2026-07-20T19:12:44.000Z</time>
      <extensions><gpxtpx:TrackPointExtension><gpxtpx:hr>141</gpxtpx:hr></gpxtpx:TrackPointExtension></extensions>
    </trkpt>
    <trkpt lat="37.566948" lon="127.000506">
      <ele>32.0</ele>
      <time>2026-07-20T19:12:45.000Z</time>
      <extensions><gpxtpx:TrackPointExtension><gpxtpx:hr>141</gpxtpx:hr></gpxtpx:TrackPointExtension></extensions>
    </trkpt>
    <trkpt lat="37.566933" lon="127.000496">
      <ele>32.0</ele>
      <time>2026-07-20T19:12:46.000Z</time>
      <extensions><gpxtpx:TrackPointExtension><gpxtpx:hr>140</gpxtpx:hr></gpxtpx:TrackPointExtension></extensions>
    </trkpt>
    <trkpt lat="37.566928" lon="127.000478">
      <ele>32.0</ele>
      <time>2026-07-20T19:12:47.000Z</time>
      <extensions><gpxtpx:TrackPointExtension><gpxtpx:hr>139</gpxtpx:hr></gpxtpx:TrackPointExtension></extensions>
    </trkpt>
    <trkpt lat="37.566920" lon="127.000464">
      <ele>32.0</ele>
      <time>2026-07-20T19:12:48.000Z</time>
      <extensions><gpxtpx:TrackPointExtension><gpxtpx:hr>139</gpxtpx:hr></gpxtpx:TrackPointExtension></extensions>
    </trkpt>
    <trkpt lat="37.566905" lon="127.000467">
      <ele>32.0</ele>
      <time>2026-07-20T19:12:49.000Z</time>
      <extensions><gpxtpx:TrackPointExtension><gpxtpx:hr>138</gpxtpx:hr></gpxtpx:TrackPointExtension></extensions>
    </trkpt>
    <trkpt lat="37.566894" lon="127.000452">
      <ele>32.0</ele>
      <time>2026-07-20T19:12:50.000Z</time>
      <extensions><gpxtpx:TrackPointExtension><gpxtpx:hr>138</gpxtpx:hr></gpxtpx:TrackPointExtension></extensions>
    </trkpt>
    <trkpt lat="37.566883" lon="127.000440">
      <ele>32.0</ele>
      <time>2026-07-20T19:12:51.000Z</time>
      <extensions><gpxtpx:TrackPointExtension><gpxtpx:hr>137</gpxtpx:hr></gpxtpx:TrackPointExtension></extensions>
    </trkpt>
    <trkpt lat="37.566888" lon="127.000440">
      <ele>32.0</ele>
      <time>2026-07-20T19:12:52.000Z</time>
      <extensions><gpxtpx:TrackPointExtension><gpxtpx:hr>136</gpxtpx:hr></gpxtpx:TrackPointExtension></extensions>
    </trkpt>
    <trkpt lat="37.566891" lon="127.000432">
      <ele>32.0</ele>
      <time>2026-07-20T19:12:53.000Z</time>
      <extensions><gpxtpx:TrackPointExtension><gpxtpx:hr>135</gpxtpx:hr></gpxtpx:TrackPointExtension></extensions>
    </trkpt>
    <trkpt lat="37.566890" lon="127.000445">
      <ele>32.0</ele>
      <time>2026-07-20T19:12:54.000Z</time>
      <extensions><gpxtpx:TrackPointExtension><gpxtpx:hr>135</gpxtpx:hr></gpxtpx:TrackPointExtension></extensions>
    </trkpt>
    <trkpt lat="37.566870" lon="127.000478">
      <ele>32.0</ele>
      <time>2026-07-20T19:12:55.000Z</time>
      <extensions><gpxtpx:TrackPointExtension><gpxtpx:hr>135</gpxtpx:hr></gpxtpx:TrackPointExtension></extensions>
    </trkpt>
    <trkpt lat="37.566864" lon="127.000496">
      <ele>32.0</ele>
      <time>2026-07-20T19:12:56.000Z</time>
      <extensions><gpxtpx:TrackPointExtension><gpxtpx:hr>135</gpxtpx:hr></gpxtpx:TrackPointExtension></extensions>
    </trkpt>
    <trkpt lat="37.566853" lon="127.000527">
      <ele>32.0</ele>
      <time>2026-07-20T19:12:57.000Z</time>
      <extensions><gpxtpx:TrackPointExtension><gpxtpx:hr>135</gpxtpx:hr></gpxtpx:TrackPointExtension></extensions>
    </trkpt>
    <trkpt lat="37.566847" lon="127.000543">
      <ele>32.0</ele>
      <time>2026-07-20T19:12:58.000Z</time>
      <extensions><gpxtpx:TrackPointExtension><gpxtpx:hr>136</gpxtpx:hr></gpxtpx:TrackPointExtension></extensions>
    </trkpt>
    <trkpt lat="37.566829" lon="127.000575">
      <ele>32.0</ele>
      <time>2026-07-20T19:12:59.000Z</time>
      <extensions><gpxtpx:TrackPointExtension><gpxtpx:hr>136</gpxtpx:hr></gpxtpx:TrackPointExtension></extensions>
    </trkpt>
    <trkpt lat="37.566817" lon="127.000615">
      <ele>32.0</ele>
      <time>2026-07-20T19:13:00.000Z</time>
      <extensions><gpxtpx:TrackPointExtension><gpxtpx:hr>136</gpxtpx:hr></gpxtpx:TrackPointExtension></extensions>
    </trkpt>
    <trkpt lat="37.566841" lon="127.000617">
      <ele>32.0</ele>
      <time>2026-07-20T19:13:01.000Z</time>
      <extensions><gpxtpx:TrackPointExtension><gpxtpx:hr>136</gpxtpx:hr></gpxtpx:TrackPointExtension></extensions>
    </trkpt>
    <trkpt lat="37.566865" lon="127.000623">
      <ele>32.0</ele>
      <time>2026-07-20T19:13:02.000Z</time>
      <extensions><gpxtpx:TrackPointExtension><gpxtpx:hr>136</gpxtpx:hr></gpxtpx:TrackPointExtension></extensions>
    </trkpt>
    <trkpt lat="37.566879" lon="127.000634">
      <ele>32.0</ele>
      <time>2026-07-20T19:13:03.000Z</time>
      <extensions><gpxtpx:TrackPointExtension><gpxtpx:hr>136</gpxtpx:hr></gpxtpx:TrackPointExtension></extensions>
    </trkpt>
    <trkpt lat="37.566890" lon="127.000640">
      <ele>32.0</ele>
      <time>2026-07-20T19:13:04.000Z</time>
      <extensions><gpxtpx:TrackPointExtension><gpxtpx:hr>136</gpxtpx:hr></gpxtpx:TrackPointExtension></extensions>
    </trkpt>
    <trkpt lat="37.566912" lon="127.000652">
      <ele>32.0</ele>
      <time>2026-07-20T19:13:05.000Z</time>
      <extensions><gpxtpx:TrackPointExtension><gpxtpx:hr>135</gpxtpx:hr></gpxtpx:TrackPointExtension></extensions>
    </trkpt>
    <trkpt lat="37.566886" lon="127.000641">
      <ele>32.0</ele>
      <time>2026-07-20T19:13:06.000Z</time>
      <extensions><gpxtpx:TrackPointExtension><gpxtpx:hr>135</gpxtpx:hr></gpxtpx:TrackPointExtension></extensions>
    </trkpt>
    <trkpt lat="37.566913" lon="127.000639">
      <ele>32.0</ele>
      <time>2026-07-20T19:13:07.000Z</time>
      <extensions><gpxtpx:TrackPointExtension><gpxtpx:hr>135</gpxtpx:hr></gpxtpx:TrackPointExtension></extensions>
    </trkpt>
    <trkpt lat="37.566892" lon="127.000643">
      <ele>32.0</ele>
      <time>2026-07-20T19:13:08.000Z</time>
      <extensions><gpxtpx:TrackPointExtension><gpxtpx:hr>135</gpxtpx:hr></gpxtpx:TrackPointExtension></extensions>
    </trkpt>
    <trkpt lat="37.566907" lon="127.000645">
      <ele>32.0</ele>
      <time>2026-07-20T19:13:09.000Z</time>
      <extensions><gpxtpx:TrackPointExtension><gpxtpx:hr>134</gpxtpx:hr></gpxtpx:TrackPointExtension></extensions>
    </trkpt>
    <trkpt lat="37.566895" lon="127.000633">
      <ele>32.0</ele>
      <time>2026-07-20T19:13:10.000Z</time>
      <extensions><gpxtpx:TrackPointExtension><gpxtpx:hr>134</gpxtpx:hr></gpxtpx:TrackPointExtension></extensions>
    </trkpt>
    <trkpt lat="37.566900" lon="127.000641">
      <ele>32.0</ele>
      <time>2026-07-20T19:13:11.000Z</time>
      <extensions><gpxtpx:TrackPointExtension><gpxtpx:hr>134</gpxtpx:hr></gpxtpx:TrackPointExtension></extensions>
    </trkpt>
    <trkpt lat="37.566906" lon="127.000608">
      <ele>32.0</ele>
      <time>2026-07-20T19:13:12.000Z</time>
      <extensions><gpxtpx:TrackPointExtension><gpxtpx:hr>134</gpxtpx:hr></gpxtpx:TrackPointExtension></extensions>
    </trkpt>
    <trkpt lat="37.566903" lon="127.000578">
      <ele>32.0</ele>
      <time>2026-07-20T19:13:13.000Z</time>
      <extensions><gpxtpx:TrackPointExtension><gpxtpx:hr>135</gpxtpx:hr></gpxtpx:TrackPointExtension></extensions>
    </trkpt>
    <trkpt lat="37.566893" lon="127.000542">
      <ele>32.0</ele>
      <time>2026-07-20T19:13:14.000Z</time>
      <extensions><gpxtpx:TrackPointExtension><gpxtpx:hr>135</gpxtpx:hr></gpxtpx:TrackPointExtension></extensions>
    </trkpt>
    <trkpt lat="37.566892" lon="127.000513">
      <ele>32.0</ele>
      <time>2026-07-20T19:13:15.000Z</time>
      <extensions><gpxtpx:TrackPointExtension><gpxtpx:hr>136</gpxtpx:hr></gpxtpx:TrackPointExtension></extensions>
    </trkpt>
    <trkpt lat="37.566880" lon="127.000473">
      <ele>32.0</ele>
      <time>2026-07-20T19:13:16.000Z</time>
      <extensions><gpxtpx:TrackPointExtension><gpxtpx:hr>136</gpxtpx:hr></gpxtpx:TrackPointExtension></extensions>
    </trkpt>
    <trkpt lat="37.566878" lon="127.000438">
      <ele>32.0</ele>
      <time>2026-07-20T19:13:17.000Z</time>
      <extensions><gpxtpx:TrackPointExtension><gpxtpx:hr>136</gpxtpx:hr></gpxtpx:TrackPointExtension></extensions>
    </trkpt>
    <trkpt lat="37.566889" lon="127.000476">
      <ele>32.0</ele>
      <time>2026-07-20T19:13:18.000Z</time>
      <extensions><gpxtpx:TrackPointExtension><gpxtpx:hr>137</gpxtpx:hr></gpxtpx:TrackPointExtension></extensions>
    </trkpt>
    <trkpt lat="37.566883" lon="127.000443">
      <ele>32.0</ele>
      <time>2026-07-20T19:13:19.000Z</time>
      <extensions><gpxtpx:TrackPointExtension><gpxtpx:hr>137</gpxtpx:hr></gpxtpx:TrackPointExtension></extensions>
    </trkpt>
    <trkpt lat="37.566889" lon="127.000474">
      <ele>32.0</ele>
      <time>2026-07-20T19:13:20.000Z</time>
      <extensions><gpxtpx:TrackPointExtension><gpxtpx:hr>137</gpxtpx:hr></gpxtpx:TrackPointExtension></extensions>
    </trkpt>
    <trkpt lat="37.566877" lon="127.000439">
      <ele>32.0</ele>
      <time>2026-07-20T19:13:21.000Z</time>
      <extensions><gpxtpx:TrackPointExtension><gpxtpx:hr>138</gpxtpx:hr></gpxtpx:TrackPointExtension></extensions>
    </trkpt>
    <trkpt lat="37.566883" lon="127.000470">
      <ele>32.0</ele>
      <time>2026-07-20T19:13:22.000Z</time>
      <extensions><gpxtpx:TrackPointExtension><gpxtpx:hr>138</gpxtpx:hr></gpxtpx:TrackPointExtension></extensions>
    </trkpt>
    <trkpt lat="37.566882" lon="127.000487">
      <ele>32.0</ele>
      <time>2026-07-20T19:13:23.000Z</time>
      <extensions><gpxtpx:TrackPointExtension><gpxtpx:hr>138</gpxtpx:hr></gpxtpx:TrackPointExtension></extensions>
    </trkpt>
    <trkpt lat="37.566875" lon="127.000511">
      <ele>32.0</ele>
      <time>2026-07-20T19:13:24.000Z</time>
      <extensions><gpxtpx:TrackPointExtension><gpxtpx:hr>137</gpxtpx:hr></gpxtpx:TrackPointExtension></extensions>
    </trkpt>
    <trkpt lat="37.566878" lon="127.000537">
      <ele>32.0</ele>
      <time>2026-07-20T19:13:25.000Z</time>
      <extensions><gpxtpx:TrackPointExtension><gpxtpx:hr>137</gpxtpx:hr></gpxtpx:TrackPointExtension></extensions>
    </trkpt>
    <trkpt lat="37.566877" lon="127.000561">
      <ele>32.0</ele>
      <time>2026-07-20T19:13:26.000Z</time>
      <extensions><gpxtpx:TrackPointExtension><gpxtpx:hr>137</gpxtpx:hr></gpxtpx:TrackPointExtension></extensions>
    </trkpt>
    <trkpt lat="37.566874" lon="127.000577">
      <ele>32.0</ele>
      <time>2026-07-20T19:13:27.000Z</time>
      <extensions><gpxtpx:TrackPointExtension><gpxtpx:hr>136</gpxtpx:hr></gpxtpx:TrackPointExtension></extensions>
    </trkpt>
    <trkpt lat="37.566867" lon="127.000576">
      <ele>32.0</ele>
      <time>2026-07-20T19:13:28.000Z</time>
      <extensions><gpxtpx:TrackPointExtension><gpxtpx:hr>136</gpxtpx:hr></gpxtpx:TrackPointExtension></extensions>
    </trkpt>
    <trkpt lat="37.566853" lon="127.000590">
      <ele>32.0</ele>
      <time>2026-07-20T19:13:29.000Z</time>
      <extensions><gpxtpx:TrackPointExtension><gpxtpx:hr>136</gpxtpx:hr></gpxtpx:TrackPointExtension></extensions>
    </trkpt>
    <trkpt lat="37.566840" lon="127.000607">
      <ele>32.0</ele>
      <time>2026-07-20T19:13:30.000Z</time>
      <extensions><gpxtpx:TrackPointExtension><gpxtpx:hr>136</gpxtpx:hr></gpxtpx:TrackPointExtension></extensions>
    </trkpt>
    <trkpt lat="37.566824" lon="127.000611">
      <ele>32.0</ele>
      <time>2026-07-20T19:13:31.000Z</time>
      <extensions><gpxtpx:TrackPointExtension><gpxtpx:hr>135</gpxtpx:hr></gpxtpx:TrackPointExtension></extensions>
    </trkpt>
    <trkpt lat="37.566811" lon="127.000630">
      <ele>32.0</ele>
      <time>2026-07-20T19:13:32.000Z</time>
      <extensions><gpxtpx:TrackPointExtension><gpxtpx:hr>135</gpxtpx:hr></gpxtpx:TrackPointExtension></extensions>
    </trkpt>
    <trkpt lat="37.566848" lon="127.000604">
      <ele>32.0</ele>
      <time>2026-07-20T19:13:33.000Z</time>
      <extensions><gpxtpx:TrackPointExtension><gpxtpx:hr>136</gpxtpx:hr></gpxtpx:TrackPointExtension></extensions>
    </trkpt>
    <trkpt lat="37.566885" lon="127.000575">
      <ele>32.0</ele>
      <time>2026-07-20T19:13:34.000Z</time>
      <extensions><gpxtpx:TrackPointExtension><gpxtpx:hr>137</gpxtpx:hr></gpxtpx:TrackPointExtension></extensions>
    </trkpt>
    <trkpt lat="37.566927" lon="127.000548">
      <ele>32.0</ele>
      <time>2026-07-20T19:13:35.000Z</time>
      <extensions><gpxtpx:TrackPointExtension><gpxtpx:hr>138</gpxtpx:hr></gpxtpx:TrackPointExtension></extensions>
    </trkpt>
    <trkpt lat="37.566960" lon="127.000512">
      <ele>32.0</ele>
      <time>2026-07-20T19:13:36.000Z</time>
      <extensions><gpxtpx:TrackPointExtension><gpxtpx:hr>139</gpxtpx:hr></gpxtpx:TrackPointExtension></extensions>
    </trkpt>
    <trkpt lat="37.566947" lon="127.000547">
      <ele>32.0</ele>
      <time>2026-07-20T19:13:37.000Z</time>
      <extensions><gpxtpx:TrackPointExtension><gpxtpx:hr>139</gpxtpx:hr></gpxtpx:TrackPointExtension></extensions>
    </trkpt>
    <trkpt lat="37.566941" lon="127.000562">
      <ele>32.0</ele>
      <time>2026-07-20T19:13:38.000Z</time>
      <extensions><gpxtpx:TrackPointExtension><gpxtpx:hr>139</gpxtpx:hr></gpxtpx:TrackPointExtension></extensions>
    </trkpt>
    <trkpt lat="37.566930" lon="127.000596">
      <ele>32.0</ele>
      <time>2026-07-20T19:13:39.000Z</time>
      <extensions><gpxtpx:TrackPointExtension><gpxtpx:hr>139</gpxtpx:hr></gpxtpx:TrackPointExtension></extensions>
    </trkpt>
    <trkpt lat="37.566923" lon="127.000619">
      <ele>32.0</ele>
      <time>2026-07-20T19:13:40.000Z</time>
      <extensions><gpxtpx:TrackPointExtension><gpxtpx:hr>139</gpxtpx:hr></gpxtpx:TrackPointExtension></extensions>
    </trkpt>
    <trkpt lat="37.566891" lon="127.000578">
      <ele>32.0</ele>
      <time>2026-07-20T19:13:41.000Z</time>
      <extensions><gpxtpx:TrackPointExtension><gpxtpx:hr>139</gpxtpx:hr></gpxtpx:TrackPointExtension></extensions>
    </trkpt>
    <trkpt lat="37.566862" lon="127.000541">
      <ele>32.0</ele>
      <time>2026-07-20T19:13:42.000Z</time>
      <extensions><gpxtpx:TrackPointExtension><gpxtpx:hr>140</gpxtpx:hr></gpxtpx:TrackPointExtension></extensions>
    </trkpt>
    <trkpt lat="37.566824" lon="127.000513">
      <ele>32.0</ele>
      <time>2026-07-20T19:13:43.000Z</time>
      <extensions><gpxtpx:TrackPointExtension><gpxtpx:hr>141</gpxtpx:hr></gpxtpx:TrackPointExtension></extensions>
    </trkpt>
    <trkpt lat="37.566787" lon="127.000462">
      <ele>32.0</ele>
      <time>2026-07-20T19:13:44.000Z</time>
      <extensions><gpxtpx:TrackPointExtension><gpxtpx:hr>142</gpxtpx:hr></gpxtpx:TrackPointExtension></extensions>
    </trkpt>
    <trkpt lat="37.566746" lon="127.000436">
      <ele>32.0</ele>
      <time>2026-07-20T19:13:45.000Z</time>
      <extensions><gpxtpx:TrackPointExtension><gpxtpx:hr>143</gpxtpx:hr></gpxtpx:TrackPointExtension></extensions>
    </trkpt>
    <trkpt lat="37.566713" lon="127.000389">
      <ele>32.0</ele>
      <time>2026-07-20T19:13:46.000Z</time>
      <extensions><gpxtpx:TrackPointExtension><gpxtpx:hr>144</gpxtpx:hr></gpxtpx:TrackPointExtension></extensions>
    </trkpt>
    <trkpt lat="37.566739" lon="127.000426">
      <ele>32.0</ele>
      <time>2026-07-20T19:13:47.000Z</time>
      <extensions><gpxtpx:TrackPointExtension><gpxtpx:hr>144</gpxtpx:hr></gpxtpx:TrackPointExtension></extensions>
    </trkpt>
    <trkpt lat="37.566752" lon="127.000472">
      <ele>32.0</ele>
      <time>2026-07-20T19:13:48.000Z</time>
      <extensions><gpxtpx:TrackPointExtension><gpxtpx:hr>145</gpxtpx:hr></gpxtpx:TrackPointExtension></extensions>
    </trkpt>
    <trkpt lat="37.566775" lon="127.000499">
      <ele>32.0</ele>
      <time>2026-07-20T19:13:49.000Z</time>
      <extensions><gpxtpx:TrackPointExtension><gpxtpx:hr>145</gpxtpx:hr></gpxtpx:TrackPointExtension></extensions>
    </trkpt>
    <trkpt lat="37.566799" lon="127.000524">
      <ele>32.0</ele>
      <time>2026-07-20T19:13:50.000Z</time>
      <extensions><gpxtpx:TrackPointExtension><gpxtpx:hr>145</gpxtpx:hr></gpxtpx:TrackPointExtension></extensions>
    </trkpt>
    <trkpt lat="37.566815" lon="127.000562">
      <ele>32.0</ele>
      <time>2026-07-20T19:13:51.000Z</time>
      <extensions><gpxtpx:TrackPointExtension><gpxtpx:hr>145</gpxtpx:hr></gpxtpx:TrackPointExtension></extensions>
    </trkpt>
    <trkpt lat="37.566839" lon="127.000603">
      <ele>32.0</ele>
      <time>2026-07-20T19:13:52.000Z</time>
      <extensions><gpxtpx:TrackPointExtension><gpxtpx:hr>145</gpxtpx:hr></gpxtpx:TrackPointExtension></extensions>
    </trkpt>
    <trkpt lat="37.566805" lon="127.000608">
      <ele>32.0</ele>
      <time>2026-07-20T19:13:53.000Z</time>
      <extensions><gpxtpx:TrackPointExtension><gpxtpx:hr>144</gpxtpx:hr></gpxtpx:TrackPointExtension></extensions>
    </trkpt>
    <trkpt lat="37.566798" lon="127.000609">
      <ele>32.0</ele>
      <time>2026-07-20T19:13:54.000Z</time>
      <extensions><gpxtpx:TrackPointExtension><gpxtpx:hr>144</gpxtpx:hr></gpxtpx:TrackPointExtension></extensions>
    </trkpt>
    <trkpt lat="37.566779" lon="127.000610">
      <ele>32.0</ele>
      <time>2026-07-20T19:13:55.000Z</time>
      <extensions><gpxtpx:TrackPointExtension><gpxtpx:hr>143</gpxtpx:hr></gpxtpx:TrackPointExtension></extensions>
    </trkpt>
    <trkpt lat="37.566760" lon="127.000619">
      <ele>32.0</ele>
      <time>2026-07-20T19:13:56.000Z</time>
      <extensions><gpxtpx:TrackPointExtension><gpxtpx:hr>142</gpxtpx:hr></gpxtpx:TrackPointExtension></extensions>
    </trkpt>
    <trkpt lat="37.566743" lon="127.000618">
      <ele>32.0</ele>
      <time>2026-07-20T19:13:57.000Z</time>
      <extensions><gpxtpx:TrackPointExtension><gpxtpx:hr>142</gpxtpx:hr></gpxtpx:TrackPointExtension></extensions>
    </trkpt>
    <trkpt lat="37.566733" lon="127.000629">
      <ele>32.0</ele>
      <time>2026-07-20T19:13:58.000Z</time>
      <extensions><gpxtpx:TrackPointExtension><gpxtpx:hr>141</gpxtpx:hr></gpxtpx:TrackPointExtension></extensions>
    </trkpt>
    <trkpt lat="37.566714" lon="127.000634">
      <ele>32.0</ele>
      <time>2026-07-20T19:13:59.000Z</time>
      <extensions><gpxtpx:TrackPointExtension><gpxtpx:hr>141</gpxtpx:hr></gpxtpx:TrackPointExtension></extensions>
    </trkpt>
    <trkpt lat="37.566698" lon="127.000635">
      <ele>32.0</ele>
      <time>2026-07-20T19:14:00.000Z</time>
      <extensions><gpxtpx:TrackPointExtension><gpxtpx:hr>140</gpxtpx:hr></gpxtpx:TrackPointExtension></extensions>
    </trkpt>
    <trkpt lat="37.566690" lon="127.000651">
      <ele>32.0</ele>
      <time>2026-07-20T19:14:01.000Z</time>
      <extensions><gpxtpx:TrackPointExtension><gpxtpx:hr>140</gpxtpx:hr></gpxtpx:TrackPointExtension></extensions>
    </trkpt>
    <trkpt lat="37.566672" lon="127.000657">
      <ele>32.0</ele>
      <time>2026-07-20T19:14:02.000Z</time>
      <extensions><gpxtpx:TrackPointExtension><gpxtpx:hr>140</gpxtpx:hr></gpxtpx:TrackPointExtension></extensions>
    </trkpt>
    <trkpt lat="37.566644" lon="127.000673">
      <ele>32.0</ele>
      <time>2026-07-20T19:14:03.000Z</time>
      <extensions><gpxtpx:TrackPointExtension><gpxtpx:hr>140</gpxtpx:hr></gpxtpx:TrackPointExtension></extensions>
    </trkpt>
    <trkpt lat="37.566619" lon="127.000684">
      <ele>32.0</ele>
      <time>2026-07-20T19:14:04.000Z</time>
      <extensions><gpxtpx:TrackPointExtension><gpxtpx:hr>140</gpxtpx:hr></gpxtpx:TrackPointExtension></extensions>
    </trkpt>
    <trkpt lat="37.566584" lon="127.000694">
      <ele>32.0</ele>
      <time>2026-07-20T19:14:05.000Z</time>
      <extensions><gpxtpx:TrackPointExtension><gpxtpx:hr>140</gpxtpx:hr></gpxtpx:TrackPointExtension></extensions>
    </trkpt>
    <trkpt lat="37.566559" lon="127.000724">
      <ele>32.0</ele>
      <time>2026-07-20T19:14:06.000Z</time>
      <extensions><gpxtpx:TrackPointExtension><gpxtpx:hr>140</gpxtpx:hr></gpxtpx:TrackPointExtension></extensions>
    </trkpt>
    <trkpt lat="37.566524" lon="127.000729">
      <ele>32.0</ele>
      <time>2026-07-20T19:14:07.000Z</time>
      <extensions><gpxtpx:TrackPointExtension><gpxtpx:hr>141</gpxtpx:hr></gpxtpx:TrackPointExtension></extensions>
    </trkpt>
    <trkpt lat="37.566553" lon="127.000751">
      <ele>32.0</ele>
      <time>2026-07-20T19:14:08.000Z</time>
      <extensions><gpxtpx:TrackPointExtension><gpxtpx:hr>141</gpxtpx:hr></gpxtpx:TrackPointExtension></extensions>
    </trkpt>
    <trkpt lat="37.566574" lon="127.000753">
      <ele>32.0</ele>
      <time>2026-07-20T19:14:09.000Z</time>
      <extensions><gpxtpx:TrackPointExtension><gpxtpx:hr>140</gpxtpx:hr></gpxtpx:TrackPointExtension></extensions>
    </trkpt>
    <trkpt lat="37.566588" lon="127.000763">
      <ele>32.0</ele>
      <time>2026-07-20T19:14:10.000Z</time>
      <extensions><gpxtpx:TrackPointExtension><gpxtpx:hr>140</gpxtpx:hr></gpxtpx:TrackPointExtension></extensions>
    </trkpt>
    <trkpt lat="37.566603" lon="127.000767">
      <ele>32.0</ele>
      <time>2026-07-20T19:14:11.000Z</time>
      <extensions><gpxtpx:TrackPointExtension><gpxtpx:hr>140</gpxtpx:hr></gpxtpx:TrackPointExtension></extensions>
    </trkpt>
    <trkpt lat="37.566623" lon="127.000774">
      <ele>32.0</ele>
      <time>2026-07-20T19:14:12.000Z</time>
      <extensions><gpxtpx:TrackPointExtension><gpxtpx:hr>139</gpxtpx:hr></gpxtpx:TrackPointExtension></extensions>
    </trkpt>
    <trkpt lat="37.566625" lon="127.000789">
      <ele>32.0</ele>
      <time>2026-07-20T19:14:13.000Z</time>
      <extensions><gpxtpx:TrackPointExtension><gpxtpx:hr>139</gpxtpx:hr></gpxtpx:TrackPointExtension></extensions>
    </trkpt>
    <trkpt lat="37.566640" lon="127.000792">
      <ele>32.0</ele>
      <time>2026-07-20T19:14:14.000Z</time>
      <extensions><gpxtpx:TrackPointExtension><gpxtpx:hr>138</gpxtpx:hr></gpxtpx:TrackPointExtension></extensions>
    </trkpt>
    <trkpt lat="37.566647" lon="127.000795">
      <ele>32.0</ele>
      <time>2026-07-20T19:14:15.000Z</time>
      <extensions><gpxtpx:TrackPointExtension><gpxtpx:hr>138</gpxtpx:hr></gpxtpx:TrackPointExtension></extensions>
    </trkpt>
    <trkpt lat="37.566665" lon="127.000799">
      <ele>32.0</ele>
      <time>2026-07-20T19:14:16.000Z</time>
      <extensions><gpxtpx:TrackPointExtension><gpxtpx:hr>137</gpxtpx:hr></gpxtpx:TrackPointExtension></extensions>
    </trkpt>
    <trkpt lat="37.566684" lon="127.000804">
      <ele>32.0</ele>
      <time>2026-07-20T19:14:17.000Z</time>
      <extensions><gpxtpx:TrackPointExtension><gpxtpx:hr>137</gpxtpx:hr></gpxtpx:TrackPointExtension></extensions>
    </trkpt>
    <trkpt lat="37.566694" lon="127.000820">
      <ele>32.0</ele>
      <time>2026-07-20T19:14:18.000Z</time>
      <extensions><gpxtpx:TrackPointExtension><gpxtpx:hr>136</gpxtpx:hr></gpxtpx:TrackPointExtension></extensions>
    </trkpt>
    <trkpt lat="37.566706" lon="127.000821">
      <ele>32.0</ele>
      <time>2026-07-20T19:14:19.000Z</time>
      <extensions><gpxtpx:TrackPointExtension><gpxtpx:hr>136</gpxtpx:hr></gpxtpx:TrackPointExtension></extensions>
    </trkpt>
    <trkpt lat="37.566718" lon="127.000830">
      <ele>32.0</ele>
      <time>2026-07-20T19:14:20.000Z</time>
      <extensions><gpxtpx:TrackPointExtension><gpxtpx:hr>136</gpxtpx:hr></gpxtpx:TrackPointExtension></extensions>
    </trkpt>
    <trkpt lat="37.566731" lon="127.000840">
      <ele>32.0</ele>
      <time>2026-07-20T19:14:21.000Z</time>
      <extensions><gpxtpx:TrackPointExtension><gpxtpx:hr>135</gpxtpx:hr></gpxtpx:TrackPointExtension></extensions>
    </trkpt>
    <trkpt lat="37.566753" lon="127.000833">
      <ele>32.0</ele>
      <time>2026-07-20T19:14:22.000Z</time>
      <extensions><gpxtpx:TrackPointExtension><gpxtpx:hr>135</gpxtpx:hr></gpxtpx:TrackPointExtension></extensions>
    </trkpt>
    <trkpt lat="37.566728" lon="127.000814">
      <ele>32.0</ele>
      <time>2026-07-20T19:14:23.000Z</time>
      <extensions><gpxtpx:TrackPointExtension><gpxtpx:hr>136</gpxtpx:hr></gpxtpx:TrackPointExtension></extensions>
    </trkpt>
    <trkpt lat="37.566714" lon="127.000750">
      <ele>32.0</ele>
      <time>2026-07-20T19:14:24.000Z</time>
      <extensions><gpxtpx:TrackPointExtension><gpxtpx:hr>137</gpxtpx:hr></gpxtpx:TrackPointExtension></extensions>
    </trkpt>
    <trkpt lat="37.566679" lon="127.000719">
      <ele>32.0</ele>
      <time>2026-07-20T19:14:25.000Z</time>
      <extensions><gpxtpx:TrackPointExtension><gpxtpx:hr>138</gpxtpx:hr></gpxtpx:TrackPointExtension></extensions>
    </trkpt>
    <trkpt lat="37.566683" lon="127.000727">
      <ele>32.0</ele>
      <time>2026-07-20T19:14:26.000Z</time>
      <extensions><gpxtpx:TrackPointExtension><gpxtpx:hr>137</gpxtpx:hr></gpxtpx:TrackPointExtension></extensions>
    </trkpt>
    <trkpt lat="37.566690" lon="127.000738">
      <ele>32.0</ele>
      <time>2026-07-20T19:14:27.000Z</time>
      <extensions><gpxtpx:TrackPointExtension><gpxtpx:hr>137</gpxtpx:hr></gpxtpx:TrackPointExtension></extensions>
    </trkpt>
    <trkpt lat="37.566689" lon="127.000745">
      <ele>32.0</ele>
      <time>2026-07-20T19:14:28.000Z</time>
      <extensions><gpxtpx:TrackPointExtension><gpxtpx:hr>136</gpxtpx:hr></gpxtpx:TrackPointExtension></extensions>
    </trkpt>
    <trkpt lat="37.566691" lon="127.000741">
      <ele>32.0</ele>
      <time>2026-07-20T19:14:29.000Z</time>
      <extensions><gpxtpx:TrackPointExtension><gpxtpx:hr>135</gpxtpx:hr></gpxtpx:TrackPointExtension></extensions>
    </trkpt>
    <trkpt lat="37.566689" lon="127.000739">
      <ele>32.0</ele>
      <time>2026-07-20T19:14:30.000Z</time>
      <extensions><gpxtpx:TrackPointExtension><gpxtpx:hr>134</gpxtpx:hr></gpxtpx:TrackPointExtension></extensions>
    </trkpt>
    <trkpt lat="37.566694" lon="127.000751">
      <ele>32.0</ele>
      <time>2026-07-20T19:14:31.000Z</time>
      <extensions><gpxtpx:TrackPointExtension><gpxtpx:hr>133</gpxtpx:hr></gpxtpx:TrackPointExtension></extensions>
    </trkpt>
    <trkpt lat="37.566707" lon="127.000748">
      <ele>32.0</ele>
      <time>2026-07-20T19:14:32.000Z</time>
      <extensions><gpxtpx:TrackPointExtension><gpxtpx:hr>133</gpxtpx:hr></gpxtpx:TrackPointExtension></extensions>
    </trkpt>
    <trkpt lat="37.566715" lon="127.000763">
      <ele>32.0</ele>
      <time>2026-07-20T19:14:33.000Z</time>
      <extensions><gpxtpx:TrackPointExtension><gpxtpx:hr>133</gpxtpx:hr></gpxtpx:TrackPointExtension></extensions>
    </trkpt>
    <trkpt lat="37.566723" lon="127.000774">
      <ele>32.0</ele>
      <time>2026-07-20T19:14:34.000Z</time>
      <extensions><gpxtpx:TrackPointExtension><gpxtpx:hr>133</gpxtpx:hr></gpxtpx:TrackPointExtension></extensions>
    </trkpt>
    <trkpt lat="37.566746" lon="127.000788">
      <ele>32.0</ele>
      <time>2026-07-20T19:14:35.000Z</time>
      <extensions><gpxtpx:TrackPointExtension><gpxtpx:hr>132</gpxtpx:hr></gpxtpx:TrackPointExtension></extensions>
    </trkpt>
    <trkpt lat="37.566760" lon="127.000798">
      <ele>32.0</ele>
      <time>2026-07-20T19:14:36.000Z</time>
      <extensions><gpxtpx:TrackPointExtension><gpxtpx:hr>132</gpxtpx:hr></gpxtpx:TrackPointExtension></extensions>
    </trkpt>
    <trkpt lat="37.566779" lon="127.000809">
      <ele>32.0</ele>
      <time>2026-07-20T19:14:37.000Z</time>
      <extensions><gpxtpx:TrackPointExtension><gpxtpx:hr>132</gpxtpx:hr></gpxtpx:TrackPointExtension></extensions>
    </trkpt>
    <trkpt lat="37.566787" lon="127.000767">
      <ele>32.0</ele>
      <time>2026-07-20T19:14:38.000Z</time>
      <extensions><gpxtpx:TrackPointExtension><gpxtpx:hr>133</gpxtpx:hr></gpxtpx:TrackPointExtension></extensions>
    </trkpt>
    <trkpt lat="37.566797" lon="127.000750">
      <ele>32.0</ele>
      <time>2026-07-20T19:14:39.000Z</time>
      <extensions><gpxtpx:TrackPointExtension><gpxtpx:hr>133</gpxtpx:hr></gpxtpx:TrackPointExtension></extensions>
    </trkpt>
    <trkpt lat="37.566808" lon="127.000718">
      <ele>32.0</ele>
      <time>2026-07-20T19:14:40.000Z</time>
      <extensions><gpxtpx:TrackPointExtension><gpxtpx:hr>134</gpxtpx:hr></gpxtpx:TrackPointExtension></extensions>
    </trkpt>
    <trkpt lat="37.566823" lon="127.000684">
      <ele>32.0</ele>
      <time>2026-07-20T19:14:41.000Z</time>
      <extensions><gpxtpx:TrackPointExtension><gpxtpx:hr>134</gpxtpx:hr></gpxtpx:TrackPointExtension></extensions>
    </trkpt>
    <trkpt lat="37.566843" lon="127.000638">
      <ele>32.0</ele>
      <time>2026-07-20T19:14:42.000Z</time>
      <extensions><gpxtpx:TrackPointExtension><gpxtpx:hr>135</gpxtpx:hr></gpxtpx:TrackPointExtension></extensions>
    </trkpt>
    <trkpt lat="37.566851" lon="127.000606">
      <ele>32.0</ele>
      <time>2026-07-20T19:14:43.000Z</time>
      <extensions><gpxtpx:TrackPointExtension><gpxtpx:hr>135</gpxtpx:hr></gpxtpx:TrackPointExtension></extensions>
    </trkpt>
    <trkpt lat="37.566873" lon="127.000573">
      <ele>32.0</ele>
      <time>2026-07-20T19:14:44.000Z</time>
      <extensions><gpxtpx:TrackPointExtension><gpxtpx:hr>136</gpxtpx:hr></gpxtpx:TrackPointExtension></extensions>
    </trkpt>
    <trkpt lat="37.566883" lon="127.000539">
      <ele>32.0</ele>
      <time>2026-07-20T19:14:45.000Z</time>
      <extensions><gpxtpx:TrackPointExtension><gpxtpx:hr>136</gpxtpx:hr></gpxtpx:TrackPointExtension></extensions>
    </trkpt>
    <trkpt lat="37.566898" lon="127.000515">
      <ele>32.0</ele>
      <time>2026-07-20T19:14:46.000Z</time>
      <extensions><gpxtpx:TrackPointExtension><gpxtpx:hr>136</gpxtpx:hr></gpxtpx:TrackPointExtension></extensions>
    </trkpt>
    <trkpt lat="37.566906" lon="127.000475">
      <ele>32.0</ele>
      <time>2026-07-20T19:14:47.000Z</time>
      <extensions><gpxtpx:TrackPointExtension><gpxtpx:hr>137</gpxtpx:hr></gpxtpx:TrackPointExtension></extensions>
    </trkpt>
    <trkpt lat="37.566926" lon="127.000443">
      <ele>32.0</ele>
      <time>2026-07-20T19:14:48.000Z</time>
      <extensions><gpxtpx:TrackPointExtension><gpxtpx:hr>137</gpxtpx:hr></gpxtpx:TrackPointExtension></extensions>
    </trkpt>
    <trkpt lat="37.566937" lon="127.000415">
      <ele>32.0</ele>
      <time>2026-07-20T19:14:49.000Z</time>
      <extensions><gpxtpx:TrackPointExtension><gpxtpx:hr>138</gpxtpx:hr></gpxtpx:TrackPointExtension></extensions>
    </trkpt>
    <trkpt lat="37.566927" lon="127.000420">
      <ele>32.0</ele>
      <time>2026-07-20T19:14:50.000Z</time>
      <extensions><gpxtpx:TrackPointExtension><gpxtpx:hr>137</gpxtpx:hr></gpxtpx:TrackPointExtension></extensions>
    </trkpt>
    <trkpt lat="37.566925" lon="127.000413">
      <ele>32.0</ele>
      <time>2026-07-20T19:14:51.000Z</time>
      <extensions><gpxtpx:TrackPointExtension><gpxtpx:hr>136</gpxtpx:hr></gpxtpx:TrackPointExtension></extensions>
    </trkpt>
    <trkpt lat="37.566924" lon="127.000429">
      <ele>32.0</ele>
      <time>2026-07-20T19:14:52.000Z</time>
      <extensions><gpxtpx:TrackPointExtension><gpxtpx:hr>135</gpxtpx:hr></gpxtpx:TrackPointExtension></extensions>
    </trkpt>
    <trkpt lat="37.566929" lon="127.000428">
      <ele>32.0</ele>
      <time>2026-07-20T19:14:53.000Z</time>
      <extensions><gpxtpx:TrackPointExtension><gpxtpx:hr>134</gpxtpx:hr></gpxtpx:TrackPointExtension></extensions>
    </trkpt>
    <trkpt lat="37.566923" lon="127.000424">
      <ele>32.0</ele>
      <time>2026-07-20T19:14:54.000Z</time>
      <extensions><gpxtpx:TrackPointExtension><gpxtpx:hr>133</gpxtpx:hr></gpxtpx:TrackPointExtension></extensions>
    </trkpt>
    <trkpt lat="37.566925" lon="127.000431">
      <ele>32.0</ele>
      <time>2026-07-20T19:14:55.000Z</time>
      <extensions><gpxtpx:TrackPointExtension><gpxtpx:hr>132</gpxtpx:hr></gpxtpx:TrackPointExtension></extensions>
    </trkpt>
    <trkpt lat="37.566903" lon="127.000395">
      <ele>32.0</ele>
      <time>2026-07-20T19:14:56.000Z</time>
      <extensions><gpxtpx:TrackPointExtension><gpxtpx:hr>133</gpxtpx:hr></gpxtpx:TrackPointExtension></extensions>
    </trkpt>
    <trkpt lat="37.566895" lon="127.000340">
      <ele>32.0</ele>
      <time>2026-07-20T19:14:57.000Z</time>
      <extensions><gpxtpx:TrackPointExtension><gpxtpx:hr>134</gpxtpx:hr></gpxtpx:TrackPointExtension></extensions>
    </trkpt>
    <trkpt lat="37.566870" lon="127.000285">
      <ele>32.0</ele>
      <time>2026-07-20T19:14:58.000Z</time>
      <extensions><gpxtpx:TrackPointExtension><gpxtpx:hr>136</gpxtpx:hr></gpxtpx:TrackPointExtension></extensions>
    </trkpt>
    <trkpt lat="37.566849" lon="127.000231">
      <ele>32.0</ele>
      <time>2026-07-20T19:14:59.000Z</time>
      <extensions><gpxtpx:TrackPointExtension><gpxtpx:hr>137</gpxtpx:hr></gpxtpx:TrackPointExtension></extensions>
    </trkpt>
    <trkpt lat="37.566827" lon="127.000155">
      <ele>32.0</ele>
      <time>2026-07-20T19:15:00.000Z</time>
      <extensions><gpxtpx:TrackPointExtension><gpxtpx:hr>139</gpxtpx:hr></gpxtpx:TrackPointExtension></extensions>
    </trkpt>
    <trkpt lat="37.566828" lon="127.000215">
      <ele>32.0</ele>
      <time>2026-07-20T19:15:01.000Z</time>
      <extensions><gpxtpx:TrackPointExtension><gpxtpx:hr>139</gpxtpx:hr></gpxtpx:TrackPointExtension></extensions>
    </trkpt>
    <trkpt lat="37.566840" lon="127.000244">
      <ele>32.0</ele>
      <time>2026-07-20T19:15:02.000Z</time>
      <extensions><gpxtpx:TrackPointExtension><gpxtpx:hr>139</gpxtpx:hr></gpxtpx:TrackPointExtension></extensions>
    </trkpt>
    <trkpt lat="37.566840" lon="127.000264">
      <ele>32.0</ele>
      <time>2026-07-20T19:15:03.000Z</time>
      <extensions><gpxtpx:TrackPointExtension><gpxtpx:hr>139</gpxtpx:hr></gpxtpx:TrackPointExtension></extensions>
    </trkpt>
    <trkpt lat="37.566835" lon="127.000281">
      <ele>32.0</ele>
      <time>2026-07-20T19:15:04.000Z</time>
      <extensions><gpxtpx:TrackPointExtension><gpxtpx:hr>139</gpxtpx:hr></gpxtpx:TrackPointExtension></extensions>
    </trkpt>
    <trkpt lat="37.566844" lon="127.000302">
      <ele>32.0</ele>
      <time>2026-07-20T19:15:05.000Z</time>
      <extensions><gpxtpx:TrackPointExtension><gpxtpx:hr>138</gpxtpx:hr></gpxtpx:TrackPointExtension></extensions>
    </trkpt>
    <trkpt lat="37.566840" lon="127.000333">
      <ele>32.0</ele>
      <time>2026-07-20T19:15:06.000Z</time>
      <extensions><gpxtpx:TrackPointExtension><gpxtpx:hr>138</gpxtpx:hr></gpxtpx:TrackPointExtension></extensions>
    </trkpt>
    <trkpt lat="37.566841" lon="127.000345">
      <ele>32.0</ele>
      <time>2026-07-20T19:15:07.000Z</time>
      <extensions><gpxtpx:TrackPointExtension><gpxtpx:hr>138</gpxtpx:hr></gpxtpx:TrackPointExtension></extensions>
    </trkpt>
    <trkpt lat="37.566854" lon="127.000373">
      <ele>32.0</ele>
      <time>2026-07-20T19:15:08.000Z</time>
      <extensions><gpxtpx:TrackPointExtension><gpxtpx:hr>137</gpxtpx:hr></gpxtpx:TrackPointExtension></extensions>
    </trkpt>
    <trkpt lat="37.566848" lon="127.000383">
      <ele>32.0</ele>
      <time>2026-07-20T19:15:09.000Z</time>
      <extensions><gpxtpx:TrackPointExtension><gpxtpx:hr>137</gpxtpx:hr></gpxtpx:TrackPointExtension></extensions>
    </trkpt>
    <trkpt lat="37.566854" lon="127.000369">
      <ele>32.0</ele>
      <time>2026-07-20T19:15:10.000Z</time>
      <extensions><gpxtpx:TrackPointExtension><gpxtpx:hr>136</gpxtpx:hr></gpxtpx:TrackPointExtension></extensions>
    </trkpt>
    <trkpt lat="37.566863" lon="127.000362">
      <ele>32.0</ele>
      <time>2026-07-20T19:15:11.000Z</time>
      <extensions><gpxtpx:TrackPointExtension><gpxtpx:hr>136</gpxtpx:hr></gpxtpx:TrackPointExtension></extensions>
    </trkpt>
    <trkpt lat="37.566862" lon="127.000341">
      <ele>32.0</ele>
      <time>2026-07-20T19:15:12.000Z</time>
      <extensions><gpxtpx:TrackPointExtension><gpxtpx:hr>136</gpxtpx:hr></gpxtpx:TrackPointExtension></extensions>
    </trkpt>
    <trkpt lat="37.566869" lon="127.000326">
      <ele>32.0</ele>
      <time>2026-07-20T19:15:13.000Z</time>
      <extensions><gpxtpx:TrackPointExtension><gpxtpx:hr>135</gpxtpx:hr></gpxtpx:TrackPointExtension></extensions>
    </trkpt>
    <trkpt lat="37.566874" lon="127.000299">
      <ele>32.0</ele>
      <time>2026-07-20T19:15:14.000Z</time>
      <extensions><gpxtpx:TrackPointExtension><gpxtpx:hr>135</gpxtpx:hr></gpxtpx:TrackPointExtension></extensions>
    </trkpt>
    <trkpt lat="37.566870" lon="127.000293">
      <ele>32.0</ele>
      <time>2026-07-20T19:15:15.000Z</time>
      <extensions><gpxtpx:TrackPointExtension><gpxtpx:hr>135</gpxtpx:hr></gpxtpx:TrackPointExtension></extensions>
    </trkpt>
    <trkpt lat="37.566879" lon="127.000272">
      <ele>32.0</ele>
      <time>2026-07-20T19:15:16.000Z</time>
      <extensions><gpxtpx:TrackPointExtension><gpxtpx:hr>134</gpxtpx:hr></gpxtpx:TrackPointExtension></extensions>
    </trkpt>
    <trkpt lat="37.566892" lon="127.000243">
      <ele>32.0</ele>
      <time>2026-07-20T19:15:17.000Z</time>
      <extensions><gpxtpx:TrackPointExtension><gpxtpx:hr>134</gpxtpx:hr></gpxtpx:TrackPointExtension></extensions>
    </trkpt>
    <trkpt lat="37.566883" lon="127.000241">
      <ele>32.0</ele>
      <time>2026-07-20T19:15:18.000Z</time>
      <extensions><gpxtpx:TrackPointExtension><gpxtpx:hr>134</gpxtpx:hr></gpxtpx:TrackPointExtension></extensions>
    </trkpt>
    <trkpt lat="37.566869" lon="127.000250">
      <ele>32.0</ele>
      <time>2026-07-20T19:15:19.000Z</time>
      <extensions><gpxtpx:TrackPointExtension><gpxtpx:hr>133</gpxtpx:hr></gpxtpx:TrackPointExtension></extensions>
    </trkpt>
    <trkpt lat="37.566870" lon="127.000249">
      <ele>32.0</ele>
      <time>2026-07-20T19:15:20.000Z</time>
      <extensions><gpxtpx:TrackPointExtension><gpxtpx:hr>132</gpxtpx:hr></gpxtpx:TrackPointExtension></extensions>
    </trkpt>
    <trkpt lat="37.566875" lon="127.000245">
      <ele>32.0</ele>
      <time>2026-07-20T19:15:21.000Z</time>
      <extensions><gpxtpx:TrackPointExtension><gpxtpx:hr>131</gpxtpx:hr></gpxtpx:TrackPointExtension></extensions>
    </trkpt>
    <trkpt lat="37.566864" lon="127.000248">
      <ele>32.0</ele>
      <time>2026-07-20T19:15:22.000Z</time>
      <extensions><gpxtpx:TrackPointExtension><gpxtpx:hr>131</gpxtpx:hr></gpxtpx:TrackPointExtension></extensions>
    </trkpt>
    <trkpt lat="37.566860" lon="127.000248">
      <ele>32.0</ele>
      <time>2026-07-20T19:15:23.000Z</time>
      <extensions><gpxtpx:TrackPointExtension><gpxtpx:hr>130</gpxtpx:hr></gpxtpx:TrackPointExtension></extensions>
    </trkpt>
    <trkpt lat="37.566850" lon="127.000218">
      <ele>32.0</ele>
      <time>2026-07-20T19:15:24.000Z</time>
      <extensions><gpxtpx:TrackPointExtension><gpxtpx:hr>131</gpxtpx:hr></gpxtpx:TrackPointExtension></extensions>
    </trkpt>
    <trkpt lat="37.566829" lon="127.000163">
      <ele>32.0</ele>
      <time>2026-07-20T19:15:25.000Z</time>
      <extensions><gpxtpx:TrackPointExtension><gpxtpx:hr>132</gpxtpx:hr></gpxtpx:TrackPointExtension></extensions>
    </trkpt>
    <trkpt lat="37.566797" lon="127.000119">
      <ele>32.0</ele>
      <time>2026-07-20T19:15:26.000Z</time>
      <extensions><gpxtpx:TrackPointExtension><gpxtpx:hr>133</gpxtpx:hr></gpxtpx:TrackPointExtension></extensions>
    </trkpt>
    <trkpt lat="37.566774" lon="127.000083">
      <ele>32.0</ele>
      <time>2026-07-20T19:15:27.000Z</time>
      <extensions><gpxtpx:TrackPointExtension><gpxtpx:hr>135</gpxtpx:hr></gpxtpx:TrackPointExtension></extensions>
    </trkpt>
    <trkpt lat="37.566799" lon="127.000123">
      <ele>32.0</ele>
      <time>2026-07-20T19:15:28.000Z</time>
      <extensions><gpxtpx:TrackPointExtension><gpxtpx:hr>136</gpxtpx:hr></gpxtpx:TrackPointExtension></extensions>
    </trkpt>
    <trkpt lat="37.566799" lon="127.000158">
      <ele>32.0</ele>
      <time>2026-07-20T19:15:29.000Z</time>
      <extensions><gpxtpx:TrackPointExtension><gpxtpx:hr>136</gpxtpx:hr></gpxtpx:TrackPointExtension></extensions>
    </trkpt>
    <trkpt lat="37.566794" lon="127.000189">
      <ele>32.0</ele>
      <time>2026-07-20T19:15:30.000Z</time>
      <extensions><gpxtpx:TrackPointExtension><gpxtpx:hr>136</gpxtpx:hr></gpxtpx:TrackPointExtension></extensions>
    </trkpt>
    <trkpt lat="37.566790" lon="127.000228">
      <ele>32.0</ele>
      <time>2026-07-20T19:15:31.000Z</time>
      <extensions><gpxtpx:TrackPointExtension><gpxtpx:hr>136</gpxtpx:hr></gpxtpx:TrackPointExtension></extensions>
    </trkpt>
    <trkpt lat="37.566787" lon="127.000249">
      <ele>32.0</ele>
      <time>2026-07-20T19:15:32.000Z</time>
      <extensions><gpxtpx:TrackPointExtension><gpxtpx:hr>136</gpxtpx:hr></gpxtpx:TrackPointExtension></extensions>
    </trkpt>
    <trkpt lat="37.566790" lon="127.000259">
      <ele>32.0</ele>
      <time>2026-07-20T19:15:33.000Z</time>
      <extensions><gpxtpx:TrackPointExtension><gpxtpx:hr>136</gpxtpx:hr></gpxtpx:TrackPointExtension></extensions>
    </trkpt>
    <trkpt lat="37.566782" lon="127.000285">
      <ele>32.0</ele>
      <time>2026-07-20T19:15:34.000Z</time>
      <extensions><gpxtpx:TrackPointExtension><gpxtpx:hr>135</gpxtpx:hr></gpxtpx:TrackPointExtension></extensions>
    </trkpt>
    <trkpt lat="37.566790" lon="127.000289">
      <ele>32.0</ele>
      <time>2026-07-20T19:15:35.000Z</time>
      <extensions><gpxtpx:TrackPointExtension><gpxtpx:hr>135</gpxtpx:hr></gpxtpx:TrackPointExtension></extensions>
    </trkpt>
    <trkpt lat="37.566791" lon="127.000308">
      <ele>32.0</ele>
      <time>2026-07-20T19:15:36.000Z</time>
      <extensions><gpxtpx:TrackPointExtension><gpxtpx:hr>135</gpxtpx:hr></gpxtpx:TrackPointExtension></extensions>
    </trkpt>
    <trkpt lat="37.566779" lon="127.000325">
      <ele>32.0</ele>
      <time>2026-07-20T19:15:37.000Z</time>
      <extensions><gpxtpx:TrackPointExtension><gpxtpx:hr>135</gpxtpx:hr></gpxtpx:TrackPointExtension></extensions>
    </trkpt>
    <trkpt lat="37.566777" lon="127.000400">
      <ele>32.0</ele>
      <time>2026-07-20T19:15:38.000Z</time>
      <extensions><gpxtpx:TrackPointExtension><gpxtpx:hr>136</gpxtpx:hr></gpxtpx:TrackPointExtension></extensions>
    </trkpt>
    <trkpt lat="37.566758" lon="127.000467">
      <ele>32.0</ele>
      <time>2026-07-20T19:15:39.000Z</time>
      <extensions><gpxtpx:TrackPointExtension><gpxtpx:hr>138</gpxtpx:hr></gpxtpx:TrackPointExtension></extensions>
    </trkpt>
    <trkpt lat="37.566753" lon="127.000562">
      <ele>32.0</ele>
      <time>2026-07-20T19:15:40.000Z</time>
      <extensions><gpxtpx:TrackPointExtension><gpxtpx:hr>140</gpxtpx:hr></gpxtpx:TrackPointExtension></extensions>
    </trkpt>
    <trkpt lat="37.566736" lon="127.000647">
      <ele>32.0</ele>
      <time>2026-07-20T19:15:41.000Z</time>
      <extensions><gpxtpx:TrackPointExtension><gpxtpx:hr>142</gpxtpx:hr></gpxtpx:TrackPointExtension></extensions>
    </trkpt>
    <trkpt lat="37.566716" lon="127.000698">
      <ele>32.0</ele>
      <time>2026-07-20T19:15:42.000Z</time>
      <extensions><gpxtpx:TrackPointExtension><gpxtpx:hr>143</gpxtpx:hr></gpxtpx:TrackPointExtension></extensions>
    </trkpt>
    <trkpt lat="37.566690" lon="127.000736">
      <ele>32.0</ele>
      <time>2026-07-20T19:15:43.000Z</time>
      <extensions><gpxtpx:TrackPointExtension><gpxtpx:hr>144</gpxtpx:hr></gpxtpx:TrackPointExtension></extensions>
    </trkpt>
    <trkpt lat="37.566672" lon="127.000778">
      <ele>32.0</ele>
      <time>2026-07-20T19:15:44.000Z</time>
      <extensions><gpxtpx:TrackPointExtension><gpxtpx:hr>144</gpxtpx:hr></gpxtpx:TrackPointExtension></extensions>
    </trkpt>
    <trkpt lat="37.566646" lon="127.000805">
      <ele>32.0</ele>
      <time>2026-07-20T19:15:45.000Z</time>
      <extensions><gpxtpx:TrackPointExtension><gpxtpx:hr>144</gpxtpx:hr></gpxtpx:TrackPointExtension></extensions>
    </trkpt>
    <trkpt lat="37.566632" lon="127.000831">
      <ele>32.0</ele>
      <time>2026-07-20T19:15:46.000Z</time>
      <extensions><gpxtpx:TrackPointExtension><gpxtpx:hr>144</gpxtpx:hr></gpxtpx:TrackPointExtension></extensions>
    </trkpt>
    <trkpt lat="37.566612" lon="127.000867">
      <ele>32.0</ele>
      <time>2026-07-20T19:15:47.000Z</time>
      <extensions><gpxtpx:TrackPointExtension><gpxtpx:hr>144</gpxtpx:hr></gpxtpx:TrackPointExtension></extensions>
    </trkpt>
    <trkpt lat="37.566593" lon="127.000896">
      <ele>32.0</ele>
      <time>2026-07-20T19:15:48.000Z</time>
      <extensions><gpxtpx:TrackPointExtension><gpxtpx:hr>144</gpxtpx:hr></gpxtpx:TrackPointExtension></extensions>
    </trkpt>
    <trkpt lat="37.566616" lon="127.000939">
      <ele>32.0</ele>
      <time>2026-07-20T19:15:49.000Z</time>
      <extensions><gpxtpx:TrackPointExtension><gpxtpx:hr>144</gpxtpx:hr></gpxtpx:TrackPointExtension></extensions>
    </trkpt>
    <trkpt lat="37.566626" lon="127.000970">
      <ele>32.0</ele>
      <time>2026-07-20T19:15:50.000Z</time>
      <extensions><gpxtpx:TrackPointExtension><gpxtpx:hr>144</gpxtpx:hr></gpxtpx:TrackPointExtension></extensions>
    </trkpt>
    <trkpt lat="37.566643" lon="127.000997">
      <ele>32.0</ele>
      <time>2026-07-20T19:15:51.000Z</time>
      <extensions><gpxtpx:TrackPointExtension><gpxtpx:hr>144</gpxtpx:hr></gpxtpx:TrackPointExtension></extensions>
    </trkpt>
    <trkpt lat="37.566649" lon="127.001036">
      <ele>32.0</ele>
      <time>2026-07-20T19:15:52.000Z</time>
      <extensions><gpxtpx:TrackPointExtension><gpxtpx:hr>144</gpxtpx:hr></gpxtpx:TrackPointExtension></extensions>
    </trkpt>
    <trkpt lat="37.566663" lon="127.001055">
      <ele>32.0</ele>
      <time>2026-07-20T19:15:53.000Z</time>
      <extensions><gpxtpx:TrackPointExtension><gpxtpx:hr>144</gpxtpx:hr></gpxtpx:TrackPointExtension></extensions>
    </trkpt>
    <trkpt lat="37.566660" lon="127.001057">
      <ele>32.0</ele>
      <time>2026-07-20T19:15:54.000Z</time>
      <extensions><gpxtpx:TrackPointExtension><gpxtpx:hr>144</gpxtpx:hr></gpxtpx:TrackPointExtension></extensions>
    </trkpt>
    <trkpt lat="37.566702" lon="127.001041">
      <ele>32.0</ele>
      <time>2026-07-20T19:15:55.000Z</time>
      <extensions><gpxtpx:TrackPointExtension><gpxtpx:hr>145</gpxtpx:hr></gpxtpx:TrackPointExtension></extensions>
    </trkpt>
    <trkpt lat="37.566740" lon="127.001019">
      <ele>32.0</ele>
      <time>2026-07-20T19:15:56.000Z</time>
      <extensions><gpxtpx:TrackPointExtension><gpxtpx:hr>145</gpxtpx:hr></gpxtpx:TrackPointExtension></extensions>
    </trkpt>
    <trkpt lat="37.566786" lon="127.000995">
      <ele>32.0</ele>
      <time>2026-07-20T19:15:57.000Z</time>
      <extensions><gpxtpx:TrackPointExtension><gpxtpx:hr>146</gpxtpx:hr></gpxtpx:TrackPointExtension></extensions>
    </trkpt>
    <trkpt lat="37.566824" lon="127.000964">
      <ele>32.0</ele>
      <time>2026-07-20T19:15:58.000Z</time>
      <extensions><gpxtpx:TrackPointExtension><gpxtpx:hr>147</gpxtpx:hr></gpxtpx:TrackPointExtension></extensions>
    </trkpt>
    <trkpt lat="37.566879" lon="127.000942">
      <ele>32.0</ele>
      <time>2026-07-20T19:15:59.000Z</time>
      <extensions><gpxtpx:TrackPointExtension><gpxtpx:hr>148</gpxtpx:hr></gpxtpx:TrackPointExtension></extensions>
    </trkpt>
    <trkpt lat="37.566849" lon="127.000867">
      <ele>32.0</ele>
      <time>2026-07-20T19:16:00.000Z</time>
      <extensions><gpxtpx:TrackPointExtension><gpxtpx:hr>149</gpxtpx:hr></gpxtpx:TrackPointExtension></extensions>
    </trkpt>
    <trkpt lat="37.566837" lon="127.000775">
      <ele>32.0</ele>
      <time>2026-07-20T19:16:01.000Z</time>
      <extensions><gpxtpx:TrackPointExtension><gpxtpx:hr>151</gpxtpx:hr></gpxtpx:TrackPointExtension></extensions>
    </trkpt>
    <trkpt lat="37.566812" lon="127.000699">
      <ele>32.0</ele>
      <time>2026-07-20T19:16:02.000Z</time>
      <extensions><gpxtpx:TrackPointExtension><gpxtpx:hr>153</gpxtpx:hr></gpxtpx:TrackPointExtension></extensions>
    </trkpt>
    <trkpt lat="37.566788" lon="127.000606">
      <ele>32.0</ele>
      <time>2026-07-20T19:16:03.000Z</time>
      <extensions><gpxtpx:TrackPointExtension><gpxtpx:hr>154</gpxtpx:hr></gpxtpx:TrackPointExtension></extensions>
    </trkpt>
    <trkpt lat="37.566769" lon="127.000563">
      <ele>32.0</ele>
      <time>2026-07-20T19:16:04.000Z</time>
      <extensions><gpxtpx:TrackPointExtension><gpxtpx:hr>154</gpxtpx:hr></gpxtpx:TrackPointExtension></extensions>
    </trkpt>
    <trkpt lat="37.566753" lon="127.000516">
      <ele>32.0</ele>
      <time>2026-07-20T19:16:05.000Z</time>
      <extensions><gpxtpx:TrackPointExtension><gpxtpx:hr>154</gpxtpx:hr></gpxtpx:TrackPointExtension></extensions>
    </trkpt>
    <trkpt lat="37.566727" lon="127.000471">
      <ele>32.0</ele>
      <time>2026-07-20T19:16:06.000Z</time>
      <extensions><gpxtpx:TrackPointExtension><gpxtpx:hr>154</gpxtpx:hr></gpxtpx:TrackPointExtension></extensions>
    </trkpt>
    <trkpt lat="37.566714" lon="127.000441">
      <ele>32.0</ele>
      <time>2026-07-20T19:16:07.000Z</time>
      <extensions><gpxtpx:TrackPointExtension><gpxtpx:hr>153</gpxtpx:hr></gpxtpx:TrackPointExtension></extensions>
    </trkpt>
    <trkpt lat="37.566706" lon="127.000409">
      <ele>32.0</ele>
      <time>2026-07-20T19:16:08.000Z</time>
      <extensions><gpxtpx:TrackPointExtension><gpxtpx:hr>153</gpxtpx:hr></gpxtpx:TrackPointExtension></extensions>
    </trkpt>
    <trkpt lat="37.566693" lon="127.000388">
      <ele>32.0</ele>
      <time>2026-07-20T19:16:09.000Z</time>
      <extensions><gpxtpx:TrackPointExtension><gpxtpx:hr>153</gpxtpx:hr></gpxtpx:TrackPointExtension></extensions>
    </trkpt>
    <trkpt lat="37.566670" lon="127.000347">
      <ele>32.0</ele>
      <time>2026-07-20T19:16:10.000Z</time>
      <extensions><gpxtpx:TrackPointExtension><gpxtpx:hr>152</gpxtpx:hr></gpxtpx:TrackPointExtension></extensions>
    </trkpt>
    <trkpt lat="37.566657" lon="127.000320">
      <ele>32.0</ele>
      <time>2026-07-20T19:16:11.000Z</time>
      <extensions><gpxtpx:TrackPointExtension><gpxtpx:hr>152</gpxtpx:hr></gpxtpx:TrackPointExtension></extensions>
    </trkpt>
    <trkpt lat="37.566640" lon="127.000273">
      <ele>32.0</ele>
      <time>2026-07-20T19:16:12.000Z</time>
      <extensions><gpxtpx:TrackPointExtension><gpxtpx:hr>151</gpxtpx:hr></gpxtpx:TrackPointExtension></extensions>
    </trkpt>
    <trkpt lat="37.566672" lon="127.000267">
      <ele>32.0</ele>
      <time>2026-07-20T19:16:13.000Z</time>
      <extensions><gpxtpx:TrackPointExtension><gpxtpx:hr>151</gpxtpx:hr></gpxtpx:TrackPointExtension></extensions>
    </trkpt>
    <trkpt lat="37.566691" lon="127.000244">
      <ele>32.0</ele>
      <time>2026-07-20T19:16:14.000Z</time>
      <extensions><gpxtpx:TrackPointExtension><gpxtpx:hr>151</gpxtpx:hr></gpxtpx:TrackPointExtension></extensions>
    </trkpt>
    <trkpt lat="37.566726" lon="127.000241">
      <ele>32.0</ele>
      <time>2026-07-20T19:16:15.000Z</time>
      <extensions><gpxtpx:TrackPointExtension><gpxtpx:hr>150</gpxtpx:hr></gpxtpx:TrackPointExtension></extensions>
    </trkpt>
    <trkpt lat="37.566752" lon="127.000211">
      <ele>32.0</ele>
      <time>2026-07-20T19:16:16.000Z</time>
      <extensions><gpxtpx:TrackPointExtension><gpxtpx:hr>150</gpxtpx:hr></gpxtpx:TrackPointExtension></extensions>
    </trkpt>
    <trkpt lat="37.566778" lon="127.000208">
      <ele>32.0</ele>
      <time>2026-07-20T19:16:17.000Z</time>
      <extensions><gpxtpx:TrackPointExtension><gpxtpx:hr>150</gpxtpx:hr></gpxtpx:TrackPointExtension></extensions>
    </trkpt>
    <trkpt lat="37.566812" lon="127.000180">
      <ele>32.0</ele>
      <time>2026-07-20T19:16:18.000Z</time>
      <extensions><gpxtpx:TrackPointExtension><gpxtpx:hr>150</gpxtpx:hr></gpxtpx:TrackPointExtension></extensions>
    </trkpt>
    <trkpt lat="37.566845" lon="127.000173">
      <ele>32.0</ele>
      <time>2026-07-20T19:16:19.000Z</time>
      <extensions><gpxtpx:TrackPointExtension><gpxtpx:hr>149</gpxtpx:hr></gpxtpx:TrackPointExtension></extensions>
    </trkpt>
    <trkpt lat="37.566868" lon="127.000161">
      <ele>32.0</ele>
      <time>2026-07-20T19:16:20.000Z</time>
      <extensions><gpxtpx:TrackPointExtension><gpxtpx:hr>149</gpxtpx:hr></gpxtpx:TrackPointExtension></extensions>
    </trkpt>
    <trkpt lat="37.566901" lon="127.000132">
      <ele>32.0</ele>
      <time>2026-07-20T19:16:21.000Z</time>
      <extensions><gpxtpx:TrackPointExtension><gpxtpx:hr>149</gpxtpx:hr></gpxtpx:TrackPointExtension></extensions>
    </trkpt>
    <trkpt lat="37.566926" lon="127.000125">
      <ele>32.0</ele>
      <time>2026-07-20T19:16:22.000Z</time>
      <extensions><gpxtpx:TrackPointExtension><gpxtpx:hr>149</gpxtpx:hr></gpxtpx:TrackPointExtension></extensions>
    </trkpt>
    <trkpt lat="37.566958" lon="127.000116">
      <ele>32.0</ele>
      <time>2026-07-20T19:16:23.000Z</time>
      <extensions><gpxtpx:TrackPointExtension><gpxtpx:hr>149</gpxtpx:hr></gpxtpx:TrackPointExtension></extensions>
    </trkpt>
    <trkpt lat="37.566988" lon="127.000101">
      <ele>32.0</ele>
      <time>2026-07-20T19:16:24.000Z</time>
      <extensions><gpxtpx:TrackPointExtension><gpxtpx:hr>149</gpxtpx:hr></gpxtpx:TrackPointExtension></extensions>
    </trkpt>
    <trkpt lat="37.566951" lon="127.000116">
      <ele>32.0</ele>
      <time>2026-07-20T19:16:25.000Z</time>
      <extensions><gpxtpx:TrackPointExtension><gpxtpx:hr>149</gpxtpx:hr></gpxtpx:TrackPointExtension></extensions>
    </trkpt>
    <trkpt lat="37.566915" lon="127.000156">
      <ele>32.0</ele>
      <time>2026-07-20T19:16:26.000Z</time>
      <extensions><gpxtpx:TrackPointExtension><gpxtpx:hr>149</gpxtpx:hr></gpxtpx:TrackPointExtension></extensions>
    </trkpt>
    <trkpt lat="37.566880" lon="127.000190">
      <ele>32.0</ele>
      <time>2026-07-20T19:16:27.000Z</time>
      <extensions><gpxtpx:TrackPointExtension><gpxtpx:hr>150</gpxtpx:hr></gpxtpx:TrackPointExtension></extensions>
    </trkpt>
    <trkpt lat="37.566856" lon="127.000214">
      <ele>32.0</ele>
      <time>2026-07-20T19:16:28.000Z</time>
      <extensions><gpxtpx:TrackPointExtension><gpxtpx:hr>149</gpxtpx:hr></gpxtpx:TrackPointExtension></extensions>
    </trkpt>
    <trkpt lat="37.566840" lon="127.000238">
      <ele>32.0</ele>
      <time>2026-07-20T19:16:29.000Z</time>
      <extensions><gpxtpx:TrackPointExtension><gpxtpx:hr>149</gpxtpx:hr></gpxtpx:TrackPointExtension></extensions>
    </trkpt>
    <trkpt lat="37.566830" lon="127.000253">
      <ele>32.0</ele>
      <time>2026-07-20T19:16:30.000Z</time>
      <extensions><gpxtpx:TrackPointExtension><gpxtpx:hr>148</gpxtpx:hr></gpxtpx:TrackPointExtension></extensions>
    </trkpt>
    <trkpt lat="37.566817" lon="127.000259">
      <ele>32.0</ele>
      <time>2026-07-20T19:16:31.000Z</time>
      <extensions><gpxtpx:TrackPointExtension><gpxtpx:hr>147</gpxtpx:hr></gpxtpx:TrackPointExtension></extensions>
    </trkpt>
    <trkpt lat="37.566803" lon="127.000264">
      <ele>32.0</ele>
      <time>2026-07-20T19:16:32.000Z</time>
      <extensions><gpxtpx:TrackPointExtension><gpxtpx:hr>146</gpxtpx:hr></gpxtpx:TrackPointExtension></extensions>
    </trkpt>
    <trkpt lat="37.566803" lon="127.000289">
      <ele>32.0</ele>
      <time>2026-07-20T19:16:33.000Z</time>
      <extensions><gpxtpx:TrackPointExtension><gpxtpx:hr>146</gpxtpx:hr></gpxtpx:TrackPointExtension></extensions>
    </trkpt>
    <trkpt lat="37.566783" lon="127.000319">
      <ele>32.0</ele>
      <time>2026-07-20T19:16:34.000Z</time>
      <extensions><gpxtpx:TrackPointExtension><gpxtpx:hr>145</gpxtpx:hr></gpxtpx:TrackPointExtension></extensions>
    </trkpt>
    <trkpt lat="37.566769" lon="127.000352">
      <ele>32.0</ele>
      <time>2026-07-20T19:16:35.000Z</time>
      <extensions><gpxtpx:TrackPointExtension><gpxtpx:hr>145</gpxtpx:hr></gpxtpx:TrackPointExtension></extensions>
    </trkpt>
    <trkpt lat="37.566765" lon="127.000382">
      <ele>32.0</ele>
      <time>2026-07-20T19:16:36.000Z</time>
      <extensions><gpxtpx:TrackPointExtension><gpxtpx:hr>144</gpxtpx:hr></gpxtpx:TrackPointExtension></extensions>
    </trkpt>
    <trkpt lat="37.566759" lon="127.000397">
      <ele>32.0</ele>
      <time>2026-07-20T19:16:37.000Z</time>
      <extensions><gpxtpx:TrackPointExtension><gpxtpx:hr>144</gpxtpx:hr></gpxtpx:TrackPointExtension></extensions>
    </trkpt>
    <trkpt lat="37.566741" lon="127.000434">
      <ele>32.0</ele>
      <time>2026-07-20T19:16:38.000Z</time>
      <extensions><gpxtpx:TrackPointExtension><gpxtpx:hr>144</gpxtpx:hr></gpxtpx:TrackPointExtension></extensions>
    </trkpt>
    <trkpt lat="37.566734" lon="127.000474">
      <ele>32.0</ele>
      <time>2026-07-20T19:16:39.000Z</time>
      <extensions><gpxtpx:TrackPointExtension><gpxtpx:hr>144</gpxtpx:hr></gpxtpx:TrackPointExtension></extensions>
    </trkpt>
    <trkpt lat="37.566744" lon="127.000409">
      <ele>32.0</ele>
      <time>2026-07-20T19:16:40.000Z</time>
      <extensions><gpxtpx:TrackPointExtension><gpxtpx:hr>145</gpxtpx:hr></gpxtpx:TrackPointExtension></extensions>
    </trkpt>
    <trkpt lat="37.566767" lon="127.000354">
      <ele>32.0</ele>
      <time>2026-07-20T19:16:41.000Z</time>
      <extensions><gpxtpx:TrackPointExtension><gpxtpx:hr>146</gpxtpx:hr></gpxtpx:TrackPointExtension></extensions>
    </trkpt>
    <trkpt lat="37.566787" lon="127.000292">
      <ele>32.0</ele>
      <time>2026-07-20T19:16:42.000Z</time>
      <extensions><gpxtpx:TrackPointExtension><gpxtpx:hr>147</gpxtpx:hr></gpxtpx:TrackPointExtension></extensions>
    </trkpt>
    <trkpt lat="37.566807" lon="127.000237">
      <ele>32.0</ele>
      <time>2026-07-20T19:16:43.000Z</time>
      <extensions><gpxtpx:TrackPointExtension><gpxtpx:hr>147</gpxtpx:hr></gpxtpx:TrackPointExtension></extensions>
    </trkpt>
    <trkpt lat="37.566817" lon="127.000188">
      <ele>32.0</ele>
      <time>2026-07-20T19:16:44.000Z</time>
      <extensions><gpxtpx:TrackPointExtension><gpxtpx:hr>148</gpxtpx:hr></gpxtpx:TrackPointExtension></extensions>
    </trkpt>
    <trkpt lat="37.566834" lon="127.000128">
      <ele>32.0</ele>
      <time>2026-07-20T19:16:45.000Z</time>
      <extensions><gpxtpx:TrackPointExtension><gpxtpx:hr>149</gpxtpx:hr></gpxtpx:TrackPointExtension></extensions>
    </trkpt>
    <trkpt lat="37.566822" lon="127.000169">
      <ele>32.0</ele>
      <time>2026-07-20T19:16:46.000Z</time>
      <extensions><gpxtpx:TrackPointExtension><gpxtpx:hr>149</gpxtpx:hr></gpxtpx:TrackPointExtension></extensions>
    </trkpt>
    <trkpt lat="37.566813" lon="127.000212">
      <ele>32.0</ele>
      <time>2026-07-20T19:16:47.000Z</time>
      <extensions><gpxtpx:TrackPointExtension><gpxtpx:hr>149</gpxtpx:hr></gpxtpx:TrackPointExtension></extensions>
    </trkpt>
    <trkpt lat="37.566794" lon="127.000247">
      <ele>32.0</ele>
      <time>2026-07-20T19:16:48.000Z</time>
      <extensions><gpxtpx:TrackPointExtension><gpxtpx:hr>149</gpxtpx:hr></gpxtpx:TrackPointExtension></extensions>
    </trkpt>
    <trkpt lat="37.566783" lon="127.000292">
      <ele>32.0</ele>
      <time>2026-07-20T19:16:49.000Z</time>
      <extensions><gpxtpx:TrackPointExtension><gpxtpx:hr>148</gpxtpx:hr></gpxtpx:TrackPointExtension></extensions>
    </trkpt>
    <trkpt lat="37.566763" lon="127.000326">
      <ele>32.0</ele>
      <time>2026-07-20T19:16:50.000Z</time>
      <extensions><gpxtpx:TrackPointExtension><gpxtpx:hr>148</gpxtpx:hr></gpxtpx:TrackPointExtension></extensions>
    </trkpt>
    <trkpt lat="37.566754" lon="127.000350">
      <ele>32.0</ele>
      <time>2026-07-20T19:16:51.000Z</time>
      <extensions><gpxtpx:TrackPointExtension><gpxtpx:hr>148</gpxtpx:hr></gpxtpx:TrackPointExtension></extensions>
    </trkpt>
    <trkpt lat="37.566730" lon="127.000393">
      <ele>32.0</ele>
      <time>2026-07-20T19:16:52.000Z</time>
      <extensions><gpxtpx:TrackPointExtension><gpxtpx:hr>148</gpxtpx:hr></gpxtpx:TrackPointExtension></extensions>
    </trkpt>
    <trkpt lat="37.566736" lon="127.000453">
      <ele>32.0</ele>
      <time>2026-07-20T19:16:53.000Z</time>
      <extensions><gpxtpx:TrackPointExtension><gpxtpx:hr>149</gpxtpx:hr></gpxtpx:TrackPointExtension></extensions>
    </trkpt>
    <trkpt lat="37.566718" lon="127.000544">
      <ele>32.0</ele>
      <time>2026-07-20T19:16:54.000Z</time>
      <extensions><gpxtpx:TrackPointExtension><gpxtpx:hr>150</gpxtpx:hr></gpxtpx:TrackPointExtension></extensions>
    </trkpt>
    <trkpt lat="37.566718" lon="127.000639">
      <ele>32.0</ele>
      <time>2026-07-20T19:16:55.000Z</time>
      <extensions><gpxtpx:TrackPointExtension><gpxtpx:hr>152</gpxtpx:hr></gpxtpx:TrackPointExtension></extensions>
    </trkpt>
    <trkpt lat="37.566704" lon="127.000715">
      <ele>32.0</ele>
      <time>2026-07-20T19:16:56.000Z</time>
      <extensions><gpxtpx:TrackPointExtension><gpxtpx:hr>153</gpxtpx:hr></gpxtpx:TrackPointExtension></extensions>
    </trkpt>
    <trkpt lat="37.566697" lon="127.000793">
      <ele>32.0</ele>
      <time>2026-07-20T19:16:57.000Z</time>
      <extensions><gpxtpx:TrackPointExtension><gpxtpx:hr>155</gpxtpx:hr></gpxtpx:TrackPointExtension></extensions>
    </trkpt>
    <trkpt lat="37.566693" lon="127.000740">
      <ele>32.0</ele>
      <time>2026-07-20T19:16:58.000Z</time>
      <extensions><gpxtpx:TrackPointExtension><gpxtpx:hr>155</gpxtpx:hr></gpxtpx:TrackPointExtension></extensions>
    </trkpt>
    <trkpt lat="37.566681" lon="127.000712">
      <ele>32.0</ele>
      <time>2026-07-20T19:16:59.000Z</time>
      <extensions><gpxtpx:TrackPointExtension><gpxtpx:hr>154</gpxtpx:hr></gpxtpx:TrackPointExtension></extensions>
    </trkpt>
    <trkpt lat="37.566665" lon="127.000686">
      <ele>32.0</ele>
      <time>2026-07-20T19:17:00.000Z</time>
      <extensions><gpxtpx:TrackPointExtension><gpxtpx:hr>153</gpxtpx:hr></gpxtpx:TrackPointExtension></extensions>
    </trkpt>
    <trkpt lat="37.566663" lon="127.000675">
      <ele>32.0</ele>
      <time>2026-07-20T19:17:01.000Z</time>
      <extensions><gpxtpx:TrackPointExtension><gpxtpx:hr>152</gpxtpx:hr></gpxtpx:TrackPointExtension></extensions>
    </trkpt>
    <trkpt lat="37.566663" lon="127.000639">
      <ele>32.0</ele>
      <time>2026-07-20T19:17:02.000Z</time>
      <extensions><gpxtpx:TrackPointExtension><gpxtpx:hr>151</gpxtpx:hr></gpxtpx:TrackPointExtension></extensions>
    </trkpt>
    <trkpt lat="37.566656" lon="127.000624">
      <ele>32.0</ele>
      <time>2026-07-20T19:17:03.000Z</time>
      <extensions><gpxtpx:TrackPointExtension><gpxtpx:hr>150</gpxtpx:hr></gpxtpx:TrackPointExtension></extensions>
    </trkpt>
    <trkpt lat="37.566653" lon="127.000604">
      <ele>32.0</ele>
      <time>2026-07-20T19:17:04.000Z</time>
      <extensions><gpxtpx:TrackPointExtension><gpxtpx:hr>149</gpxtpx:hr></gpxtpx:TrackPointExtension></extensions>
    </trkpt>
    <trkpt lat="37.566642" lon="127.000645">
      <ele>32.0</ele>
      <time>2026-07-20T19:17:05.000Z</time>
      <extensions><gpxtpx:TrackPointExtension><gpxtpx:hr>149</gpxtpx:hr></gpxtpx:TrackPointExtension></extensions>
    </trkpt>
    <trkpt lat="37.566645" lon="127.000712">
      <ele>32.0</ele>
      <time>2026-07-20T19:17:06.000Z</time>
      <extensions><gpxtpx:TrackPointExtension><gpxtpx:hr>150</gpxtpx:hr></gpxtpx:TrackPointExtension></extensions>
    </trkpt>
    <trkpt lat="37.566652" lon="127.000761">
      <ele>32.0</ele>
      <time>2026-07-20T19:17:07.000Z</time>
      <extensions><gpxtpx:TrackPointExtension><gpxtpx:hr>150</gpxtpx:hr></gpxtpx:TrackPointExtension></extensions>
    </trkpt>
    <trkpt lat="37.566651" lon="127.000825">
      <ele>32.0</ele>
      <time>2026-07-20T19:17:08.000Z</time>
      <extensions><gpxtpx:TrackPointExtension><gpxtpx:hr>150</gpxtpx:hr></gpxtpx:TrackPointExtension></extensions>
    </trkpt>
    <trkpt lat="37.566677" lon="127.000771">
      <ele>32.0</ele>
      <time>2026-07-20T19:17:09.000Z</time>
      <extensions><gpxtpx:TrackPointExtension><gpxtpx:hr>151</gpxtpx:hr></gpxtpx:TrackPointExtension></extensions>
    </trkpt>
    <trkpt lat="37.566703" lon="127.000738">
      <ele>32.0</ele>
      <time>2026-07-20T19:17:10.000Z</time>
      <extensions><gpxtpx:TrackPointExtension><gpxtpx:hr>151</gpxtpx:hr></gpxtpx:TrackPointExtension></extensions>
    </trkpt>
    <trkpt lat="37.566735" lon="127.000682">
      <ele>32.0</ele>
      <time>2026-07-20T19:17:11.000Z</time>
      <extensions><gpxtpx:TrackPointExtension><gpxtpx:hr>152</gpxtpx:hr></gpxtpx:TrackPointExtension></extensions>
    </trkpt>
    <trkpt lat="37.566747" lon="127.000643">
      <ele>32.0</ele>
      <time>2026-07-20T19:17:12.000Z</time>
      <extensions><gpxtpx:TrackPointExtension><gpxtpx:hr>151</gpxtpx:hr></gpxtpx:TrackPointExtension></extensions>
    </trkpt>
    <trkpt lat="37.566748" lon="127.000622">
      <ele>32.0</ele>
      <time>2026-07-20T19:17:13.000Z</time>
      <extensions><gpxtpx:TrackPointExtension><gpxtpx:hr>150</gpxtpx:hr></gpxtpx:TrackPointExtension></extensions>
    </trkpt>
    <trkpt lat="37.566764" lon="127.000590">
      <ele>32.0</ele>
      <time>2026-07-20T19:17:14.000Z</time>
      <extensions><gpxtpx:TrackPointExtension><gpxtpx:hr>150</gpxtpx:hr></gpxtpx:TrackPointExtension></extensions>
    </trkpt>
    <trkpt lat="37.566767" lon="127.000578">
      <ele>32.0</ele>
      <time>2026-07-20T19:17:15.000Z</time>
      <extensions><gpxtpx:TrackPointExtension><gpxtpx:hr>149</gpxtpx:hr></gpxtpx:TrackPointExtension></extensions>
    </trkpt>
    <trkpt lat="37.566769" lon="127.000560">
      <ele>32.0</ele>
      <time>2026-07-20T19:17:16.000Z</time>
      <extensions><gpxtpx:TrackPointExtension><gpxtpx:hr>148</gpxtpx:hr></gpxtpx:TrackPointExtension></extensions>
    </trkpt>
    <trkpt lat="37.566771" lon="127.000530">
      <ele>32.0</ele>
      <time>2026-07-20T19:17:17.000Z</time>
      <extensions><gpxtpx:TrackPointExtension><gpxtpx:hr>147</gpxtpx:hr></gpxtpx:TrackPointExtension></extensions>
    </trkpt>
    <trkpt lat="37.566777" lon="127.000516">
      <ele>32.0</ele>
      <time>2026-07-20T19:17:18.000Z</time>
      <extensions><gpxtpx:TrackPointExtension><gpxtpx:hr>146</gpxtpx:hr></gpxtpx:TrackPointExtension></extensions>
    </trkpt>
    <trkpt lat="37.566787" lon="127.000494">
      <ele>32.0</ele>
      <time>2026-07-20T19:17:19.000Z</time>
      <extensions><gpxtpx:TrackPointExtension><gpxtpx:hr>146</gpxtpx:hr></gpxtpx:TrackPointExtension></extensions>
    </trkpt>
    <trkpt lat="37.566783" lon="127.000481">
      <ele>32.0</ele>
      <time>2026-07-20T19:17:20.000Z</time>
      <extensions><gpxtpx:TrackPointExtension><gpxtpx:hr>145</gpxtpx:hr></gpxtpx:TrackPointExtension></extensions>
    </trkpt>
    <trkpt lat="37.566788" lon="127.000460">
      <ele>32.0</ele>
      <time>2026-07-20T19:17:21.000Z</time>
      <extensions><gpxtpx:TrackPointExtension><gpxtpx:hr>144</gpxtpx:hr></gpxtpx:TrackPointExtension></extensions>
    </trkpt>
    <trkpt lat="37.566785" lon="127.000455">
      <ele>32.0</ele>
      <time>2026-07-20T19:17:22.000Z</time>
      <extensions><gpxtpx:TrackPointExtension><gpxtpx:hr>143</gpxtpx:hr></gpxtpx:TrackPointExtension></extensions>
    </trkpt>
    <trkpt lat="37.566788" lon="127.000449">
      <ele>32.0</ele>
      <time>2026-07-20T19:17:23.000Z</time>
      <extensions><gpxtpx:TrackPointExtension><gpxtpx:hr>141</gpxtpx:hr></gpxtpx:TrackPointExtension></extensions>
    </trkpt>
    <trkpt lat="37.566796" lon="127.000441">
      <ele>32.0</ele>
      <time>2026-07-20T19:17:24.000Z</time>
      <extensions><gpxtpx:TrackPointExtension><gpxtpx:hr>140</gpxtpx:hr></gpxtpx:TrackPointExtension></extensions>
    </trkpt>
    <trkpt lat="37.566789" lon="127.000431">
      <ele>32.0</ele>
      <time>2026-07-20T19:17:25.000Z</time>
      <extensions><gpxtpx:TrackPointExtension><gpxtpx:hr>140</gpxtpx:hr></gpxtpx:TrackPointExtension></extensions>
    </trkpt>
    <trkpt lat="37.566791" lon="127.000421">
      <ele>32.0</ele>
      <time>2026-07-20T19:17:26.000Z</time>
      <extensions><gpxtpx:TrackPointExtension><gpxtpx:hr>139</gpxtpx:hr></gpxtpx:TrackPointExtension></extensions>
    </trkpt>
    <trkpt lat="37.566793" lon="127.000394">
      <ele>32.0</ele>
      <time>2026-07-20T19:17:27.000Z</time>
      <extensions><gpxtpx:TrackPointExtension><gpxtpx:hr>139</gpxtpx:hr></gpxtpx:TrackPointExtension></extensions>
    </trkpt>
    <trkpt lat="37.566797" lon="127.000381">
      <ele>32.0</ele>
      <time>2026-07-20T19:17:28.000Z</time>
      <extensions><gpxtpx:TrackPointExtension><gpxtpx:hr>138</gpxtpx:hr></gpxtpx:TrackPointExtension></extensions>
    </trkpt>
    <trkpt lat="37.566792" lon="127.000351">
      <ele>32.0</ele>
      <time>2026-07-20T19:17:29.000Z</time>
      <extensions><gpxtpx:TrackPointExtension><gpxtpx:hr>138</gpxtpx:hr></gpxtpx:TrackPointExtension></extensions>
    </trkpt>
    <trkpt lat="37.566804" lon="127.000347">
      <ele>32.0</ele>
      <time>2026-07-20T19:17:30.000Z</time>
      <extensions><gpxtpx:TrackPointExtension><gpxtpx:hr>137</gpxtpx:hr></gpxtpx:TrackPointExtension></extensions>
    </trkpt>
    <trkpt lat="37.566809" lon="127.000378">
      <ele>32.0</ele>
      <time>2026-07-20T19:17:31.000Z</time>
      <extensions><gpxtpx:TrackPointExtension><gpxtpx:hr>137</gpxtpx:hr></gpxtpx:TrackPointExtension></extensions>
    </trkpt>
    <trkpt lat="37.566821" lon="127.000397">
      <ele>32.0</ele>
      <time>2026-07-20T19:17:32.000Z</time>
      <extensions><gpxtpx:TrackPointExtension><gpxtpx:hr>137</gpxtpx:hr></gpxtpx:TrackPointExtension></extensions>
    </trkpt>
    <trkpt lat="37.566821" lon="127.000438">
      <ele>32.0</ele>
      <time>2026-07-20T19:17:33.000Z</time>
      <extensions><gpxtpx:TrackPointExtension><gpxtpx:hr>137</gpxtpx:hr></gpxtpx:TrackPointExtension></extensions>
    </trkpt>
    <trkpt lat="37.566839" lon="127.000472">
      <ele>32.0</ele>
      <time>2026-07-20T19:17:34.000Z</time>
      <extensions><gpxtpx:TrackPointExtension><gpxtpx:hr>138</gpxtpx:hr></gpxtpx:TrackPointExtension></extensions>
    </trkpt>
    <trkpt lat="37.566854" lon="127.000505">
      <ele>32.0</ele>
      <time>2026-07-20T19:17:35.000Z</time>
      <extensions><gpxtpx:TrackPointExtension><gpxtpx:hr>138</gpxtpx:hr></gpxtpx:TrackPointExtension></extensions>
    </trkpt>
    <trkpt lat="37.566881" lon="127.000526">
      <ele>32.0</ele>
      <time>2026-07-20T19:17:36.000Z</time>
      <extensions><gpxtpx:TrackPointExtension><gpxtpx:hr>138</gpxtpx:hr></gpxtpx:TrackPointExtension></extensions>
    </trkpt>
    <trkpt lat="37.566898" lon="127.000558">
      <ele>32.0</ele>
      <time>2026-07-20T19:17:37.000Z</time>
      <extensions><gpxtpx:TrackPointExtension><gpxtpx:hr>139</gpxtpx:hr></gpxtpx:TrackPointExtension></extensions>
    </trkpt>
    <trkpt lat="37.566924" lon="127.000573">
      <ele>32.0</ele>
      <time>2026-07-20T19:17:38.000Z</time>
      <extensions><gpxtpx:TrackPointExtension><gpxtpx:hr>139</gpxtpx:hr></gpxtpx:TrackPointExtension></extensions>
    </trkpt>
    <trkpt lat="37.566903" lon="127.000546">
      <ele>32.0</ele>
      <time>2026-07-20T19:17:39.000Z</time>
      <extensions><gpxtpx:TrackPointExtension><gpxtpx:hr>139</gpxtpx:hr></gpxtpx:TrackPointExtension></extensions>
    </trkpt>
    <trkpt lat="37.566934" lon="127.000572">
      <ele>32.0</ele>
      <time>2026-07-20T19:17:40.000Z</time>
      <extensions><gpxtpx:TrackPointExtension><gpxtpx:hr>140</gpxtpx:hr></gpxtpx:TrackPointExtension></extensions>
    </trkpt>
    <trkpt lat="37.566899" lon="127.000555">
      <ele>32.0</ele>
      <time>2026-07-20T19:17:41.000Z</time>
      <extensions><gpxtpx:TrackPointExtension><gpxtpx:hr>140</gpxtpx:hr></gpxtpx:TrackPointExtension></extensions>
    </trkpt>
    <trkpt lat="37.566927" lon="127.000571">
      <ele>32.0</ele>
      <time>2026-07-20T19:17:42.000Z</time>
      <extensions><gpxtpx:TrackPointExtension><gpxtpx:hr>140</gpxtpx:hr></gpxtpx:TrackPointExtension></extensions>
    </trkpt>
    <trkpt lat="37.566903" lon="127.000565">
      <ele>32.0</ele>
      <time>2026-07-20T19:17:43.000Z</time>
      <extensions><gpxtpx:TrackPointExtension><gpxtpx:hr>140</gpxtpx:hr></gpxtpx:TrackPointExtension></extensions>
    </trkpt>
    <trkpt lat="37.566884" lon="127.000545">
      <ele>32.0</ele>
      <time>2026-07-20T19:17:44.000Z</time>
      <extensions><gpxtpx:TrackPointExtension><gpxtpx:hr>140</gpxtpx:hr></gpxtpx:TrackPointExtension></extensions>
    </trkpt>
    <trkpt lat="37.566874" lon="127.000552">
      <ele>32.0</ele>
      <time>2026-07-20T19:17:45.000Z</time>
      <extensions><gpxtpx:TrackPointExtension><gpxtpx:hr>140</gpxtpx:hr></gpxtpx:TrackPointExtension></extensions>
    </trkpt>
    <trkpt lat="37.566862" lon="127.000541">
      <ele>32.0</ele>
      <time>2026-07-20T19:17:46.000Z</time>
      <extensions><gpxtpx:TrackPointExtension><gpxtpx:hr>139</gpxtpx:hr></gpxtpx:TrackPointExtension></extensions>
    </trkpt>
    <trkpt lat="37.566844" lon="127.000540">
      <ele>32.0</ele>
      <time>2026-07-20T19:17:47.000Z</time>
      <extensions><gpxtpx:TrackPointExtension><gpxtpx:hr>139</gpxtpx:hr></gpxtpx:TrackPointExtension></extensions>
    </trkpt>
    <trkpt lat="37.566838" lon="127.000541">
      <ele>32.0</ele>
      <time>2026-07-20T19:17:48.000Z</time>
      <extensions><gpxtpx:TrackPointExtension><gpxtpx:hr>138</gpxtpx:hr></gpxtpx:TrackPointExtension></extensions>
    </trkpt>
    <trkpt lat="37.566816" lon="127.000524">
      <ele>32.0</ele>
      <time>2026-07-20T19:17:49.000Z</time>
      <extensions><gpxtpx:TrackPointExtension><gpxtpx:hr>137</gpxtpx:hr></gpxtpx:TrackPointExtension></extensions>
    </trkpt>
    <trkpt lat="37.566814" lon="127.000533">
      <ele>32.0</ele>
      <time>2026-07-20T19:17:50.000Z</time>
      <extensions><gpxtpx:TrackPointExtension><gpxtpx:hr>137</gpxtpx:hr></gpxtpx:TrackPointExtension></extensions>
    </trkpt>
    <trkpt lat="37.566803" lon="127.000519">
      <ele>32.0</ele>
      <time>2026-07-20T19:17:51.000Z</time>
      <extensions><gpxtpx:TrackPointExtension><gpxtpx:hr>136</gpxtpx:hr></gpxtpx:TrackPointExtension></extensions>
    </trkpt>
    <trkpt lat="37.566781" lon="127.000524">
      <ele>32.0</ele>
      <time>2026-07-20T19:17:52.000Z</time>
      <extensions><gpxtpx:TrackPointExtension><gpxtpx:hr>136</gpxtpx:hr></gpxtpx:TrackPointExtension></extensions>
    </trkpt>
    <trkpt lat="37.566810" lon="127.000553">
      <ele>32.0</ele>
      <time>2026-07-20T19:17:53.000Z</time>
      <extensions><gpxtpx:TrackPointExtension><gpxtpx:hr>137</gpxtpx:hr></gpxtpx:TrackPointExtension></extensions>
    </trkpt>
    <trkpt lat="37.566848" lon="127.000599">
      <ele>32.0</ele>
      <time>2026-07-20T19:17:54.000Z</time>
      <extensions><gpxtpx:TrackPointExtension><gpxtpx:hr>138</gpxtpx:hr></gpxtpx:TrackPointExtension></extensions>
    </trkpt>
    <trkpt lat="37.566876" lon="127.000652">
      <ele>32.0</ele>
      <time>2026-07-20T19:17:55.000Z</time>
      <extensions><gpxtpx:TrackPointExtension><gpxtpx:hr>139</gpxtpx:hr></gpxtpx:TrackPointExtension></extensions>
    </trkpt>
    <trkpt lat="37.566913" lon="127.000693">
      <ele>32.0</ele>
      <time>2026-07-20T19:17:56.000Z</time>
      <extensions><gpxtpx:TrackPointExtension><gpxtpx:hr>140</gpxtpx:hr></gpxtpx:TrackPointExtension></extensions>
    </trkpt>
    <trkpt lat="37.566940" lon="127.000738">
      <ele>32.0</ele>
      <time>2026-07-20T19:17:57.000Z</time>
      <extensions><gpxtpx:TrackPointExtension><gpxtpx:hr>141</gpxtpx:hr></gpxtpx:TrackPointExtension></extensions>
    </trkpt>
    <trkpt lat="37.566972" lon="127.000778">
      <ele>32.0</ele>
      <time>2026-07-20T19:17:58.000Z</time>
      <extensions><gpxtpx:TrackPointExtension><gpxtpx:hr>142</gpxtpx:hr></gpxtpx:TrackPointExtension></extensions>
    </trkpt>
    <trkpt lat="37.567002" lon="127.000820">
      <ele>32.0</ele>
      <time>2026-07-20T19:17:59.000Z</time>
      <extensions><gpxtpx:TrackPointExtension><gpxtpx:hr>143</gpxtpx:hr></gpxtpx:TrackPointExtension></extensions>
    </trkpt>
    <trkpt lat="37.566986" lon="127.000778">
      <ele>32.0</ele>
      <time>2026-07-20T19:18:00.000Z</time>
      <extensions><gpxtpx:TrackPointExtension><gpxtpx:hr>143</gpxtpx:hr></gpxtpx:TrackPointExtension></extensions>
    </trkpt>
    <trkpt lat="37.566983" lon="127.000740">
      <ele>32.0</ele>
      <time>2026-07-20T19:18:01.000Z</time>
      <extensions><gpxtpx:TrackPointExtension><gpxtpx:hr>143</gpxtpx:hr></gpxtpx:TrackPointExtension></extensions>
    </trkpt>
    <trkpt lat="37.566973" lon="127.000720">
      <ele>32.0</ele>
      <time>2026-07-20T19:18:02.000Z</time>
      <extensions><gpxtpx:TrackPointExtension><gpxtpx:hr>143</gpxtpx:hr></gpxtpx:TrackPointExtension></extensions>
    </trkpt>
    <trkpt lat="37.566973" lon="127.000696">
      <ele>32.0</ele>
      <time>2026-07-20T19:18:03.000Z</time>
      <extensions><gpxtpx:TrackPointExtension><gpxtpx:hr>142</gpxtpx:hr></gpxtpx:TrackPointExtension></extensions>
    </trkpt>
    <trkpt lat="37.566973" lon="127.000685">
      <ele>32.0</ele>
      <time>2026-07-20T19:18:04.000Z</time>
      <extensions><gpxtpx:TrackPointExtension><gpxtpx:hr>141</gpxtpx:hr></gpxtpx:TrackPointExtension></extensions>
    </trkpt>
    <trkpt lat="37.566960" lon="127.000664">
      <ele>32.0</ele>
      <time>2026-07-20T19:18:05.000Z</time>
      <extensions><gpxtpx:TrackPointExtension><gpxtpx:hr>141</gpxtpx:hr></gpxtpx:TrackPointExtension></extensions>
    </trkpt>
    <trkpt lat="37.566960" lon="127.000662">
      <ele>32.0</ele>
      <time>2026-07-20T19:18:06.000Z</time>
      <extensions><gpxtpx:TrackPointExtension><gpxtpx:hr>140</gpxtpx:hr></gpxtpx:TrackPointExtension></extensions>
    </trkpt>
    <trkpt lat="37.566956" lon="127.000631">
      <ele>32.0</ele>
      <time>2026-07-20T19:18:07.000Z</time>
      <extensions><gpxtpx:TrackPointExtension><gpxtpx:hr>139</gpxtpx:hr></gpxtpx:TrackPointExtension></extensions>
    </trkpt>
    <trkpt lat="37.566943" lon="127.000638">
      <ele>32.0</ele>
      <time>2026-07-20T19:18:08.000Z</time>
      <extensions><gpxtpx:TrackPointExtension><gpxtpx:hr>139</gpxtpx:hr></gpxtpx:TrackPointExtension></extensions>
    </trkpt>
    <trkpt lat="37.566948" lon="127.000644">
      <ele>32.0</ele>
      <time>2026-07-20T19:18:09.000Z</time>
      <extensions><gpxtpx:TrackPointExtension><gpxtpx:hr>137</gpxtpx:hr></gpxtpx:TrackPointExtension></extensions>
    </trkpt>
    <trkpt lat="37.566951" lon="127.000647">
      <ele>32.0</ele>
      <time>2026-07-20T19:18:10.000Z</time>
      <extensions><gpxtpx:TrackPointExtension><gpxtpx:hr>137</gpxtpx:hr></gpxtpx:TrackPointExtension></extensions>
    </trkpt>
    <trkpt lat="37.566948" lon="127.000655">
      <ele>32.0</ele>
      <time>2026-07-20T19:18:11.000Z</time>
      <extensions><gpxtpx:TrackPointExtension><gpxtpx:hr>136</gpxtpx:hr></gpxtpx:TrackPointExtension></extensions>
    </trkpt>
    <trkpt lat="37.566946" lon="127.000647">
      <ele>32.0</ele>
      <time>2026-07-20T19:18:12.000Z</time>
      <extensions><gpxtpx:TrackPointExtension><gpxtpx:hr>135</gpxtpx:hr></gpxtpx:TrackPointExtension></extensions>
    </trkpt>
    <trkpt lat="37.566939" lon="127.000660">
      <ele>32.0</ele>
      <time>2026-07-20T19:18:13.000Z</time>
      <extensions><gpxtpx:TrackPointExtension><gpxtpx:hr>134</gpxtpx:hr></gpxtpx:TrackPointExtension></extensions>
    </trkpt>
    <trkpt lat="37.566903" lon="127.000693">
      <ele>32.0</ele>
      <time>2026-07-20T19:18:14.000Z</time>
      <extensions><gpxtpx:TrackPointExtension><gpxtpx:hr>135</gpxtpx:hr></gpxtpx:TrackPointExtension></extensions>
    </trkpt>
    <trkpt lat="37.566855" lon="127.000735">
      <ele>32.0</ele>
      <time>2026-07-20T19:18:15.000Z</time>
      <extensions><gpxtpx:TrackPointExtension><gpxtpx:hr>137</gpxtpx:hr></gpxtpx:TrackPointExtension></extensions>
    </trkpt>
    <trkpt lat="37.566816" lon="127.000696">
      <ele>32.0</ele>
      <time>2026-07-20T19:18:16.000Z</time>
      <extensions><gpxtpx:TrackPointExtension><gpxtpx:hr>138</gpxtpx:hr></gpxtpx:TrackPointExtension></extensions>
    </trkpt>
    <trkpt lat="37.566791" lon="127.000658">
      <ele>32.0</ele>
      <time>2026-07-20T19:18:17.000Z</time>
      <extensions><gpxtpx:TrackPointExtension><gpxtpx:hr>139</gpxtpx:hr></gpxtpx:TrackPointExtension></extensions>
    </trkpt>
    <trkpt lat="37.566764" lon="127.000621">
      <ele>32.0</ele>
      <time>2026-07-20T19:18:18.000Z</time>
      <extensions><gpxtpx:TrackPointExtension><gpxtpx:hr>140</gpxtpx:hr></gpxtpx:TrackPointExtension></extensions>
    </trkpt>
    <trkpt lat="37.566743" lon="127.000602">
      <ele>32.0</ele>
      <time>2026-07-20T19:18:19.000Z</time>
      <extensions><gpxtpx:TrackPointExtension><gpxtpx:hr>140</gpxtpx:hr></gpxtpx:TrackPointExtension></extensions>
    </trkpt>
    <trkpt lat="37.566722" lon="127.000576">
      <ele>32.0</ele>
      <time>2026-07-20T19:18:20.000Z</time>
      <extensions><gpxtpx:TrackPointExtension><gpxtpx:hr>140</gpxtpx:hr></gpxtpx:TrackPointExtension></extensions>
    </trkpt>
    <trkpt lat="37.566698" lon="127.000532">
      <ele>32.0</ele>
      <time>2026-07-20T19:18:21.000Z</time>
      <extensions><gpxtpx:TrackPointExtension><gpxtpx:hr>140</gpxtpx:hr></gpxtpx:TrackPointExtension></extensions>
    </trkpt>
    <trkpt lat="37.566684" lon="127.000507">
      <ele>32.0</ele>
      <time>2026-07-20T19:18:22.000Z</time>
      <extensions><gpxtpx:TrackPointExtension><gpxtpx:hr>141</gpxtpx:hr></gpxtpx:TrackPointExtension></extensions>
    </trkpt>
    <trkpt lat="37.566683" lon="127.000521">
      <ele>32.0</ele>
      <time>2026-07-20T19:18:23.000Z</time>
      <extensions><gpxtpx:TrackPointExtension><gpxtpx:hr>141</gpxtpx:hr></gpxtpx:TrackPointExtension></extensions>
    </trkpt>
    <trkpt lat="37.566666" lon="127.000507">
      <ele>32.0</ele>
      <time>2026-07-20T19:18:24.000Z</time>
      <extensions><gpxtpx:TrackPointExtension><gpxtpx:hr>141</gpxtpx:hr></gpxtpx:TrackPointExtension></extensions>
    </trkpt>
    <trkpt lat="37.566643" lon="127.000513">
      <ele>32.0</ele>
      <time>2026-07-20T19:18:25.000Z</time>
      <extensions><gpxtpx:TrackPointExtension><gpxtpx:hr>140</gpxtpx:hr></gpxtpx:TrackPointExtension></extensions>
    </trkpt>
    <trkpt lat="37.566622" lon="127.000515">
      <ele>32.0</ele>
      <time>2026-07-20T19:18:26.000Z</time>
      <extensions><gpxtpx:TrackPointExtension><gpxtpx:hr>140</gpxtpx:hr></gpxtpx:TrackPointExtension></extensions>
    </trkpt>
    <trkpt lat="37.566609" lon="127.000524">
      <ele>32.0</ele>
      <time>2026-07-20T19:18:27.000Z</time>
      <extensions><gpxtpx:TrackPointExtension><gpxtpx:hr>139</gpxtpx:hr></gpxtpx:TrackPointExtension></extensions>
    </trkpt>
    <trkpt lat="37.566591" lon="127.000532">
      <ele>32.0</ele>
      <time>2026-07-20T19:18:28.000Z</time>
      <extensions><gpxtpx:TrackPointExtension><gpxtpx:hr>139</gpxtpx:hr></gpxtpx:TrackPointExtension></extensions>
    </trkpt>
    <trkpt lat="37.566578" lon="127.000528">
      <ele>32.0</ele>
      <time>2026-07-20T19:18:29.000Z</time>
      <extensions><gpxtpx:TrackPointExtension><gpxtpx:hr>139</gpxtpx:hr></gpxtpx:TrackPointExtension></extensions>
    </trkpt>
    <trkpt lat="37.566582" lon="127.000530">
      <ele>32.0</ele>
      <time>2026-07-20T19:18:30.000Z</time>
      <extensions><gpxtpx:TrackPointExtension><gpxtpx:hr>138</gpxtpx:hr></gpxtpx:TrackPointExtension></extensions>
    </trkpt>
    <trkpt lat="37.566584" lon="127.000536">
      <ele>32.0</ele>
      <time>2026-07-20T19:18:31.000Z</time>
      <extensions><gpxtpx:TrackPointExtension><gpxtpx:hr>137</gpxtpx:hr></gpxtpx:TrackPointExtension></extensions>
    </trkpt>
    <trkpt lat="37.566574" lon="127.000544">
      <ele>32.0</ele>
      <time>2026-07-20T19:18:32.000Z</time>
      <extensions><gpxtpx:TrackPointExtension><gpxtpx:hr>136</gpxtpx:hr></gpxtpx:TrackPointExtension></extensions>
    </trkpt>
    <trkpt lat="37.566577" lon="127.000533">
      <ele>32.0</ele>
      <time>2026-07-20T19:18:33.000Z</time>
      <extensions><gpxtpx:TrackPointExtension><gpxtpx:hr>135</gpxtpx:hr></gpxtpx:TrackPointExtension></extensions>
    </trkpt>
    <trkpt lat="37.566588" lon="127.000532">
      <ele>32.0</ele>
      <time>2026-07-20T19:18:34.000Z</time>
      <extensions><gpxtpx:TrackPointExtension><gpxtpx:hr>134</gpxtpx:hr></gpxtpx:TrackPointExtension></extensions>
    </trkpt>
    <trkpt lat="37.566579" lon="127.000540">
      <ele>32.0</ele>
      <time>2026-07-20T19:18:35.000Z</time>
      <extensions><gpxtpx:TrackPointExtension><gpxtpx:hr>133</gpxtpx:hr></gpxtpx:TrackPointExtension></extensions>
    </trkpt>
    <trkpt lat="37.566582" lon="127.000537">
      <ele>32.0</ele>
      <time>2026-07-20T19:18:36.000Z</time>
      <extensions><gpxtpx:TrackPointExtension><gpxtpx:hr>132</gpxtpx:hr></gpxtpx:TrackPointExtension></extensions>
    </trkpt>
    <trkpt lat="37.566584" lon="127.000529">
      <ele>32.0</ele>
      <time>2026-07-20T19:18:37.000Z</time>
      <extensions><gpxtpx:TrackPointExtension><gpxtpx:hr>132</gpxtpx:hr></gpxtpx:TrackPointExtension></extensions>
    </trkpt>
    <trkpt lat="37.566617" lon="127.000567">
      <ele>32.0</ele>
      <time>2026-07-20T19:18:38.000Z</time>
      <extensions><gpxtpx:TrackPointExtension><gpxtpx:hr>133</gpxtpx:hr></gpxtpx:TrackPointExtension></extensions>
    </trkpt>
    <trkpt lat="37.566638" lon="127.000611">
      <ele>32.0</ele>
      <time>2026-07-20T19:18:39.000Z</time>
      <extensions><gpxtpx:TrackPointExtension><gpxtpx:hr>134</gpxtpx:hr></gpxtpx:TrackPointExtension></extensions>
    </trkpt>
    <trkpt lat="37.566670" lon="127.000654">
      <ele>32.0</ele>
      <time>2026-07-20T19:18:40.000Z</time>
      <extensions><gpxtpx:TrackPointExtension><gpxtpx:hr>135</gpxtpx:hr></gpxtpx:TrackPointExtension></extensions>
    </trkpt>
    <trkpt lat="37.566703" lon="127.000707">
      <ele>32.0</ele>
      <time>2026-07-20T19:18:41.000Z</time>
      <extensions><gpxtpx:TrackPointExtension><gpxtpx:hr>137</gpxtpx:hr></gpxtpx:TrackPointExtension></extensions>
    </trkpt>
    <trkpt lat="37.566743" lon="127.000743">
      <ele>32.0</ele>
      <time>2026-07-20T19:18:42.000Z</time>
      <extensions><gpxtpx:TrackPointExtension><gpxtpx:hr>138</gpxtpx:hr></gpxtpx:TrackPointExtension></extensions>
    </trkpt>
    <trkpt lat="37.566742" lon="127.000722">
      <ele>32.0</ele>
      <time>2026-07-20T19:18:43.000Z</time>
      <extensions><gpxtpx:TrackPointExtension><gpxtpx:hr>137</gpxtpx:hr></gpxtpx:TrackPointExtension></extensions>
    </trkpt>
    <trkpt lat="37.566752" lon="127.000720">
      <ele>32.0</ele>
      <time>2026-07-20T19:18:44.000Z</time>
      <extensions><gpxtpx:TrackPointExtension><gpxtpx:hr>136</gpxtpx:hr></gpxtpx:TrackPointExtension></extensions>
    </trkpt>
    <trkpt lat="37.566754" lon="127.000709">
      <ele>32.0</ele>
      <time>2026-07-20T19:18:45.000Z</time>
      <extensions><gpxtpx:TrackPointExtension><gpxtpx:hr>135</gpxtpx:hr></gpxtpx:TrackPointExtension></extensions>
    </trkpt>
    <trkpt lat="37.566750" lon="127.000711">
      <ele>32.0</ele>
      <time>2026-07-20T19:18:46.000Z</time>
      <extensions><gpxtpx:TrackPointExtension><gpxtpx:hr>135</gpxtpx:hr></gpxtpx:TrackPointExtension></extensions>
    </trkpt>
    <trkpt lat="37.566748" lon="127.000711">
      <ele>32.0</ele>
      <time>2026-07-20T19:18:47.000Z</time>
      <extensions><gpxtpx:TrackPointExtension><gpxtpx:hr>134</gpxtpx:hr></gpxtpx:TrackPointExtension></extensions>
    </trkpt>
    <trkpt lat="37.566749" lon="127.000714">
      <ele>32.0</ele>
      <time>2026-07-20T19:18:48.000Z</time>
      <extensions><gpxtpx:TrackPointExtension><gpxtpx:hr>133</gpxtpx:hr></gpxtpx:TrackPointExtension></extensions>
    </trkpt>
    <trkpt lat="37.566744" lon="127.000694">
      <ele>32.0</ele>
      <time>2026-07-20T19:18:49.000Z</time>
      <extensions><gpxtpx:TrackPointExtension><gpxtpx:hr>133</gpxtpx:hr></gpxtpx:TrackPointExtension></extensions>
    </trkpt>
    <trkpt lat="37.566739" lon="127.000667">
      <ele>32.0</ele>
      <time>2026-07-20T19:18:50.000Z</time>
      <extensions><gpxtpx:TrackPointExtension><gpxtpx:hr>133</gpxtpx:hr></gpxtpx:TrackPointExtension></extensions>
    </trkpt>
    <trkpt lat="37.566717" lon="127.000642">
      <ele>32.0</ele>
      <time>2026-07-20T19:18:51.000Z</time>
      <extensions><gpxtpx:TrackPointExtension><gpxtpx:hr>133</gpxtpx:hr></gpxtpx:TrackPointExtension></extensions>
    </trkpt>
    <trkpt lat="37.566712" lon="127.000600">
      <ele>32.0</ele>
      <time>2026-07-20T19:18:52.000Z</time>
      <extensions><gpxtpx:TrackPointExtension><gpxtpx:hr>134</gpxtpx:hr></gpxtpx:TrackPointExtension></extensions>
    </trkpt>
    <trkpt lat="37.566702" lon="127.000628">
      <ele>32.0</ele>
      <time>2026-07-20T19:18:53.000Z</time>
      <extensions><gpxtpx:TrackPointExtension><gpxtpx:hr>134</gpxtpx:hr></gpxtpx:TrackPointExtension></extensions>
    </trkpt>
    <trkpt lat="37.566692" lon="127.000649">
      <ele>32.0</ele>
      <time>2026-07-20T19:18:54.000Z</time>
      <extensions><gpxtpx:TrackPointExtension><gpxtpx:hr>134</gpxtpx:hr></gpxtpx:TrackPointExtension></extensions>
    </trkpt>
    <trkpt lat="37.566692" lon="127.000679">
      <ele>32.0</ele>
      <time>2026-07-20T19:18:55.000Z</time>
      <extensions><gpxtpx:TrackPointExtension><gpxtpx:hr>134</gpxtpx:hr></gpxtpx:TrackPointExtension></extensions>
    </trkpt>
    <trkpt lat="37.566693" lon="127.000691">
      <ele>32.0</ele>
      <time>2026-07-20T19:18:56.000Z</time>
      <extensions><gpxtpx:TrackPointExtension><gpxtpx:hr>134</gpxtpx:hr></gpxtpx:TrackPointExtension></extensions>
    </trkpt>
    <trkpt lat="37.566690" lon="127.000718">
      <ele>32.0</ele>
      <time>2026-07-20T19:18:57.000Z</time>
      <extensions><gpxtpx:TrackPointExtension><gpxtpx:hr>134</gpxtpx:hr></gpxtpx:TrackPointExtension></extensions>
    </trkpt>
    <trkpt lat="37.566687" lon="127.000725">
      <ele>32.0</ele>
      <time>2026-07-20T19:18:58.000Z</time>
      <extensions><gpxtpx:TrackPointExtension><gpxtpx:hr>133</gpxtpx:hr></gpxtpx:TrackPointExtension></extensions>
    </trkpt>
    <trkpt lat="37.566675" lon="127.000743">
      <ele>32.0</ele>
      <time>2026-07-20T19:18:59.000Z</time>
      <extensions><gpxtpx:TrackPointExtension><gpxtpx:hr>133</gpxtpx:hr></gpxtpx:TrackPointExtension></extensions>
    </trkpt>
    <trkpt lat="37.566669" lon="127.000764">
      <ele>32.0</ele>
      <time>2026-07-20T19:19:00.000Z</time>
      <extensions><gpxtpx:TrackPointExtension><gpxtpx:hr>133</gpxtpx:hr></gpxtpx:TrackPointExtension></extensions>
    </trkpt>
    <trkpt lat="37.566648" lon="127.000736">
      <ele>32.0</ele>
      <time>2026-07-20T19:19:01.000Z</time>
      <extensions><gpxtpx:TrackPointExtension><gpxtpx:hr>134</gpxtpx:hr></gpxtpx:TrackPointExtension></extensions>
    </trkpt>
    <trkpt lat="37.566620" lon="127.000682">
      <ele>32.0</ele>
      <time>2026-07-20T19:19:02.000Z</time>
      <extensions><gpxtpx:TrackPointExtension><gpxtpx:hr>136</gpxtpx:hr></gpxtpx:TrackPointExtension></extensions>
    </trkpt>
    <trkpt lat="37.566584" lon="127.000642">
      <ele>32.0</ele>
      <time>2026-07-20T19:19:03.000Z</time>
      <extensions><gpxtpx:TrackPointExtension><gpxtpx:hr>137</gpxtpx:hr></gpxtpx:TrackPointExtension></extensions>
    </trkpt>
    <trkpt lat="37.566547" lon="127.000577">
      <ele>32.0</ele>
      <time>2026-07-20T19:19:04.000Z</time>
      <extensions><gpxtpx:TrackPointExtension><gpxtpx:hr>138</gpxtpx:hr></gpxtpx:TrackPointExtension></extensions>
    </trkpt>
    <trkpt lat="37.566597" lon="127.000572">
      <ele>32.0</ele>
      <time>2026-07-20T19:19:05.000Z</time>
      <extensions><gpxtpx:TrackPointExtension><gpxtpx:hr>140</gpxtpx:hr></gpxtpx:TrackPointExtension></extensions>
    </trkpt>
    <trkpt lat="37.566633" lon="127.000567">
      <ele>32.0</ele>
      <time>2026-07-20T19:19:06.000Z</time>
      <extensions><gpxtpx:TrackPointExtension><gpxtpx:hr>140</gpxtpx:hr></gpxtpx:TrackPointExtension></extensions>
    </trkpt>
    <trkpt lat="37.566658" lon="127.000562">
      <ele>32.0</ele>
      <time>2026-07-20T19:19:07.000Z</time>
      <extensions><gpxtpx:TrackPointExtension><gpxtpx:hr>140</gpxtpx:hr></gpxtpx:TrackPointExtension></extensions>
    </trkpt>
    <trkpt lat="37.566691" lon="127.000566">
      <ele>32.0</ele>
      <time>2026-07-20T19:19:08.000Z</time>
      <extensions><gpxtpx:TrackPointExtension><gpxtpx:hr>141</gpxtpx:hr></gpxtpx:TrackPointExtension></extensions>
    </trkpt>
    <trkpt lat="37.566717" lon="127.000560">
      <ele>32.0</ele>
      <time>2026-07-20T19:19:09.000Z</time>
      <extensions><gpxtpx:TrackPointExtension><gpxtpx:hr>141</gpxtpx:hr></gpxtpx:TrackPointExtension></extensions>
    </trkpt>
    <trkpt lat="37.566747" lon="127.000544">
      <ele>32.0</ele>
      <time>2026-07-20T19:19:10.000Z</time>
      <extensions><gpxtpx:TrackPointExtension><gpxtpx:hr>141</gpxtpx:hr></gpxtpx:TrackPointExtension></extensions>
    </trkpt>
    <trkpt lat="37.566777" lon="127.000550">
      <ele>32.0</ele>
      <time>2026-07-20T19:19:11.000Z</time>
      <extensions><gpxtpx:TrackPointExtension><gpxtpx:hr>141</gpxtpx:hr></gpxtpx:TrackPointExtension></extensions>
    </trkpt>
    <trkpt lat="37.566807" lon="127.000538">
      <ele>32.0</ele>
      <time>2026-07-20T19:19:12.000Z</time>
      <extensions><gpxtpx:TrackPointExtension><gpxtpx:hr>141</gpxtpx:hr></gpxtpx:TrackPointExtension></extensions>
    </trkpt>
    <trkpt lat="37.566845" lon="127.000537">
      <ele>32.0</ele>
      <time>2026-07-20T19:19:13.000Z</time>
      <extensions><gpxtpx:TrackPointExtension><gpxtpx:hr>141</gpxtpx:hr></gpxtpx:TrackPointExtension></extensions>
    </trkpt>
    <trkpt lat="37.566867" lon="127.000536">
      <ele>32.0</ele>
      <time>2026-07-20T19:19:14.000Z</time>
      <extensions><gpxtpx:TrackPointExtension><gpxtpx:hr>141</gpxtpx:hr></gpxtpx:TrackPointExtension></extensions>
    </trkpt>
    <trkpt lat="37.566906" lon="127.000522">
      <ele>32.0</ele>
      <time>2026-07-20T19:19:15.000Z</time>
      <extensions><gpxtpx:TrackPointExtension><gpxtpx:hr>142</gpxtpx:hr></gpxtpx:TrackPointExtension></extensions>
    </trkpt>
    <trkpt lat="37.566865" lon="127.000501">
      <ele>32.0</ele>
      <time>2026-07-20T19:19:16.000Z</time>
      <extensions><gpxtpx:TrackPointExtension><gpxtpx:hr>142</gpxtpx:hr></gpxtpx:TrackPointExtension></extensions>
    </trkpt>
    <trkpt lat="37.566821" lon="127.000477">
      <ele>32.0</ele>
      <time>2026-07-20T19:19:17.000Z</time>
      <extensions><gpxtpx:TrackPointExtension><gpxtpx:hr>143</gpxtpx:hr></gpxtpx:TrackPointExtension></extensions>
    </trkpt>
    <trkpt lat="37.566767" lon="127.000453">
      <ele>32.0</ele>
      <time>2026-07-20T19:19:18.000Z</time>
      <extensions><gpxtpx:TrackPointExtension><gpxtpx:hr>144</gpxtpx:hr></gpxtpx:TrackPointExtension></extensions>
    </trkpt>
    <trkpt lat="37.566735" lon="127.000429">
      <ele>32.0</ele>
      <time>2026-07-20T19:19:19.000Z</time>
      <extensions><gpxtpx:TrackPointExtension><gpxtpx:hr>145</gpxtpx:hr></gpxtpx:TrackPointExtension></extensions>
    </trkpt>
    <trkpt lat="37.566677" lon="127.000411">
      <ele>32.0</ele>
      <time>2026-07-20T19:19:20.000Z</time>
      <extensions><gpxtpx:TrackPointExtension><gpxtpx:hr>146</gpxtpx:hr></gpxtpx:TrackPointExtension></extensions>
    </trkpt>
    <trkpt lat="37.566687" lon="127.000421">
      <ele>32.0</ele>
      <time>2026-07-20T19:19:21.000Z</time>
      <extensions><gpxtpx:TrackPointExtension><gpxtpx:hr>145</gpxtpx:hr></gpxtpx:TrackPointExtension></extensions>
    </trkpt>
    <trkpt lat="37.566693" lon="127.000433">
      <ele>32.0</ele>
      <time>2026-07-20T19:19:22.000Z</time>
      <extensions><gpxtpx:TrackPointExtension><gpxtpx:hr>144</gpxtpx:hr></gpxtpx:TrackPointExtension></extensions>
    </trkpt>
    <trkpt lat="37.566692" lon="127.000441">
      <ele>32.0</ele>
      <time>2026-07-20T19:19:23.000Z</time>
      <extensions><gpxtpx:TrackPointExtension><gpxtpx:hr>143</gpxtpx:hr></gpxtpx:TrackPointExtension></extensions>
    </trkpt>
    <trkpt lat="37.566694" lon="127.000444">
      <ele>32.0</ele>
      <time>2026-07-20T19:19:24.000Z</time>
      <extensions><gpxtpx:TrackPointExtension><gpxtpx:hr>142</gpxtpx:hr></gpxtpx:TrackPointExtension></extensions>
    </trkpt>
    <trkpt lat="37.566703" lon="127.000427">
      <ele>32.0</ele>
      <time>2026-07-20T19:19:25.000Z</time>
      <extensions><gpxtpx:TrackPointExtension><gpxtpx:hr>141</gpxtpx:hr></gpxtpx:TrackPointExtension></extensions>
    </trkpt>
    <trkpt lat="37.566704" lon="127.000427">
      <ele>32.0</ele>
      <time>2026-07-20T19:19:26.000Z</time>
      <extensions><gpxtpx:TrackPointExtension><gpxtpx:hr>140</gpxtpx:hr></gpxtpx:TrackPointExtension></extensions>
    </trkpt>
    <trkpt lat="37.566717" lon="127.000412">
      <ele>32.0</ele>
      <time>2026-07-20T19:19:27.000Z</time>
      <extensions><gpxtpx:TrackPointExtension><gpxtpx:hr>139</gpxtpx:hr></gpxtpx:TrackPointExtension></extensions>
    </trkpt>
    <trkpt lat="37.566718" lon="127.000394">
      <ele>32.0</ele>
      <time>2026-07-20T19:19:28.000Z</time>
      <extensions><gpxtpx:TrackPointExtension><gpxtpx:hr>139</gpxtpx:hr></gpxtpx:TrackPointExtension></extensions>
    </trkpt>
    <trkpt lat="37.566736" lon="127.000378">
      <ele>32.0</ele>
      <time>2026-07-20T19:19:29.000Z</time>
      <extensions><gpxtpx:TrackPointExtension><gpxtpx:hr>138</gpxtpx:hr></gpxtpx:TrackPointExtension></extensions>
    </trkpt>
    <trkpt lat="37.566742" lon="127.000380">
      <ele>32.0</ele>
      <time>2026-07-20T19:19:30.000Z</time>
      <extensions><gpxtpx:TrackPointExtension><gpxtpx:hr>138</gpxtpx:hr></gpxtpx:TrackPointExtension></extensions>
    </trkpt>
    <trkpt lat="37.566749" lon="127.000364">
      <ele>32.0</ele>
      <time>2026-07-20T19:19:31.000Z</time>
      <extensions><gpxtpx:TrackPointExtension><gpxtpx:hr>137</gpxtpx:hr></gpxtpx:TrackPointExtension></extensions>
    </trkpt>
    <trkpt lat="37.566750" lon="127.000369">
      <ele>32.0</ele>
      <time>2026-07-20T19:19:32.000Z</time>
      <extensions><gpxtpx:TrackPointExtension><gpxtpx:hr>136</gpxtpx:hr></gpxtpx:TrackPointExtension></extensions>
    </trkpt>
    <trkpt lat="37.566750" lon="127.000371">
      <ele>32.0</ele>
      <time>2026-07-20T19:19:33.000Z</time>
      <extensions><gpxtpx:TrackPointExtension><gpxtpx:hr>135</gpxtpx:hr></gpxtpx:TrackPointExtension></extensions>
    </trkpt>
    <trkpt lat="37.566764" lon="127.000371">
      <ele>32.0</ele>
      <time>2026-07-20T19:19:34.000Z</time>
      <extensions><gpxtpx:TrackPointExtension><gpxtpx:hr>134</gpxtpx:hr></gpxtpx:TrackPointExtension></extensions>
    </trkpt>
    <trkpt lat="37.566764" lon="127.000370">
      <ele>32.0</ele>
      <time>2026-07-20T19:19:35.000Z</time>
      <extensions><gpxtpx:TrackPointExtension><gpxtpx:hr>133</gpxtpx:hr></gpxtpx:TrackPointExtension></extensions>
    </trkpt>
    <trkpt lat="37.566765" lon="127.000374">
      <ele>32.0</ele>
      <time>2026-07-20T19:19:36.000Z</time>
      <extensions><gpxtpx:TrackPointExtension><gpxtpx:hr>133</gpxtpx:hr></gpxtpx:TrackPointExtension></extensions>
    </trkpt>
    <trkpt lat="37.566757" lon="127.000361">
      <ele>32.0</ele>
      <time>2026-07-20T19:19:37.000Z</time>
      <extensions><gpxtpx:TrackPointExtension><gpxtpx:hr>132</gpxtpx:hr></gpxtpx:TrackPointExtension></extensions>
    </trkpt>
    <trkpt lat="37.566747" lon="127.000328">
      <ele>32.0</ele>
      <time>2026-07-20T19:19:38.000Z</time>
      <extensions><gpxtpx:TrackPointExtension><gpxtpx:hr>132</gpxtpx:hr></gpxtpx:TrackPointExtension></extensions>
    </trkpt>
    <trkpt lat="37.566740" lon="127.000293">
      <ele>32.0</ele>
      <time>2026-07-20T19:19:39.000Z</time>
      <extensions><gpxtpx:TrackPointExtension><gpxtpx:hr>133</gpxtpx:hr></gpxtpx:TrackPointExtension></extensions>
    </trkpt>
    <trkpt lat="37.566737" lon="127.000278">
      <ele>32.0</ele>
      <time>2026-07-20T19:19:40.000Z</time>
      <extensions><gpxtpx:TrackPointExtension><gpxtpx:hr>133</gpxtpx:hr></gpxtpx:TrackPointExtension></extensions>
    </trkpt>
    <trkpt lat="37.566735" lon="127.000244">
      <ele>32.0</ele>
      <time>2026-07-20T19:19:41.000Z</time>
      <extensions><gpxtpx:TrackPointExtension><gpxtpx:hr>133</gpxtpx:hr></gpxtpx:TrackPointExtension></extensions>
    </trkpt>
    <trkpt lat="37.566743" lon="127.000277">
      <ele>32.0</ele>
      <time>2026-07-20T19:19:42.000Z</time>
      <extensions><gpxtpx:TrackPointExtension><gpxtpx:hr>134</gpxtpx:hr></gpxtpx:TrackPointExtension></extensions>
    </trkpt>
    <trkpt lat="37.566729" lon="127.000238">
      <ele>32.0</ele>
      <time>2026-07-20T19:19:43.000Z</time>
      <extensions><gpxtpx:TrackPointExtension><gpxtpx:hr>134</gpxtpx:hr></gpxtpx:TrackPointExtension></extensions>
    </trkpt>
    <trkpt lat="37.566733" lon="127.000271">
      <ele>32.0</ele>
      <time>2026-07-20T19:19:44.000Z</time>
      <extensions><gpxtpx:TrackPointExtension><gpxtpx:hr>135</gpxtpx:hr></gpxtpx:TrackPointExtension></extensions>
    </trkpt>
    <trkpt lat="37.566717" lon="127.000292">
      <ele>32.0</ele>
      <time>2026-07-20T19:19:45.000Z</time>
      <extensions><gpxtpx:TrackPointExtension><gpxtpx:hr>135</gpxtpx:hr></gpxtpx:TrackPointExtension></extensions>
    </trkpt>
    <trkpt lat="37.566718" lon="127.000312">
      <ele>32.0</ele>
      <time>2026-07-20T19:19:46.000Z</time>
      <extensions><gpxtpx:TrackPointExtension><gpxtpx:hr>135</gpxtpx:hr></gpxtpx:TrackPointExtension></extensions>
    </trkpt>
    <trkpt lat="37.566711" lon="127.000334">
      <ele>32.0</ele>
      <time>2026-07-20T19:19:47.000Z</time>
      <extensions><gpxtpx:TrackPointExtension><gpxtpx:hr>134</gpxtpx:hr></gpxtpx:TrackPointExtension></extensions>
    </trkpt>
    <trkpt lat="37.566709" lon="127.000361">
      <ele>32.0</ele>
      <time>2026-07-20T19:19:48.000Z</time>
      <extensions><gpxtpx:TrackPointExtension><gpxtpx:hr>134</gpxtpx:hr></gpxtpx:TrackPointExtension></extensions>
    </trkpt>
    <trkpt lat="37.566730" lon="127.000339">
      <ele>32.0</ele>
      <time>2026-07-20T19:19:49.000Z</time>
      <extensions><gpxtpx:TrackPointExtension><gpxtpx:hr>134</gpxtpx:hr></gpxtpx:TrackPointExtension></extensions>
    </trkpt>
    <trkpt lat="37.566737" lon="127.000317">
      <ele>32.0</ele>
      <time>2026-07-20T19:19:50.000Z</time>
      <extensions><gpxtpx:TrackPointExtension><gpxtpx:hr>135</gpxtpx:hr></gpxtpx:TrackPointExtension></extensions>
    </trkpt>
    <trkpt lat="37.566763" lon="127.000277">
      <ele>32.0</ele>
      <time>2026-07-20T19:19:51.000Z</time>
      <extensions><gpxtpx:TrackPointExtension><gpxtpx:hr>135</gpxtpx:hr></gpxtpx:TrackPointExtension></extensions>
    </trkpt>
    <trkpt lat="37.566781" lon="127.000250">
      <ele>32.0</ele>
      <time>2026-07-20T19:19:52.000Z</time>
      <extensions><gpxtpx:TrackPointExtension><gpxtpx:hr>136</gpxtpx:hr></gpxtpx:TrackPointExtension></extensions>
    </trkpt>
    <trkpt lat="37.566796" lon="127.000224">
      <ele>32.0</ele>
      <time>2026-07-20T19:19:53.000Z</time>
      <extensions><gpxtpx:TrackPointExtension><gpxtpx:hr>136</gpxtpx:hr></gpxtpx:TrackPointExtension></extensions>
    </trkpt>
    <trkpt lat="37.566816" lon="127.000212">
      <ele>32.0</ele>
      <time>2026-07-20T19:19:54.000Z</time>
      <extensions><gpxtpx:TrackPointExtension><gpxtpx:hr>136</gpxtpx:hr></gpxtpx:TrackPointExtension></extensions>
    </trkpt>
    <trkpt lat="37.566826" lon="127.000172">
      <ele>32.0</ele>
      <time>2026-07-20T19:19:55.000Z</time>
      <extensions><gpxtpx:TrackPointExtension><gpxtpx:hr>136</gpxtpx:hr></gpxtpx:TrackPointExtension></extensions>
    </trkpt>
    <trkpt lat="37.566844" lon="127.000154">
      <ele>32.0</ele>
      <time>2026-07-20T19:19:56.000Z</time>
      <extensions><gpxtpx:TrackPointExtension><gpxtpx:hr>137</gpxtpx:hr></gpxtpx:TrackPointExtension></extensions>
    </trkpt>
    <trkpt lat="37.566831" lon="127.000178">
      <ele>32.0</ele>
      <time>2026-07-20T19:19:57.000Z</time>
      <extensions><gpxtpx:TrackPointExtension><gpxtpx:hr>137</gpxtpx:hr></gpxtpx:TrackPointExtension></extensions>
    </trkpt>
    <trkpt lat="37.566835" lon="127.000246">
      <ele>32.0</ele>
      <time>2026-07-20T19:19:58.000Z</time>
      <extensions><gpxtpx:TrackPointExtension><gpxtpx:hr>138</gpxtpx:hr></gpxtpx:TrackPointExtension></extensions>
    </trkpt>
    <trkpt lat="37.566832" lon="127.000324">
      <ele>32.0</ele>
      <time>2026-07-20T19:19:59.000Z</time>
      <extensions><gpxtpx:TrackPointExtension><gpxtpx:hr>141</gpxtpx:hr></gpxtpx:TrackPointExtension></extensions>
    </trkpt>
    <trkpt lat="37.566844" lon="127.000409">
      <ele>32.0</ele>
      <time>2026-07-20T19:20:00.000Z</time>
      <extensions><gpxtpx:TrackPointExtension><gpxtpx:hr>143</gpxtpx:hr></gpxtpx:TrackPointExtension></extensions>
    </trkpt>
    <trkpt lat="37.566851" lon="127.000385">
      <ele>32.0</ele>
      <time>2026-07-20T19:20:01.000Z</time>
      <extensions><gpxtpx:TrackPointExtension><gpxtpx:hr>142</gpxtpx:hr></gpxtpx:TrackPointExtension></extensions>
    </trkpt>
    <trkpt lat="37.566845" lon="127.000398">
      <ele>32.0</ele>
      <time>2026-07-20T19:20:02.000Z</time>
      <extensions><gpxtpx:TrackPointExtension><gpxtpx:hr>141</gpxtpx:hr></gpxtpx:TrackPointExtension></extensions>
    </trkpt>
    <trkpt lat="37.566837" lon="127.000398">
      <ele>32.0</ele>
      <time>2026-07-20T19:20:03.000Z</time>
      <extensions><gpxtpx:TrackPointExtension><gpxtpx:hr>140</gpxtpx:hr></gpxtpx:TrackPointExtension></extensions>
    </trkpt>
    <trkpt lat="37.566848" lon="127.000402">
      <ele>32.0</ele>
      <time>2026-07-20T19:20:04.000Z</time>
      <extensions><gpxtpx:TrackPointExtension><gpxtpx:hr>139</gpxtpx:hr></gpxtpx:TrackPointExtension></extensions>
    </trkpt>
    <trkpt lat="37.566845" lon="127.000410">
      <ele>32.0</ele>
      <time>2026-07-20T19:20:05.000Z</time>
      <extensions><gpxtpx:TrackPointExtension><gpxtpx:hr>138</gpxtpx:hr></gpxtpx:TrackPointExtension></extensions>
    </trkpt>
    <trkpt lat="37.566839" lon="127.000415">
      <ele>32.0</ele>
      <time>2026-07-20T19:20:06.000Z</time>
      <extensions><gpxtpx:TrackPointExtension><gpxtpx:hr>137</gpxtpx:hr></gpxtpx:TrackPointExtension></extensions>
    </trkpt>
    <trkpt lat="37.566813" lon="127.000440">
      <ele>32.0</ele>
      <time>2026-07-20T19:20:07.000Z</time>
      <extensions><gpxtpx:TrackPointExtension><gpxtpx:hr>138</gpxtpx:hr></gpxtpx:TrackPointExtension></extensions>
    </trkpt>
    <trkpt lat="37.566772" lon="127.000469">
      <ele>32.0</ele>
      <time>2026-07-20T19:20:08.000Z</time>
      <extensions><gpxtpx:TrackPointExtension><gpxtpx:hr>139</gpxtpx:hr></gpxtpx:TrackPointExtension></extensions>
    </trkpt>
    <trkpt lat="37.566726" lon="127.000487">
      <ele>32.0</ele>
      <time>2026-07-20T19:20:09.000Z</time>
      <extensions><gpxtpx:TrackPointExtension><gpxtpx:hr>140</gpxtpx:hr></gpxtpx:TrackPointExtension></extensions>
    </trkpt>
    <trkpt lat="37.566685" lon="127.000512">
      <ele>32.0</ele>
      <time>2026-07-20T19:20:10.000Z</time>
      <extensions><gpxtpx:TrackPointExtension><gpxtpx:hr>141</gpxtpx:hr></gpxtpx:TrackPointExtension></extensions>
    </trkpt>
    <trkpt lat="37.566710" lon="127.000565">
      <ele>32.0</ele>
      <time>2026-07-20T19:20:11.000Z</time>
      <extensions><gpxtpx:TrackPointExtension><gpxtpx:hr>142</gpxtpx:hr></gpxtpx:TrackPointExtension></extensions>
    </trkpt>
    <trkpt lat="37.566741" lon="127.000608">
      <ele>32.0</ele>
      <time>2026-07-20T19:20:12.000Z</time>
      <extensions><gpxtpx:TrackPointExtension><gpxtpx:hr>143</gpxtpx:hr></gpxtpx:TrackPointExtension></extensions>
    </trkpt>
    <trkpt lat="37.566757" lon="127.000655">
      <ele>32.0</ele>
      <time>2026-07-20T19:20:13.000Z</time>
      <extensions><gpxtpx:TrackPointExtension><gpxtpx:hr>143</gpxtpx:hr></gpxtpx:TrackPointExtension></extensions>
    </trkpt>
    <trkpt lat="37.566792" lon="127.000708">
      <ele>32.0</ele>
      <time>2026-07-20T19:20:14.000Z</time>
      <extensions><gpxtpx:TrackPointExtension><gpxtpx:hr>144</gpxtpx:hr></gpxtpx:TrackPointExtension></extensions>
    </trkpt>
    <trkpt lat="37.566777" lon="127.000722">
      <ele>32.0</ele>
      <time>2026-07-20T19:20:15.000Z</time>
      <extensions><gpxtpx:TrackPointExtension><gpxtpx:hr>144</gpxtpx:hr></gpxtpx:TrackPointExtension></extensions>
    </trkpt>
    <trkpt lat="37.566770" lon="127.000720">
      <ele>32.0</ele>
      <time>2026-07-20T19:20:16.000Z</time>
      <extensions><gpxtpx:TrackPointExtension><gpxtpx:hr>142</gpxtpx:hr></gpxtpx:TrackPointExtension></extensions>
    </trkpt>
    <trkpt lat="37.566770" lon="127.000709">
      <ele>32.0</ele>
      <time>2026-07-20T19:20:17.000Z</time>
      <extensions><gpxtpx:TrackPointExtension><gpxtpx:hr>141</gpxtpx:hr></gpxtpx:TrackPointExtension></extensions>
    </trkpt>
    <trkpt lat="37.566759" lon="127.000717">
      <ele>32.0</ele>
      <time>2026-07-20T19:20:18.000Z</time>
      <extensions><gpxtpx:TrackPointExtension><gpxtpx:hr>140</gpxtpx:hr></gpxtpx:TrackPointExtension></extensions>
    </trkpt>
    <trkpt lat="37.566770" lon="127.000731">
      <ele>32.0</ele>
      <time>2026-07-20T19:20:19.000Z</time>
      <extensions><gpxtpx:TrackPointExtension><gpxtpx:hr>139</gpxtpx:hr></gpxtpx:TrackPointExtension></extensions>
    </trkpt>
    <trkpt lat="37.566783" lon="127.000736">
      <ele>32.0</ele>
      <time>2026-07-20T19:20:20.000Z</time>
      <extensions><gpxtpx:TrackPointExtension><gpxtpx:hr>139</gpxtpx:hr></gpxtpx:TrackPointExtension></extensions>
    </trkpt>
    <trkpt lat="37.566780" lon="127.000733">
      <ele>32.0</ele>
      <time>2026-07-20T19:20:21.000Z</time>
      <extensions><gpxtpx:TrackPointExtension><gpxtpx:hr>138</gpxtpx:hr></gpxtpx:TrackPointExtension></extensions>
    </trkpt>
    <trkpt lat="37.566801" lon="127.000746">
      <ele>32.0</ele>
      <time>2026-07-20T19:20:22.000Z</time>
      <extensions><gpxtpx:TrackPointExtension><gpxtpx:hr>137</gpxtpx:hr></gpxtpx:TrackPointExtension></extensions>
    </trkpt>
    <trkpt lat="37.566800" lon="127.000759">
      <ele>32.0</ele>
      <time>2026-07-20T19:20:23.000Z</time>
      <extensions><gpxtpx:TrackPointExtension><gpxtpx:hr>137</gpxtpx:hr></gpxtpx:TrackPointExtension></extensions>
    </trkpt>
    <trkpt lat="37.566812" lon="127.000776">
      <ele>32.0</ele>
      <time>2026-07-20T19:20:24.000Z</time>
      <extensions><gpxtpx:TrackPointExtension><gpxtpx:hr>136</gpxtpx:hr></gpxtpx:TrackPointExtension></extensions>
    </trkpt>
    <trkpt lat="37.566818" lon="127.000741">
      <ele>32.0</ele>
      <time>2026-07-20T19:20:25.000Z</time>
      <extensions><gpxtpx:TrackPointExtension><gpxtpx:hr>136</gpxtpx:hr></gpxtpx:TrackPointExtension></extensions>
    </trkpt>
    <trkpt lat="37.566825" lon="127.000719">
      <ele>32.0</ele>
      <time>2026-07-20T19:20:26.000Z</time>
      <extensions><gpxtpx:TrackPointExtension><gpxtpx:hr>136</gpxtpx:hr></gpxtpx:TrackPointExtension></extensions>
    </trkpt>
    <trkpt lat="37.566817" lon="127.000679">
      <ele>32.0</ele>
      <time>2026-07-20T19:20:27.000Z</time>
      <extensions><gpxtpx:TrackPointExtension><gpxtpx:hr>137</gpxtpx:hr></gpxtpx:TrackPointExtension></extensions>
    </trkpt>
    <trkpt lat="37.566823" lon="127.000649">
      <ele>32.0</ele>
      <time>2026-07-20T19:20:28.000Z</time>
      <extensions><gpxtpx:TrackPointExtension><gpxtpx:hr>137</gpxtpx:hr></gpxtpx:TrackPointExtension></extensions>
    </trkpt>
    <trkpt lat="37.566830" lon="127.000606">
      <ele>32.0</ele>
      <time>2026-07-20T19:20:29.000Z</time>
      <extensions><gpxtpx:TrackPointExtension><gpxtpx:hr>137</gpxtpx:hr></gpxtpx:TrackPointExtension></extensions>
    </trkpt>
    <trkpt lat="37.566836" lon="127.000583">
      <ele>32.0</ele>
      <time>2026-07-20T19:20:30.000Z</time>
      <extensions><gpxtpx:TrackPointExtension><gpxtpx:hr>137</gpxtpx:hr></gpxtpx:TrackPointExtension></extensions>
    </trkpt>
    <trkpt lat="37.566835" lon="127.000547">
      <ele>32.0</ele>
      <time>2026-07-20T19:20:31.000Z</time>
      <extensions><gpxtpx:TrackPointExtension><gpxtpx:hr>138</gpxtpx:hr></gpxtpx:TrackPointExtension></extensions>
    </trkpt>
    <trkpt lat="37.566834" lon="127.000503">
      <ele>32.0</ele>
      <time>2026-07-20T19:20:32.000Z</time>
      <extensions><gpxtpx:TrackPointExtension><gpxtpx:hr>138</gpxtpx:hr></gpxtpx:TrackPointExtension></extensions>
    </trkpt>
    <trkpt lat="37.566847" lon="127.000482">
      <ele>32.0</ele>
      <time>2026-07-20T19:20:33.000Z</time>
      <extensions><gpxtpx:TrackPointExtension><gpxtpx:hr>138</gpxtpx:hr></gpxtpx:TrackPointExtension></extensions>
    </trkpt>
    <trkpt lat="37.566831" lon="127.000504">
      <ele>32.0</ele>
      <time>2026-07-20T19:20:34.000Z</time>
      <extensions><gpxtpx:TrackPointExtension><gpxtpx:hr>138</gpxtpx:hr></gpxtpx:TrackPointExtension></extensions>
    </trkpt>
    <trkpt lat="37.566830" lon="127.000521">
      <ele>32.0</ele>
      <time>2026-07-20T19:20:35.000Z</time>
      <extensions><gpxtpx:TrackPointExtension><gpxtpx:hr>138</gpxtpx:hr></gpxtpx:TrackPointExtension></extensions>
    </trkpt>
    <trkpt lat="37.566811" lon="127.000536">
      <ele>32.0</ele>
      <time>2026-07-20T19:20:36.000Z</time>
      <extensions><gpxtpx:TrackPointExtension><gpxtpx:hr>137</gpxtpx:hr></gpxtpx:TrackPointExtension></extensions>
    </trkpt>
    <trkpt lat="37.566811" lon="127.000558">
      <ele>32.0</ele>
      <time>2026-07-20T19:20:37.000Z</time>
      <extensions><gpxtpx:TrackPointExtension><gpxtpx:hr>137</gpxtpx:hr></gpxtpx:TrackPointExtension></extensions>
    </trkpt>
    <trkpt lat="37.566808" lon="127.000584">
      <ele>32.0</ele>
      <time>2026-07-20T19:20:38.000Z</time>
      <extensions><gpxtpx:TrackPointExtension><gpxtpx:hr>137</gpxtpx:hr></gpxtpx:TrackPointExtension></extensions>
    </trkpt>
    <trkpt lat="37.566827" lon="127.000540">
      <ele>32.0</ele>
      <time>2026-07-20T19:20:39.000Z</time>
      <extensions><gpxtpx:TrackPointExtension><gpxtpx:hr>138</gpxtpx:hr></gpxtpx:TrackPointExtension></extensions>
    </trkpt>
    <trkpt lat="37.566857" lon="127.000488">
      <ele>32.0</ele>
      <time>2026-07-20T19:20:40.000Z</time>
      <extensions><gpxtpx:TrackPointExtension><gpxtpx:hr>139</gpxtpx:hr></gpxtpx:TrackPointExtension></extensions>
    </trkpt>
    <trkpt lat="37.566880" lon="127.000448">
      <ele>32.0</ele>
      <time>2026-07-20T19:20:41.000Z</time>
      <extensions><gpxtpx:TrackPointExtension><gpxtpx:hr>140</gpxtpx:hr></gpxtpx:TrackPointExtension></extensions>
    </trkpt>
    <trkpt lat="37.566905" lon="127.000389">
      <ele>32.0</ele>
      <time>2026-07-20T19:20:42.000Z</time>
      <extensions><gpxtpx:TrackPointExtension><gpxtpx:hr>141</gpxtpx:hr></gpxtpx:TrackPointExtension></extensions>
    </trkpt>
    <trkpt lat="37.566937" lon="127.000350">
      <ele>32.0</ele>
      <time>2026-07-20T19:20:43.000Z</time>
      <extensions><gpxtpx:TrackPointExtension><gpxtpx:hr>142</gpxtpx:hr></gpxtpx:TrackPointExtension></extensions>
    </trkpt>
    <trkpt lat="37.566964" lon="127.000297">
      <ele>32.0</ele>
      <time>2026-07-20T19:20:44.000Z</time>
      <extensions><gpxtpx:TrackPointExtension><gpxtpx:hr>143</gpxtpx:hr></gpxtpx:TrackPointExtension></extensions>
    </trkpt>
    <trkpt lat="37.566987" lon="127.000238">
      <ele>32.0</ele>
      <time>2026-07-20T19:20:45.000Z</time>
      <extensions><gpxtpx:TrackPointExtension><gpxtpx:hr>144</gpxtpx:hr></gpxtpx:TrackPointExtension></extensions>
    </trkpt>
    <trkpt lat="37.566986" lon="127.000291">
      <ele>32.0</ele>
      <time>2026-07-20T19:20:46.000Z</time>
      <extensions><gpxtpx:TrackPointExtension><gpxtpx:hr>145</gpxtpx:hr></gpxtpx:TrackPointExtension></extensions>
    </trkpt>
    <trkpt lat="37.566977" lon="127.000342">
      <ele>32.0</ele>
      <time>2026-07-20T19:20:47.000Z</time>
      <extensions><gpxtpx:TrackPointExtension><gpxtpx:hr>145</gpxtpx:hr></gpxtpx:TrackPointExtension></extensions>
    </trkpt>
    <trkpt lat="37.566970" lon="127.000384">
      <ele>32.0</ele>
      <time>2026-07-20T19:20:48.000Z</time>
      <extensions><gpxtpx:TrackPointExtension><gpxtpx:hr>145</gpxtpx:hr></gpxtpx:TrackPointExtension></extensions>
    </trkpt>
    <trkpt lat="37.566977" lon="127.000427">
      <ele>32.0</ele>
      <time>2026-07-20T19:20:49.000Z</time>
      <extensions><gpxtpx:TrackPointExtension><gpxtpx:hr>145</gpxtpx:hr></gpxtpx:TrackPointExtension></extensions>
    </trkpt>
    <trkpt lat="37.566967" lon="127.000469">
      <ele>32.0</ele>
      <time>2026-07-20T19:20:50.000Z</time>
      <extensions><gpxtpx:TrackPointExtension><gpxtpx:hr>145</gpxtpx:hr></gpxtpx:TrackPointExtension></extensions>
    </trkpt>
    <trkpt lat="37.566956" lon="127.000495">
      <ele>32.0</ele>
      <time>2026-07-20T19:20:51.000Z</time>
      <extensions><gpxtpx:TrackPointExtension><gpxtpx:hr>145</gpxtpx:hr></gpxtpx:TrackPointExtension></extensions>
    </trkpt>
    <trkpt lat="37.566956" lon="127.000543">
      <ele>32.0</ele>
      <time>2026-07-20T19:20:52.000Z</time>
      <extensions><gpxtpx:TrackPointExtension><gpxtpx:hr>145</gpxtpx:hr></gpxtpx:TrackPointExtension></extensions>
    </trkpt>
    <trkpt lat="37.566954" lon="127.000568">
      <ele>32.0</ele>
      <time>2026-07-20T19:20:53.000Z</time>
      <extensions><gpxtpx:TrackPointExtension><gpxtpx:hr>145</gpxtpx:hr></gpxtpx:TrackPointExtension></extensions>
    </trkpt>
    <trkpt lat="37.566951" lon="127.000608">
      <ele>32.0</ele>
      <time>2026-07-20T19:20:54.000Z</time>
      <extensions><gpxtpx:TrackPointExtension><gpxtpx:hr>145</gpxtpx:hr></gpxtpx:TrackPointExtension></extensions>
    </trkpt>
    <trkpt lat="37.566931" lon="127.000625">
      <ele>32.0</ele>
      <time>2026-07-20T19:20:55.000Z</time>
      <extensions><gpxtpx:TrackPointExtension><gpxtpx:hr>145</gpxtpx:hr></gpxtpx:TrackPointExtension></extensions>
    </trkpt>
    <trkpt lat="37.566912" lon="127.000641">
      <ele>32.0</ele>
      <time>2026-07-20T19:20:56.000Z</time>
      <extensions><gpxtpx:TrackPointExtension><gpxtpx:hr>144</gpxtpx:hr></gpxtpx:TrackPointExtension></extensions>
    </trkpt>
    <trkpt lat="37.566904" lon="127.000656">
      <ele>32.0</ele>
      <time>2026-07-20T19:20:57.000Z</time>
      <extensions><gpxtpx:TrackPointExtension><gpxtpx:hr>144</gpxtpx:hr></gpxtpx:TrackPointExtension></extensions>
    </trkpt>
    <trkpt lat="37.566887" lon="127.000672">
      <ele>32.0</ele>
      <time>2026-07-20T19:20:58.000Z</time>
      <extensions><gpxtpx:TrackPointExtension><gpxtpx:hr>143</gpxtpx:hr></gpxtpx:TrackPointExtension></extensions>
    </trkpt>
    <trkpt lat="37.566878" lon="127.000672">
      <ele>32.0</ele>
      <time>2026-07-20T19:20:59.000Z</time>
      <extensions><gpxtpx:TrackPointExtension><gpxtpx:hr>142</gpxtpx:hr></gpxtpx:TrackPointExtension></extensions>
    </trkpt>
    <trkpt lat="37.566852" lon="127.000693">
      <ele>32.0</ele>
      <time>2026-07-20T19:21:00.000Z</time>
      <extensions><gpxtpx:TrackPointExtension><gpxtpx:hr>142</gpxtpx:hr></gpxtpx:TrackPointExtension></extensions>
    </trkpt>
    <trkpt lat="37.566852" lon="127.000699">
      <ele>32.0</ele>
      <time>2026-07-20T19:21:01.000Z</time>
      <extensions><gpxtpx:TrackPointExtension><gpxtpx:hr>141</gpxtpx:hr></gpxtpx:TrackPointExtension></extensions>
    </trkpt>
    <trkpt lat="37.566847" lon="127.000690">
      <ele>32.0</ele>
      <time>2026-07-20T19:21:02.000Z</time>
      <extensions><gpxtpx:TrackPointExtension><gpxtpx:hr>140</gpxtpx:hr></gpxtpx:TrackPointExtension></extensions>
    </trkpt>
    <trkpt lat="37.566840" lon="127.000718">
      <ele>32.0</ele>
      <time>2026-07-20T19:21:03.000Z</time>
      <extensions><gpxtpx:TrackPointExtension><gpxtpx:hr>140</gpxtpx:hr></gpxtpx:TrackPointExtension></extensions>
    </trkpt>
    <trkpt lat="37.566824" lon="127.000731">
      <ele>32.0</ele>
      <time>2026-07-20T19:21:04.000Z</time>
      <extensions><gpxtpx:TrackPointExtension><gpxtpx:hr>140</gpxtpx:hr></gpxtpx:TrackPointExtension></extensions>
    </trkpt>
    <trkpt lat="37.566797" lon="127.000763">
      <ele>32.0</ele>
      <time>2026-07-20T19:21:05.000Z</time>
      <extensions><gpxtpx:TrackPointExtension><gpxtpx:hr>140</gpxtpx:hr></gpxtpx:TrackPointExtension></extensions>
    </trkpt>
    <trkpt lat="37.566785" lon="127.000791">
      <ele>32.0</ele>
      <time>2026-07-20T19:21:06.000Z</time>
      <extensions><gpxtpx:TrackPointExtension><gpxtpx:hr>140</gpxtpx:hr></gpxtpx:TrackPointExtension></extensions>
    </trkpt>
    <trkpt lat="37.566770" lon="127.000809">
      <ele>32.0</ele>
      <time>2026-07-20T19:21:07.000Z</time>
      <extensions><gpxtpx:TrackPointExtension><gpxtpx:hr>140</gpxtpx:hr></gpxtpx:TrackPointExtension></extensions>
    </trkpt>
    <trkpt lat="37.566753" lon="127.000840">
      <ele>32.0</ele>
      <time>2026-07-20T19:21:08.000Z</time>
      <extensions><gpxtpx:TrackPointExtension><gpxtpx:hr>140</gpxtpx:hr></gpxtpx:TrackPointExtension></extensions>
    </trkpt>
    <trkpt lat="37.566730" lon="127.000860">
      <ele>32.0</ele>
      <time>2026-07-20T19:21:09.000Z</time>
      <extensions><gpxtpx:TrackPointExtension><gpxtpx:hr>140</gpxtpx:hr></gpxtpx:TrackPointExtension></extensions>
    </trkpt>
    <trkpt lat="37.566715" lon="127.000884">
      <ele>32.0</ele>
      <time>2026-07-20T19:21:10.000Z</time>
      <extensions><gpxtpx:TrackPointExtension><gpxtpx:hr>140</gpxtpx:hr></gpxtpx:TrackPointExtension></extensions>
    </trkpt>
    <trkpt lat="37.566691" lon="127.000916">
      <ele>32.0</ele>
      <time>2026-07-20T19:21:11.000Z</time>
      <extensions><gpxtpx:TrackPointExtension><gpxtpx:hr>140</gpxtpx:hr></gpxtpx:TrackPointExtension></extensions>
    </trkpt>
    <trkpt lat="37.566676" lon="127.000944">
      <ele>32.0</ele>
      <time>2026-07-20T19:21:12.000Z</time>
      <extensions><gpxtpx:TrackPointExtension><gpxtpx:hr>141</gpxtpx:hr></gpxtpx:TrackPointExtension></extensions>
    </trkpt>
    <trkpt lat="37.566652" lon="127.000927">
      <ele>32.0</ele>
      <time>2026-07-20T19:21:13.000Z</time>
      <extensions><gpxtpx:TrackPointExtension><gpxtpx:hr>140</gpxtpx:hr></gpxtpx:TrackPointExtension></extensions>
    </trkpt>
    <trkpt lat="37.566635" lon="127.000922">
      <ele>32.0</ele>
      <time>2026-07-20T19:21:14.000Z</time>
      <extensions><gpxtpx:TrackPointExtension><gpxtpx:hr>140</gpxtpx:hr></gpxtpx:TrackPointExtension></extensions>
    </trkpt>
    <trkpt lat="37.566610" lon="127.000906">
      <ele>32.0</ele>
      <time>2026-07-20T19:21:15.000Z</time>
      <extensions><gpxtpx:TrackPointExtension><gpxtpx:hr>140</gpxtpx:hr></gpxtpx:TrackPointExtension></extensions>
    </trkpt>
    <trkpt lat="37.566597" lon="127.000907">
      <ele>32.0</ele>
      <time>2026-07-20T19:21:16.000Z</time>
      <extensions><gpxtpx:TrackPointExtension><gpxtpx:hr>139</gpxtpx:hr></gpxtpx:TrackPointExtension></extensions>
    </trkpt>
    <trkpt lat="37.566593" lon="127.000896">
      <ele>32.0</ele>
      <time>2026-07-20T19:21:17.000Z</time>
      <extensions><gpxtpx:TrackPointExtension><gpxtpx:hr>139</gpxtpx:hr></gpxtpx:TrackPointExtension></extensions>
    </trkpt>
    <trkpt lat="37.566578" lon="127.000883">
      <ele>32.0</ele>
      <time>2026-07-20T19:21:18.000Z</time>
      <extensions><gpxtpx:TrackPointExtension><gpxtpx:hr>138</gpxtpx:hr></gpxtpx:TrackPointExtension></extensions>
    </trkpt>
    <trkpt lat="37.566563" lon="127.000870">
      <ele>32.0</ele>
      <time>2026-07-20T19:21:19.000Z</time>
      <extensions><gpxtpx:TrackPointExtension><gpxtpx:hr>138</gpxtpx:hr></gpxtpx:TrackPointExtension></extensions>
    </trkpt>
    <trkpt lat="37.566579" lon="127.000916">
      <ele>32.0</ele>
      <time>2026-07-20T19:21:20.000Z</time>
      <extensions><gpxtpx:TrackPointExtension><gpxtpx:hr>138</gpxtpx:hr></gpxtpx:TrackPointExtension></extensions>
    </trkpt>
    <trkpt lat="37.566604" lon="127.000957">
      <ele>32.0</ele>
      <time>2026-07-20T19:21:21.000Z</time>
      <extensions><gpxtpx:TrackPointExtension><gpxtpx:hr>139</gpxtpx:hr></gpxtpx:TrackPointExtension></extensions>
    </trkpt>
    <trkpt lat="37.566619" lon="127.001009">
      <ele>32.0</ele>
      <time>2026-07-20T19:21:22.000Z</time>
      <extensions><gpxtpx:TrackPointExtension><gpxtpx:hr>140</gpxtpx:hr></gpxtpx:TrackPointExtension></extensions>
    </trkpt>
    <trkpt lat="37.566627" lon="127.000968">
      <ele>32.0</ele>
      <time>2026-07-20T19:21:23.000Z</time>
      <extensions><gpxtpx:TrackPointExtension><gpxtpx:hr>141</gpxtpx:hr></gpxtpx:TrackPointExtension></extensions>
    </trkpt>
    <trkpt lat="37.566632" lon="127.000916">
      <ele>32.0</ele>
      <time>2026-07-20T19:21:24.000Z</time>
      <extensions><gpxtpx:TrackPointExtension><gpxtpx:hr>141</gpxtpx:hr></gpxtpx:TrackPointExtension></extensions>
    </trkpt>
    <trkpt lat="37.566647" lon="127.000873">
      <ele>32.0</ele>
      <time>2026-07-20T19:21:25.000Z</time>
      <extensions><gpxtpx:TrackPointExtension><gpxtpx:hr>142</gpxtpx:hr></gpxtpx:TrackPointExtension></extensions>
    </trkpt>
    <trkpt lat="37.566647" lon="127.000842">
      <ele>32.0</ele>
      <time>2026-07-20T19:21:26.000Z</time>
      <extensions><gpxtpx:TrackPointExtension><gpxtpx:hr>142</gpxtpx:hr></gpxtpx:TrackPointExtension></extensions>
    </trkpt>
    <trkpt lat="37.566657" lon="127.000796">
      <ele>32.0</ele>
      <time>2026-07-20T19:21:27.000Z</time>
      <extensions><gpxtpx:TrackPointExtension><gpxtpx:hr>142</gpxtpx:hr></gpxtpx:TrackPointExtension></extensions>
    </trkpt>
    <trkpt lat="37.566664" lon="127.000762">
      <ele>32.0</ele>
      <time>2026-07-20T19:21:28.000Z</time>
      <extensions><gpxtpx:TrackPointExtension><gpxtpx:hr>142</gpxtpx:hr></gpxtpx:TrackPointExtension></extensions>
    </trkpt>
    <trkpt lat="37.566671" lon="127.000724">
      <ele>32.0</ele>
      <time>2026-07-20T19:21:29.000Z</time>
      <extensions><gpxtpx:TrackPointExtension><gpxtpx:hr>142</gpxtpx:hr></gpxtpx:TrackPointExtension></extensions>
    </trkpt>
    <trkpt lat="37.566684" lon="127.000692">
      <ele>32.0</ele>
      <time>2026-07-20T19:21:30.000Z</time>
      <extensions><gpxtpx:TrackPointExtension><gpxtpx:hr>143</gpxtpx:hr></gpxtpx:TrackPointExtension></extensions>
    </trkpt>
    <trkpt lat="37.566689" lon="127.000652">
      <ele>32.0</ele>
      <time>2026-07-20T19:21:31.000Z</time>
      <extensions><gpxtpx:TrackPointExtension><gpxtpx:hr>143</gpxtpx:hr></gpxtpx:TrackPointExtension></extensions>
    </trkpt>
    <trkpt lat="37.566695" lon="127.000606">
      <ele>32.0</ele>
      <time>2026-07-20T19:21:32.000Z</time>
      <extensions><gpxtpx:TrackPointExtension><gpxtpx:hr>143</gpxtpx:hr></gpxtpx:TrackPointExtension></extensions>
    </trkpt>
    <trkpt lat="37.566702" lon="127.000567">
      <ele>32.0</ele>
      <time>2026-07-20T19:21:33.000Z</time>
      <extensions><gpxtpx:TrackPointExtension><gpxtpx:hr>143</gpxtpx:hr></gpxtpx:TrackPointExtension></extensions>
    </trkpt>
    <trkpt lat="37.566689" lon="127.000598">
      <ele>32.0</ele>
      <time>2026-07-20T19:21:34.000Z</time>
      <extensions><gpxtpx:TrackPointExtension><gpxtpx:hr>142</gpxtpx:hr></gpxtpx:TrackPointExtension></extensions>
    </trkpt>
    <trkpt lat="37.566682" lon="127.000617">
      <ele>32.0</ele>
      <time>2026-07-20T19:21:35.000Z</time>
      <extensions><gpxtpx:TrackPointExtension><gpxtpx:hr>142</gpxtpx:hr></gpxtpx:TrackPointExtension></extensions>
    </trkpt>
    <trkpt lat="37.566678" lon="127.000640">
      <ele>32.0</ele>
      <time>2026-07-20T19:21:36.000Z</time>
      <extensions><gpxtpx:TrackPointExtension><gpxtpx:hr>141</gpxtpx:hr></gpxtpx:TrackPointExtension></extensions>
    </trkpt>
    <trkpt lat="37.566665" lon="127.000646">
      <ele>32.0</ele>
      <time>2026-07-20T19:21:37.000Z</time>
      <extensions><gpxtpx:TrackPointExtension><gpxtpx:hr>141</gpxtpx:hr></gpxtpx:TrackPointExtension></extensions>
    </trkpt>
    <trkpt lat="37.566661" lon="127.000668">
      <ele>32.0</ele>
      <time>2026-07-20T19:21:38.000Z</time>
      <extensions><gpxtpx:TrackPointExtension><gpxtpx:hr>140</gpxtpx:hr></gpxtpx:TrackPointExtension></extensions>
    </trkpt>
    <trkpt lat="37.566653" lon="127.000695">
      <ele>32.0</ele>
      <time>2026-07-20T19:21:39.000Z</time>
      <extensions><gpxtpx:TrackPointExtension><gpxtpx:hr>140</gpxtpx:hr></gpxtpx:TrackPointExtension></extensions>
    </trkpt>
    <trkpt lat="37.566672" lon="127.000691">
      <ele>32.0</ele>
      <time>2026-07-20T19:21:40.000Z</time>
      <extensions><gpxtpx:TrackPointExtension><gpxtpx:hr>140</gpxtpx:hr></gpxtpx:TrackPointExtension></extensions>
    </trkpt>
    <trkpt lat="37.566704" lon="127.000710">
      <ele>32.0</ele>
      <time>2026-07-20T19:21:41.000Z</time>
      <extensions><gpxtpx:TrackPointExtension><gpxtpx:hr>140</gpxtpx:hr></gpxtpx:TrackPointExtension></extensions>
    </trkpt>
    <trkpt lat="37.566733" lon="127.000713">
      <ele>32.0</ele>
      <time>2026-07-20T19:21:42.000Z</time>
      <extensions><gpxtpx:TrackPointExtension><gpxtpx:hr>140</gpxtpx:hr></gpxtpx:TrackPointExtension></extensions>
    </trkpt>
    <trkpt lat="37.566755" lon="127.000733">
      <ele>32.0</ele>
      <time>2026-07-20T19:21:43.000Z</time>
      <extensions><gpxtpx:TrackPointExtension><gpxtpx:hr>140</gpxtpx:hr></gpxtpx:TrackPointExtension></extensions>
    </trkpt>
    <trkpt lat="37.566722" lon="127.000716">
      <ele>32.0</ele>
      <time>2026-07-20T19:21:44.000Z</time>
      <extensions><gpxtpx:TrackPointExtension><gpxtpx:hr>140</gpxtpx:hr></gpxtpx:TrackPointExtension></extensions>
    </trkpt>
    <trkpt lat="37.566755" lon="127.000740">
      <ele>32.0</ele>
      <time>2026-07-20T19:21:45.000Z</time>
      <extensions><gpxtpx:TrackPointExtension><gpxtpx:hr>141</gpxtpx:hr></gpxtpx:TrackPointExtension></extensions>
    </trkpt>
    <trkpt lat="37.566730" lon="127.000714">
      <ele>32.0</ele>
      <time>2026-07-20T19:21:46.000Z</time>
      <extensions><gpxtpx:TrackPointExtension><gpxtpx:hr>141</gpxtpx:hr></gpxtpx:TrackPointExtension></extensions>
    </trkpt>
    <trkpt lat="37.566730" lon="127.000667">
      <ele>32.0</ele>
      <time>2026-07-20T19:21:47.000Z</time>
      <extensions><gpxtpx:TrackPointExtension><gpxtpx:hr>141</gpxtpx:hr></gpxtpx:TrackPointExtension></extensions>
    </trkpt>
    <trkpt lat="37.566731" lon="127.000616">
      <ele>32.0</ele>
      <time>2026-07-20T19:21:48.000Z</time>
      <extensions><gpxtpx:TrackPointExtension><gpxtpx:hr>142</gpxtpx:hr></gpxtpx:TrackPointExtension></extensions>
    </trkpt>
    <trkpt lat="37.566744" lon="127.000564">
      <ele>32.0</ele>
      <time>2026-07-20T19:21:49.000Z</time>
      <extensions><gpxtpx:TrackPointExtension><gpxtpx:hr>143</gpxtpx:hr></gpxtpx:TrackPointExtension></extensions>
    </trkpt>
    <trkpt lat="37.566741" lon="127.000497">
      <ele>32.0</ele>
      <time>2026-07-20T19:21:50.000Z</time>
      <extensions><gpxtpx:TrackPointExtension><gpxtpx:hr>144</gpxtpx:hr></gpxtpx:TrackPointExtension></extensions>
    </trkpt>
    <trkpt lat="37.566750" lon="127.000456">
      <ele>32.0</ele>
      <time>2026-07-20T19:21:51.000Z</time>
      <extensions><gpxtpx:TrackPointExtension><gpxtpx:hr>145</gpxtpx:hr></gpxtpx:TrackPointExtension></extensions>
    </trkpt>
    <trkpt lat="37.566745" lon="127.000384">
      <ele>32.0</ele>
      <time>2026-07-20T19:21:52.000Z</time>
      <extensions><gpxtpx:TrackPointExtension><gpxtpx:hr>145</gpxtpx:hr></gpxtpx:TrackPointExtension></extensions>
    </trkpt>
    <trkpt lat="37.566756" lon="127.000441">
      <ele>32.0</ele>
      <time>2026-07-20T19:21:53.000Z</time>
      <extensions><gpxtpx:TrackPointExtension><gpxtpx:hr>146</gpxtpx:hr></gpxtpx:TrackPointExtension></extensions>
    </trkpt>
    <trkpt lat="37.566758" lon="127.000483">
      <ele>32.0</ele>
      <time>2026-07-20T19:21:54.000Z</time>
      <extensions><gpxtpx:TrackPointExtension><gpxtpx:hr>146</gpxtpx:hr></gpxtpx:TrackPointExtension></extensions>
    </trkpt>
    <trkpt lat="37.566760" lon="127.000513">
      <ele>32.0</ele>
      <time>2026-07-20T19:21:55.000Z</time>
      <extensions><gpxtpx:TrackPointExtension><gpxtpx:hr>146</gpxtpx:hr></gpxtpx:TrackPointExtension></extensions>
    </trkpt>
    <trkpt lat="37.566765" lon="127.000558">
      <ele>32.0</ele>
      <time>2026-07-20T19:21:56.000Z</time>
      <extensions><gpxtpx:TrackPointExtension><gpxtpx:hr>146</gpxtpx:hr></gpxtpx:TrackPointExtension></extensions>
    </trkpt>
    <trkpt lat="37.566777" lon="127.000602">
      <ele>32.0</ele>
      <time>2026-07-20T19:21:57.000Z</time>
      <extensions><gpxtpx:TrackPointExtension><gpxtpx:hr>146</gpxtpx:hr></gpxtpx:TrackPointExtension></extensions>
    </trkpt>
    <trkpt lat="37.566780" lon="127.000631">
      <ele>32.0</ele>
      <time>2026-07-20T19:21:58.000Z</time>
      <extensions><gpxtpx:TrackPointExtension><gpxtpx:hr>146</gpxtpx:hr></gpxtpx:TrackPointExtension></extensions>
    </trkpt>
    <trkpt lat="37.566784" lon="127.000664">
      <ele>32.0</ele>
      <time>2026-07-20T19:21:59.000Z</time>
      <extensions><gpxtpx:TrackPointExtension><gpxtpx:hr>146</gpxtpx:hr></gpxtpx:TrackPointExtension></extensions>
    </trkpt>
    <trkpt lat="37.566783" lon="127.000695">
      <ele>32.0</ele>
      <time>2026-07-20T19:22:00.000Z</time>
      <extensions><gpxtpx:TrackPointExtension><gpxtpx:hr>145</gpxtpx:hr></gpxtpx:TrackPointExtension></extensions>
    </trkpt>
    <trkpt lat="37.566791" lon="127.000735">
      <ele>32.0</ele>
      <time>2026-07-20T19:22:01.000Z</time>
      <extensions><gpxtpx:TrackPointExtension><gpxtpx:hr>145</gpxtpx:hr></gpxtpx:TrackPointExtension></extensions>
    </trkpt>
    <trkpt lat="37.566800" lon="127.000765">
      <ele>32.0</ele>
      <time>2026-07-20T19:22:02.000Z</time>
      <extensions><gpxtpx:TrackPointExtension><gpxtpx:hr>145</gpxtpx:hr></gpxtpx:TrackPointExtension></extensions>
    </trkpt>
    <trkpt lat="37.566806" lon="127.000793">
      <ele>32.0</ele>
      <time>2026-07-20T19:22:03.000Z</time>
      <extensions><gpxtpx:TrackPointExtension><gpxtpx:hr>145</gpxtpx:hr></gpxtpx:TrackPointExtension></extensions>
    </trkpt>
    <trkpt lat="37.566810" lon="127.000837">
      <ele>32.0</ele>
      <time>2026-07-20T19:22:04.000Z</time>
      <extensions><gpxtpx:TrackPointExtension><gpxtpx:hr>145</gpxtpx:hr></gpxtpx:TrackPointExtension></extensions>
    </trkpt>
    <trkpt lat="37.566796" lon="127.000846">
      <ele>32.0</ele>
      <time>2026-07-20T19:22:05.000Z</time>
      <extensions><gpxtpx:TrackPointExtension><gpxtpx:hr>144</gpxtpx:hr></gpxtpx:TrackPointExtension></extensions>
    </trkpt>
    <trkpt lat="37.566783" lon="127.000864">
      <ele>32.0</ele>
      <time>2026-07-20T19:22:06.000Z</time>
      <extensions><gpxtpx:TrackPointExtension><gpxtpx:hr>143</gpxtpx:hr></gpxtpx:TrackPointExtension></extensions>
    </trkpt>
    <trkpt lat="37.566763" lon="127.000881">
      <ele>32.0</ele>
      <time>2026-07-20T19:22:07.000Z</time>
      <extensions><gpxtpx:TrackPointExtension><gpxtpx:hr>143</gpxtpx:hr></gpxtpx:TrackPointExtension></extensions>
    </trkpt>
    <trkpt lat="37.566750" lon="127.000888">
      <ele>32.0</ele>
      <time>2026-07-20T19:22:08.000Z</time>
      <extensions><gpxtpx:TrackPointExtension><gpxtpx:hr>142</gpxtpx:hr></gpxtpx:TrackPointExtension></extensions>
    </trkpt>
    <trkpt lat="37.566731" lon="127.000898">
      <ele>32.0</ele>
      <time>2026-07-20T19:22:09.000Z</time>
      <extensions><gpxtpx:TrackPointExtension><gpxtpx:hr>142</gpxtpx:hr></gpxtpx:TrackPointExtension></extensions>
    </trkpt>
    <trkpt lat="37.566717" lon="127.000908">
      <ele>32.0</ele>
      <time>2026-07-20T19:22:10.000Z</time>
      <extensions><gpxtpx:TrackPointExtension><gpxtpx:hr>141</gpxtpx:hr></gpxtpx:TrackPointExtension></extensions>
    </trkpt>
    <trkpt lat="37.566703" lon="127.000931">
      <ele>32.0</ele>
      <time>2026-07-20T19:22:11.000Z</time>
      <extensions><gpxtpx:TrackPointExtension><gpxtpx:hr>141</gpxtpx:hr></gpxtpx:TrackPointExtension></extensions>
    </trkpt>
    <trkpt lat="37.566696" lon="127.000934">
      <ele>32.0</ele>
      <time>2026-07-20T19:22:12.000Z</time>
      <extensions><gpxtpx:TrackPointExtension><gpxtpx:hr>140</gpxtpx:hr></gpxtpx:TrackPointExtension></extensions>
    </trkpt>
    <trkpt lat="37.566678" lon="127.000956">
      <ele>32.0</ele>
      <time>2026-07-20T19:22:13.000Z</time>
      <extensions><gpxtpx:TrackPointExtension><gpxtpx:hr>140</gpxtpx:hr></gpxtpx:TrackPointExtension></extensions>
    </trkpt>
    <trkpt lat="37.566672" lon="127.000957">
      <ele>32.0</ele>
      <time>2026-07-20T19:22:14.000Z</time>
      <extensions><gpxtpx:TrackPointExtension><gpxtpx:hr>139</gpxtpx:hr></gpxtpx:TrackPointExtension></extensions>
    </trkpt>
    <trkpt lat="37.566682" lon="127.000949">
      <ele>32.0</ele>
      <time>2026-07-20T19:22:15.000Z</time>
      <extensions><gpxtpx:TrackPointExtension><gpxtpx:hr>139</gpxtpx:hr></gpxtpx:TrackPointExtension></extensions>
    </trkpt>
    <trkpt lat="37.566689" lon="127.000929">
      <ele>32.0</ele>
      <time>2026-07-20T19:22:16.000Z</time>
      <extensions><gpxtpx:TrackPointExtension><gpxtpx:hr>138</gpxtpx:hr></gpxtpx:TrackPointExtension></extensions>
    </trkpt>
    <trkpt lat="37.566698" lon="127.000914">
      <ele>32.0</ele>
      <time>2026-07-20T19:22:17.000Z</time>
      <extensions><gpxtpx:TrackPointExtension><gpxtpx:hr>138</gpxtpx:hr></gpxtpx:TrackPointExtension></extensions>
    </trkpt>
    <trkpt lat="37.566714" lon="127.000900">
      <ele>32.0</ele>
      <time>2026-07-20T19:22:18.000Z</time>
      <extensions><gpxtpx:TrackPointExtension><gpxtpx:hr>138</gpxtpx:hr></gpxtpx:TrackPointExtension></extensions>
    </trkpt>
    <trkpt lat="37.566718" lon="127.000884">
      <ele>32.0</ele>
      <time>2026-07-20T19:22:19.000Z</time>
      <extensions><gpxtpx:TrackPointExtension><gpxtpx:hr>137</gpxtpx:hr></gpxtpx:TrackPointExtension></extensions>
    </trkpt>
    <trkpt lat="37.566721" lon="127.000859">
      <ele>32.0</ele>
      <time>2026-07-20T19:22:20.000Z</time>
      <extensions><gpxtpx:TrackPointExtension><gpxtpx:hr>137</gpxtpx:hr></gpxtpx:TrackPointExtension></extensions>
    </trkpt>
    <trkpt lat="37.566736" lon="127.000850">
      <ele>32.0</ele>
      <time>2026-07-20T19:22:21.000Z</time>
      <extensions><gpxtpx:TrackPointExtension><gpxtpx:hr>136</gpxtpx:hr></gpxtpx:TrackPointExtension></extensions>
    </trkpt>
    <trkpt lat="37.566745" lon="127.000840">
      <ele>32.0</ele>
      <time>2026-07-20T19:22:22.000Z</time>
      <extensions><gpxtpx:TrackPointExtension><gpxtpx:hr>136</gpxtpx:hr></gpxtpx:TrackPointExtension></extensions>
    </trkpt>
    <trkpt lat="37.566749" lon="127.000811">
      <ele>32.0</ele>
      <time>2026-07-20T19:22:23.000Z</time>
      <extensions><gpxtpx:TrackPointExtension><gpxtpx:hr>136</gpxtpx:hr></gpxtpx:TrackPointExtension></extensions>
    </trkpt>
    <trkpt lat="37.566758" lon="127.000796">
      <ele>32.0</ele>
      <time>2026-07-20T19:22:24.000Z</time>
      <extensions><gpxtpx:TrackPointExtension><gpxtpx:hr>136</gpxtpx:hr></gpxtpx:TrackPointExtension></extensions>
    </trkpt>
    <trkpt lat="37.566766" lon="127.000786">
      <ele>32.0</ele>
      <time>2026-07-20T19:22:25.000Z</time>
      <extensions><gpxtpx:TrackPointExtension><gpxtpx:hr>135</gpxtpx:hr></gpxtpx:TrackPointExtension></extensions>
    </trkpt>
    <trkpt lat="37.566789" lon="127.000809">
      <ele>32.0</ele>
      <time>2026-07-20T19:22:26.000Z</time>
      <extensions><gpxtpx:TrackPointExtension><gpxtpx:hr>135</gpxtpx:hr></gpxtpx:TrackPointExtension></extensions>
    </trkpt>
    <trkpt lat="37.566815" lon="127.000831">
      <ele>32.0</ele>
      <time>2026-07-20T19:22:27.000Z</time>
      <extensions><gpxtpx:TrackPointExtension><gpxtpx:hr>136</gpxtpx:hr></gpxtpx:TrackPointExtension></extensions>
    </trkpt>
    <trkpt lat="37.566778" lon="127.000804">
      <ele>32.0</ele>
      <time>2026-07-20T19:22:28.000Z</time>
      <extensions><gpxtpx:TrackPointExtension><gpxtpx:hr>136</gpxtpx:hr></gpxtpx:TrackPointExtension></extensions>
    </trkpt>
    <trkpt lat="37.566805" lon="127.000832">
      <ele>32.0</ele>
      <time>2026-07-20T19:22:29.000Z</time>
      <extensions><gpxtpx:TrackPointExtension><gpxtpx:hr>137</gpxtpx:hr></gpxtpx:TrackPointExtension></extensions>
    </trkpt>
    <trkpt lat="37.566791" lon="127.000798">
      <ele>32.0</ele>
      <time>2026-07-20T19:22:30.000Z</time>
      <extensions><gpxtpx:TrackPointExtension><gpxtpx:hr>137</gpxtpx:hr></gpxtpx:TrackPointExtension></extensions>
    </trkpt>
    <trkpt lat="37.566788" lon="127.000759">
      <ele>32.0</ele>
      <time>2026-07-20T19:22:31.000Z</time>
      <extensions><gpxtpx:TrackPointExtension><gpxtpx:hr>138</gpxtpx:hr></gpxtpx:TrackPointExtension></extensions>
    </trkpt>
    <trkpt lat="37.566806" lon="127.000699">
      <ele>32.0</ele>
      <time>2026-07-20T19:22:32.000Z</time>
      <extensions><gpxtpx:TrackPointExtension><gpxtpx:hr>139</gpxtpx:hr></gpxtpx:TrackPointExtension></extensions>
    </trkpt>
    <trkpt lat="37.566811" lon="127.000635">
      <ele>32.0</ele>
      <time>2026-07-20T19:22:33.000Z</time>
      <extensions><gpxtpx:TrackPointExtension><gpxtpx:hr>140</gpxtpx:hr></gpxtpx:TrackPointExtension></extensions>
    </trkpt>
    <trkpt lat="37.566818" lon="127.000583">
      <ele>32.0</ele>
      <time>2026-07-20T19:22:34.000Z</time>
      <extensions><gpxtpx:TrackPointExtension><gpxtpx:hr>141</gpxtpx:hr></gpxtpx:TrackPointExtension></extensions>
    </trkpt>
    <trkpt lat="37.566835" lon="127.000512">
      <ele>32.0</ele>
      <time>2026-07-20T19:22:35.000Z</time>
      <extensions><gpxtpx:TrackPointExtension><gpxtpx:hr>142</gpxtpx:hr></gpxtpx:TrackPointExtension></extensions>
    </trkpt>
    <trkpt lat="37.566843" lon="127.000470">
      <ele>32.0</ele>
      <time>2026-07-20T19:22:36.000Z</time>
      <extensions><gpxtpx:TrackPointExtension><gpxtpx:hr>143</gpxtpx:hr></gpxtpx:TrackPointExtension></extensions>
    </trkpt>
    <trkpt lat="37.566808" lon="127.000439">
      <ele>32.0</ele>
      <time>2026-07-20T19:22:37.000Z</time>
      <extensions><gpxtpx:TrackPointExtension><gpxtpx:hr>143</gpxtpx:hr></gpxtpx:TrackPointExtension></extensions>
    </trkpt>
    <trkpt lat="37.566790" lon="127.000408">
      <ele>32.0</ele>
      <time>2026-07-20T19:22:38.000Z</time>
      <extensions><gpxtpx:TrackPointExtension><gpxtpx:hr>144</gpxtpx:hr></gpxtpx:TrackPointExtension></extensions>
    </trkpt>
    <trkpt lat="37.566755" lon="127.000392">
      <ele>32.0</ele>
      <time>2026-07-20T19:22:39.000Z</time>
      <extensions><gpxtpx:TrackPointExtension><gpxtpx:hr>144</gpxtpx:hr></gpxtpx:TrackPointExtension></extensions>
    </trkpt>
    <trkpt lat="37.566737" lon="127.000377">
      <ele>32.0</ele>
      <time>2026-07-20T19:22:40.000Z</time>
      <extensions><gpxtpx:TrackPointExtension><gpxtpx:hr>144</gpxtpx:hr></gpxtpx:TrackPointExtension></extensions>
    </trkpt>
    <trkpt lat="37.566716" lon="127.000348">
      <ele>32.0</ele>
      <time>2026-07-20T19:22:41.000Z</time>
      <extensions><gpxtpx:TrackPointExtension><gpxtpx:hr>144</gpxtpx:hr></gpxtpx:TrackPointExtension></extensions>
    </trkpt>
    <trkpt lat="37.566682" lon="127.000336">
      <ele>32.0</ele>
      <time>2026-07-20T19:22:42.000Z</time>
      <extensions><gpxtpx:TrackPointExtension><gpxtpx:hr>144</gpxtpx:hr></gpxtpx:TrackPointExtension></extensions>
    </trkpt>
    <trkpt lat="37.566671" lon="127.000317">
      <ele>32.0</ele>
      <time>2026-07-20T19:22:43.000Z</time>
      <extensions><gpxtpx:TrackPointExtension><gpxtpx:hr>144</gpxtpx:hr></gpxtpx:TrackPointExtension></extensions>
    </trkpt>
    <trkpt lat="37.566665" lon="127.000348">
      <ele>32.0</ele>
      <time>2026-07-20T19:22:44.000Z</time>
      <extensions><gpxtpx:TrackPointExtension><gpxtpx:hr>143</gpxtpx:hr></gpxtpx:TrackPointExtension></extensions>
    </trkpt>
    <trkpt lat="37.566674" lon="127.000374">
      <ele>32.0</ele>
      <time>2026-07-20T19:22:45.000Z</time>
      <extensions><gpxtpx:TrackPointExtension><gpxtpx:hr>143</gpxtpx:hr></gpxtpx:TrackPointExtension></extensions>
    </trkpt>
    <trkpt lat="37.566676" lon="127.000416">
      <ele>32.0</ele>
      <time>2026-07-20T19:22:46.000Z</time>
      <extensions><gpxtpx:TrackPointExtension><gpxtpx:hr>143</gpxtpx:hr></gpxtpx:TrackPointExtension></extensions>
    </trkpt>
    <trkpt lat="37.566680" lon="127.000451">
      <ele>32.0</ele>
      <time>2026-07-20T19:22:47.000Z</time>
      <extensions><gpxtpx:TrackPointExtension><gpxtpx:hr>143</gpxtpx:hr></gpxtpx:TrackPointExtension></extensions>
    </trkpt>
    <trkpt lat="37.566689" lon="127.000474">
      <ele>32.0</ele>
      <time>2026-07-20T19:22:48.000Z</time>
      <extensions><gpxtpx:TrackPointExtension><gpxtpx:hr>143</gpxtpx:hr></gpxtpx:TrackPointExtension></extensions>
    </trkpt>
    <trkpt lat="37.566675" lon="127.000499">
      <ele>32.0</ele>
      <time>2026-07-20T19:22:49.000Z</time>
      <extensions><gpxtpx:TrackPointExtension><gpxtpx:hr>143</gpxtpx:hr></gpxtpx:TrackPointExtension></extensions>
    </trkpt>
    <trkpt lat="37.566646" lon="127.000517">
      <ele>32.0</ele>
      <time>2026-07-20T19:22:50.000Z</time>
      <extensions><gpxtpx:TrackPointExtension><gpxtpx:hr>143</gpxtpx:hr></gpxtpx:TrackPointExtension></extensions>
    </trkpt>
    <trkpt lat="37.566624" lon="127.000547">
      <ele>32.0</ele>
      <time>2026-07-20T19:22:51.000Z</time>
      <extensions><gpxtpx:TrackPointExtension><gpxtpx:hr>143</gpxtpx:hr></gpxtpx:TrackPointExtension></extensions>
    </trkpt>
    <trkpt lat="37.566651" lon="127.000517">
      <ele>32.0</ele>
      <time>2026-07-20T19:22:52.000Z</time>
      <extensions><gpxtpx:TrackPointExtension><gpxtpx:hr>143</gpxtpx:hr></gpxtpx:TrackPointExtension></extensions>
    </trkpt>
    <trkpt lat="37.566625" lon="127.000540">
      <ele>32.0</ele>
      <time>2026-07-20T19:22:53.000Z</time>
      <extensions><gpxtpx:TrackPointExtension><gpxtpx:hr>143</gpxtpx:hr></gpxtpx:TrackPointExtension></extensions>
    </trkpt>
    <trkpt lat="37.566646" lon="127.000521">
      <ele>32.0</ele>
      <time>2026-07-20T19:22:54.000Z</time>
      <extensions><gpxtpx:TrackPointExtension><gpxtpx:hr>143</gpxtpx:hr></gpxtpx:TrackPointExtension></extensions>
    </trkpt>
    <trkpt lat="37.566627" lon="127.000535">
      <ele>32.0</ele>
      <time>2026-07-20T19:22:55.000Z</time>
      <extensions><gpxtpx:TrackPointExtension><gpxtpx:hr>143</gpxtpx:hr></gpxtpx:TrackPointExtension></extensions>
    </trkpt>
    <trkpt lat="37.566657" lon="127.000563">
      <ele>32.0</ele>
      <time>2026-07-20T19:22:56.000Z</time>
      <extensions><gpxtpx:TrackPointExtension><gpxtpx:hr>143</gpxtpx:hr></gpxtpx:TrackPointExtension></extensions>
    </trkpt>
    <trkpt lat="37.566677" lon="127.000587">
      <ele>32.0</ele>
      <time>2026-07-20T19:22:57.000Z</time>
      <extensions><gpxtpx:TrackPointExtension><gpxtpx:hr>143</gpxtpx:hr></gpxtpx:TrackPointExtension></extensions>
    </trkpt>
    <trkpt lat="37.566707" lon="127.000614">
      <ele>32.0</ele>
      <time>2026-07-20T19:22:58.000Z</time>
      <extensions><gpxtpx:TrackPointExtension><gpxtpx:hr>143</gpxtpx:hr></gpxtpx:TrackPointExtension></extensions>
    </trkpt>
    <trkpt lat="37.566730" lon="127.000635">
      <ele>32.0</ele>
      <time>2026-07-20T19:22:59.000Z</time>
      <extensions><gpxtpx:TrackPointExtension><gpxtpx:hr>143</gpxtpx:hr></gpxtpx:TrackPointExtension></extensions>
    </trkpt>
    <trkpt lat="37.566746" lon="127.000658">
      <ele>32.0</ele>
      <time>2026-07-20T19:23:00.000Z</time>
      <extensions><gpxtpx:TrackPointExtension><gpxtpx:hr>143</gpxtpx:hr></gpxtpx:TrackPointExtension></extensions>
    </trkpt>
    <trkpt lat="37.566770" lon="127.000676">
      <ele>32.0</ele>
      <time>2026-07-20T19:23:01.000Z</time>
      <extensions><gpxtpx:TrackPointExtension><gpxtpx:hr>143</gpxtpx:hr></gpxtpx:TrackPointExtension></extensions>
    </trkpt>
    <trkpt lat="37.566792" lon="127.000700">
      <ele>32.0</ele>
      <time>2026-07-20T19:23:02.000Z</time>
      <extensions><gpxtpx:TrackPointExtension><gpxtpx:hr>143</gpxtpx:hr></gpxtpx:TrackPointExtension></extensions>
    </trkpt>
    <trkpt lat="37.566816" lon="127.000714">
      <ele>32.0</ele>
      <time>2026-07-20T19:23:03.000Z</time>
      <extensions><gpxtpx:TrackPointExtension><gpxtpx:hr>143</gpxtpx:hr></gpxtpx:TrackPointExtension></extensions>
    </trkpt>
    <trkpt lat="37.566788" lon="127.000671">
      <ele>32.0</ele>
      <time>2026-07-20T19:23:04.000Z</time>
      <extensions><gpxtpx:TrackPointExtension><gpxtpx:hr>144</gpxtpx:hr></gpxtpx:TrackPointExtension></extensions>
    </trkpt>
    <trkpt lat="37.566759" lon="127.000626">
      <ele>32.0</ele>
      <time>2026-07-20T19:23:05.000Z</time>
      <extensions><gpxtpx:TrackPointExtension><gpxtpx:hr>145</gpxtpx:hr></gpxtpx:TrackPointExtension></extensions>
    </trkpt>
    <trkpt lat="37.566720" lon="127.000587">
      <ele>32.0</ele>
      <time>2026-07-20T19:23:06.000Z</time>
      <extensions><gpxtpx:TrackPointExtension><gpxtpx:hr>145</gpxtpx:hr></gpxtpx:TrackPointExtension></extensions>
    </trkpt>
    <trkpt lat="37.566693" lon="127.000557">
      <ele>32.0</ele>
      <time>2026-07-20T19:23:07.000Z</time>
      <extensions><gpxtpx:TrackPointExtension><gpxtpx:hr>146</gpxtpx:hr></gpxtpx:TrackPointExtension></extensions>
    </trkpt>
    <trkpt lat="37.566660" lon="127.000506">
      <ele>32.0</ele>
      <time>2026-07-20T19:23:08.000Z</time>
      <extensions><gpxtpx:TrackPointExtension><gpxtpx:hr>147</gpxtpx:hr></gpxtpx:TrackPointExtension></extensions>
    </trkpt>
    <trkpt lat="37.566668" lon="127.000517">
      <ele>32.0</ele>
      <time>2026-07-20T19:23:09.000Z</time>
      <extensions><gpxtpx:TrackPointExtension><gpxtpx:hr>146</gpxtpx:hr></gpxtpx:TrackPointExtension></extensions>
    </trkpt>
    <trkpt lat="37.566674" lon="127.000529">
      <ele>32.0</ele>
      <time>2026-07-20T19:23:10.000Z</time>
      <extensions><gpxtpx:TrackPointExtension><gpxtpx:hr>145</gpxtpx:hr></gpxtpx:TrackPointExtension></extensions>
    </trkpt>
    <trkpt lat="37.566675" lon="127.000532">
      <ele>32.0</ele>
      <time>2026-07-20T19:23:11.000Z</time>
      <extensions><gpxtpx:TrackPointExtension><gpxtpx:hr>143</gpxtpx:hr></gpxtpx:TrackPointExtension></extensions>
    </trkpt>
    <trkpt lat="37.566683" lon="127.000534">
      <ele>32.0</ele>
      <time>2026-07-20T19:23:12.000Z</time>
      <extensions><gpxtpx:TrackPointExtension><gpxtpx:hr>142</gpxtpx:hr></gpxtpx:TrackPointExtension></extensions>
    </trkpt>
    <trkpt lat="37.566680" lon="127.000529">
      <ele>32.0</ele>
      <time>2026-07-20T19:23:13.000Z</time>
      <extensions><gpxtpx:TrackPointExtension><gpxtpx:hr>141</gpxtpx:hr></gpxtpx:TrackPointExtension></extensions>
    </trkpt>
    <trkpt lat="37.566686" lon="127.000537">
      <ele>32.0</ele>
      <time>2026-07-20T19:23:14.000Z</time>
      <extensions><gpxtpx:TrackPointExtension><gpxtpx:hr>140</gpxtpx:hr></gpxtpx:TrackPointExtension></extensions>
    </trkpt>
    <trkpt lat="37.566690" lon="127.000530">
      <ele>32.0</ele>
      <time>2026-07-20T19:23:15.000Z</time>
      <extensions><gpxtpx:TrackPointExtension><gpxtpx:hr>139</gpxtpx:hr></gpxtpx:TrackPointExtension></extensions>
    </trkpt>
    <trkpt lat="37.566698" lon="127.000524">
      <ele>32.0</ele>
      <time>2026-07-20T19:23:16.000Z</time>
      <extensions><gpxtpx:TrackPointExtension><gpxtpx:hr>138</gpxtpx:hr></gpxtpx:TrackPointExtension></extensions>
    </trkpt>
    <trkpt lat="37.566710" lon="127.000514">
      <ele>32.0</ele>
      <time>2026-07-20T19:23:17.000Z</time>
      <extensions><gpxtpx:TrackPointExtension><gpxtpx:hr>138</gpxtpx:hr></gpxtpx:TrackPointExtension></extensions>
    </trkpt>
    <trkpt lat="37.566717" lon="127.000489">
      <ele>32.0</ele>
      <time>2026-07-20T19:23:18.000Z</time>
      <extensions><gpxtpx:TrackPointExtension><gpxtpx:hr>137</gpxtpx:hr></gpxtpx:TrackPointExtension></extensions>
    </trkpt>
    <trkpt lat="37.566724" lon="127.000492">
      <ele>32.0</ele>
      <time>2026-07-20T19:23:19.000Z</time>
      <extensions><gpxtpx:TrackPointExtension><gpxtpx:hr>137</gpxtpx:hr></gpxtpx:TrackPointExtension></extensions>
    </trkpt>
    <trkpt lat="37.566733" lon="127.000465">
      <ele>32.0</ele>
      <time>2026-07-20T19:23:20.000Z</time>
      <extensions><gpxtpx:TrackPointExtension><gpxtpx:hr>136</gpxtpx:hr></gpxtpx:TrackPointExtension></extensions>
    </trkpt>
    <trkpt lat="37.566748" lon="127.000459">
      <ele>32.0</ele>
      <time>2026-07-20T19:23:21.000Z</time>
      <extensions><gpxtpx:TrackPointExtension><gpxtpx:hr>136</gpxtpx:hr></gpxtpx:TrackPointExtension></extensions>
    </trkpt>
    <trkpt lat="37.566749" lon="127.000455">
      <ele>32.0</ele>
      <time>2026-07-20T19:23:22.000Z</time>
      <extensions><gpxtpx:TrackPointExtension><gpxtpx:hr>135</gpxtpx:hr></gpxtpx:TrackPointExtension></extensions>
    </trkpt>
    <trkpt lat="37.566764" lon="127.000435">
      <ele>32.0</ele>
      <time>2026-07-20T19:23:23.000Z</time>
      <extensions><gpxtpx:TrackPointExtension><gpxtpx:hr>135</gpxtpx:hr></gpxtpx:TrackPointExtension></extensions>
    </trkpt>
    <trkpt lat="37.566767" lon="127.000420">
      <ele>32.0</ele>
      <time>2026-07-20T19:23:24.000Z</time>
      <extensions><gpxtpx:TrackPointExtension><gpxtpx:hr>135</gpxtpx:hr></gpxtpx:TrackPointExtension></extensions>
    </trkpt>
    <trkpt lat="37.566781" lon="127.000414">
      <ele>32.0</ele>
      <time>2026-07-20T19:23:25.000Z</time>
      <extensions><gpxtpx:TrackPointExtension><gpxtpx:hr>135</gpxtpx:hr></gpxtpx:TrackPointExtension></extensions>
    </trkpt>
    <trkpt lat="37.566766" lon="127.000446">
      <ele>32.0</ele>
      <time>2026-07-20T19:23:26.000Z</time>
      <extensions><gpxtpx:TrackPointExtension><gpxtpx:hr>135</gpxtpx:hr></gpxtpx:TrackPointExtension></extensions>
    </trkpt>
    <trkpt lat="37.566738" lon="127.000494">
      <ele>32.0</ele>
      <time>2026-07-20T19:23:27.000Z</time>
      <extensions><gpxtpx:TrackPointExtension><gpxtpx:hr>136</gpxtpx:hr></gpxtpx:TrackPointExtension></extensions>
    </trkpt>
    <trkpt lat="37.566759" lon="127.000441">
      <ele>32.0</ele>
      <time>2026-07-20T19:23:28.000Z</time>
      <extensions><gpxtpx:TrackPointExtension><gpxtpx:hr>138</gpxtpx:hr></gpxtpx:TrackPointExtension></extensions>
    </trkpt>
    <trkpt lat="37.566775" lon="127.000442">
      <ele>32.0</ele>
      <time>2026-07-20T19:23:29.000Z</time>
      <extensions><gpxtpx:TrackPointExtension><gpxtpx:hr>137</gpxtpx:hr></gpxtpx:TrackPointExtension></extensions>
    </trkpt>
    <trkpt lat="37.566787" lon="127.000448">
      <ele>32.0</ele>
      <time>2026-07-20T19:23:30.000Z</time>
      <extensions><gpxtpx:TrackPointExtension><gpxtpx:hr>137</gpxtpx:hr></gpxtpx:TrackPointExtension></extensions>
    </trkpt>
    <trkpt lat="37.566784" lon="127.000444">
      <ele>32.0</ele>
      <time>2026-07-20T19:23:31.000Z</time>
      <extensions><gpxtpx:TrackPointExtension><gpxtpx:hr>136</gpxtpx:hr></gpxtpx:TrackPointExtension></extensions>
    </trkpt>
    <trkpt lat="37.566791" lon="127.000456">
      <ele>32.0</ele>
      <time>2026-07-20T19:23:32.000Z</time>
      <extensions><gpxtpx:TrackPointExtension><gpxtpx:hr>135</gpxtpx:hr></gpxtpx:TrackPointExtension></extensions>
    </trkpt>
    <trkpt lat="37.566780" lon="127.000484">
      <ele>32.0</ele>
      <time>2026-07-20T19:23:33.000Z</time>
      <extensions><gpxtpx:TrackPointExtension><gpxtpx:hr>135</gpxtpx:hr></gpxtpx:TrackPointExtension></extensions>
    </trkpt>
    <trkpt lat="37.566770" lon="127.000512">
      <ele>32.0</ele>
      <time>2026-07-20T19:23:34.000Z</time>
      <extensions><gpxtpx:TrackPointExtension><gpxtpx:hr>135</gpxtpx:hr></gpxtpx:TrackPointExtension></extensions>
    </trkpt>
    <trkpt lat="37.566755" lon="127.000541">
      <ele>32.0</ele>
      <time>2026-07-20T19:23:35.000Z</time>
      <extensions><gpxtpx:TrackPointExtension><gpxtpx:hr>136</gpxtpx:hr></gpxtpx:TrackPointExtension></extensions>
    </trkpt>
    <trkpt lat="37.566751" lon="127.000575">
      <ele>32.0</ele>
      <time>2026-07-20T19:23:36.000Z</time>
      <extensions><gpxtpx:TrackPointExtension><gpxtpx:hr>136</gpxtpx:hr></gpxtpx:TrackPointExtension></extensions>
    </trkpt>
    <trkpt lat="37.566742" lon="127.000612">
      <ele>32.0</ele>
      <time>2026-07-20T19:23:37.000Z</time>
      <extensions><gpxtpx:TrackPointExtension><gpxtpx:hr>137</gpxtpx:hr></gpxtpx:TrackPointExtension></extensions>
    </trkpt>
    <trkpt lat="37.566727" lon="127.000647">
      <ele>32.0</ele>
      <time>2026-07-20T19:23:38.000Z</time>
      <extensions><gpxtpx:TrackPointExtension><gpxtpx:hr>137</gpxtpx:hr></gpxtpx:TrackPointExtension></extensions>
    </trkpt>
    <trkpt lat="37.566703" lon="127.000659">
      <ele>32.0</ele>
      <time>2026-07-20T19:23:39.000Z</time>
      <extensions><gpxtpx:TrackPointExtension><gpxtpx:hr>137</gpxtpx:hr></gpxtpx:TrackPointExtension></extensions>
    </trkpt>
    <trkpt lat="37.566663" lon="127.000645">
      <ele>32.0</ele>
      <time>2026-07-20T19:23:40.000Z</time>
      <extensions><gpxtpx:TrackPointExtension><gpxtpx:hr>138</gpxtpx:hr></gpxtpx:TrackPointExtension></extensions>
    </trkpt>
    <trkpt lat="37.566639" lon="127.000647">
      <ele>32.0</ele>
      <time>2026-07-20T19:23:41.000Z</time>
      <extensions><gpxtpx:TrackPointExtension><gpxtpx:hr>138</gpxtpx:hr></gpxtpx:TrackPointExtension></extensions>
    </trkpt>
    <trkpt lat="37.566601" lon="127.000647">
      <ele>32.0</ele>
      <time>2026-07-20T19:23:42.000Z</time>
      <extensions><gpxtpx:TrackPointExtension><gpxtpx:hr>138</gpxtpx:hr></gpxtpx:TrackPointExtension></extensions>
    </trkpt>
    <trkpt lat="37.566580" lon="127.000637">
      <ele>32.0</ele>
      <time>2026-07-20T19:23:43.000Z</time>
      <extensions><gpxtpx:TrackPointExtension><gpxtpx:hr>139</gpxtpx:hr></gpxtpx:TrackPointExtension></extensions>
    </trkpt>
    <trkpt lat="37.566602" lon="127.000639">
      <ele>32.0</ele>
      <time>2026-07-20T19:23:44.000Z</time>
      <extensions><gpxtpx:TrackPointExtension><gpxtpx:hr>139</gpxtpx:hr></gpxtpx:TrackPointExtension></extensions>
    </trkpt>
    <trkpt lat="37.566572" lon="127.000638">
      <ele>32.0</ele>
      <time>2026-07-20T19:23:45.000Z</time>
      <extensions><gpxtpx:TrackPointExtension><gpxtpx:hr>139</gpxtpx:hr></gpxtpx:TrackPointExtension></extensions>
    </trkpt>
    <trkpt lat="37.566604" lon="127.000647">
      <ele>32.0</ele>
      <time>2026-07-20T19:23:46.000Z</time>
      <extensions><gpxtpx:TrackPointExtension><gpxtpx:hr>140</gpxtpx:hr></gpxtpx:TrackPointExtension></extensions>
    </trkpt>
    <trkpt lat="37.566580" lon="127.000641">
      <ele>32.0</ele>
      <time>2026-07-20T19:23:47.000Z</time>
      <extensions><gpxtpx:TrackPointExtension><gpxtpx:hr>140</gpxtpx:hr></gpxtpx:TrackPointExtension></extensions>
    </trkpt>
    <trkpt lat="37.566611" lon="127.000645">
      <ele>32.0</ele>
      <time>2026-07-20T19:23:48.000Z</time>
      <extensions><gpxtpx:TrackPointExtension><gpxtpx:hr>140</gpxtpx:hr></gpxtpx:TrackPointExtension></extensions>
    </trkpt>
    <trkpt lat="37.566572" lon="127.000642">
      <ele>32.0</ele>
      <time>2026-07-20T19:23:49.000Z</time>
      <extensions><gpxtpx:TrackPointExtension><gpxtpx:hr>140</gpxtpx:hr></gpxtpx:TrackPointExtension></extensions>
    </trkpt>
    <trkpt lat="37.566588" lon="127.000568">
      <ele>32.0</ele>
      <time>2026-07-20T19:23:50.000Z</time>
      <extensions><gpxtpx:TrackPointExtension><gpxtpx:hr>142</gpxtpx:hr></gpxtpx:TrackPointExtension></extensions>
    </trkpt>
    <trkpt lat="37.566593" lon="127.000494">
      <ele>32.0</ele>
      <time>2026-07-20T19:23:51.000Z</time>
      <extensions><gpxtpx:TrackPointExtension><gpxtpx:hr>143</gpxtpx:hr></gpxtpx:TrackPointExtension></extensions>
    </trkpt>
    <trkpt lat="37.566597" lon="127.000419">
      <ele>32.0</ele>
      <time>2026-07-20T19:23:52.000Z</time>
      <extensions><gpxtpx:TrackPointExtension><gpxtpx:hr>145</gpxtpx:hr></gpxtpx:TrackPointExtension></extensions>
    </trkpt>
    <trkpt lat="37.566605" lon="127.000323">
      <ele>32.0</ele>
      <time>2026-07-20T19:23:53.000Z</time>
      <extensions><gpxtpx:TrackPointExtension><gpxtpx:hr>147</gpxtpx:hr></gpxtpx:TrackPointExtension></extensions>
    </trkpt>
    <trkpt lat="37.566630" lon="127.000313">
      <ele>32.0</ele>
      <time>2026-07-20T19:23:54.000Z</time>
      <extensions><gpxtpx:TrackPointExtension><gpxtpx:hr>146</gpxtpx:hr></gpxtpx:TrackPointExtension></extensions>
    </trkpt>
    <trkpt lat="37.566639" lon="127.000299">
      <ele>32.0</ele>
      <time>2026-07-20T19:23:55.000Z</time>
      <extensions><gpxtpx:TrackPointExtension><gpxtpx:hr>145</gpxtpx:hr></gpxtpx:TrackPointExtension></extensions>
    </trkpt>
    <trkpt lat="37.566643" lon="127.000297">
      <ele>32.0</ele>
      <time>2026-07-20T19:23:56.000Z</time>
      <extensions><gpxtpx:TrackPointExtension><gpxtpx:hr>144</gpxtpx:hr></gpxtpx:TrackPointExtension></extensions>
    </trkpt>
    <trkpt lat="37.566687" lon="127.000282">
      <ele>32.0</ele>
      <time>2026-07-20T19:23:57.000Z</time>
      <extensions><gpxtpx:TrackPointExtension><gpxtpx:hr>145</gpxtpx:hr></gpxtpx:TrackPointExtension></extensions>
    </trkpt>
    <trkpt lat="37.566750" lon="127.000248">
      <ele>32.0</ele>
      <time>2026-07-20T19:23:58.000Z</time>
      <extensions><gpxtpx:TrackPointExtension><gpxtpx:hr>147</gpxtpx:hr></gpxtpx:TrackPointExtension></extensions>
    </trkpt>
    <trkpt lat="37.566800" lon="127.000203">
      <ele>32.0</ele>
      <time>2026-07-20T19:23:59.000Z</time>
      <extensions><gpxtpx:TrackPointExtension><gpxtpx:hr>148</gpxtpx:hr></gpxtpx:TrackPointExtension></extensions>
    </trkpt>
    <trkpt lat="37.566871" lon="127.000185">
      <ele>32.0</ele>
      <time>2026-07-20T19:24:00.000Z</time>
      <extensions><gpxtpx:TrackPointExtension><gpxtpx:hr>150</gpxtpx:hr></gpxtpx:TrackPointExtension></extensions>
    </trkpt>
    <trkpt lat="37.566826" lon="127.000192">
      <ele>32.0</ele>
      <time>2026-07-20T19:24:01.000Z</time>
      <extensions><gpxtpx:TrackPointExtension><gpxtpx:hr>151</gpxtpx:hr></gpxtpx:TrackPointExtension></extensions>
    </trkpt>
    <trkpt lat="37.566780" lon="127.000199">
      <ele>32.0</ele>
      <time>2026-07-20T19:24:02.000Z</time>
      <extensions><gpxtpx:TrackPointExtension><gpxtpx:hr>151</gpxtpx:hr></gpxtpx:TrackPointExtension></extensions>
    </trkpt>
    <trkpt lat="37.566750" lon="127.000199">
      <ele>32.0</ele>
      <time>2026-07-20T19:24:03.000Z</time>
      <extensions><gpxtpx:TrackPointExtension><gpxtpx:hr>151</gpxtpx:hr></gpxtpx:TrackPointExtension></extensions>
    </trkpt>
    <trkpt lat="37.566708" lon="127.000216">
      <ele>32.0</ele>
      <time>2026-07-20T19:24:04.000Z</time>
      <extensions><gpxtpx:TrackPointExtension><gpxtpx:hr>151</gpxtpx:hr></gpxtpx:TrackPointExtension></extensions>
    </trkpt>
    <trkpt lat="37.566693" lon="127.000217">
      <ele>32.0</ele>
      <time>2026-07-20T19:24:05.000Z</time>
      <extensions><gpxtpx:TrackPointExtension><gpxtpx:hr>150</gpxtpx:hr></gpxtpx:TrackPointExtension></extensions>
    </trkpt>
    <trkpt lat="37.566667" lon="127.000232">
      <ele>32.0</ele>
      <time>2026-07-20T19:24:06.000Z</time>
      <extensions><gpxtpx:TrackPointExtension><gpxtpx:hr>150</gpxtpx:hr></gpxtpx:TrackPointExtension></extensions>
    </trkpt>
    <trkpt lat="37.566693" lon="127.000224">
      <ele>32.0</ele>
      <time>2026-07-20T19:24:07.000Z</time>
      <extensions><gpxtpx:TrackPointExtension><gpxtpx:hr>149</gpxtpx:hr></gpxtpx:TrackPointExtension></extensions>
    </trkpt>
    <trkpt lat="37.566659" lon="127.000227">
      <ele>32.0</ele>
      <time>2026-07-20T19:24:08.000Z</time>
      <extensions><gpxtpx:TrackPointExtension><gpxtpx:hr>149</gpxtpx:hr></gpxtpx:TrackPointExtension></extensions>
    </trkpt>
    <trkpt lat="37.566690" lon="127.000212">
      <ele>32.0</ele>
      <time>2026-07-20T19:24:09.000Z</time>
      <extensions><gpxtpx:TrackPointExtension><gpxtpx:hr>148</gpxtpx:hr></gpxtpx:TrackPointExtension></extensions>
    </trkpt>
    <trkpt lat="37.566666" lon="127.000219">
      <ele>32.0</ele>
      <time>2026-07-20T19:24:10.000Z</time>
      <extensions><gpxtpx:TrackPointExtension><gpxtpx:hr>148</gpxtpx:hr></gpxtpx:TrackPointExtension></extensions>
    </trkpt>
    <trkpt lat="37.566692" lon="127.000224">
      <ele>32.0</ele>
      <time>2026-07-20T19:24:11.000Z</time>
      <extensions><gpxtpx:TrackPointExtension><gpxtpx:hr>148</gpxtpx:hr></gpxtpx:TrackPointExtension></extensions>
    </trkpt>
    <trkpt lat="37.566684" lon="127.000217">
      <ele>32.0</ele>
      <time>2026-07-20T19:24:12.000Z</time>
      <extensions><gpxtpx:TrackPointExtension><gpxtpx:hr>147</gpxtpx:hr></gpxtpx:TrackPointExtension></extensions>
    </trkpt>
    <trkpt lat="37.566689" lon="127.000277">
      <ele>32.0</ele>
      <time>2026-07-20T19:24:13.000Z</time>
      <extensions><gpxtpx:TrackPointExtension><gpxtpx:hr>148</gpxtpx:hr></gpxtpx:TrackPointExtension></extensions>
    </trkpt>
    <trkpt lat="37.566704" lon="127.000322">
      <ele>32.0</ele>
      <time>2026-07-20T19:24:14.000Z</time>
      <extensions><gpxtpx:TrackPointExtension><gpxtpx:hr>148</gpxtpx:hr></gpxtpx:TrackPointExtension></extensions>
    </trkpt>
    <trkpt lat="37.566708" lon="127.000393">
      <ele>32.0</ele>
      <time>2026-07-20T19:24:15.000Z</time>
      <extensions><gpxtpx:TrackPointExtension><gpxtpx:hr>149</gpxtpx:hr></gpxtpx:TrackPointExtension></extensions>
    </trkpt>
    <trkpt lat="37.566736" lon="127.000364">
      <ele>32.0</ele>
      <time>2026-07-20T19:24:16.000Z</time>
      <extensions><gpxtpx:TrackPointExtension><gpxtpx:hr>149</gpxtpx:hr></gpxtpx:TrackPointExtension></extensions>
    </trkpt>
    <trkpt lat="37.566765" lon="127.000324">
      <ele>32.0</ele>
      <time>2026-07-20T19:24:17.000Z</time>
      <extensions><gpxtpx:TrackPointExtension><gpxtpx:hr>149</gpxtpx:hr></gpxtpx:TrackPointExtension></extensions>
    </trkpt>
    <trkpt lat="37.566793" lon="127.000308">
      <ele>32.0</ele>
      <time>2026-07-20T19:24:18.000Z</time>
      <extensions><gpxtpx:TrackPointExtension><gpxtpx:hr>149</gpxtpx:hr></gpxtpx:TrackPointExtension></extensions>
    </trkpt>
    <trkpt lat="37.566824" lon="127.000280">
      <ele>32.0</ele>
      <time>2026-07-20T19:24:19.000Z</time>
      <extensions><gpxtpx:TrackPointExtension><gpxtpx:hr>149</gpxtpx:hr></gpxtpx:TrackPointExtension></extensions>
    </trkpt>
    <trkpt lat="37.566839" lon="127.000267">
      <ele>32.0</ele>
      <time>2026-07-20T19:24:20.000Z</time>
      <extensions><gpxtpx:TrackPointExtension><gpxtpx:hr>149</gpxtpx:hr></gpxtpx:TrackPointExtension></extensions>
    </trkpt>
    <trkpt lat="37.566877" lon="127.000230">
      <ele>32.0</ele>
      <time>2026-07-20T19:24:21.000Z</time>
      <extensions><gpxtpx:TrackPointExtension><gpxtpx:hr>149</gpxtpx:hr></gpxtpx:TrackPointExtension></extensions>
    </trkpt>
    <trkpt lat="37.566899" lon="127.000216">
      <ele>32.0</ele>
      <time>2026-07-20T19:24:22.000Z</time>
      <extensions><gpxtpx:TrackPointExtension><gpxtpx:hr>149</gpxtpx:hr></gpxtpx:TrackPointExtension></extensions>
    </trkpt>
    <trkpt lat="37.566920" lon="127.000185">
      <ele>32.0</ele>
      <time>2026-07-20T19:24:23.000Z</time>
      <extensions><gpxtpx:TrackPointExtension><gpxtpx:hr>149</gpxtpx:hr></gpxtpx:TrackPointExtension></extensions>
    </trkpt>
    <trkpt lat="37.566949" lon="127.000171">
      <ele>32.0</ele>
      <time>2026-07-20T19:24:24.000Z</time>
      <extensions><gpxtpx:TrackPointExtension><gpxtpx:hr>148</gpxtpx:hr></gpxtpx:TrackPointExtension></extensions>
    </trkpt>
    <trkpt lat="37.566972" lon="127.000147">
      <ele>32.0</ele>
      <time>2026-07-20T19:24:25.000Z</time>
      <extensions><gpxtpx:TrackPointExtension><gpxtpx:hr>148</gpxtpx:hr></gpxtpx:TrackPointExtension></extensions>
    </trkpt>
    <trkpt lat="37.566945" lon="127.000157">
      <ele>32.0</ele>
      <time>2026-07-20T19:24:26.000Z</time>
      <extensions><gpxtpx:TrackPointExtension><gpxtpx:hr>147</gpxtpx:hr></gpxtpx:TrackPointExtension></extensions>
    </trkpt>
    <trkpt lat="37.566938" lon="127.000168">
      <ele>32.0</ele>
      <time>2026-07-20T19:24:27.000Z</time>
      <extensions><gpxtpx:TrackPointExtension><gpxtpx:hr>147</gpxtpx:hr></gpxtpx:TrackPointExtension></extensions>
    </trkpt>
    <trkpt lat="37.566918" lon="127.000178">
      <ele>32.0</ele>
      <time>2026-07-20T19:24:28.000Z</time>
      <extensions><gpxtpx:TrackPointExtension><gpxtpx:hr>146</gpxtpx:hr></gpxtpx:TrackPointExtension></extensions>
    </trkpt>
    <trkpt lat="37.566904" lon="127.000182">
      <ele>32.0</ele>
      <time>2026-07-20T19:24:29.000Z</time>
      <extensions><gpxtpx:TrackPointExtension><gpxtpx:hr>145</gpxtpx:hr></gpxtpx:TrackPointExtension></extensions>
    </trkpt>
    <trkpt lat="37.566895" lon="127.000188">
      <ele>32.0</ele>
      <time>2026-07-20T19:24:30.000Z</time>
      <extensions><gpxtpx:TrackPointExtension><gpxtpx:hr>144</gpxtpx:hr></gpxtpx:TrackPointExtension></extensions>
    </trkpt>
    <trkpt lat="37.566878" lon="127.000190">
      <ele>32.0</ele>
      <time>2026-07-20T19:24:31.000Z</time>
      <extensions><gpxtpx:TrackPointExtension><gpxtpx:hr>143</gpxtpx:hr></gpxtpx:TrackPointExtension></extensions>
    </trkpt>
    <trkpt lat="37.566862" lon="127.000207">
      <ele>32.0</ele>
      <time>2026-07-20T19:24:32.000Z</time>
      <extensions><gpxtpx:TrackPointExtension><gpxtpx:hr>143</gpxtpx:hr></gpxtpx:TrackPointExtension></extensions>
    </trkpt>
    <trkpt lat="37.566844" lon="127.000208">
      <ele>32.0</ele>
      <time>2026-07-20T19:24:33.000Z</time>
      <extensions><gpxtpx:TrackPointExtension><gpxtpx:hr>142</gpxtpx:hr></gpxtpx:TrackPointExtension></extensions>
    </trkpt>
    <trkpt lat="37.566827" lon="127.000213">
      <ele>32.0</ele>
      <time>2026-07-20T19:24:34.000Z</time>
      <extensions><gpxtpx:TrackPointExtension><gpxtpx:hr>142</gpxtpx:hr></gpxtpx:TrackPointExtension></extensions>
    </trkpt>
    <trkpt lat="37.566827" lon="127.000213">
      <ele>32.0</ele>
      <time>2026-07-20T19:24:35.000Z</time>
      <extensions><gpxtpx:TrackPointExtension><gpxtpx:hr>141</gpxtpx:hr></gpxtpx:TrackPointExtension></extensions>
    </trkpt>
    <trkpt lat="37.566819" lon="127.000229">
      <ele>32.0</ele>
      <time>2026-07-20T19:24:36.000Z</time>
      <extensions><gpxtpx:TrackPointExtension><gpxtpx:hr>141</gpxtpx:hr></gpxtpx:TrackPointExtension></extensions>
    </trkpt>
    <trkpt lat="37.566816" lon="127.000265">
      <ele>32.0</ele>
      <time>2026-07-20T19:24:37.000Z</time>
      <extensions><gpxtpx:TrackPointExtension><gpxtpx:hr>141</gpxtpx:hr></gpxtpx:TrackPointExtension></extensions>
    </trkpt>
    <trkpt lat="37.566791" lon="127.000291">
      <ele>32.0</ele>
      <time>2026-07-20T19:24:38.000Z</time>
      <extensions><gpxtpx:TrackPointExtension><gpxtpx:hr>141</gpxtpx:hr></gpxtpx:TrackPointExtension></extensions>
    </trkpt>
    <trkpt lat="37.566780" lon="127.000328">
      <ele>32.0</ele>
      <time>2026-07-20T19:24:39.000Z</time>
      <extensions><gpxtpx:TrackPointExtension><gpxtpx:hr>141</gpxtpx:hr></gpxtpx:TrackPointExtension></extensions>
    </trkpt>
    <trkpt lat="37.566760" lon="127.000361">
      <ele>32.0</ele>
      <time>2026-07-20T19:24:40.000Z</time>
      <extensions><gpxtpx:TrackPointExtension><gpxtpx:hr>141</gpxtpx:hr></gpxtpx:TrackPointExtension></extensions>
    </trkpt>
    <trkpt lat="37.566749" lon="127.000393">
      <ele>32.0</ele>
      <time>2026-07-20T19:24:41.000Z</time>
      <extensions><gpxtpx:TrackPointExtension><gpxtpx:hr>141</gpxtpx:hr></gpxtpx:TrackPointExtension></extensions>
    </trkpt>
    <trkpt lat="37.566742" lon="127.000424">
      <ele>32.0</ele>
      <time>2026-07-20T19:24:42.000Z</time>
      <extensions><gpxtpx:TrackPointExtension><gpxtpx:hr>141</gpxtpx:hr></gpxtpx:TrackPointExtension></extensions>
    </trkpt>
    <trkpt lat="37.566737" lon="127.000459">
      <ele>32.0</ele>
      <time>2026-07-20T19:24:43.000Z</time>
      <extensions><gpxtpx:TrackPointExtension><gpxtpx:hr>141</gpxtpx:hr></gpxtpx:TrackPointExtension></extensions>
    </trkpt>
    <trkpt lat="37.566730" lon="127.000500">
      <ele>32.0</ele>
      <time>2026-07-20T19:24:44.000Z</time>
      <extensions><gpxtpx:TrackPointExtension><gpxtpx:hr>142</gpxtpx:hr></gpxtpx:TrackPointExtension></extensions>
    </trkpt>
    <trkpt lat="37.566728" lon="127.000544">
      <ele>32.0</ele>
      <time>2026-07-20T19:24:45.000Z</time>
      <extensions><gpxtpx:TrackPointExtension><gpxtpx:hr>142</gpxtpx:hr></gpxtpx:TrackPointExtension></extensions>
    </trkpt>
    <trkpt lat="37.566714" lon="127.000582">
      <ele>32.0</ele>
      <time>2026-07-20T19:24:46.000Z</time>
      <extensions><gpxtpx:TrackPointExtension><gpxtpx:hr>142</gpxtpx:hr></gpxtpx:TrackPointExtension></extensions>
    </trkpt>
    <trkpt lat="37.566712" lon="127.000628">
      <ele>32.0</ele>
      <time>2026-07-20T19:24:47.000Z</time>
      <extensions><gpxtpx:TrackPointExtension><gpxtpx:hr>142</gpxtpx:hr></gpxtpx:TrackPointExtension></extensions>
    </trkpt>
    <trkpt lat="37.566709" lon="127.000653">
      <ele>32.0</ele>
      <time>2026-07-20T19:24:48.000Z</time>
      <extensions><gpxtpx:TrackPointExtension><gpxtpx:hr>142</gpxtpx:hr></gpxtpx:TrackPointExtension></extensions>
    </trkpt>
    <trkpt lat="37.566693" lon="127.000687">
      <ele>32.0</ele>
      <time>2026-07-20T19:24:49.000Z</time>
      <extensions><gpxtpx:TrackPointExtension><gpxtpx:hr>142</gpxtpx:hr></gpxtpx:TrackPointExtension></extensions>
    </trkpt>
    <trkpt lat="37.566690" lon="127.000673">
      <ele>32.0</ele>
      <time>2026-07-20T19:24:50.000Z</time>
      <extensions><gpxtpx:TrackPointExtension><gpxtpx:hr>142</gpxtpx:hr></gpxtpx:TrackPointExtension></extensions>
    </trkpt>
    <trkpt lat="37.566689" lon="127.000675">
      <ele>32.0</ele>
      <time>2026-07-20T19:24:51.000Z</time>
      <extensions><gpxtpx:TrackPointExtension><gpxtpx:hr>140</gpxtpx:hr></gpxtpx:TrackPointExtension></extensions>
    </trkpt>
    <trkpt lat="37.566699" lon="127.000672">
      <ele>32.0</ele>
      <time>2026-07-20T19:24:52.000Z</time>
      <extensions><gpxtpx:TrackPointExtension><gpxtpx:hr>139</gpxtpx:hr></gpxtpx:TrackPointExtension></extensions>
    </trkpt>
    <trkpt lat="37.566690" lon="127.000667">
      <ele>32.0</ele>
      <time>2026-07-20T19:24:53.000Z</time>
      <extensions><gpxtpx:TrackPointExtension><gpxtpx:hr>138</gpxtpx:hr></gpxtpx:TrackPointExtension></extensions>
    </trkpt>
    <trkpt lat="37.566689" lon="127.000664">
      <ele>32.0</ele>
      <time>2026-07-20T19:24:54.000Z</time>
      <extensions><gpxtpx:TrackPointExtension><gpxtpx:hr>137</gpxtpx:hr></gpxtpx:TrackPointExtension></extensions>
    </trkpt>
    <trkpt lat="37.566700" lon="127.000658">
      <ele>32.0</ele>
      <time>2026-07-20T19:24:55.000Z</time>
      <extensions><gpxtpx:TrackPointExtension><gpxtpx:hr>136</gpxtpx:hr></gpxtpx:TrackPointExtension></extensions>
    </trkpt>
    <trkpt lat="37.566710" lon="127.000699">
      <ele>32.0</ele>
      <time>2026-07-20T19:24:56.000Z</time>
      <extensions><gpxtpx:TrackPointExtension><gpxtpx:hr>137</gpxtpx:hr></gpxtpx:TrackPointExtension></extensions>
    </trkpt>
    <trkpt lat="37.566745" lon="127.000748">
      <ele>32.0</ele>
      <time>2026-07-20T19:24:57.000Z</time>
      <extensions><gpxtpx:TrackPointExtension><gpxtpx:hr>138</gpxtpx:hr></gpxtpx:TrackPointExtension></extensions>
    </trkpt>
    <trkpt lat="37.566771" lon="127.000793">
      <ele>32.0</ele>
      <time>2026-07-20T19:24:58.000Z</time>
      <extensions><gpxtpx:TrackPointExtension><gpxtpx:hr>139</gpxtpx:hr></gpxtpx:TrackPointExtension></extensions>
    </trkpt>
    <trkpt lat="37.566799" lon="127.000851">
      <ele>32.0</ele>
      <time>2026-07-20T19:24:59.000Z</time>
      <extensions><gpxtpx:TrackPointExtension><gpxtpx:hr>140</gpxtpx:hr></gpxtpx:TrackPointExtension></extensions>
    </trkpt>
    <trkpt lat="37.566813" lon="127.000892">
      <ele>32.0</ele>
      <time>2026-07-20T19:25:00.000Z</time>
      <extensions><gpxtpx:TrackPointExtension><gpxtpx:hr>141</gpxtpx:hr></gpxtpx:TrackPointExtension></extensions>
    </trkpt>
    <trkpt lat="37.566848" lon="127.000935">
      <ele>32.0</ele>
      <time>2026-07-20T19:25:01.000Z</time>
      <extensions><gpxtpx:TrackPointExtension><gpxtpx:hr>142</gpxtpx:hr></gpxtpx:TrackPointExtension></extensions>
    </trkpt>
    <trkpt lat="37.566868" lon="127.000999">
      <ele>32.0</ele>
      <time>2026-07-20T19:25:02.000Z</time>
      <extensions><gpxtpx:TrackPointExtension><gpxtpx:hr>143</gpxtpx:hr></gpxtpx:TrackPointExtension></extensions>
    </trkpt>
    <trkpt lat="37.566904" lon="127.000941">
      <ele>32.0</ele>
      <time>2026-07-20T19:25:03.000Z</time>
      <extensions><gpxtpx:TrackPointExtension><gpxtpx:hr>144</gpxtpx:hr></gpxtpx:TrackPointExtension></extensions>
    </trkpt>
    <trkpt lat="37.566939" lon="127.000894">
      <ele>32.0</ele>
      <time>2026-07-20T19:25:04.000Z</time>
      <extensions><gpxtpx:TrackPointExtension><gpxtpx:hr>145</gpxtpx:hr></gpxtpx:TrackPointExtension></extensions>
    </trkpt>
    <trkpt lat="37.566982" lon="127.000839">
      <ele>32.0</ele>
      <time>2026-07-20T19:25:05.000Z</time>
      <extensions><gpxtpx:TrackPointExtension><gpxtpx:hr>146</gpxtpx:hr></gpxtpx:TrackPointExtension></extensions>
    </trkpt>
    <trkpt lat="37.567018" lon="127.000801">
      <ele>32.0</ele>
      <time>2026-07-20T19:25:06.000Z</time>
      <extensions><gpxtpx:TrackPointExtension><gpxtpx:hr>147</gpxtpx:hr></gpxtpx:TrackPointExtension></extensions>
    </trkpt>
    <trkpt lat="37.567044" lon="127.000753">
      <ele>32.0</ele>
      <time>2026-07-20T19:25:07.000Z</time>
      <extensions><gpxtpx:TrackPointExtension><gpxtpx:hr>148</gpxtpx:hr></gpxtpx:TrackPointExtension></extensions>
    </trkpt>
    <trkpt lat="37.567053" lon="127.000757">
      <ele>32.0</ele>
      <time>2026-07-20T19:25:08.000Z</time>
      <extensions><gpxtpx:TrackPointExtension><gpxtpx:hr>149</gpxtpx:hr></gpxtpx:TrackPointExtension></extensions>
    </trkpt>
    <trkpt lat="37.567010" lon="127.000718">
      <ele>32.0</ele>
      <time>2026-07-20T19:25:09.000Z</time>
      <extensions><gpxtpx:TrackPointExtension><gpxtpx:hr>150</gpxtpx:hr></gpxtpx:TrackPointExtension></extensions>
    </trkpt>
    <trkpt lat="37.566969" lon="127.000683">
      <ele>32.0</ele>
      <time>2026-07-20T19:25:10.000Z</time>
      <extensions><gpxtpx:TrackPointExtension><gpxtpx:hr>150</gpxtpx:hr></gpxtpx:TrackPointExtension></extensions>
    </trkpt>
    <trkpt lat="37.566927" lon="127.000646">
      <ele>32.0</ele>
      <time>2026-07-20T19:25:11.000Z</time>
      <extensions><gpxtpx:TrackPointExtension><gpxtpx:hr>151</gpxtpx:hr></gpxtpx:TrackPointExtension></extensions>
    </trkpt>
    <trkpt lat="37.566891" lon="127.000610">
      <ele>32.0</ele>
      <time>2026-07-20T19:25:12.000Z</time>
      <extensions><gpxtpx:TrackPointExtension><gpxtpx:hr>152</gpxtpx:hr></gpxtpx:TrackPointExtension></extensions>
    </trkpt>
    <trkpt lat="37.566862" lon="127.000614">
      <ele>32.0</ele>
      <time>2026-07-20T19:25:13.000Z</time>
      <extensions><gpxtpx:TrackPointExtension><gpxtpx:hr>151</gpxtpx:hr></gpxtpx:TrackPointExtension></extensions>
    </trkpt>
    <trkpt lat="37.566867" lon="127.000610">
      <ele>32.0</ele>
      <time>2026-07-20T19:25:14.000Z</time>
      <extensions><gpxtpx:TrackPointExtension><gpxtpx:hr>149</gpxtpx:hr></gpxtpx:TrackPointExtension></extensions>
    </trkpt>
    <trkpt lat="37.566856" lon="127.000608">
      <ele>32.0</ele>
      <time>2026-07-20T19:25:15.000Z</time>
      <extensions><gpxtpx:TrackPointExtension><gpxtpx:hr>148</gpxtpx:hr></gpxtpx:TrackPointExtension></extensions>
    </trkpt>
    <trkpt lat="37.566844" lon="127.000588">
      <ele>32.0</ele>
      <time>2026-07-20T19:25:16.000Z</time>
      <extensions><gpxtpx:TrackPointExtension><gpxtpx:hr>147</gpxtpx:hr></gpxtpx:TrackPointExtension></extensions>
    </trkpt>
    <trkpt lat="37.566828" lon="127.000585">
      <ele>32.0</ele>
      <time>2026-07-20T19:25:17.000Z</time>
      <extensions><gpxtpx:TrackPointExtension><gpxtpx:hr>146</gpxtpx:hr></gpxtpx:TrackPointExtension></extensions>
    </trkpt>
    <trkpt lat="37.566809" lon="127.000561">
      <ele>32.0</ele>
      <time>2026-07-20T19:25:18.000Z</time>
      <extensions><gpxtpx:TrackPointExtension><gpxtpx:hr>146</gpxtpx:hr></gpxtpx:TrackPointExtension></extensions>
    </trkpt>
    <trkpt lat="37.566789" lon="127.000553">
      <ele>32.0</ele>
      <time>2026-07-20T19:25:19.000Z</time>
      <extensions><gpxtpx:TrackPointExtension><gpxtpx:hr>145</gpxtpx:hr></gpxtpx:TrackPointExtension></extensions>
    </trkpt>
    <trkpt lat="37.566761" lon="127.000540">
      <ele>32.0</ele>
      <time>2026-07-20T19:25:20.000Z</time>
      <extensions><gpxtpx:TrackPointExtension><gpxtpx:hr>145</gpxtpx:hr></gpxtpx:TrackPointExtension></extensions>
    </trkpt>
    <trkpt lat="37.566741" lon="127.000514">
      <ele>32.0</ele>
      <time>2026-07-20T19:25:21.000Z</time>
      <extensions><gpxtpx:TrackPointExtension><gpxtpx:hr>145</gpxtpx:hr></gpxtpx:TrackPointExtension></extensions>
    </trkpt>
    <trkpt lat="37.566712" lon="127.000507">
      <ele>32.0</ele>
      <time>2026-07-20T19:25:22.000Z</time>
      <extensions><gpxtpx:TrackPointExtension><gpxtpx:hr>145</gpxtpx:hr></gpxtpx:TrackPointExtension></extensions>
    </trkpt>
    <trkpt lat="37.566749" lon="127.000521">
      <ele>32.0</ele>
      <time>2026-07-20T19:25:23.000Z</time>
      <extensions><gpxtpx:TrackPointExtension><gpxtpx:hr>145</gpxtpx:hr></gpxtpx:TrackPointExtension></extensions>
    </trkpt>
    <trkpt lat="37.566726" lon="127.000505">
      <ele>32.0</ele>
      <time>2026-07-20T19:25:24.000Z</time>
      <extensions><gpxtpx:TrackPointExtension><gpxtpx:hr>145</gpxtpx:hr></gpxtpx:TrackPointExtension></extensions>
    </trkpt>
    <trkpt lat="37.566738" lon="127.000517">
      <ele>32.0</ele>
      <time>2026-07-20T19:25:25.000Z</time>
      <extensions><gpxtpx:TrackPointExtension><gpxtpx:hr>144</gpxtpx:hr></gpxtpx:TrackPointExtension></extensions>
    </trkpt>
    <trkpt lat="37.566714" lon="127.000497">
      <ele>32.0</ele>
      <time>2026-07-20T19:25:26.000Z</time>
      <extensions><gpxtpx:TrackPointExtension><gpxtpx:hr>144</gpxtpx:hr></gpxtpx:TrackPointExtension></extensions>
    </trkpt>
    <trkpt lat="37.566739" lon="127.000516">
      <ele>32.0</ele>
      <time>2026-07-20T19:25:27.000Z</time>
      <extensions><gpxtpx:TrackPointExtension><gpxtpx:hr>144</gpxtpx:hr></gpxtpx:TrackPointExtension></extensions>
    </trkpt>
    <trkpt lat="37.566740" lon="127.000534">
      <ele>32.0</ele>
      <time>2026-07-20T19:25:28.000Z</time>
      <extensions><gpxtpx:TrackPointExtension><gpxtpx:hr>143</gpxtpx:hr></gpxtpx:TrackPointExtension></extensions>
    </trkpt>
    <trkpt lat="37.566752" lon="127.000545">
      <ele>32.0</ele>
      <time>2026-07-20T19:25:29.000Z</time>
      <extensions><gpxtpx:TrackPointExtension><gpxtpx:hr>142</gpxtpx:hr></gpxtpx:TrackPointExtension></extensions>
    </trkpt>
    <trkpt lat="37.566751" lon="127.000541">
      <ele>32.0</ele>
      <time>2026-07-20T19:25:30.000Z</time>
      <extensions><gpxtpx:TrackPointExtension><gpxtpx:hr>141</gpxtpx:hr></gpxtpx:TrackPointExtension></extensions>
    </trkpt>
    <trkpt lat="37.566745" lon="127.000539">
      <ele>32.0</ele>
      <time>2026-07-20T19:25:31.000Z</time>
      <extensions><gpxtpx:TrackPointExtension><gpxtpx:hr>140</gpxtpx:hr></gpxtpx:TrackPointExtension></extensions>
    </trkpt>
    <trkpt lat="37.566747" lon="127.000556">
      <ele>32.0</ele>
      <time>2026-07-20T19:25:32.000Z</time>
      <extensions><gpxtpx:TrackPointExtension><gpxtpx:hr>139</gpxtpx:hr></gpxtpx:TrackPointExtension></extensions>
    </trkpt>
    <trkpt lat="37.566743" lon="127.000611">
      <ele>32.0</ele>
      <time>2026-07-20T19:25:33.000Z</time>
      <extensions><gpxtpx:TrackPointExtension><gpxtpx:hr>140</gpxtpx:hr></gpxtpx:TrackPointExtension></extensions>
    </trkpt>
    <trkpt lat="37.566732" lon="127.000681">
      <ele>32.0</ele>
      <time>2026-07-20T19:25:34.000Z</time>
      <extensions><gpxtpx:TrackPointExtension><gpxtpx:hr>141</gpxtpx:hr></gpxtpx:TrackPointExtension></extensions>
    </trkpt>
    <trkpt lat="37.566713" lon="127.000761">
      <ele>32.0</ele>
      <time>2026-07-20T19:25:35.000Z</time>
      <extensions><gpxtpx:TrackPointExtension><gpxtpx:hr>143</gpxtpx:hr></gpxtpx:TrackPointExtension></extensions>
    </trkpt>
    <trkpt lat="37.566702" lon="127.000853">
      <ele>32.0</ele>
      <time>2026-07-20T19:25:36.000Z</time>
      <extensions><gpxtpx:TrackPointExtension><gpxtpx:hr>145</gpxtpx:hr></gpxtpx:TrackPointExtension></extensions>
    </trkpt>
    <trkpt lat="37.566695" lon="127.000783">
      <ele>32.0</ele>
      <time>2026-07-20T19:25:37.000Z</time>
      <extensions><gpxtpx:TrackPointExtension><gpxtpx:hr>147</gpxtpx:hr></gpxtpx:TrackPointExtension></extensions>
    </trkpt>
    <trkpt lat="37.566699" lon="127.000729">
      <ele>32.0</ele>
      <time>2026-07-20T19:25:38.000Z</time>
      <extensions><gpxtpx:TrackPointExtension><gpxtpx:hr>147</gpxtpx:hr></gpxtpx:TrackPointExtension></extensions>
    </trkpt>
    <trkpt lat="37.566698" lon="127.000679">
      <ele>32.0</ele>
      <time>2026-07-20T19:25:39.000Z</time>
      <extensions><gpxtpx:TrackPointExtension><gpxtpx:hr>147</gpxtpx:hr></gpxtpx:TrackPointExtension></extensions>
    </trkpt>
    <trkpt lat="37.566708" lon="127.000636">
      <ele>32.0</ele>
      <time>2026-07-20T19:25:40.000Z</time>
      <extensions><gpxtpx:TrackPointExtension><gpxtpx:hr>147</gpxtpx:hr></gpxtpx:TrackPointExtension></extensions>
    </trkpt>
    <trkpt lat="37.566705" lon="127.000591">
      <ele>32.0</ele>
      <time>2026-07-20T19:25:41.000Z</time>
      <extensions><gpxtpx:TrackPointExtension><gpxtpx:hr>147</gpxtpx:hr></gpxtpx:TrackPointExtension></extensions>
    </trkpt>
    <trkpt lat="37.566703" lon="127.000560">
      <ele>32.0</ele>
      <time>2026-07-20T19:25:42.000Z</time>
      <extensions><gpxtpx:TrackPointExtension><gpxtpx:hr>147</gpxtpx:hr></gpxtpx:TrackPointExtension></extensions>
    </trkpt>
    <trkpt lat="37.566699" lon="127.000511">
      <ele>32.0</ele>
      <time>2026-07-20T19:25:43.000Z</time>
      <extensions><gpxtpx:TrackPointExtension><gpxtpx:hr>147</gpxtpx:hr></gpxtpx:TrackPointExtension></extensions>
    </trkpt>
    <trkpt lat="37.566682" lon="127.000580">
      <ele>32.0</ele>
      <time>2026-07-20T19:25:44.000Z</time>
      <extensions><gpxtpx:TrackPointExtension><gpxtpx:hr>148</gpxtpx:hr></gpxtpx:TrackPointExtension></extensions>
    </trkpt>
    <trkpt lat="37.566666" lon="127.000626">
      <ele>32.0</ele>
      <time>2026-07-20T19:25:45.000Z</time>
      <extensions><gpxtpx:TrackPointExtension><gpxtpx:hr>149</gpxtpx:hr></gpxtpx:TrackPointExtension></extensions>
    </trkpt>
    <trkpt lat="37.566643" lon="127.000678">
      <ele>32.0</ele>
      <time>2026-07-20T19:25:46.000Z</time>
      <extensions><gpxtpx:TrackPointExtension><gpxtpx:hr>149</gpxtpx:hr></gpxtpx:TrackPointExtension></extensions>
    </trkpt>
    <trkpt lat="37.566624" lon="127.000731">
      <ele>32.0</ele>
      <time>2026-07-20T19:25:47.000Z</time>
      <extensions><gpxtpx:TrackPointExtension><gpxtpx:hr>150</gpxtpx:hr></gpxtpx:TrackPointExtension></extensions>
    </trkpt>
    <trkpt lat="37.566605" lon="127.000781">
      <ele>32.0</ele>
      <time>2026-07-20T19:25:48.000Z</time>
      <extensions><gpxtpx:TrackPointExtension><gpxtpx:hr>150</gpxtpx:hr></gpxtpx:TrackPointExtension></extensions>
    </trkpt>
    <trkpt lat="37.566576" lon="127.000841">
      <ele>32.0</ele>
      <time>2026-07-20T19:25:49.000Z</time>
      <extensions><gpxtpx:TrackPointExtension><gpxtpx:hr>151</gpxtpx:hr></gpxtpx:TrackPointExtension></extensions>
    </trkpt>
    <trkpt lat="37.566581" lon="127.000840">
      <ele>32.0</ele>
      <time>2026-07-20T19:25:50.000Z</time>
      <extensions><gpxtpx:TrackPointExtension><gpxtpx:hr>151</gpxtpx:hr></gpxtpx:TrackPointExtension></extensions>
    </trkpt>
    <trkpt lat="37.566619" lon="127.000823">
      <ele>32.0</ele>
      <time>2026-07-20T19:25:51.000Z</time>
      <extensions><gpxtpx:TrackPointExtension><gpxtpx:hr>151</gpxtpx:hr></gpxtpx:TrackPointExtension></extensions>
    </trkpt>
    <trkpt lat="37.566634" lon="127.000807">
      <ele>32.0</ele>
      <time>2026-07-20T19:25:52.000Z</time>
      <extensions><gpxtpx:TrackPointExtension><gpxtpx:hr>151</gpxtpx:hr></gpxtpx:TrackPointExtension></extensions>
    </trkpt>
    <trkpt lat="37.566650" lon="127.000789">
      <ele>32.0</ele>
      <time>2026-07-20T19:25:53.000Z</time>
      <extensions><gpxtpx:TrackPointExtension><gpxtpx:hr>150</gpxtpx:hr></gpxtpx:TrackPointExtension></extensions>
    </trkpt>
    <trkpt lat="37.566672" lon="127.000774">
      <ele>32.0</ele>
      <time>2026-07-20T19:25:54.000Z</time>
      <extensions><gpxtpx:TrackPointExtension><gpxtpx:hr>149</gpxtpx:hr></gpxtpx:TrackPointExtension></extensions>
    </trkpt>
    <trkpt lat="37.566685" lon="127.000769">
      <ele>32.0</ele>
      <time>2026-07-20T19:25:55.000Z</time>
      <extensions><gpxtpx:TrackPointExtension><gpxtpx:hr>148</gpxtpx:hr></gpxtpx:TrackPointExtension></extensions>
    </trkpt>
    <trkpt lat="37.566699" lon="127.000761">
      <ele>32.0</ele>
      <time>2026-07-20T19:25:56.000Z</time>
      <extensions><gpxtpx:TrackPointExtension><gpxtpx:hr>148</gpxtpx:hr></gpxtpx:TrackPointExtension></extensions>
    </trkpt>
    <trkpt lat="37.566714" lon="127.000760">
      <ele>32.0</ele>
      <time>2026-07-20T19:25:57.000Z</time>
      <extensions><gpxtpx:TrackPointExtension><gpxtpx:hr>147</gpxtpx:hr></gpxtpx:TrackPointExtension></extensions>
    </trkpt>
    <trkpt lat="37.566729" lon="127.000742">
      <ele>32.0</ele>
      <time>2026-07-20T19:25:58.000Z</time>
      <extensions><gpxtpx:TrackPointExtension><gpxtpx:hr>146</gpxtpx:hr></gpxtpx:TrackPointExtension></extensions>
    </trkpt>
    <trkpt lat="37.566746" lon="127.000736">
      <ele>32.0</ele>
      <time>2026-07-20T19:25:59.000Z</time>
      <extensions><gpxtpx:TrackPointExtension><gpxtpx:hr>145</gpxtpx:hr></gpxtpx:TrackPointExtension></extensions>
    </trkpt>
    <trkpt lat="37.566767" lon="127.000725">
      <ele>32.0</ele>
      <time>2026-07-20T19:26:00.000Z</time>
      <extensions><gpxtpx:TrackPointExtension><gpxtpx:hr>144</gpxtpx:hr></gpxtpx:TrackPointExtension></extensions>
    </trkpt>
    <trkpt lat="37.566765" lon="127.000702">
      <ele>32.0</ele>
      <time>2026-07-20T19:26:01.000Z</time>
      <extensions><gpxtpx:TrackPointExtension><gpxtpx:hr>144</gpxtpx:hr></gpxtpx:TrackPointExtension></extensions>
    </trkpt>
    <trkpt lat="37.566773" lon="127.000692">
      <ele>32.0</ele>
      <time>2026-07-20T19:26:02.000Z</time>
      <extensions><gpxtpx:TrackPointExtension><gpxtpx:hr>143</gpxtpx:hr></gpxtpx:TrackPointExtension></extensions>
    </trkpt>
    <trkpt lat="37.566783" lon="127.000676">
      <ele>32.0</ele>
      <time>2026-07-20T19:26:03.000Z</time>
      <extensions><gpxtpx:TrackPointExtension><gpxtpx:hr>142</gpxtpx:hr></gpxtpx:TrackPointExtension></extensions>
    </trkpt>
    <trkpt lat="37.566790" lon="127.000667">
      <ele>32.0</ele>
      <time>2026-07-20T19:26:04.000Z</time>
      <extensions><gpxtpx:TrackPointExtension><gpxtpx:hr>142</gpxtpx:hr></gpxtpx:TrackPointExtension></extensions>
    </trkpt>
    <trkpt lat="37.566827" lon="127.000625">
      <ele>32.0</ele>
      <time>2026-07-20T19:26:05.000Z</time>
      <extensions><gpxtpx:TrackPointExtension><gpxtpx:hr>143</gpxtpx:hr></gpxtpx:TrackPointExtension></extensions>
    </trkpt>
    <trkpt lat="37.566877" lon="127.000576">
      <ele>32.0</ele>
      <time>2026-07-20T19:26:06.000Z</time>
      <extensions><gpxtpx:TrackPointExtension><gpxtpx:hr>145</gpxtpx:hr></gpxtpx:TrackPointExtension></extensions>
    </trkpt>
    <trkpt lat="37.566930" lon="127.000520">
      <ele>32.0</ele>
      <time>2026-07-20T19:26:07.000Z</time>
      <extensions><gpxtpx:TrackPointExtension><gpxtpx:hr>146</gpxtpx:hr></gpxtpx:TrackPointExtension></extensions>
    </trkpt>
    <trkpt lat="37.566949" lon="127.000426">
      <ele>32.0</ele>
      <time>2026-07-20T19:26:08.000Z</time>
      <extensions><gpxtpx:TrackPointExtension><gpxtpx:hr>148</gpxtpx:hr></gpxtpx:TrackPointExtension></extensions>
    </trkpt>
    <trkpt lat="37.566950" lon="127.000345">
      <ele>32.0</ele>
      <time>2026-07-20T19:26:09.000Z</time>
      <extensions><gpxtpx:TrackPointExtension><gpxtpx:hr>150</gpxtpx:hr></gpxtpx:TrackPointExtension></extensions>
    </trkpt>
    <trkpt lat="37.566959" lon="127.000256">
      <ele>32.0</ele>
      <time>2026-07-20T19:26:10.000Z</time>
      <extensions><gpxtpx:TrackPointExtension><gpxtpx:hr>151</gpxtpx:hr></gpxtpx:TrackPointExtension></extensions>
    </trkpt>
    <trkpt lat="37.566977" lon="127.000173">
      <ele>32.0</ele>
      <time>2026-07-20T19:26:11.000Z</time>
      <extensions><gpxtpx:TrackPointExtension><gpxtpx:hr>153</gpxtpx:hr></gpxtpx:TrackPointExtension></extensions>
    </trkpt>
    <trkpt lat="37.566983" lon="127.000091">
      <ele>32.0</ele>
      <time>2026-07-20T19:26:12.000Z</time>
      <extensions><gpxtpx:TrackPointExtension><gpxtpx:hr>154</gpxtpx:hr></gpxtpx:TrackPointExtension></extensions>
    </trkpt>
    <trkpt lat="37.566942" lon="127.000095">
      <ele>32.0</ele>
      <time>2026-07-20T19:26:13.000Z</time>
      <extensions><gpxtpx:TrackPointExtension><gpxtpx:hr>155</gpxtpx:hr></gpxtpx:TrackPointExtension></extensions>
    </trkpt>
    <trkpt lat="37.566906" lon="127.000101">
      <ele>32.0</ele>
      <time>2026-07-20T19:26:14.000Z</time>
      <extensions><gpxtpx:TrackPointExtension><gpxtpx:hr>154</gpxtpx:hr></gpxtpx:TrackPointExtension></extensions>
    </trkpt>
    <trkpt lat="37.566875" lon="127.000102">
      <ele>32.0</ele>
      <time>2026-07-20T19:26:15.000Z</time>
      <extensions><gpxtpx:TrackPointExtension><gpxtpx:hr>153</gpxtpx:hr></gpxtpx:TrackPointExtension></extensions>
    </trkpt>
    <trkpt lat="37.566859" lon="127.000106">
      <ele>32.0</ele>
      <time>2026-07-20T19:26:16.000Z</time>
      <extensions><gpxtpx:TrackPointExtension><gpxtpx:hr>153</gpxtpx:hr></gpxtpx:TrackPointExtension></extensions>
    </trkpt>
    <trkpt lat="37.566835" lon="127.000104">
      <ele>32.0</ele>
      <time>2026-07-20T19:26:17.000Z</time>
      <extensions><gpxtpx:TrackPointExtension><gpxtpx:hr>152</gpxtpx:hr></gpxtpx:TrackPointExtension></extensions>
    </trkpt>
    <trkpt lat="37.566820" lon="127.000102">
      <ele>32.0</ele>
      <time>2026-07-20T19:26:18.000Z</time>
      <extensions><gpxtpx:TrackPointExtension><gpxtpx:hr>150</gpxtpx:hr></gpxtpx:TrackPointExtension></extensions>
    </trkpt>
    <trkpt lat="37.566805" lon="127.000110">
      <ele>32.0</ele>
      <time>2026-07-20T19:26:19.000Z</time>
      <extensions><gpxtpx:TrackPointExtension><gpxtpx:hr>149</gpxtpx:hr></gpxtpx:TrackPointExtension></extensions>
    </trkpt>
    <trkpt lat="37.566833" lon="127.000108">
      <ele>32.0</ele>
      <time>2026-07-20T19:26:20.000Z</time>
      <extensions><gpxtpx:TrackPointExtension><gpxtpx:hr>149</gpxtpx:hr></gpxtpx:TrackPointExtension></extensions>
    </trkpt>
    <trkpt lat="37.566812" lon="127.000111">
      <ele>32.0</ele>
      <time>2026-07-20T19:26:21.000Z</time>
      <extensions><gpxtpx:TrackPointExtension><gpxtpx:hr>148</gpxtpx:hr></gpxtpx:TrackPointExtension></extensions>
    </trkpt>
    <trkpt lat="37.566779" lon="127.000160">
      <ele>32.0</ele>
      <time>2026-07-20T19:26:22.000Z</time>
      <extensions><gpxtpx:TrackPointExtension><gpxtpx:hr>149</gpxtpx:hr></gpxtpx:TrackPointExtension></extensions>
    </trkpt>
    <trkpt lat="37.566747" lon="127.000228">
      <ele>32.0</ele>
      <time>2026-07-20T19:26:23.000Z</time>
      <extensions><gpxtpx:TrackPointExtension><gpxtpx:hr>150</gpxtpx:hr></gpxtpx:TrackPointExtension></extensions>
    </trkpt>
    <trkpt lat="37.566720" lon="127.000303">
      <ele>32.0</ele>
      <time>2026-07-20T19:26:24.000Z</time>
      <extensions><gpxtpx:TrackPointExtension><gpxtpx:hr>152</gpxtpx:hr></gpxtpx:TrackPointExtension></extensions>
    </trkpt>
    <trkpt lat="37.566683" lon="127.000369">
      <ele>32.0</ele>
      <time>2026-07-20T19:26:25.000Z</time>
      <extensions><gpxtpx:TrackPointExtension><gpxtpx:hr>153</gpxtpx:hr></gpxtpx:TrackPointExtension></extensions>
    </trkpt>
    <trkpt lat="37.566661" lon="127.000443">
      <ele>32.0</ele>
      <time>2026-07-20T19:26:26.000Z</time>
      <extensions><gpxtpx:TrackPointExtension><gpxtpx:hr>154</gpxtpx:hr></gpxtpx:TrackPointExtension></extensions>
    </trkpt>
    <trkpt lat="37.566668" lon="127.000488">
      <ele>32.0</ele>
      <time>2026-07-20T19:26:27.000Z</time>
      <extensions><gpxtpx:TrackPointExtension><gpxtpx:hr>154</gpxtpx:hr></gpxtpx:TrackPointExtension></extensions>
    </trkpt>
    <trkpt lat="37.566688" lon="127.000526">
      <ele>32.0</ele>
      <time>2026-07-20T19:26:28.000Z</time>
      <extensions><gpxtpx:TrackPointExtension><gpxtpx:hr>154</gpxtpx:hr></gpxtpx:TrackPointExtension></extensions>
    </trkpt>
    <trkpt lat="37.566704" lon="127.000558">
      <ele>32.0</ele>
      <time>2026-07-20T19:26:29.000Z</time>
      <extensions><gpxtpx:TrackPointExtension><gpxtpx:hr>153</gpxtpx:hr></gpxtpx:TrackPointExtension></extensions>
    </trkpt>
    <trkpt lat="37.566712" lon="127.000583">
      <ele>32.0</ele>
      <time>2026-07-20T19:26:30.000Z</time>
      <extensions><gpxtpx:TrackPointExtension><gpxtpx:hr>152</gpxtpx:hr></gpxtpx:TrackPointExtension></extensions>
    </trkpt>
    <trkpt lat="37.566709" lon="127.000600">
      <ele>32.0</ele>
      <time>2026-07-20T19:26:31.000Z</time>
      <extensions><gpxtpx:TrackPointExtension><gpxtpx:hr>151</gpxtpx:hr></gpxtpx:TrackPointExtension></extensions>
    </trkpt>
    <trkpt lat="37.566715" lon="127.000615">
      <ele>32.0</ele>
      <time>2026-07-20T19:26:32.000Z</time>
      <extensions><gpxtpx:TrackPointExtension><gpxtpx:hr>150</gpxtpx:hr></gpxtpx:TrackPointExtension></extensions>
    </trkpt>
    <trkpt lat="37.566730" lon="127.000597">
      <ele>32.0</ele>
      <time>2026-07-20T19:26:33.000Z</time>
      <extensions><gpxtpx:TrackPointExtension><gpxtpx:hr>149</gpxtpx:hr></gpxtpx:TrackPointExtension></extensions>
    </trkpt>
    <trkpt lat="37.566739" lon="127.000566">
      <ele>32.0</ele>
      <time>2026-07-20T19:26:34.000Z</time>
      <extensions><gpxtpx:TrackPointExtension><gpxtpx:hr>149</gpxtpx:hr></gpxtpx:TrackPointExtension></extensions>
    </trkpt>
    <trkpt lat="37.566762" lon="127.000541">
      <ele>32.0</ele>
      <time>2026-07-20T19:26:35.000Z</time>
      <extensions><gpxtpx:TrackPointExtension><gpxtpx:hr>148</gpxtpx:hr></gpxtpx:TrackPointExtension></extensions>
    </trkpt>
    <trkpt lat="37.566772" lon="127.000507">
      <ele>32.0</ele>
      <time>2026-07-20T19:26:36.000Z</time>
      <extensions><gpxtpx:TrackPointExtension><gpxtpx:hr>148</gpxtpx:hr></gpxtpx:TrackPointExtension></extensions>
    </trkpt>
    <trkpt lat="37.566751" lon="127.000526">
      <ele>32.0</ele>
      <time>2026-07-20T19:26:37.000Z</time>
      <extensions><gpxtpx:TrackPointExtension><gpxtpx:hr>147</gpxtpx:hr></gpxtpx:TrackPointExtension></extensions>
    </trkpt>
    <trkpt lat="37.566735" lon="127.000537">
      <ele>32.0</ele>
      <time>2026-07-20T19:26:38.000Z</time>
      <extensions><gpxtpx:TrackPointExtension><gpxtpx:hr>147</gpxtpx:hr></gpxtpx:TrackPointExtension></extensions>
    </trkpt>
    <trkpt lat="37.566720" lon="127.000539">
      <ele>32.0</ele>
      <time>2026-07-20T19:26:39.000Z</time>
      <extensions><gpxtpx:TrackPointExtension><gpxtpx:hr>146</gpxtpx:hr></gpxtpx:TrackPointExtension></extensions>
    </trkpt>
    <trkpt lat="37.566699" lon="127.000544">
      <ele>32.0</ele>
      <time>2026-07-20T19:26:40.000Z</time>
      <extensions><gpxtpx:TrackPointExtension><gpxtpx:hr>145</gpxtpx:hr></gpxtpx:TrackPointExtension></extensions>
    </trkpt>
    <trkpt lat="37.566690" lon="127.000560">
      <ele>32.0</ele>
      <time>2026-07-20T19:26:41.000Z</time>
      <extensions><gpxtpx:TrackPointExtension><gpxtpx:hr>144</gpxtpx:hr></gpxtpx:TrackPointExtension></extensions>
    </trkpt>
    <trkpt lat="37.566683" lon="127.000575">
      <ele>32.0</ele>
      <time>2026-07-20T19:26:42.000Z</time>
      <extensions><gpxtpx:TrackPointExtension><gpxtpx:hr>144</gpxtpx:hr></gpxtpx:TrackPointExtension></extensions>
    </trkpt>
    <trkpt lat="37.566661" lon="127.000581">
      <ele>32.0</ele>
      <time>2026-07-20T19:26:43.000Z</time>
      <extensions><gpxtpx:TrackPointExtension><gpxtpx:hr>143</gpxtpx:hr></gpxtpx:TrackPointExtension></extensions>
    </trkpt>
    <trkpt lat="37.566654" lon="127.000592">
      <ele>32.0</ele>
      <time>2026-07-20T19:26:44.000Z</time>
      <extensions><gpxtpx:TrackPointExtension><gpxtpx:hr>142</gpxtpx:hr></gpxtpx:TrackPointExtension></extensions>
    </trkpt>
    <trkpt lat="37.566684" lon="127.000608">
      <ele>32.0</ele>
      <time>2026-07-20T19:26:45.000Z</time>
      <extensions><gpxtpx:TrackPointExtension><gpxtpx:hr>143</gpxtpx:hr></gpxtpx:TrackPointExtension></extensions>
    </trkpt>
    <trkpt lat="37.566736" lon="127.000612">
      <ele>32.0</ele>
      <time>2026-07-20T19:26:46.000Z</time>
      <extensions><gpxtpx:TrackPointExtension><gpxtpx:hr>143</gpxtpx:hr></gpxtpx:TrackPointExtension></extensions>
    </trkpt>
    <trkpt lat="37.566769" lon="127.000646">
      <ele>32.0</ele>
      <time>2026-07-20T19:26:47.000Z</time>
      <extensions><gpxtpx:TrackPointExtension><gpxtpx:hr>144</gpxtpx:hr></gpxtpx:TrackPointExtension></extensions>
    </trkpt>
    <trkpt lat="37.566822" lon="127.000663">
      <ele>32.0</ele>
      <time>2026-07-20T19:26:48.000Z</time>
      <extensions><gpxtpx:TrackPointExtension><gpxtpx:hr>145</gpxtpx:hr></gpxtpx:TrackPointExtension></extensions>
    </trkpt>
    <trkpt lat="37.566862" lon="127.000680">
      <ele>32.0</ele>
      <time>2026-07-20T19:26:49.000Z</time>
      <extensions><gpxtpx:TrackPointExtension><gpxtpx:hr>146</gpxtpx:hr></gpxtpx:TrackPointExtension></extensions>
    </trkpt>
    <trkpt lat="37.566899" lon="127.000700">
      <ele>32.0</ele>
      <time>2026-07-20T19:26:50.000Z</time>
      <extensions><gpxtpx:TrackPointExtension><gpxtpx:hr>147</gpxtpx:hr></gpxtpx:TrackPointExtension></extensions>
    </trkpt>
    <trkpt lat="37.566924" lon="127.000670">
      <ele>32.0</ele>
      <time>2026-07-20T19:26:51.000Z</time>
      <extensions><gpxtpx:TrackPointExtension><gpxtpx:hr>147</gpxtpx:hr></gpxtpx:TrackPointExtension></extensions>
    </trkpt>
    <trkpt lat="37.566929" lon="127.000632">
      <ele>32.0</ele>
      <time>2026-07-20T19:26:52.000Z</time>
      <extensions><gpxtpx:TrackPointExtension><gpxtpx:hr>146</gpxtpx:hr></gpxtpx:TrackPointExtension></extensions>
    </trkpt>
    <trkpt lat="37.566931" lon="127.000616">
      <ele>32.0</ele>
      <time>2026-07-20T19:26:53.000Z</time>
      <extensions><gpxtpx:TrackPointExtension><gpxtpx:hr>146</gpxtpx:hr></gpxtpx:TrackPointExtension></extensions>
    </trkpt>
    <trkpt lat="37.566943" lon="127.000597">
      <ele>32.0</ele>
      <time>2026-07-20T19:26:54.000Z</time>
      <extensions><gpxtpx:TrackPointExtension><gpxtpx:hr>145</gpxtpx:hr></gpxtpx:TrackPointExtension></extensions>
    </trkpt>
    <trkpt lat="37.566953" lon="127.000583">
      <ele>32.0</ele>
      <time>2026-07-20T19:26:55.000Z</time>
      <extensions><gpxtpx:TrackPointExtension><gpxtpx:hr>144</gpxtpx:hr></gpxtpx:TrackPointExtension></extensions>
    </trkpt>
    <trkpt lat="37.566959" lon="127.000561">
      <ele>32.0</ele>
      <time>2026-07-20T19:26:56.000Z</time>
      <extensions><gpxtpx:TrackPointExtension><gpxtpx:hr>144</gpxtpx:hr></gpxtpx:TrackPointExtension></extensions>
    </trkpt>
    <trkpt lat="37.566958" lon="127.000541">
      <ele>32.0</ele>
      <time>2026-07-20T19:26:57.000Z</time>
      <extensions><gpxtpx:TrackPointExtension><gpxtpx:hr>143</gpxtpx:hr></gpxtpx:TrackPointExtension></extensions>
    </trkpt>
    <trkpt lat="37.566974" lon="127.000524">
      <ele>32.0</ele>
      <time>2026-07-20T19:26:58.000Z</time>
      <extensions><gpxtpx:TrackPointExtension><gpxtpx:hr>142</gpxtpx:hr></gpxtpx:TrackPointExtension></extensions>
    </trkpt>
    <trkpt lat="37.566979" lon="127.000500">
      <ele>32.0</ele>
      <time>2026-07-20T19:26:59.000Z</time>
      <extensions><gpxtpx:TrackPointExtension><gpxtpx:hr>142</gpxtpx:hr></gpxtpx:TrackPointExtension></extensions>
    </trkpt>
    <trkpt lat="37.566982" lon="127.000486">
      <ele>32.0</ele>
      <time>2026-07-20T19:27:00.000Z</time>
      <extensions><gpxtpx:TrackPointExtension><gpxtpx:hr>141</gpxtpx:hr></gpxtpx:TrackPointExtension></extensions>
    </trkpt>
    <trkpt lat="37.566961" lon="127.000537">
      <ele>32.0</ele>
      <time>2026-07-20T19:27:01.000Z</time>
      <extensions><gpxtpx:TrackPointExtension><gpxtpx:hr>141</gpxtpx:hr></gpxtpx:TrackPointExtension></extensions>
    </trkpt>
    <trkpt lat="37.566943" lon="127.000591">
      <ele>32.0</ele>
      <time>2026-07-20T19:27:02.000Z</time>
      <extensions><gpxtpx:TrackPointExtension><gpxtpx:hr>142</gpxtpx:hr></gpxtpx:TrackPointExtension></extensions>
    </trkpt>
    <trkpt lat="37.566927" lon="127.000638">
      <ele>32.0</ele>
      <time>2026-07-20T19:27:03.000Z</time>
      <extensions><gpxtpx:TrackPointExtension><gpxtpx:hr>143</gpxtpx:hr></gpxtpx:TrackPointExtension></extensions>
    </trkpt>
    <trkpt lat="37.566910" lon="127.000697">
      <ele>32.0</ele>
      <time>2026-07-20T19:27:04.000Z</time>
      <extensions><gpxtpx:TrackPointExtension><gpxtpx:hr>144</gpxtpx:hr></gpxtpx:TrackPointExtension></extensions>
    </trkpt>
    <trkpt lat="37.566903" lon="127.000684">
      <ele>32.0</ele>
      <time>2026-07-20T19:27:05.000Z</time>
      <extensions><gpxtpx:TrackPointExtension><gpxtpx:hr>143</gpxtpx:hr></gpxtpx:TrackPointExtension></extensions>
    </trkpt>
    <trkpt lat="37.566904" lon="127.000662">
      <ele>32.0</ele>
      <time>2026-07-20T19:27:06.000Z</time>
      <extensions><gpxtpx:TrackPointExtension><gpxtpx:hr>142</gpxtpx:hr></gpxtpx:TrackPointExtension></extensions>
    </trkpt>
    <trkpt lat="37.566904" lon="127.000671">
      <ele>32.0</ele>
      <time>2026-07-20T19:27:07.000Z</time>
      <extensions><gpxtpx:TrackPointExtension><gpxtpx:hr>141</gpxtpx:hr></gpxtpx:TrackPointExtension></extensions>
    </trkpt>
    <trkpt lat="37.566905" lon="127.000675">
      <ele>32.0</ele>
      <time>2026-07-20T19:27:08.000Z</time>
      <extensions><gpxtpx:TrackPointExtension><gpxtpx:hr>141</gpxtpx:hr></gpxtpx:TrackPointExtension></extensions>
    </trkpt>
    <trkpt lat="37.566895" lon="127.000699">
      <ele>32.0</ele>
      <time>2026-07-20T19:27:09.000Z</time>
      <extensions><gpxtpx:TrackPointExtension><gpxtpx:hr>140</gpxtpx:hr></gpxtpx:TrackPointExtension></extensions>
    </trkpt>
    <trkpt lat="37.566884" lon="127.000726">
      <ele>32.0</ele>
      <time>2026-07-20T19:27:10.000Z</time>
      <extensions><gpxtpx:TrackPointExtension><gpxtpx:hr>140</gpxtpx:hr></gpxtpx:TrackPointExtension></extensions>
    </trkpt>
    <trkpt lat="37.566863" lon="127.000765">
      <ele>32.0</ele>
      <time>2026-07-20T19:27:11.000Z</time>
      <extensions><gpxtpx:TrackPointExtension><gpxtpx:hr>140</gpxtpx:hr></gpxtpx:TrackPointExtension></extensions>
    </trkpt>
    <trkpt lat="37.566848" lon="127.000791">
      <ele>32.0</ele>
      <time>2026-07-20T19:27:12.000Z</time>
      <extensions><gpxtpx:TrackPointExtension><gpxtpx:hr>140</gpxtpx:hr></gpxtpx:TrackPointExtension></extensions>
    </trkpt>
    <trkpt lat="37.566837" lon="127.000818">
      <ele>32.0</ele>
      <time>2026-07-20T19:27:13.000Z</time>
      <extensions><gpxtpx:TrackPointExtension><gpxtpx:hr>141</gpxtpx:hr></gpxtpx:TrackPointExtension></extensions>
    </trkpt>
    <trkpt lat="37.566820" lon="127.000848">
      <ele>32.0</ele>
      <time>2026-07-20T19:27:14.000Z</time>
      <extensions><gpxtpx:TrackPointExtension><gpxtpx:hr>141</gpxtpx:hr></gpxtpx:TrackPointExtension></extensions>
    </trkpt>
    <trkpt lat="37.566805" lon="127.000882">
      <ele>32.0</ele>
      <time>2026-07-20T19:27:15.000Z</time>
      <extensions><gpxtpx:TrackPointExtension><gpxtpx:hr>141</gpxtpx:hr></gpxtpx:TrackPointExtension></extensions>
    </trkpt>
    <trkpt lat="37.566801" lon="127.000921">
      <ele>32.0</ele>
      <time>2026-07-20T19:27:16.000Z</time>
      <extensions><gpxtpx:TrackPointExtension><gpxtpx:hr>141</gpxtpx:hr></gpxtpx:TrackPointExtension></extensions>
    </trkpt>
    <trkpt lat="37.566785" lon="127.000946">
      <ele>32.0</ele>
      <time>2026-07-20T19:27:17.000Z</time>
      <extensions><gpxtpx:TrackPointExtension><gpxtpx:hr>141</gpxtpx:hr></gpxtpx:TrackPointExtension></extensions>
    </trkpt>
    <trkpt lat="37.566806" lon="127.000949">
      <ele>32.0</ele>
      <time>2026-07-20T19:27:18.000Z</time>
      <extensions><gpxtpx:TrackPointExtension><gpxtpx:hr>141</gpxtpx:hr></gpxtpx:TrackPointExtension></extensions>
    </trkpt>
    <trkpt lat="37.566833" lon="127.000952">
      <ele>32.0</ele>
      <time>2026-07-20T19:27:19.000Z</time>
      <extensions><gpxtpx:TrackPointExtension><gpxtpx:hr>140</gpxtpx:hr></gpxtpx:TrackPointExtension></extensions>
    </trkpt>
    <trkpt lat="37.566839" lon="127.000946">
      <ele>32.0</ele>
      <time>2026-07-20T19:27:20.000Z</time>
      <extensions><gpxtpx:TrackPointExtension><gpxtpx:hr>140</gpxtpx:hr></gpxtpx:TrackPointExtension></extensions>
    </trkpt>
    <trkpt lat="37.566852" lon="127.000953">
      <ele>32.0</ele>
      <time>2026-07-20T19:27:21.000Z</time>
      <extensions><gpxtpx:TrackPointExtension><gpxtpx:hr>139</gpxtpx:hr></gpxtpx:TrackPointExtension></extensions>
    </trkpt>
    <trkpt lat="37.566873" lon="127.000960">
      <ele>32.0</ele>
      <time>2026-07-20T19:27:22.000Z</time>
      <extensions><gpxtpx:TrackPointExtension><gpxtpx:hr>139</gpxtpx:hr></gpxtpx:TrackPointExtension></extensions>
    </trkpt>
    <trkpt lat="37.566889" lon="127.000964">
      <ele>32.0</ele>
      <time>2026-07-20T19:27:23.000Z</time>
      <extensions><gpxtpx:TrackPointExtension><gpxtpx:hr>138</gpxtpx:hr></gpxtpx:TrackPointExtension></extensions>
    </trkpt>
    <trkpt lat="37.566894" lon="127.000965">
      <ele>32.0</ele>
      <time>2026-07-20T19:27:24.000Z</time>
      <extensions><gpxtpx:TrackPointExtension><gpxtpx:hr>138</gpxtpx:hr></gpxtpx:TrackPointExtension></extensions>
    </trkpt>
    <trkpt lat="37.566881" lon="127.000945">
      <ele>32.0</ele>
      <time>2026-07-20T19:27:25.000Z</time>
      <extensions><gpxtpx:TrackPointExtension><gpxtpx:hr>137</gpxtpx:hr></gpxtpx:TrackPointExtension></extensions>
    </trkpt>
    <trkpt lat="37.566874" lon="127.000938">
      <ele>32.0</ele>
      <time>2026-07-20T19:27:26.000Z</time>
      <extensions><gpxtpx:TrackPointExtension><gpxtpx:hr>137</gpxtpx:hr></gpxtpx:TrackPointExtension></extensions>
    </trkpt>
    <trkpt lat="37.566861" lon="127.000926">
      <ele>32.0</ele>
      <time>2026-07-20T19:27:27.000Z</time>
      <extensions><gpxtpx:TrackPointExtension><gpxtpx:hr>137</gpxtpx:hr></gpxtpx:TrackPointExtension></extensions>
    </trkpt>
    <trkpt lat="37.566852" lon="127.000919">
      <ele>32.0</ele>
      <time>2026-07-20T19:27:28.000Z</time>
      <extensions><gpxtpx:TrackPointExtension><gpxtpx:hr>136</gpxtpx:hr></gpxtpx:TrackPointExtension></extensions>
    </trkpt>
    <trkpt lat="37.566841" lon="127.000900">
      <ele>32.0</ele>
      <time>2026-07-20T19:27:29.000Z</time>
      <extensions><gpxtpx:TrackPointExtension><gpxtpx:hr>136</gpxtpx:hr></gpxtpx:TrackPointExtension></extensions>
    </trkpt>
    <trkpt lat="37.566804" lon="127.000879">
      <ele>32.0</ele>
      <time>2026-07-20T19:27:30.000Z</time>
      <extensions><gpxtpx:TrackPointExtension><gpxtpx:hr>137</gpxtpx:hr></gpxtpx:TrackPointExtension></extensions>
    </trkpt>
    <trkpt lat="37.566762" lon="127.000875">
      <ele>32.0</ele>
      <time>2026-07-20T19:27:31.000Z</time>
      <extensions><gpxtpx:TrackPointExtension><gpxtpx:hr>138</gpxtpx:hr></gpxtpx:TrackPointExtension></extensions>
    </trkpt>
    <trkpt lat="37.566709" lon="127.000855">
      <ele>32.0</ele>
      <time>2026-07-20T19:27:32.000Z</time>
      <extensions><gpxtpx:TrackPointExtension><gpxtpx:hr>139</gpxtpx:hr></gpxtpx:TrackPointExtension></extensions>
    </trkpt>
    <trkpt lat="37.566666" lon="127.000834">
      <ele>32.0</ele>
      <time>2026-07-20T19:27:33.000Z</time>
      <extensions><gpxtpx:TrackPointExtension><gpxtpx:hr>140</gpxtpx:hr></gpxtpx:TrackPointExtension></extensions>
    </trkpt>
    <trkpt lat="37.566706" lon="127.000844">
      <ele>32.0</ele>
      <time>2026-07-20T19:27:34.000Z</time>
      <extensions><gpxtpx:TrackPointExtension><gpxtpx:hr>141</gpxtpx:hr></gpxtpx:TrackPointExtension></extensions>
    </trkpt>
    <trkpt lat="37.566716" lon="127.000809">
      <ele>32.0</ele>
      <time>2026-07-20T19:27:35.000Z</time>
      <extensions><gpxtpx:TrackPointExtension><gpxtpx:hr>141</gpxtpx:hr></gpxtpx:TrackPointExtension></extensions>
    </trkpt>
    <trkpt lat="37.566733" lon="127.000778">
      <ele>32.0</ele>
      <time>2026-07-20T19:27:36.000Z</time>
      <extensions><gpxtpx:TrackPointExtension><gpxtpx:hr>141</gpxtpx:hr></gpxtpx:TrackPointExtension></extensions>
    </trkpt>
    <trkpt lat="37.566738" lon="127.000756">
      <ele>32.0</ele>
      <time>2026-07-20T19:27:37.000Z</time>
      <extensions><gpxtpx:TrackPointExtension><gpxtpx:hr>141</gpxtpx:hr></gpxtpx:TrackPointExtension></extensions>
    </trkpt>
    <trkpt lat="37.566741" lon="127.000737">
      <ele>32.0</ele>
      <time>2026-07-20T19:27:38.000Z</time>
      <extensions><gpxtpx:TrackPointExtension><gpxtpx:hr>140</gpxtpx:hr></gpxtpx:TrackPointExtension></extensions>
    </trkpt>
    <trkpt lat="37.566744" lon="127.000723">
      <ele>32.0</ele>
      <time>2026-07-20T19:27:39.000Z</time>
      <extensions><gpxtpx:TrackPointExtension><gpxtpx:hr>140</gpxtpx:hr></gpxtpx:TrackPointExtension></extensions>
    </trkpt>
    <trkpt lat="37.566762" lon="127.000750">
      <ele>32.0</ele>
      <time>2026-07-20T19:27:40.000Z</time>
      <extensions><gpxtpx:TrackPointExtension><gpxtpx:hr>139</gpxtpx:hr></gpxtpx:TrackPointExtension></extensions>
    </trkpt>
    <trkpt lat="37.566763" lon="127.000749">
      <ele>32.0</ele>
      <time>2026-07-20T19:27:41.000Z</time>
      <extensions><gpxtpx:TrackPointExtension><gpxtpx:hr>139</gpxtpx:hr></gpxtpx:TrackPointExtension></extensions>
    </trkpt>
    <trkpt lat="37.566772" lon="127.000768">
      <ele>32.0</ele>
      <time>2026-07-20T19:27:42.000Z</time>
      <extensions><gpxtpx:TrackPointExtension><gpxtpx:hr>138</gpxtpx:hr></gpxtpx:TrackPointExtension></extensions>
    </trkpt>
    <trkpt lat="37.566790" lon="127.000781">
      <ele>32.0</ele>
      <time>2026-07-20T19:27:43.000Z</time>
      <extensions><gpxtpx:TrackPointExtension><gpxtpx:hr>138</gpxtpx:hr></gpxtpx:TrackPointExtension></extensions>
    </trkpt>
    <trkpt lat="37.566795" lon="127.000786">
      <ele>32.0</ele>
      <time>2026-07-20T19:27:44.000Z</time>
      <extensions><gpxtpx:TrackPointExtension><gpxtpx:hr>137</gpxtpx:hr></gpxtpx:TrackPointExtension></extensions>
    </trkpt>
    <trkpt lat="37.566814" lon="127.000807">
      <ele>32.0</ele>
      <time>2026-07-20T19:27:45.000Z</time>
      <extensions><gpxtpx:TrackPointExtension><gpxtpx:hr>137</gpxtpx:hr></gpxtpx:TrackPointExtension></extensions>
    </trkpt>
    <trkpt lat="37.566829" lon="127.000789">
      <ele>32.0</ele>
      <time>2026-07-20T19:27:46.000Z</time>
      <extensions><gpxtpx:TrackPointExtension><gpxtpx:hr>137</gpxtpx:hr></gpxtpx:TrackPointExtension></extensions>
    </trkpt>
    <trkpt lat="37.566846" lon="127.000779">
      <ele>32.0</ele>
      <time>2026-07-20T19:27:47.000Z</time>
      <extensions><gpxtpx:TrackPointExtension><gpxtpx:hr>137</gpxtpx:hr></gpxtpx:TrackPointExtension></extensions>
    </trkpt>
    <trkpt lat="37.566862" lon="127.000760">
      <ele>32.0</ele>
      <time>2026-07-20T19:27:48.000Z</time>
      <extensions><gpxtpx:TrackPointExtension><gpxtpx:hr>137</gpxtpx:hr></gpxtpx:TrackPointExtension></extensions>
    </trkpt>
    <trkpt lat="37.566886" lon="127.000741">
      <ele>32.0</ele>
      <time>2026-07-20T19:27:49.000Z</time>
      <extensions><gpxtpx:TrackPointExtension><gpxtpx:hr>137</gpxtpx:hr></gpxtpx:TrackPointExtension></extensions>
    </trkpt>
    <trkpt lat="37.566908" lon="127.000716">
      <ele>32.0</ele>
      <time>2026-07-20T19:27:50.000Z</time>
      <extensions><gpxtpx:TrackPointExtension><gpxtpx:hr>138</gpxtpx:hr></gpxtpx:TrackPointExtension></extensions>
    </trkpt>
    <trkpt lat="37.566941" lon="127.000688">
      <ele>32.0</ele>
      <time>2026-07-20T19:27:51.000Z</time>
      <extensions><gpxtpx:TrackPointExtension><gpxtpx:hr>138</gpxtpx:hr></gpxtpx:TrackPointExtension></extensions>
    </trkpt>
    <trkpt lat="37.566944" lon="127.000728">
      <ele>32.0</ele>
      <time>2026-07-20T19:27:52.000Z</time>
      <extensions><gpxtpx:TrackPointExtension><gpxtpx:hr>138</gpxtpx:hr></gpxtpx:TrackPointExtension></extensions>
    </trkpt>
    <trkpt lat="37.566938" lon="127.000770">
      <ele>32.0</ele>
      <time>2026-07-20T19:27:53.000Z</time>
      <extensions><gpxtpx:TrackPointExtension><gpxtpx:hr>139</gpxtpx:hr></gpxtpx:TrackPointExtension></extensions>
    </trkpt>
    <trkpt lat="37.566939" lon="127.000795">
      <ele>32.0</ele>
      <time>2026-07-20T19:27:54.000Z</time>
      <extensions><gpxtpx:TrackPointExtension><gpxtpx:hr>139</gpxtpx:hr></gpxtpx:TrackPointExtension></extensions>
    </trkpt>
    <trkpt lat="37.566943" lon="127.000831">
      <ele>32.0</ele>
      <time>2026-07-20T19:27:55.000Z</time>
      <extensions><gpxtpx:TrackPointExtension><gpxtpx:hr>139</gpxtpx:hr></gpxtpx:TrackPointExtension></extensions>
    </trkpt>
    <trkpt lat="37.566940" lon="127.000865">
      <ele>32.0</ele>
      <time>2026-07-20T19:27:56.000Z</time>
      <extensions><gpxtpx:TrackPointExtension><gpxtpx:hr>139</gpxtpx:hr></gpxtpx:TrackPointExtension></extensions>
    </trkpt>
    <trkpt lat="37.566937" lon="127.000861">
      <ele>32.0</ele>
      <time>2026-07-20T19:27:57.000Z</time>
      <extensions><gpxtpx:TrackPointExtension><gpxtpx:hr>138</gpxtpx:hr></gpxtpx:TrackPointExtension></extensions>
    </trkpt>
    <trkpt lat="37.566934" lon="127.000858">
      <ele>32.0</ele>
      <time>2026-07-20T19:27:58.000Z</time>
      <extensions><gpxtpx:TrackPointExtension><gpxtpx:hr>137</gpxtpx:hr></gpxtpx:TrackPointExtension></extensions>
    </trkpt>
    <trkpt lat="37.566932" lon="127.000846">
      <ele>32.0</ele>
      <time>2026-07-20T19:27:59.000Z</time>
      <extensions><gpxtpx:TrackPointExtension><gpxtpx:hr>136</gpxtpx:hr></gpxtpx:TrackPointExtension></extensions>
    </trkpt>
    <trkpt lat="37.566932" lon="127.000851">
      <ele>32.0</ele>
      <time>2026-07-20T19:28:00.000Z</time>
      <extensions><gpxtpx:TrackPointExtension><gpxtpx:hr>135</gpxtpx:hr></gpxtpx:TrackPointExtension></extensions>
    </trkpt>
    <trkpt lat="37.566939" lon="127.000846">
      <ele>32.0</ele>
      <time>2026-07-20T19:28:01.000Z</time>
      <extensions><gpxtpx:TrackPointExtension><gpxtpx:hr>135</gpxtpx:hr></gpxtpx:TrackPointExtension></extensions>
    </trkpt>
    <trkpt lat="37.566932" lon="127.000848">
      <ele>32.0</ele>
      <time>2026-07-20T19:28:02.000Z</time>
      <extensions><gpxtpx:TrackPointExtension><gpxtpx:hr>134</gpxtpx:hr></gpxtpx:TrackPointExtension></extensions>
    </trkpt>
    <trkpt lat="37.566956" lon="127.000894">
      <ele>32.0</ele>
      <time>2026-07-20T19:28:03.000Z</time>
      <extensions><gpxtpx:TrackPointExtension><gpxtpx:hr>135</gpxtpx:hr></gpxtpx:TrackPointExtension></extensions>
    </trkpt>
    <trkpt lat="37.566990" lon="127.000981">
      <ele>32.0</ele>
      <time>2026-07-20T19:28:04.000Z</time>
      <extensions><gpxtpx:TrackPointExtension><gpxtpx:hr>137</gpxtpx:hr></gpxtpx:TrackPointExtension></extensions>
    </trkpt>
    <trkpt lat="37.567012" lon="127.001054">
      <ele>32.0</ele>
      <time>2026-07-20T19:28:05.000Z</time>
      <extensions><gpxtpx:TrackPointExtension><gpxtpx:hr>140</gpxtpx:hr></gpxtpx:TrackPointExtension></extensions>
    </trkpt>
    <trkpt lat="37.567011" lon="127.001054">
      <ele>32.0</ele>
      <time>2026-07-20T19:28:06.000Z</time>
      <extensions><gpxtpx:TrackPointExtension><gpxtpx:hr>142</gpxtpx:hr></gpxtpx:TrackPointExtension></extensions>
    </trkpt>
    <trkpt lat="37.567008" lon="127.000983">
      <ele>32.0</ele>
      <time>2026-07-20T19:28:07.000Z</time>
      <extensions><gpxtpx:TrackPointExtension><gpxtpx:hr>143</gpxtpx:hr></gpxtpx:TrackPointExtension></extensions>
    </trkpt>
    <trkpt lat="37.566993" lon="127.000926">
      <ele>32.0</ele>
      <time>2026-07-20T19:28:08.000Z</time>
      <extensions><gpxtpx:TrackPointExtension><gpxtpx:hr>144</gpxtpx:hr></gpxtpx:TrackPointExtension></extensions>
    </trkpt>
    <trkpt lat="37.566989" lon="127.000866">
      <ele>32.0</ele>
      <time>2026-07-20T19:28:09.000Z</time>
      <extensions><gpxtpx:TrackPointExtension><gpxtpx:hr>145</gpxtpx:hr></gpxtpx:TrackPointExtension></extensions>
    </trkpt>
    <trkpt lat="37.566966" lon="127.000829">
      <ele>32.0</ele>
      <time>2026-07-20T19:28:10.000Z</time>
      <extensions><gpxtpx:TrackPointExtension><gpxtpx:hr>145</gpxtpx:hr></gpxtpx:TrackPointExtension></extensions>
    </trkpt>
    <trkpt lat="37.566945" lon="127.000788">
      <ele>32.0</ele>
      <time>2026-07-20T19:28:11.000Z</time>
      <extensions><gpxtpx:TrackPointExtension><gpxtpx:hr>146</gpxtpx:hr></gpxtpx:TrackPointExtension></extensions>
    </trkpt>
    <trkpt lat="37.566921" lon="127.000762">
      <ele>32.0</ele>
      <time>2026-07-20T19:28:12.000Z</time>
      <extensions><gpxtpx:TrackPointExtension><gpxtpx:hr>146</gpxtpx:hr></gpxtpx:TrackPointExtension></extensions>
    </trkpt>
    <trkpt lat="37.566906" lon="127.000721">
      <ele>32.0</ele>
      <time>2026-07-20T19:28:13.000Z</time>
      <extensions><gpxtpx:TrackPointExtension><gpxtpx:hr>146</gpxtpx:hr></gpxtpx:TrackPointExtension></extensions>
    </trkpt>
    <trkpt lat="37.566878" lon="127.000686">
      <ele>32.0</ele>
      <time>2026-07-20T19:28:14.000Z</time>
      <extensions><gpxtpx:TrackPointExtension><gpxtpx:hr>146</gpxtpx:hr></gpxtpx:TrackPointExtension></extensions>
    </trkpt>
    <trkpt lat="37.566863" lon="127.000651">
      <ele>32.0</ele>
      <time>2026-07-20T19:28:15.000Z</time>
      <extensions><gpxtpx:TrackPointExtension><gpxtpx:hr>146</gpxtpx:hr></gpxtpx:TrackPointExtension></extensions>
    </trkpt>
    <trkpt lat="37.566847" lon="127.000625">
      <ele>32.0</ele>
      <time>2026-07-20T19:28:16.000Z</time>
      <extensions><gpxtpx:TrackPointExtension><gpxtpx:hr>146</gpxtpx:hr></gpxtpx:TrackPointExtension></extensions>
    </trkpt>
    <trkpt lat="37.566823" lon="127.000590">
      <ele>32.0</ele>
      <time>2026-07-20T19:28:17.000Z</time>
      <extensions><gpxtpx:TrackPointExtension><gpxtpx:hr>146</gpxtpx:hr></gpxtpx:TrackPointExtension></extensions>
    </trkpt>
    <trkpt lat="37.566822" lon="127.000543">
      <ele>32.0</ele>
      <time>2026-07-20T19:28:18.000Z</time>
      <extensions><gpxtpx:TrackPointExtension><gpxtpx:hr>146</gpxtpx:hr></gpxtpx:TrackPointExtension></extensions>
    </trkpt>
    <trkpt lat="37.566823" lon="127.000482">
      <ele>32.0</ele>
      <time>2026-07-20T19:28:19.000Z</time>
      <extensions><gpxtpx:TrackPointExtension><gpxtpx:hr>147</gpxtpx:hr></gpxtpx:TrackPointExtension></extensions>
    </trkpt>
    <trkpt lat="37.566818" lon="127.000440">
      <ele>32.0</ele>
      <time>2026-07-20T19:28:20.000Z</time>
      <extensions><gpxtpx:TrackPointExtension><gpxtpx:hr>147</gpxtpx:hr></gpxtpx:TrackPointExtension></extensions>
    </trkpt>
    <trkpt lat="37.566819" lon="127.000386">
      <ele>32.0</ele>
      <time>2026-07-20T19:28:21.000Z</time>
      <extensions><gpxtpx:TrackPointExtension><gpxtpx:hr>148</gpxtpx:hr></gpxtpx:TrackPointExtension></extensions>
    </trkpt>
    <trkpt lat="37.566821" lon="127.000331">
      <ele>32.0</ele>
      <time>2026-07-20T19:28:22.000Z</time>
      <extensions><gpxtpx:TrackPointExtension><gpxtpx:hr>148</gpxtpx:hr></gpxtpx:TrackPointExtension></extensions>
    </trkpt>
    <trkpt lat="37.566814" lon="127.000253">
      <ele>32.0</ele>
      <time>2026-07-20T19:28:23.000Z</time>
      <extensions><gpxtpx:TrackPointExtension><gpxtpx:hr>149</gpxtpx:hr></gpxtpx:TrackPointExtension></extensions>
    </trkpt>
    <trkpt lat="37.566816" lon="127.000200">
      <ele>32.0</ele>
      <time>2026-07-20T19:28:24.000Z</time>
      <extensions><gpxtpx:TrackPointExtension><gpxtpx:hr>150</gpxtpx:hr></gpxtpx:TrackPointExtension></extensions>
    </trkpt>
    <trkpt lat="37.566804" lon="127.000216">
      <ele>32.0</ele>
      <time>2026-07-20T19:28:25.000Z</time>
      <extensions><gpxtpx:TrackPointExtension><gpxtpx:hr>149</gpxtpx:hr></gpxtpx:TrackPointExtension></extensions>
    </trkpt>
    <trkpt lat="37.566795" lon="127.000208">
      <ele>32.0</ele>
      <time>2026-07-20T19:28:26.000Z</time>
      <extensions><gpxtpx:TrackPointExtension><gpxtpx:hr>148</gpxtpx:hr></gpxtpx:TrackPointExtension></extensions>
    </trkpt>
    <trkpt lat="37.566786" lon="127.000217">
      <ele>32.0</ele>
      <time>2026-07-20T19:28:27.000Z</time>
      <extensions><gpxtpx:TrackPointExtension><gpxtpx:hr>146</gpxtpx:hr></gpxtpx:TrackPointExtension></extensions>
    </trkpt>
    <trkpt lat="37.566781" lon="127.000207">
      <ele>32.0</ele>
      <time>2026-07-20T19:28:28.000Z</time>
      <extensions><gpxtpx:TrackPointExtension><gpxtpx:hr>145</gpxtpx:hr></gpxtpx:TrackPointExtension></extensions>
    </trkpt>
    <trkpt lat="37.566789" lon="127.000209">
      <ele>32.0</ele>
      <time>2026-07-20T19:28:29.000Z</time>
      <extensions><gpxtpx:TrackPointExtension><gpxtpx:hr>143</gpxtpx:hr></gpxtpx:TrackPointExtension></extensions>
    </trkpt>
    <trkpt lat="37.566777" lon="127.000225">
      <ele>32.0</ele>
      <time>2026-07-20T19:28:30.000Z</time>
      <extensions><gpxtpx:TrackPointExtension><gpxtpx:hr>142</gpxtpx:hr></gpxtpx:TrackPointExtension></extensions>
    </trkpt>
    <trkpt lat="37.566783" lon="127.000228">
      <ele>32.0</ele>
      <time>2026-07-20T19:28:31.000Z</time>
      <extensions><gpxtpx:TrackPointExtension><gpxtpx:hr>141</gpxtpx:hr></gpxtpx:TrackPointExtension></extensions>
    </trkpt>
    <trkpt lat="37.566792" lon="127.000251">
      <ele>32.0</ele>
      <time>2026-07-20T19:28:32.000Z</time>
      <extensions><gpxtpx:TrackPointExtension><gpxtpx:hr>141</gpxtpx:hr></gpxtpx:TrackPointExtension></extensions>
    </trkpt>
    <trkpt lat="37.566798" lon="127.000251">
      <ele>32.0</ele>
      <time>2026-07-20T19:28:33.000Z</time>
      <extensions><gpxtpx:TrackPointExtension><gpxtpx:hr>140</gpxtpx:hr></gpxtpx:TrackPointExtension></extensions>
    </trkpt>
    <trkpt lat="37.566806" lon="127.000270">
      <ele>32.0</ele>
      <time>2026-07-20T19:28:34.000Z</time>
      <extensions><gpxtpx:TrackPointExtension><gpxtpx:hr>139</gpxtpx:hr></gpxtpx:TrackPointExtension></extensions>
    </trkpt>
    <trkpt lat="37.566800" lon="127.000292">
      <ele>32.0</ele>
      <time>2026-07-20T19:28:35.000Z</time>
      <extensions><gpxtpx:TrackPointExtension><gpxtpx:hr>139</gpxtpx:hr></gpxtpx:TrackPointExtension></extensions>
    </trkpt>
    <trkpt lat="37.566797" lon="127.000326">
      <ele>32.0</ele>
      <time>2026-07-20T19:28:36.000Z</time>
      <extensions><gpxtpx:TrackPointExtension><gpxtpx:hr>139</gpxtpx:hr></gpxtpx:TrackPointExtension></extensions>
    </trkpt>
    <trkpt lat="37.566802" lon="127.000357">
      <ele>32.0</ele>
      <time>2026-07-20T19:28:37.000Z</time>
      <extensions><gpxtpx:TrackPointExtension><gpxtpx:hr>139</gpxtpx:hr></gpxtpx:TrackPointExtension></extensions>
    </trkpt>
    <trkpt lat="37.566800" lon="127.000393">
      <ele>32.0</ele>
      <time>2026-07-20T19:28:38.000Z</time>
      <extensions><gpxtpx:TrackPointExtension><gpxtpx:hr>139</gpxtpx:hr></gpxtpx:TrackPointExtension></extensions>
    </trkpt>
    <trkpt lat="37.566790" lon="127.000426">
      <ele>32.0</ele>
      <time>2026-07-20T19:28:39.000Z</time>
      <extensions><gpxtpx:TrackPointExtension><gpxtpx:hr>139</gpxtpx:hr></gpxtpx:TrackPointExtension></extensions>
    </trkpt>
    <trkpt lat="37.566785" lon="127.000470">
      <ele>32.0</ele>
      <time>2026-07-20T19:28:40.000Z</time>
      <extensions><gpxtpx:TrackPointExtension><gpxtpx:hr>139</gpxtpx:hr></gpxtpx:TrackPointExtension></extensions>
    </trkpt>
    <trkpt lat="37.566787" lon="127.000507">
      <ele>32.0</ele>
      <time>2026-07-20T19:28:41.000Z</time>
      <extensions><gpxtpx:TrackPointExtension><gpxtpx:hr>140</gpxtpx:hr></gpxtpx:TrackPointExtension></extensions>
    </trkpt>
    <trkpt lat="37.566784" lon="127.000536">
      <ele>32.0</ele>
      <time>2026-07-20T19:28:42.000Z</time>
      <extensions><gpxtpx:TrackPointExtension><gpxtpx:hr>140</gpxtpx:hr></gpxtpx:TrackPointExtension></extensions>
    </trkpt>
    <trkpt lat="37.566777" lon="127.000579">
      <ele>32.0</ele>
      <time>2026-07-20T19:28:43.000Z</time>
      <extensions><gpxtpx:TrackPointExtension><gpxtpx:hr>140</gpxtpx:hr></gpxtpx:TrackPointExtension></extensions>
    </trkpt>
    <trkpt lat="37.566772" lon="127.000618">
      <ele>32.0</ele>
      <time>2026-07-20T19:28:44.000Z</time>
      <extensions><gpxtpx:TrackPointExtension><gpxtpx:hr>141</gpxtpx:hr></gpxtpx:TrackPointExtension></extensions>
    </trkpt>
    <trkpt lat="37.566770" lon="127.000671">
      <ele>32.0</ele>
      <time>2026-07-20T19:28:45.000Z</time>
      <extensions><gpxtpx:TrackPointExtension><gpxtpx:hr>141</gpxtpx:hr></gpxtpx:TrackPointExtension></extensions>
    </trkpt>
    <trkpt lat="37.566750" lon="127.000623">
      <ele>32.0</ele>
      <time>2026-07-20T19:28:46.000Z</time>
      <extensions><gpxtpx:TrackPointExtension><gpxtpx:hr>142</gpxtpx:hr></gpxtpx:TrackPointExtension></extensions>
    </trkpt>
    <trkpt lat="37.566719" lon="127.000566">
      <ele>32.0</ele>
      <time>2026-07-20T19:28:47.000Z</time>
      <extensions><gpxtpx:TrackPointExtension><gpxtpx:hr>143</gpxtpx:hr></gpxtpx:TrackPointExtension></extensions>
    </trkpt>
    <trkpt lat="37.566686" lon="127.000518">
      <ele>32.0</ele>
      <time>2026-07-20T19:28:48.000Z</time>
      <extensions><gpxtpx:TrackPointExtension><gpxtpx:hr>144</gpxtpx:hr></gpxtpx:TrackPointExtension></extensions>
    </trkpt>
    <trkpt lat="37.566656" lon="127.000479">
      <ele>32.0</ele>
      <time>2026-07-20T19:28:49.000Z</time>
      <extensions><gpxtpx:TrackPointExtension><gpxtpx:hr>145</gpxtpx:hr></gpxtpx:TrackPointExtension></extensions>
    </trkpt>
    <trkpt lat="37.566638" lon="127.000432">
      <ele>32.0</ele>
      <time>2026-07-20T19:28:50.000Z</time>
      <extensions><gpxtpx:TrackPointExtension><gpxtpx:hr>145</gpxtpx:hr></gpxtpx:TrackPointExtension></extensions>
    </trkpt>
    <trkpt lat="37.566668" lon="127.000485">
      <ele>32.0</ele>
      <time>2026-07-20T19:28:51.000Z</time>
      <extensions><gpxtpx:TrackPointExtension><gpxtpx:hr>146</gpxtpx:hr></gpxtpx:TrackPointExtension></extensions>
    </trkpt>
    <trkpt lat="37.566680" lon="127.000490">
      <ele>32.0</ele>
      <time>2026-07-20T19:28:52.000Z</time>
      <extensions><gpxtpx:TrackPointExtension><gpxtpx:hr>146</gpxtpx:hr></gpxtpx:TrackPointExtension></extensions>
    </trkpt>
    <trkpt lat="37.566672" lon="127.000498">
      <ele>32.0</ele>
      <time>2026-07-20T19:28:53.000Z</time>
      <extensions><gpxtpx:TrackPointExtension><gpxtpx:hr>145</gpxtpx:hr></gpxtpx:TrackPointExtension></extensions>
    </trkpt>
    <trkpt lat="37.566680" lon="127.000504">
      <ele>32.0</ele>
      <time>2026-07-20T19:28:54.000Z</time>
      <extensions><gpxtpx:TrackPointExtension><gpxtpx:hr>143</gpxtpx:hr></gpxtpx:TrackPointExtension></extensions>
    </trkpt>
    <trkpt lat="37.566673" lon="127.000492">
      <ele>32.0</ele>
      <time>2026-07-20T19:28:55.000Z</time>
      <extensions><gpxtpx:TrackPointExtension><gpxtpx:hr>142</gpxtpx:hr></gpxtpx:TrackPointExtension></extensions>
    </trkpt>
    <trkpt lat="37.566672" lon="127.000472">
      <ele>32.0</ele>
      <time>2026-07-20T19:28:56.000Z</time>
      <extensions><gpxtpx:TrackPointExtension><gpxtpx:hr>142</gpxtpx:hr></gpxtpx:TrackPointExtension></extensions>
    </trkpt>
    <trkpt lat="37.566667" lon="127.000465">
      <ele>32.0</ele>
      <time>2026-07-20T19:28:57.000Z</time>
      <extensions><gpxtpx:TrackPointExtension><gpxtpx:hr>141</gpxtpx:hr></gpxtpx:TrackPointExtension></extensions>
    </trkpt>
    <trkpt lat="37.566665" lon="127.000438">
      <ele>32.0</ele>
      <time>2026-07-20T19:28:58.000Z</time>
      <extensions><gpxtpx:TrackPointExtension><gpxtpx:hr>140</gpxtpx:hr></gpxtpx:TrackPointExtension></extensions>
    </trkpt>
    <trkpt lat="37.566662" lon="127.000426">
      <ele>32.0</ele>
      <time>2026-07-20T19:28:59.000Z</time>
      <extensions><gpxtpx:TrackPointExtension><gpxtpx:hr>140</gpxtpx:hr></gpxtpx:TrackPointExtension></extensions>
    </trkpt>
    <trkpt lat="37.566653" lon="127.000413">
      <ele>32.0</ele>
      <time>2026-07-20T19:29:00.000Z</time>
      <extensions><gpxtpx:TrackPointExtension><gpxtpx:hr>139</gpxtpx:hr></gpxtpx:TrackPointExtension></extensions>
    </trkpt>
    <trkpt lat="37.566642" lon="127.000394">
      <ele>32.0</ele>
      <time>2026-07-20T19:29:01.000Z</time>
      <extensions><gpxtpx:TrackPointExtension><gpxtpx:hr>139</gpxtpx:hr></gpxtpx:TrackPointExtension></extensions>
    </trkpt>
    <trkpt lat="37.566642" lon="127.000366">
      <ele>32.0</ele>
      <time>2026-07-20T19:29:02.000Z</time>
      <extensions><gpxtpx:TrackPointExtension><gpxtpx:hr>139</gpxtpx:hr></gpxtpx:TrackPointExtension></extensions>
    </trkpt>
    <trkpt lat="37.566644" lon="127.000361">
      <ele>32.0</ele>
      <time>2026-07-20T19:29:03.000Z</time>
      <extensions><gpxtpx:TrackPointExtension><gpxtpx:hr>138</gpxtpx:hr></gpxtpx:TrackPointExtension></extensions>
    </trkpt>
    <trkpt lat="37.566639" lon="127.000329">
      <ele>32.0</ele>
      <time>2026-07-20T19:29:04.000Z</time>
      <extensions><gpxtpx:TrackPointExtension><gpxtpx:hr>138</gpxtpx:hr></gpxtpx:TrackPointExtension></extensions>
    </trkpt>
    <trkpt lat="37.566636" lon="127.000292">
      <ele>32.0</ele>
      <time>2026-07-20T19:29:05.000Z</time>
      <extensions><gpxtpx:TrackPointExtension><gpxtpx:hr>138</gpxtpx:hr></gpxtpx:TrackPointExtension></extensions>
    </trkpt>
    <trkpt lat="37.566640" lon="127.000264">
      <ele>32.0</ele>
      <time>2026-07-20T19:29:06.000Z</time>
      <extensions><gpxtpx:TrackPointExtension><gpxtpx:hr>138</gpxtpx:hr></gpxtpx:TrackPointExtension></extensions>
    </trkpt>
    <trkpt lat="37.566646" lon="127.000230">
      <ele>32.0</ele>
      <time>2026-07-20T19:29:07.000Z</time>
      <extensions><gpxtpx:TrackPointExtension><gpxtpx:hr>138</gpxtpx:hr></gpxtpx:TrackPointExtension></extensions>
    </trkpt>
    <trkpt lat="37.566667" lon="127.000232">
      <ele>32.0</ele>
      <time>2026-07-20T19:29:08.000Z</time>
      <extensions><gpxtpx:TrackPointExtension><gpxtpx:hr>139</gpxtpx:hr></gpxtpx:TrackPointExtension></extensions>
    </trkpt>
    <trkpt lat="37.566708" lon="127.000230">
      <ele>32.0</ele>
      <time>2026-07-20T19:29:09.000Z</time>
      <extensions><gpxtpx:TrackPointExtension><gpxtpx:hr>139</gpxtpx:hr></gpxtpx:TrackPointExtension></extensions>
    </trkpt>
    <trkpt lat="37.566737" lon="127.000235">
      <ele>32.0</ele>
      <time>2026-07-20T19:29:10.000Z</time>
      <extensions><gpxtpx:TrackPointExtension><gpxtpx:hr>139</gpxtpx:hr></gpxtpx:TrackPointExtension></extensions>
    </trkpt>
    <trkpt lat="37.566770" lon="127.000247">
      <ele>32.0</ele>
      <time>2026-07-20T19:29:11.000Z</time>
      <extensions><gpxtpx:TrackPointExtension><gpxtpx:hr>140</gpxtpx:hr></gpxtpx:TrackPointExtension></extensions>
    </trkpt>
    <trkpt lat="37.566795" lon="127.000254">
      <ele>32.0</ele>
      <time>2026-07-20T19:29:12.000Z</time>
      <extensions><gpxtpx:TrackPointExtension><gpxtpx:hr>140</gpxtpx:hr></gpxtpx:TrackPointExtension></extensions>
    </trkpt>
    <trkpt lat="37.566829" lon="127.000265">
      <ele>32.0</ele>
      <time>2026-07-20T19:29:13.000Z</time>
      <extensions><gpxtpx:TrackPointExtension><gpxtpx:hr>140</gpxtpx:hr></gpxtpx:TrackPointExtension></extensions>
    </trkpt>
    <trkpt lat="37.566861" lon="127.000265">
      <ele>32.0</ele>
      <time>2026-07-20T19:29:14.000Z</time>
      <extensions><gpxtpx:TrackPointExtension><gpxtpx:hr>140</gpxtpx:hr></gpxtpx:TrackPointExtension></extensions>
    </trkpt>
    <trkpt lat="37.566890" lon="127.000272">
      <ele>32.0</ele>
      <time>2026-07-20T19:29:15.000Z</time>
      <extensions><gpxtpx:TrackPointExtension><gpxtpx:hr>141</gpxtpx:hr></gpxtpx:TrackPointExtension></extensions>
    </trkpt>
    <trkpt lat="37.566912" lon="127.000272">
      <ele>32.0</ele>
      <time>2026-07-20T19:29:16.000Z</time>
      <extensions><gpxtpx:TrackPointExtension><gpxtpx:hr>141</gpxtpx:hr></gpxtpx:TrackPointExtension></extensions>
    </trkpt>
    <trkpt lat="37.566910" lon="127.000272">
      <ele>32.0</ele>
      <time>2026-07-20T19:29:17.000Z</time>
      <extensions><gpxtpx:TrackPointExtension><gpxtpx:hr>140</gpxtpx:hr></gpxtpx:TrackPointExtension></extensions>
    </trkpt>
    <trkpt lat="37.566897" lon="127.000284">
      <ele>32.0</ele>
      <time>2026-07-20T19:29:18.000Z</time>
      <extensions><gpxtpx:TrackPointExtension><gpxtpx:hr>139</gpxtpx:hr></gpxtpx:TrackPointExtension></extensions>
    </trkpt>
    <trkpt lat="37.566895" lon="127.000273">
      <ele>32.0</ele>
      <time>2026-07-20T19:29:19.000Z</time>
      <extensions><gpxtpx:TrackPointExtension><gpxtpx:hr>138</gpxtpx:hr></gpxtpx:TrackPointExtension></extensions>
    </trkpt>
    <trkpt lat="37.566896" lon="127.000284">
      <ele>32.0</ele>
      <time>2026-07-20T19:29:20.000Z</time>
      <extensions><gpxtpx:TrackPointExtension><gpxtpx:hr>137</gpxtpx:hr></gpxtpx:TrackPointExtension></extensions>
    </trkpt>
    <trkpt lat="37.566900" lon="127.000289">
      <ele>32.0</ele>
      <time>2026-07-20T19:29:21.000Z</time>
      <extensions><gpxtpx:TrackPointExtension><gpxtpx:hr>136</gpxtpx:hr></gpxtpx:TrackPointExtension></extensions>
    </trkpt>
    <trkpt lat="37.566892" lon="127.000304">
      <ele>32.0</ele>
      <time>2026-07-20T19:29:22.000Z</time>
      <extensions><gpxtpx:TrackPointExtension><gpxtpx:hr>136</gpxtpx:hr></gpxtpx:TrackPointExtension></extensions>
    </trkpt>
    <trkpt lat="37.566890" lon="127.000334">
      <ele>32.0</ele>
      <time>2026-07-20T19:29:23.000Z</time>
      <extensions><gpxtpx:TrackPointExtension><gpxtpx:hr>136</gpxtpx:hr></gpxtpx:TrackPointExtension></extensions>
    </trkpt>
    <trkpt lat="37.566898" lon="127.000339">
      <ele>32.0</ele>
      <time>2026-07-20T19:29:24.000Z</time>
      <extensions><gpxtpx:TrackPointExtension><gpxtpx:hr>135</gpxtpx:hr></gpxtpx:TrackPointExtension></extensions>
    </trkpt>
    <trkpt lat="37.566887" lon="127.000364">
      <ele>32.0</ele>
      <time>2026-07-20T19:29:25.000Z</time>
      <extensions><gpxtpx:TrackPointExtension><gpxtpx:hr>135</gpxtpx:hr></gpxtpx:TrackPointExtension></extensions>
    </trkpt>
    <trkpt lat="37.566897" lon="127.000380">
      <ele>32.0</ele>
      <time>2026-07-20T19:29:26.000Z</time>
      <extensions><gpxtpx:TrackPointExtension><gpxtpx:hr>134</gpxtpx:hr></gpxtpx:TrackPointExtension></extensions>
    </trkpt>
    <trkpt lat="37.566891" lon="127.000402">
      <ele>32.0</ele>
      <time>2026-07-20T19:29:27.000Z</time>
      <extensions><gpxtpx:TrackPointExtension><gpxtpx:hr>134</gpxtpx:hr></gpxtpx:TrackPointExtension></extensions>
    </trkpt>
    <trkpt lat="37.566895" lon="127.000416">
      <ele>32.0</ele>
      <time>2026-07-20T19:29:28.000Z</time>
      <extensions><gpxtpx:TrackPointExtension><gpxtpx:hr>134</gpxtpx:hr></gpxtpx:TrackPointExtension></extensions>
    </trkpt>
    <trkpt lat="37.566882" lon="127.000442">
      <ele>32.0</ele>
      <time>2026-07-20T19:29:29.000Z</time>
      <extensions><gpxtpx:TrackPointExtension><gpxtpx:hr>134</gpxtpx:hr></gpxtpx:TrackPointExtension></extensions>
    </trkpt>
    <trkpt lat="37.566869" lon="127.000471">
      <ele>32.0</ele>
      <time>2026-07-20T19:29:30.000Z</time>
      <extensions><gpxtpx:TrackPointExtension><gpxtpx:hr>134</gpxtpx:hr></gpxtpx:TrackPointExtension></extensions>
    </trkpt>
    <trkpt lat="37.566870" lon="127.000514">
      <ele>32.0</ele>
      <time>2026-07-20T19:29:31.000Z</time>
      <extensions><gpxtpx:TrackPointExtension><gpxtpx:hr>135</gpxtpx:hr></gpxtpx:TrackPointExtension></extensions>
    </trkpt>
    <trkpt lat="37.566855" lon="127.000535">
      <ele>32.0</ele>
      <time>2026-07-20T19:29:32.000Z</time>
      <extensions><gpxtpx:TrackPointExtension><gpxtpx:hr>135</gpxtpx:hr></gpxtpx:TrackPointExtension></extensions>
    </trkpt>
    <trkpt lat="37.566840" lon="127.000578">
      <ele>32.0</ele>
      <time>2026-07-20T19:29:33.000Z</time>
      <extensions><gpxtpx:TrackPointExtension><gpxtpx:hr>136</gpxtpx:hr></gpxtpx:TrackPointExtension></extensions>
    </trkpt>
    <trkpt lat="37.566828" lon="127.000602">
      <ele>32.0</ele>
      <time>2026-07-20T19:29:34.000Z</time>
      <extensions><gpxtpx:TrackPointExtension><gpxtpx:hr>136</gpxtpx:hr></gpxtpx:TrackPointExtension></extensions>
    </trkpt>
    <trkpt lat="37.566826" lon="127.000639">
      <ele>32.0</ele>
      <time>2026-07-20T19:29:35.000Z</time>
      <extensions><gpxtpx:TrackPointExtension><gpxtpx:hr>137</gpxtpx:hr></gpxtpx:TrackPointExtension></extensions>
    </trkpt>
    <trkpt lat="37.566814" lon="127.000677">
      <ele>32.0</ele>
      <time>2026-07-20T19:29:36.000Z</time>
      <extensions><gpxtpx:TrackPointExtension><gpxtpx:hr>137</gpxtpx:hr></gpxtpx:TrackPointExtension></extensions>
    </trkpt>
    <trkpt lat="37.566829" lon="127.000662">
      <ele>32.0</ele>
      <time>2026-07-20T19:29:37.000Z</time>
      <extensions><gpxtpx:TrackPointExtension><gpxtpx:hr>137</gpxtpx:hr></gpxtpx:TrackPointExtension></extensions>
    </trkpt>
    <trkpt lat="37.566842" lon="127.000643">
      <ele>32.0</ele>
      <time>2026-07-20T19:29:38.000Z</time>
      <extensions><gpxtpx:TrackPointExtension><gpxtpx:hr>137</gpxtpx:hr></gpxtpx:TrackPointExtension></extensions>
    </trkpt>
    <trkpt lat="37.566860" lon="127.000625">
      <ele>32.0</ele>
      <time>2026-07-20T19:29:39.000Z</time>
      <extensions><gpxtpx:TrackPointExtension><gpxtpx:hr>137</gpxtpx:hr></gpxtpx:TrackPointExtension></extensions>
    </trkpt>
    <trkpt lat="37.566875" lon="127.000618">
      <ele>32.0</ele>
      <time>2026-07-20T19:29:40.000Z</time>
      <extensions><gpxtpx:TrackPointExtension><gpxtpx:hr>137</gpxtpx:hr></gpxtpx:TrackPointExtension></extensions>
    </trkpt>
    <trkpt lat="37.566881" lon="127.000597">
      <ele>32.0</ele>
      <time>2026-07-20T19:29:41.000Z</time>
      <extensions><gpxtpx:TrackPointExtension><gpxtpx:hr>136</gpxtpx:hr></gpxtpx:TrackPointExtension></extensions>
    </trkpt>
    <trkpt lat="37.566890" lon="127.000594">
      <ele>32.0</ele>
      <time>2026-07-20T19:29:42.000Z</time>
      <extensions><gpxtpx:TrackPointExtension><gpxtpx:hr>136</gpxtpx:hr></gpxtpx:TrackPointExtension></extensions>
    </trkpt>
    <trkpt lat="37.566893" lon="127.000589">
      <ele>32.0</ele>
      <time>2026-07-20T19:29:43.000Z</time>
      <extensions><gpxtpx:TrackPointExtension><gpxtpx:hr>136</gpxtpx:hr></gpxtpx:TrackPointExtension></extensions>
    </trkpt>
    <trkpt lat="37.566890" lon="127.000557">
      <ele>32.0</ele>
      <time>2026-07-20T19:29:44.000Z</time>
      <extensions><gpxtpx:TrackPointExtension><gpxtpx:hr>136</gpxtpx:hr></gpxtpx:TrackPointExtension></extensions>
    </trkpt>
    <trkpt lat="37.566906" lon="127.000532">
      <ele>32.0</ele>
      <time>2026-07-20T19:29:45.000Z</time>
      <extensions><gpxtpx:TrackPointExtension><gpxtpx:hr>136</gpxtpx:hr></gpxtpx:TrackPointExtension></extensions>
    </trkpt>
    <trkpt lat="37.566911" lon="127.000490">
      <ele>32.0</ele>
      <time>2026-07-20T19:29:46.000Z</time>
      <extensions><gpxtpx:TrackPointExtension><gpxtpx:hr>136</gpxtpx:hr></gpxtpx:TrackPointExtension></extensions>
    </trkpt>
    <trkpt lat="37.566920" lon="127.000463">
      <ele>32.0</ele>
      <time>2026-07-20T19:29:47.000Z</time>
      <extensions><gpxtpx:TrackPointExtension><gpxtpx:hr>137</gpxtpx:hr></gpxtpx:TrackPointExtension></extensions>
    </trkpt>
    <trkpt lat="37.566930" lon="127.000418">
      <ele>32.0</ele>
      <time>2026-07-20T19:29:48.000Z</time>
      <extensions><gpxtpx:TrackPointExtension><gpxtpx:hr>137</gpxtpx:hr></gpxtpx:TrackPointExtension></extensions>
    </trkpt>
    <trkpt lat="37.566938" lon="127.000391">
      <ele>32.0</ele>
      <time>2026-07-20T19:29:49.000Z</time>
      <extensions><gpxtpx:TrackPointExtension><gpxtpx:hr>137</gpxtpx:hr></gpxtpx:TrackPointExtension></extensions>
    </trkpt>
    <trkpt lat="37.566941" lon="127.000364">
      <ele>32.0</ele>
      <time>2026-07-20T19:29:50.000Z</time>
      <extensions><gpxtpx:TrackPointExtension><gpxtpx:hr>137</gpxtpx:hr></gpxtpx:TrackPointExtension></extensions>
    </trkpt>
    <trkpt lat="37.566947" lon="127.000323">
      <ele>32.0</ele>
      <time>2026-07-20T19:29:51.000Z</time>
      <extensions><gpxtpx:TrackPointExtension><gpxtpx:hr>138</gpxtpx:hr></gpxtpx:TrackPointExtension></extensions>
    </trkpt>
    <trkpt lat="37.566953" lon="127.000291">
      <ele>32.0</ele>
      <time>2026-07-20T19:29:52.000Z</time>
      <extensions><gpxtpx:TrackPointExtension><gpxtpx:hr>138</gpxtpx:hr></gpxtpx:TrackPointExtension></extensions>
    </trkpt>
    <trkpt lat="37.566965" lon="127.000250">
      <ele>32.0</ele>
      <time>2026-07-20T19:29:53.000Z</time>
      <extensions><gpxtpx:TrackPointExtension><gpxtpx:hr>138</gpxtpx:hr></gpxtpx:TrackPointExtension></extensions>
    </trkpt>
    <trkpt lat="37.566969" lon="127.000209">
      <ele>32.0</ele>
      <time>2026-07-20T19:29:54.000Z</time>
      <extensions><gpxtpx:TrackPointExtension><gpxtpx:hr>139</gpxtpx:hr></gpxtpx:TrackPointExtension></extensions>
    </trkpt>
    <trkpt lat="37.566954" lon="127.000266">
      <ele>32.0</ele>
      <time>2026-07-20T19:29:55.000Z</time>
      <extensions><gpxtpx:TrackPointExtension><gpxtpx:hr>140</gpxtpx:hr></gpxtpx:TrackPointExtension></extensions>
    </trkpt>
    <trkpt lat="37.566938" lon="127.000313">
      <ele>32.0</ele>
      <time>2026-07-20T19:29:56.000Z</time>
      <extensions><gpxtpx:TrackPointExtension><gpxtpx:hr>141</gpxtpx:hr></gpxtpx:TrackPointExtension></extensions>
    </trkpt>
    <trkpt lat="37.566919" lon="127.000367">
      <ele>32.0</ele>
      <time>2026-07-20T19:29:57.000Z</time>
      <extensions><gpxtpx:TrackPointExtension><gpxtpx:hr>141</gpxtpx:hr></gpxtpx:TrackPointExtension></extensions>
    </trkpt>
    <trkpt lat="37.566905" lon="127.000415">
      <ele>32.0</ele>
      <time>2026-07-20T19:29:58.000Z</time>
      <extensions><gpxtpx:TrackPointExtension><gpxtpx:hr>142</gpxtpx:hr></gpxtpx:TrackPointExtension></extensions>
    </trkpt>
    <trkpt lat="37.566887" lon="127.000472">
      <ele>32.0</ele>
      <time>2026-07-20T19:29:59.000Z</time>
      <extensions><gpxtpx:TrackPointExtension><gpxtpx:hr>143</gpxtpx:hr></gpxtpx:TrackPointExtension></extensions>
    </trkpt>
    <trkpt lat="37.566878" lon="127.000512">
      <ele>32.0</ele>
      <time>2026-07-20T19:30:00.000Z</time>
      <extensions><gpxtpx:TrackPointExtension><gpxtpx:hr>143</gpxtpx:hr></gpxtpx:TrackPointExtension></extensions>
    </trkpt>
    <trkpt lat="37.566860" lon="127.000557">
      <ele>32.0</ele>
      <time>2026-07-20T19:30:01.000Z</time>
      <extensions><gpxtpx:TrackPointExtension><gpxtpx:hr>144</gpxtpx:hr></gpxtpx:TrackPointExtension></extensions>
    </trkpt>
    <trkpt lat="37.566856" lon="127.000589">
      <ele>32.0</ele>
      <time>2026-07-20T19:30:02.000Z</time>
      <extensions><gpxtpx:TrackPointExtension><gpxtpx:hr>144</gpxtpx:hr></gpxtpx:TrackPointExtension></extensions>
    </trkpt>
    <trkpt lat="37.566835" lon="127.000629">
      <ele>32.0</ele>
      <time>2026-07-20T19:30:03.000Z</time>
      <extensions><gpxtpx:TrackPointExtension><gpxtpx:hr>144</gpxtpx:hr></gpxtpx:TrackPointExtension></extensions>
    </trkpt>
    <trkpt lat="37.566835" lon="127.000664">
      <ele>32.0</ele>
      <time>2026-07-20T19:30:04.000Z</time>
      <extensions><gpxtpx:TrackPointExtension><gpxtpx:hr>144</gpxtpx:hr></gpxtpx:TrackPointExtension></extensions>
    </trkpt>
    <trkpt lat="37.566815" lon="127.000670">
      <ele>32.0</ele>
      <time>2026-07-20T19:30:05.000Z</time>
      <extensions><gpxtpx:TrackPointExtension><gpxtpx:hr>143</gpxtpx:hr></gpxtpx:TrackPointExtension></extensions>
    </trkpt>
    <trkpt lat="37.566818" lon="127.000666">
      <ele>32.0</ele>
      <time>2026-07-20T19:30:06.000Z</time>
      <extensions><gpxtpx:TrackPointExtension><gpxtpx:hr>142</gpxtpx:hr></gpxtpx:TrackPointExtension></extensions>
    </trkpt>
    <trkpt lat="37.566806" lon="127.000659">
      <ele>32.0</ele>
      <time>2026-07-20T19:30:07.000Z</time>
      <extensions><gpxtpx:TrackPointExtension><gpxtpx:hr>141</gpxtpx:hr></gpxtpx:TrackPointExtension></extensions>
    </trkpt>
    <trkpt lat="37.566805" lon="127.000662">
      <ele>32.0</ele>
      <time>2026-07-20T19:30:08.000Z</time>
      <extensions><gpxtpx:TrackPointExtension><gpxtpx:hr>140</gpxtpx:hr></gpxtpx:TrackPointExtension></extensions>
    </trkpt>
    <trkpt lat="37.566805" lon="127.000665">
      <ele>32.0</ele>
      <time>2026-07-20T19:30:09.000Z</time>
      <extensions><gpxtpx:TrackPointExtension><gpxtpx:hr>139</gpxtpx:hr></gpxtpx:TrackPointExtension></extensions>
    </trkpt>
    <trkpt lat="37.566801" lon="127.000656">
      <ele>32.0</ele>
      <time>2026-07-20T19:30:10.000Z</time>
      <extensions><gpxtpx:TrackPointExtension><gpxtpx:hr>137</gpxtpx:hr></gpxtpx:TrackPointExtension></extensions>
    </trkpt>
    <trkpt lat="37.566817" lon="127.000675">
      <ele>32.0</ele>
      <time>2026-07-20T19:30:11.000Z</time>
      <extensions><gpxtpx:TrackPointExtension><gpxtpx:hr>137</gpxtpx:hr></gpxtpx:TrackPointExtension></extensions>
    </trkpt>
    <trkpt lat="37.566821" lon="127.000680">
      <ele>32.0</ele>
      <time>2026-07-20T19:30:12.000Z</time>
      <extensions><gpxtpx:TrackPointExtension><gpxtpx:hr>136</gpxtpx:hr></gpxtpx:TrackPointExtension></extensions>
    </trkpt>
    <trkpt lat="37.566816" lon="127.000689">
      <ele>32.0</ele>
      <time>2026-07-20T19:30:13.000Z</time>
      <extensions><gpxtpx:TrackPointExtension><gpxtpx:hr>136</gpxtpx:hr></gpxtpx:TrackPointExtension></extensions>
    </trkpt>
    <trkpt lat="37.566832" lon="127.000701">
      <ele>32.0</ele>
      <time>2026-07-20T19:30:14.000Z</time>
      <extensions><gpxtpx:TrackPointExtension><gpxtpx:hr>135</gpxtpx:hr></gpxtpx:TrackPointExtension></extensions>
    </trkpt>
    <trkpt lat="37.566832" lon="127.000720">
      <ele>32.0</ele>
      <time>2026-07-20T19:30:15.000Z</time>
      <extensions><gpxtpx:TrackPointExtension><gpxtpx:hr>135</gpxtpx:hr></gpxtpx:TrackPointExtension></extensions>
    </trkpt>
    <trkpt lat="37.566838" lon="127.000746">
      <ele>32.0</ele>
      <time>2026-07-20T19:30:16.000Z</time>
      <extensions><gpxtpx:TrackPointExtension><gpxtpx:hr>135</gpxtpx:hr></gpxtpx:TrackPointExtension></extensions>
    </trkpt>
    <trkpt lat="37.566841" lon="127.000755">
      <ele>32.0</ele>
      <time>2026-07-20T19:30:17.000Z</time>
      <extensions><gpxtpx:TrackPointExtension><gpxtpx:hr>135</gpxtpx:hr></gpxtpx:TrackPointExtension></extensions>
    </trkpt>
    <trkpt lat="37.566848" lon="127.000773">
      <ele>32.0</ele>
      <time>2026-07-20T19:30:18.000Z</time>
      <extensions><gpxtpx:TrackPointExtension><gpxtpx:hr>134</gpxtpx:hr></gpxtpx:TrackPointExtension></extensions>
    </trkpt>
    <trkpt lat="37.566854" lon="127.000791">
      <ele>32.0</ele>
      <time>2026-07-20T19:30:19.000Z</time>
      <extensions><gpxtpx:TrackPointExtension><gpxtpx:hr>134</gpxtpx:hr></gpxtpx:TrackPointExtension></extensions>
    </trkpt>
    <trkpt lat="37.566867" lon="127.000816">
      <ele>32.0</ele>
      <time>2026-07-20T19:30:20.000Z</time>
      <extensions><gpxtpx:TrackPointExtension><gpxtpx:hr>134</gpxtpx:hr></gpxtpx:TrackPointExtension></extensions>
    </trkpt>
    <trkpt lat="37.566870" lon="127.000800">
      <ele>32.0</ele>
      <time>2026-07-20T19:30:21.000Z</time>
      <extensions><gpxtpx:TrackPointExtension><gpxtpx:hr>133</gpxtpx:hr></gpxtpx:TrackPointExtension></extensions>
    </trkpt>
    <trkpt lat="37.566869" lon="127.000801">
      <ele>32.0</ele>
      <time>2026-07-20T19:30:22.000Z</time>
      <extensions><gpxtpx:TrackPointExtension><gpxtpx:hr>132</gpxtpx:hr></gpxtpx:TrackPointExtension></extensions>
    </trkpt>
    <trkpt lat="37.566876" lon="127.000792">
      <ele>32.0</ele>
      <time>2026-07-20T19:30:23.000Z</time>
      <extensions><gpxtpx:TrackPointExtension><gpxtpx:hr>132</gpxtpx:hr></gpxtpx:TrackPointExtension></extensions>
    </trkpt>
    <trkpt lat="37.566865" lon="127.000800">
      <ele>32.0</ele>
      <time>2026-07-20T19:30:24.000Z</time>
      <extensions><gpxtpx:TrackPointExtension><gpxtpx:hr>131</gpxtpx:hr></gpxtpx:TrackPointExtension></extensions>
    </trkpt>
    <trkpt lat="37.566890" lon="127.000757">
      <ele>32.0</ele>
      <time>2026-07-20T19:30:25.000Z</time>
      <extensions><gpxtpx:TrackPointExtension><gpxtpx:hr>132</gpxtpx:hr></gpxtpx:TrackPointExtension></extensions>
    </trkpt>
    <trkpt lat="37.566920" lon="127.000729">
      <ele>32.0</ele>
      <time>2026-07-20T19:30:26.000Z</time>
      <extensions><gpxtpx:TrackPointExtension><gpxtpx:hr>133</gpxtpx:hr></gpxtpx:TrackPointExtension></extensions>
    </trkpt>
    <trkpt lat="37.566964" lon="127.000686">
      <ele>32.0</ele>
      <time>2026-07-20T19:30:27.000Z</time>
      <extensions><gpxtpx:TrackPointExtension><gpxtpx:hr>134</gpxtpx:hr></gpxtpx:TrackPointExtension></extensions>
    </trkpt>
    <trkpt lat="37.567001" lon="127.000637">
      <ele>32.0</ele>
      <time>2026-07-20T19:30:28.000Z</time>
      <extensions><gpxtpx:TrackPointExtension><gpxtpx:hr>136</gpxtpx:hr></gpxtpx:TrackPointExtension></extensions>
    </trkpt>
    <trkpt lat="37.567033" lon="127.000597">
      <ele>32.0</ele>
      <time>2026-07-20T19:30:29.000Z</time>
      <extensions><gpxtpx:TrackPointExtension><gpxtpx:hr>137</gpxtpx:hr></gpxtpx:TrackPointExtension></extensions>
    </trkpt>
    <trkpt lat="37.567055" lon="127.000561">
      <ele>32.0</ele>
      <time>2026-07-20T19:30:30.000Z</time>
      <extensions><gpxtpx:TrackPointExtension><gpxtpx:hr>138</gpxtpx:hr></gpxtpx:TrackPointExtension></extensions>
    </trkpt>
    <trkpt lat="37.567081" lon="127.000603">
      <ele>32.0</ele>
      <time>2026-07-20T19:30:31.000Z</time>
      <extensions><gpxtpx:TrackPointExtension><gpxtpx:hr>139</gpxtpx:hr></gpxtpx:TrackPointExtension></extensions>
    </trkpt>
    <trkpt lat="37.567054" lon="127.000568">
      <ele>32.0</ele>
      <time>2026-07-20T19:30:32.000Z</time>
      <extensions><gpxtpx:TrackPointExtension><gpxtpx:hr>140</gpxtpx:hr></gpxtpx:TrackPointExtension></extensions>
    </trkpt>
    <trkpt lat="37.567074" lon="127.000607">
      <ele>32.0</ele>
      <time>2026-07-20T19:30:33.000Z</time>
      <extensions><gpxtpx:TrackPointExtension><gpxtpx:hr>141</gpxtpx:hr></gpxtpx:TrackPointExtension></extensions>
    </trkpt>
    <trkpt lat="37.567056" lon="127.000558">
      <ele>32.0</ele>
      <time>2026-07-20T19:30:34.000Z</time>
      <extensions><gpxtpx:TrackPointExtension><gpxtpx:hr>142</gpxtpx:hr></gpxtpx:TrackPointExtension></extensions>
    </trkpt>
    <trkpt lat="37.567080" lon="127.000607">
      <ele>32.0</ele>
      <time>2026-07-20T19:30:35.000Z</time>
      <extensions><gpxtpx:TrackPointExtension><gpxtpx:hr>143</gpxtpx:hr></gpxtpx:TrackPointExtension></extensions>
    </trkpt>
    <trkpt lat="37.567063" lon="127.000534">
      <ele>32.0</ele>
      <time>2026-07-20T19:30:36.000Z</time>
      <extensions><gpxtpx:TrackPointExtension><gpxtpx:hr>144</gpxtpx:hr></gpxtpx:TrackPointExtension></extensions>
    </trkpt>
    <trkpt lat="37.567053" lon="127.000453">
      <ele>32.0</ele>
      <time>2026-07-20T19:30:37.000Z</time>
      <extensions><gpxtpx:TrackPointExtension><gpxtpx:hr>146</gpxtpx:hr></gpxtpx:TrackPointExtension></extensions>
    </trkpt>
    <trkpt lat="37.567046" lon="127.000386">
      <ele>32.0</ele>
      <time>2026-07-20T19:30:38.000Z</time>
      <extensions><gpxtpx:TrackPointExtension><gpxtpx:hr>147</gpxtpx:hr></gpxtpx:TrackPointExtension></extensions>
    </trkpt>
    <trkpt lat="37.567051" lon="127.000462">
      <ele>32.0</ele>
      <time>2026-07-20T19:30:39.000Z</time>
      <extensions><gpxtpx:TrackPointExtension><gpxtpx:hr>149</gpxtpx:hr></gpxtpx:TrackPointExtension></extensions>
    </trkpt>
    <trkpt lat="37.567058" lon="127.000546">
      <ele>32.0</ele>
      <time>2026-07-20T19:30:40.000Z</time>
      <extensions><gpxtpx:TrackPointExtension><gpxtpx:hr>151</gpxtpx:hr></gpxtpx:TrackPointExtension></extensions>
    </trkpt>
    <trkpt lat="37.567033" lon="127.000509">
      <ele>32.0</ele>
      <time>2026-07-20T19:30:41.000Z</time>
      <extensions><gpxtpx:TrackPointExtension><gpxtpx:hr>151</gpxtpx:hr></gpxtpx:TrackPointExtension></extensions>
    </trkpt>
    <trkpt lat="37.567011" lon="127.000476">
      <ele>32.0</ele>
      <time>2026-07-20T19:30:42.000Z</time>
      <extensions><gpxtpx:TrackPointExtension><gpxtpx:hr>151</gpxtpx:hr></gpxtpx:TrackPointExtension></extensions>
    </trkpt>
    <trkpt lat="37.566988" lon="127.000455">
      <ele>32.0</ele>
      <time>2026-07-20T19:30:43.000Z</time>
      <extensions><gpxtpx:TrackPointExtension><gpxtpx:hr>150</gpxtpx:hr></gpxtpx:TrackPointExtension></extensions>
    </trkpt>
    <trkpt lat="37.566977" lon="127.000443">
      <ele>32.0</ele>
      <time>2026-07-20T19:30:44.000Z</time>
      <extensions><gpxtpx:TrackPointExtension><gpxtpx:hr>149</gpxtpx:hr></gpxtpx:TrackPointExtension></extensions>
    </trkpt>
    <trkpt lat="37.566971" lon="127.000418">
      <ele>32.0</ele>
      <time>2026-07-20T19:30:45.000Z</time>
      <extensions><gpxtpx:TrackPointExtension><gpxtpx:hr>148</gpxtpx:hr></gpxtpx:TrackPointExtension></extensions>
    </trkpt>
    <trkpt lat="37.566957" lon="127.000407">
      <ele>32.0</ele>
      <time>2026-07-20T19:30:46.000Z</time>
      <extensions><gpxtpx:TrackPointExtension><gpxtpx:hr>148</gpxtpx:hr></gpxtpx:TrackPointExtension></extensions>
    </trkpt>
    <trkpt lat="37.566942" lon="127.000394">
      <ele>32.0</ele>
      <time>2026-07-20T19:30:47.000Z</time>
      <extensions><gpxtpx:TrackPointExtension><gpxtpx:hr>147</gpxtpx:hr></gpxtpx:TrackPointExtension></extensions>
    </trkpt>
    <trkpt lat="37.566931" lon="127.000370">
      <ele>32.0</ele>
      <time>2026-07-20T19:30:48.000Z</time>
      <extensions><gpxtpx:TrackPointExtension><gpxtpx:hr>146</gpxtpx:hr></gpxtpx:TrackPointExtension></extensions>
    </trkpt>
    <trkpt lat="37.566919" lon="127.000365">
      <ele>32.0</ele>
      <time>2026-07-20T19:30:49.000Z</time>
      <extensions><gpxtpx:TrackPointExtension><gpxtpx:hr>145</gpxtpx:hr></gpxtpx:TrackPointExtension></extensions>
    </trkpt>
    <trkpt lat="37.566931" lon="127.000323">
      <ele>32.0</ele>
      <time>2026-07-20T19:30:50.000Z</time>
      <extensions><gpxtpx:TrackPointExtension><gpxtpx:hr>145</gpxtpx:hr></gpxtpx:TrackPointExtension></extensions>
    </trkpt>
    <trkpt lat="37.566934" lon="127.000255">
      <ele>32.0</ele>
      <time>2026-07-20T19:30:51.000Z</time>
      <extensions><gpxtpx:TrackPointExtension><gpxtpx:hr>146</gpxtpx:hr></gpxtpx:TrackPointExtension></extensions>
    </trkpt>
    <trkpt lat="37.566946" lon="127.000201">
      <ele>32.0</ele>
      <time>2026-07-20T19:30:52.000Z</time>
      <extensions><gpxtpx:TrackPointExtension><gpxtpx:hr>147</gpxtpx:hr></gpxtpx:TrackPointExtension></extensions>
    </trkpt>
    <trkpt lat="37.566938" lon="127.000251">
      <ele>32.0</ele>
      <time>2026-07-20T19:30:53.000Z</time>
      <extensions><gpxtpx:TrackPointExtension><gpxtpx:hr>147</gpxtpx:hr></gpxtpx:TrackPointExtension></extensions>
    </trkpt>
    <trkpt lat="37.566947" lon="127.000197">
      <ele>32.0</ele>
      <time>2026-07-20T19:30:54.000Z</time>
      <extensions><gpxtpx:TrackPointExtension><gpxtpx:hr>148</gpxtpx:hr></gpxtpx:TrackPointExtension></extensions>
    </trkpt>
    <trkpt lat="37.566925" lon="127.000235">
      <ele>32.0</ele>
      <time>2026-07-20T19:30:55.000Z</time>
      <extensions><gpxtpx:TrackPointExtension><gpxtpx:hr>148</gpxtpx:hr></gpxtpx:TrackPointExtension></extensions>
    </trkpt>
    <trkpt lat="37.566899" lon="127.000260">
      <ele>32.0</ele>
      <time>2026-07-20T19:30:56.000Z</time>
      <extensions><gpxtpx:TrackPointExtension><gpxtpx:hr>148</gpxtpx:hr></gpxtpx:TrackPointExtension></extensions>
    </trkpt>
    <trkpt lat="37.566889" lon="127.000299">
      <ele>32.0</ele>
      <time>2026-07-20T19:30:57.000Z</time>
      <extensions><gpxtpx:TrackPointExtension><gpxtpx:hr>148</gpxtpx:hr></gpxtpx:TrackPointExtension></extensions>
    </trkpt>
    <trkpt lat="37.566858" lon="127.000329">
      <ele>32.0</ele>
      <time>2026-07-20T19:30:58.000Z</time>
      <extensions><gpxtpx:TrackPointExtension><gpxtpx:hr>148</gpxtpx:hr></gpxtpx:TrackPointExtension></extensions>
    </trkpt>
    <trkpt lat="37.566851" lon="127.000354">
      <ele>32.0</ele>
      <time>2026-07-20T19:30:59.000Z</time>
      <extensions><gpxtpx:TrackPointExtension><gpxtpx:hr>148</gpxtpx:hr></gpxtpx:TrackPointExtension></extensions>
    </trkpt>
    <trkpt lat="37.566832" lon="127.000413">
      <ele>32.0</ele>
      <time>2026-07-20T19:31:00.000Z</time>
      <extensions><gpxtpx:TrackPointExtension><gpxtpx:hr>149</gpxtpx:hr></gpxtpx:TrackPointExtension></extensions>
    </trkpt>
    <trkpt lat="37.566819" lon="127.000474">
      <ele>32.0</ele>
      <time>2026-07-20T19:31:01.000Z</time>
      <extensions><gpxtpx:TrackPointExtension><gpxtpx:hr>149</gpxtpx:hr></gpxtpx:TrackPointExtension></extensions>
    </trkpt>
    <trkpt lat="37.566798" lon="127.000523">
      <ele>32.0</ele>
      <time>2026-07-20T19:31:02.000Z</time>
      <extensions><gpxtpx:TrackPointExtension><gpxtpx:hr>150</gpxtpx:hr></gpxtpx:TrackPointExtension></extensions>
    </trkpt>
    <trkpt lat="37.566787" lon="127.000570">
      <ele>32.0</ele>
      <time>2026-07-20T19:31:03.000Z</time>
      <extensions><gpxtpx:TrackPointExtension><gpxtpx:hr>150</gpxtpx:hr></gpxtpx:TrackPointExtension></extensions>
    </trkpt>
    <trkpt lat="37.566767" lon="127.000636">
      <ele>32.0</ele>
      <time>2026-07-20T19:31:04.000Z</time>
      <extensions><gpxtpx:TrackPointExtension><gpxtpx:hr>150</gpxtpx:hr></gpxtpx:TrackPointExtension></extensions>
    </trkpt>
    <trkpt lat="37.566756" lon="127.000680">
      <ele>32.0</ele>
      <time>2026-07-20T19:31:05.000Z</time>
      <extensions><gpxtpx:TrackPointExtension><gpxtpx:hr>151</gpxtpx:hr></gpxtpx:TrackPointExtension></extensions>
    </trkpt>
    <trkpt lat="37.566744" lon="127.000738">
      <ele>32.0</ele>
      <time>2026-07-20T19:31:06.000Z</time>
      <extensions><gpxtpx:TrackPointExtension><gpxtpx:hr>151</gpxtpx:hr></gpxtpx:TrackPointExtension></extensions>
    </trkpt>
    <trkpt lat="37.566751" lon="127.000718">
      <ele>32.0</ele>
      <time>2026-07-20T19:31:07.000Z</time>
      <extensions><gpxtpx:TrackPointExtension><gpxtpx:hr>150</gpxtpx:hr></gpxtpx:TrackPointExtension></extensions>
    </trkpt>
    <trkpt lat="37.566751" lon="127.000701">
      <ele>32.0</ele>
      <time>2026-07-20T19:31:08.000Z</time>
      <extensions><gpxtpx:TrackPointExtension><gpxtpx:hr>149</gpxtpx:hr></gpxtpx:TrackPointExtension></extensions>
    </trkpt>
    <trkpt lat="37.566745" lon="127.000698">
      <ele>32.0</ele>
      <time>2026-07-20T19:31:09.000Z</time>
      <extensions><gpxtpx:TrackPointExtension><gpxtpx:hr>147</gpxtpx:hr></gpxtpx:TrackPointExtension></extensions>
    </trkpt>
    <trkpt lat="37.566749" lon="127.000706">
      <ele>32.0</ele>
      <time>2026-07-20T19:31:10.000Z</time>
      <extensions><gpxtpx:TrackPointExtension><gpxtpx:hr>146</gpxtpx:hr></gpxtpx:TrackPointExtension></extensions>
    </trkpt>
    <trkpt lat="37.566754" lon="127.000687">
      <ele>32.0</ele>
      <time>2026-07-20T19:31:11.000Z</time>
      <extensions><gpxtpx:TrackPointExtension><gpxtpx:hr>144</gpxtpx:hr></gpxtpx:TrackPointExtension></extensions>
    </trkpt>
    <trkpt lat="37.566752" lon="127.000694">
      <ele>32.0</ele>
      <time>2026-07-20T19:31:12.000Z</time>
      <extensions><gpxtpx:TrackPointExtension><gpxtpx:hr>143</gpxtpx:hr></gpxtpx:TrackPointExtension></extensions>
    </trkpt>
    <trkpt lat="37.566762" lon="127.000678">
      <ele>32.0</ele>
      <time>2026-07-20T19:31:13.000Z</time>
      <extensions><gpxtpx:TrackPointExtension><gpxtpx:hr>142</gpxtpx:hr></gpxtpx:TrackPointExtension></extensions>
    </trkpt>
    <trkpt lat="37.566765" lon="127.000640">
      <ele>32.0</ele>
      <time>2026-07-20T19:31:14.000Z</time>
      <extensions><gpxtpx:TrackPointExtension><gpxtpx:hr>142</gpxtpx:hr></gpxtpx:TrackPointExtension></extensions>
    </trkpt>
    <trkpt lat="37.566771" lon="127.000615">
      <ele>32.0</ele>
      <time>2026-07-20T19:31:15.000Z</time>
      <extensions><gpxtpx:TrackPointExtension><gpxtpx:hr>142</gpxtpx:hr></gpxtpx:TrackPointExtension></extensions>
    </trkpt>
    <trkpt lat="37.566785" lon="127.000588">
      <ele>32.0</ele>
      <time>2026-07-20T19:31:16.000Z</time>
      <extensions><gpxtpx:TrackPointExtension><gpxtpx:hr>142</gpxtpx:hr></gpxtpx:TrackPointExtension></extensions>
    </trkpt>
    <trkpt lat="37.566792" lon="127.000547">
      <ele>32.0</ele>
      <time>2026-07-20T19:31:17.000Z</time>
      <extensions><gpxtpx:TrackPointExtension><gpxtpx:hr>142</gpxtpx:hr></gpxtpx:TrackPointExtension></extensions>
    </trkpt>
    <trkpt lat="37.566786" lon="127.000542">
      <ele>32.0</ele>
      <time>2026-07-20T19:31:18.000Z</time>
      <extensions><gpxtpx:TrackPointExtension><gpxtpx:hr>141</gpxtpx:hr></gpxtpx:TrackPointExtension></extensions>
    </trkpt>
    <trkpt lat="37.566796" lon="127.000543">
      <ele>32.0</ele>
      <time>2026-07-20T19:31:19.000Z</time>
      <extensions><gpxtpx:TrackPointExtension><gpxtpx:hr>140</gpxtpx:hr></gpxtpx:TrackPointExtension></extensions>
    </trkpt>
    <trkpt lat="37.566800" lon="127.000534">
      <ele>32.0</ele>
      <time>2026-07-20T19:31:20.000Z</time>
      <extensions><gpxtpx:TrackPointExtension><gpxtpx:hr>139</gpxtpx:hr></gpxtpx:TrackPointExtension></extensions>
    </trkpt>
    <trkpt lat="37.566801" lon="127.000486">
      <ele>32.0</ele>
      <time>2026-07-20T19:31:21.000Z</time>
      <extensions><gpxtpx:TrackPointExtension><gpxtpx:hr>139</gpxtpx:hr></gpxtpx:TrackPointExtension></extensions>
    </trkpt>
    <trkpt lat="37.566815" lon="127.000431">
      <ele>32.0</ele>
      <time>2026-07-20T19:31:22.000Z</time>
      <extensions><gpxtpx:TrackPointExtension><gpxtpx:hr>140</gpxtpx:hr></gpxtpx:TrackPointExtension></extensions>
    </trkpt>
    <trkpt lat="37.566830" lon="127.000386">
      <ele>32.0</ele>
      <time>2026-07-20T19:31:23.000Z</time>
      <extensions><gpxtpx:TrackPointExtension><gpxtpx:hr>141</gpxtpx:hr></gpxtpx:TrackPointExtension></extensions>
    </trkpt>
    <trkpt lat="37.566831" lon="127.000318">
      <ele>32.0</ele>
      <time>2026-07-20T19:31:24.000Z</time>
      <extensions><gpxtpx:TrackPointExtension><gpxtpx:hr>142</gpxtpx:hr></gpxtpx:TrackPointExtension></extensions>
    </trkpt>
    <trkpt lat="37.566818" lon="127.000305">
      <ele>32.0</ele>
      <time>2026-07-20T19:31:25.000Z</time>
      <extensions><gpxtpx:TrackPointExtension><gpxtpx:hr>142</gpxtpx:hr></gpxtpx:TrackPointExtension></extensions>
    </trkpt>
    <trkpt lat="37.566815" lon="127.000310">
      <ele>32.0</ele>
      <time>2026-07-20T19:31:26.000Z</time>
      <extensions><gpxtpx:TrackPointExtension><gpxtpx:hr>140</gpxtpx:hr></gpxtpx:TrackPointExtension></extensions>
    </trkpt>
    <trkpt lat="37.566811" lon="127.000298">
      <ele>32.0</ele>
      <time>2026-07-20T19:31:27.000Z</time>
      <extensions><gpxtpx:TrackPointExtension><gpxtpx:hr>139</gpxtpx:hr></gpxtpx:TrackPointExtension></extensions>
    </trkpt>
    <trkpt lat="37.566810" lon="127.000305">
      <ele>32.0</ele>
      <time>2026-07-20T19:31:28.000Z</time>
      <extensions><gpxtpx:TrackPointExtension><gpxtpx:hr>138</gpxtpx:hr></gpxtpx:TrackPointExtension></extensions>
    </trkpt>
    <trkpt lat="37.566813" lon="127.000309">
      <ele>32.0</ele>
      <time>2026-07-20T19:31:29.000Z</time>
      <extensions><gpxtpx:TrackPointExtension><gpxtpx:hr>137</gpxtpx:hr></gpxtpx:TrackPointExtension></extensions>
    </trkpt>
    <trkpt lat="37.566806" lon="127.000306">
      <ele>32.0</ele>
      <time>2026-07-20T19:31:30.000Z</time>
      <extensions><gpxtpx:TrackPointExtension><gpxtpx:hr>136</gpxtpx:hr></gpxtpx:TrackPointExtension></extensions>
    </trkpt>
    <trkpt lat="37.566816" lon="127.000319">
      <ele>32.0</ele>
      <time>2026-07-20T19:31:31.000Z</time>
      <extensions><gpxtpx:TrackPointExtension><gpxtpx:hr>136</gpxtpx:hr></gpxtpx:TrackPointExtension></extensions>
    </trkpt>
    <trkpt lat="37.566807" lon="127.000343">
      <ele>32.0</ele>
      <time>2026-07-20T19:31:32.000Z</time>
      <extensions><gpxtpx:TrackPointExtension><gpxtpx:hr>136</gpxtpx:hr></gpxtpx:TrackPointExtension></extensions>
    </trkpt>
    <trkpt lat="37.566815" lon="127.000375">
      <ele>32.0</ele>
      <time>2026-07-20T19:31:33.000Z</time>
      <extensions><gpxtpx:TrackPointExtension><gpxtpx:hr>136</gpxtpx:hr></gpxtpx:TrackPointExtension></extensions>
    </trkpt>
    <trkpt lat="37.566808" lon="127.000399">
      <ele>32.0</ele>
      <time>2026-07-20T19:31:34.000Z</time>
      <extensions><gpxtpx:TrackPointExtension><gpxtpx:hr>136</gpxtpx:hr></gpxtpx:TrackPointExtension></extensions>
    </trkpt>
    <trkpt lat="37.566808" lon="127.000431">
      <ele>32.0</ele>
      <time>2026-07-20T19:31:35.000Z</time>
      <extensions><gpxtpx:TrackPointExtension><gpxtpx:hr>136</gpxtpx:hr></gpxtpx:TrackPointExtension></extensions>
    </trkpt>
    <trkpt lat="37.566814" lon="127.000468">
      <ele>32.0</ele>
      <time>2026-07-20T19:31:36.000Z</time>
      <extensions><gpxtpx:TrackPointExtension><gpxtpx:hr>136</gpxtpx:hr></gpxtpx:TrackPointExtension></extensions>
    </trkpt>
    <trkpt lat="37.566813" lon="127.000509">
      <ele>32.0</ele>
      <time>2026-07-20T19:31:37.000Z</time>
      <extensions><gpxtpx:TrackPointExtension><gpxtpx:hr>137</gpxtpx:hr></gpxtpx:TrackPointExtension></extensions>
    </trkpt>
    <trkpt lat="37.566820" lon="127.000543">
      <ele>32.0</ele>
      <time>2026-07-20T19:31:38.000Z</time>
      <extensions><gpxtpx:TrackPointExtension><gpxtpx:hr>137</gpxtpx:hr></gpxtpx:TrackPointExtension></extensions>
    </trkpt>
    <trkpt lat="37.566817" lon="127.000584">
      <ele>32.0</ele>
      <time>2026-07-20T19:31:39.000Z</time>
      <extensions><gpxtpx:TrackPointExtension><gpxtpx:hr>137</gpxtpx:hr></gpxtpx:TrackPointExtension></extensions>
    </trkpt>
    <trkpt lat="37.566819" lon="127.000624">
      <ele>32.0</ele>
      <time>2026-07-20T19:31:40.000Z</time>
      <extensions><gpxtpx:TrackPointExtension><gpxtpx:hr>138</gpxtpx:hr></gpxtpx:TrackPointExtension></extensions>
    </trkpt>
    <trkpt lat="37.566821" lon="127.000657">
      <ele>32.0</ele>
      <time>2026-07-20T19:31:41.000Z</time>
      <extensions><gpxtpx:TrackPointExtension><gpxtpx:hr>138</gpxtpx:hr></gpxtpx:TrackPointExtension></extensions>
    </trkpt>
    <trkpt lat="37.566829" lon="127.000695">
      <ele>32.0</ele>
      <time>2026-07-20T19:31:42.000Z</time>
      <extensions><gpxtpx:TrackPointExtension><gpxtpx:hr>138</gpxtpx:hr></gpxtpx:TrackPointExtension></extensions>
    </trkpt>
    <trkpt lat="37.566837" lon="127.000661">
      <ele>32.0</ele>
      <time>2026-07-20T19:31:43.000Z</time>
      <extensions><gpxtpx:TrackPointExtension><gpxtpx:hr>139</gpxtpx:hr></gpxtpx:TrackPointExtension></extensions>
    </trkpt>
    <trkpt lat="37.566841" lon="127.000630">
      <ele>32.0</ele>
      <time>2026-07-20T19:31:44.000Z</time>
      <extensions><gpxtpx:TrackPointExtension><gpxtpx:hr>139</gpxtpx:hr></gpxtpx:TrackPointExtension></extensions>
    </trkpt>
    <trkpt lat="37.566851" lon="127.000594">
      <ele>32.0</ele>
      <time>2026-07-20T19:31:45.000Z</time>
      <extensions><gpxtpx:TrackPointExtension><gpxtpx:hr>139</gpxtpx:hr></gpxtpx:TrackPointExtension></extensions>
    </trkpt>
    <trkpt lat="37.566861" lon="127.000553">
      <ele>32.0</ele>
      <time>2026-07-20T19:31:46.000Z</time>
      <extensions><gpxtpx:TrackPointExtension><gpxtpx:hr>139</gpxtpx:hr></gpxtpx:TrackPointExtension></extensions>
    </trkpt>
    <trkpt lat="37.566874" lon="127.000529">
      <ele>32.0</ele>
      <time>2026-07-20T19:31:47.000Z</time>
      <extensions><gpxtpx:TrackPointExtension><gpxtpx:hr>139</gpxtpx:hr></gpxtpx:TrackPointExtension></extensions>
    </trkpt>
    <trkpt lat="37.566873" lon="127.000497">
      <ele>32.0</ele>
      <time>2026-07-20T19:31:48.000Z</time>
      <extensions><gpxtpx:TrackPointExtension><gpxtpx:hr>140</gpxtpx:hr></gpxtpx:TrackPointExtension></extensions>
    </trkpt>
    <trkpt lat="37.566895" lon="127.000448">
      <ele>32.0</ele>
      <time>2026-07-20T19:31:49.000Z</time>
      <extensions><gpxtpx:TrackPointExtension><gpxtpx:hr>140</gpxtpx:hr></gpxtpx:TrackPointExtension></extensions>
    </trkpt>
    <trkpt lat="37.566904" lon="127.000416">
      <ele>32.0</ele>
      <time>2026-07-20T19:31:50.000Z</time>
      <extensions><gpxtpx:TrackPointExtension><gpxtpx:hr>140</gpxtpx:hr></gpxtpx:TrackPointExtension></extensions>
    </trkpt>
    <trkpt lat="37.566908" lon="127.000386">
      <ele>32.0</ele>
      <time>2026-07-20T19:31:51.000Z</time>
      <extensions><gpxtpx:TrackPointExtension><gpxtpx:hr>140</gpxtpx:hr></gpxtpx:TrackPointExtension></extensions>
    </trkpt>
    <trkpt lat="37.566918" lon="127.000340">
      <ele>32.0</ele>
      <time>2026-07-20T19:31:52.000Z</time>
      <extensions><gpxtpx:TrackPointExtension><gpxtpx:hr>141</gpxtpx:hr></gpxtpx:TrackPointExtension></extensions>
    </trkpt>
    <trkpt lat="37.566913" lon="127.000355">
      <ele>32.0</ele>
      <time>2026-07-20T19:31:53.000Z</time>
      <extensions><gpxtpx:TrackPointExtension><gpxtpx:hr>140</gpxtpx:hr></gpxtpx:TrackPointExtension></extensions>
    </trkpt>
    <trkpt lat="37.566911" lon="127.000362">
      <ele>32.0</ele>
      <time>2026-07-20T19:31:54.000Z</time>
      <extensions><gpxtpx:TrackPointExtension><gpxtpx:hr>139</gpxtpx:hr></gpxtpx:TrackPointExtension></extensions>
    </trkpt>
    <trkpt lat="37.566911" lon="127.000362">
      <ele>32.0</ele>
      <time>2026-07-20T19:31:55.000Z</time>
      <extensions><gpxtpx:TrackPointExtension><gpxtpx:hr>138</gpxtpx:hr></gpxtpx:TrackPointExtension></extensions>
    </trkpt>
    <trkpt lat="37.566906" lon="127.000377">
      <ele>32.0</ele>
      <time>2026-07-20T19:31:56.000Z</time>
      <extensions><gpxtpx:TrackPointExtension><gpxtpx:hr>137</gpxtpx:hr></gpxtpx:TrackPointExtension></extensions>
    </trkpt>
    <trkpt lat="37.566911" lon="127.000375">
      <ele>32.0</ele>
      <time>2026-07-20T19:31:57.000Z</time>
      <extensions><gpxtpx:TrackPointExtension><gpxtpx:hr>136</gpxtpx:hr></gpxtpx:TrackPointExtension></extensions>
    </trkpt>
    <trkpt lat="37.566895" lon="127.000414">
      <ele>32.0</ele>
      <time>2026-07-20T19:31:58.000Z</time>
      <extensions><gpxtpx:TrackPointExtension><gpxtpx:hr>137</gpxtpx:hr></gpxtpx:TrackPointExtension></extensions>
    </trkpt>
    <trkpt lat="37.566880" lon="127.000444">
      <ele>32.0</ele>
      <time>2026-07-20T19:31:59.000Z</time>
      <extensions><gpxtpx:TrackPointExtension><gpxtpx:hr>137</gpxtpx:hr></gpxtpx:TrackPointExtension></extensions>
    </trkpt>
    <trkpt lat="37.566858" lon="127.000469">
      <ele>32.0</ele>
      <time>2026-07-20T19:32:00.000Z</time>
      <extensions><gpxtpx:TrackPointExtension><gpxtpx:hr>137</gpxtpx:hr></gpxtpx:TrackPointExtension></extensions>
    </trkpt>
    <trkpt lat="37.566852" lon="127.000494">
      <ele>32.0</ele>
      <time>2026-07-20T19:32:01.000Z</time>
      <extensions><gpxtpx:TrackPointExtension><gpxtpx:hr>137</gpxtpx:hr></gpxtpx:TrackPointExtension></extensions>
    </trkpt>
    <trkpt lat="37.566839" lon="127.000528">
      <ele>32.0</ele>
      <time>2026-07-20T19:32:02.000Z</time>
      <extensions><gpxtpx:TrackPointExtension><gpxtpx:hr>138</gpxtpx:hr></gpxtpx:TrackPointExtension></extensions>
    </trkpt>
    <trkpt lat="37.566813" lon="127.000565">
      <ele>32.0</ele>
      <time>2026-07-20T19:32:03.000Z</time>
      <extensions><gpxtpx:TrackPointExtension><gpxtpx:hr>138</gpxtpx:hr></gpxtpx:TrackPointExtension></extensions>
    </trkpt>
    <trkpt lat="37.566803" lon="127.000605">
      <ele>32.0</ele>
      <time>2026-07-20T19:32:04.000Z</time>
      <extensions><gpxtpx:TrackPointExtension><gpxtpx:hr>138</gpxtpx:hr></gpxtpx:TrackPointExtension></extensions>
    </trkpt>
    <trkpt lat="37.566784" lon="127.000623">
      <ele>32.0</ele>
      <time>2026-07-20T19:32:05.000Z</time>
      <extensions><gpxtpx:TrackPointExtension><gpxtpx:hr>139</gpxtpx:hr></gpxtpx:TrackPointExtension></extensions>
    </trkpt>
    <trkpt lat="37.566777" lon="127.000650">
      <ele>32.0</ele>
      <time>2026-07-20T19:32:06.000Z</time>
      <extensions><gpxtpx:TrackPointExtension><gpxtpx:hr>139</gpxtpx:hr></gpxtpx:TrackPointExtension></extensions>
    </trkpt>
    <trkpt lat="37.566792" lon="127.000668">
      <ele>32.0</ele>
      <time>2026-07-20T19:32:07.000Z</time>
      <extensions><gpxtpx:TrackPointExtension><gpxtpx:hr>139</gpxtpx:hr></gpxtpx:TrackPointExtension></extensions>
    </trkpt>
    <trkpt lat="37.566801" lon="127.000690">
      <ele>32.0</ele>
      <time>2026-07-20T19:32:08.000Z</time>
      <extensions><gpxtpx:TrackPointExtension><gpxtpx:hr>138</gpxtpx:hr></gpxtpx:TrackPointExtension></extensions>
    </trkpt>
    <trkpt lat="37.566821" lon="127.000698">
      <ele>32.0</ele>
      <time>2026-07-20T19:32:09.000Z</time>
      <extensions><gpxtpx:TrackPointExtension><gpxtpx:hr>138</gpxtpx:hr></gpxtpx:TrackPointExtension></extensions>
    </trkpt>
    <trkpt lat="37.566823" lon="127.000719">
      <ele>32.0</ele>
      <time>2026-07-20T19:32:10.000Z</time>
      <extensions><gpxtpx:TrackPointExtension><gpxtpx:hr>138</gpxtpx:hr></gpxtpx:TrackPointExtension></extensions>
    </trkpt>
    <trkpt lat="37.566840" lon="127.000734">
      <ele>32.0</ele>
      <time>2026-07-20T19:32:11.000Z</time>
      <extensions><gpxtpx:TrackPointExtension><gpxtpx:hr>137</gpxtpx:hr></gpxtpx:TrackPointExtension></extensions>
    </trkpt>
    <trkpt lat="37.566849" lon="127.000743">
      <ele>32.0</ele>
      <time>2026-07-20T19:32:12.000Z</time>
      <extensions><gpxtpx:TrackPointExtension><gpxtpx:hr>137</gpxtpx:hr></gpxtpx:TrackPointExtension></extensions>
    </trkpt>
    <trkpt lat="37.566862" lon="127.000758">
      <ele>32.0</ele>
      <time>2026-07-20T19:32:13.000Z</time>
      <extensions><gpxtpx:TrackPointExtension><gpxtpx:hr>137</gpxtpx:hr></gpxtpx:TrackPointExtension></extensions>
    </trkpt>
    <trkpt lat="37.566882" lon="127.000765">
      <ele>32.0</ele>
      <time>2026-07-20T19:32:14.000Z</time>
      <extensions><gpxtpx:TrackPointExtension><gpxtpx:hr>136</gpxtpx:hr></gpxtpx:TrackPointExtension></extensions>
    </trkpt>
    <trkpt lat="37.566895" lon="127.000770">
      <ele>32.0</ele>
      <time>2026-07-20T19:32:15.000Z</time>
      <extensions><gpxtpx:TrackPointExtension><gpxtpx:hr>136</gpxtpx:hr></gpxtpx:TrackPointExtension></extensions>
    </trkpt>
    <trkpt lat="37.566914" lon="127.000787">
      <ele>32.0</ele>
      <time>2026-07-20T19:32:16.000Z</time>
      <extensions><gpxtpx:TrackPointExtension><gpxtpx:hr>136</gpxtpx:hr></gpxtpx:TrackPointExtension></extensions>
    </trkpt>
    <trkpt lat="37.566924" lon="127.000790">
      <ele>32.0</ele>
      <time>2026-07-20T19:32:17.000Z</time>
      <extensions><gpxtpx:TrackPointExtension><gpxtpx:hr>135</gpxtpx:hr></gpxtpx:TrackPointExtension></extensions>
    </trkpt>
    <trkpt lat="37.566936" lon="127.000806">
      <ele>32.0</ele>
      <time>2026-07-20T19:32:18.000Z</time>
      <extensions><gpxtpx:TrackPointExtension><gpxtpx:hr>135</gpxtpx:hr></gpxtpx:TrackPointExtension></extensions>
    </trkpt>
    <trkpt lat="37.566946" lon="127.000806">
      <ele>32.0</ele>
      <time>2026-07-20T19:32:19.000Z</time>
      <extensions><gpxtpx:TrackPointExtension><gpxtpx:hr>135</gpxtpx:hr></gpxtpx:TrackPointExtension></extensions>
    </trkpt>
    <trkpt lat="37.566955" lon="127.000805">
      <ele>32.0</ele>
      <time>2026-07-20T19:32:20.000Z</time>
      <extensions><gpxtpx:TrackPointExtension><gpxtpx:hr>134</gpxtpx:hr></gpxtpx:TrackPointExtension></extensions>
    </trkpt>
    <trkpt lat="37.566960" lon="127.000827">
      <ele>32.0</ele>
      <time>2026-07-20T19:32:21.000Z</time>
      <extensions><gpxtpx:TrackPointExtension><gpxtpx:hr>134</gpxtpx:hr></gpxtpx:TrackPointExtension></extensions>
    </trkpt>
    <trkpt lat="37.566982" lon="127.000837">
      <ele>32.0</ele>
      <time>2026-07-20T19:32:22.000Z</time>
      <extensions><gpxtpx:TrackPointExtension><gpxtpx:hr>134</gpxtpx:hr></gpxtpx:TrackPointExtension></extensions>
    </trkpt>
    <trkpt lat="37.566999" lon="127.000842">
      <ele>32.0</ele>
      <time>2026-07-20T19:32:23.000Z</time>
      <extensions><gpxtpx:TrackPointExtension><gpxtpx:hr>134</gpxtpx:hr></gpxtpx:TrackPointExtension></extensions>
    </trkpt>
    <trkpt lat="37.566974" lon="127.000840">
      <ele>32.0</ele>
      <time>2026-07-20T19:32:24.000Z</time>
      <extensions><gpxtpx:TrackPointExtension><gpxtpx:hr>134</gpxtpx:hr></gpxtpx:TrackPointExtension></extensions>
    </trkpt>
    <trkpt lat="37.566944" lon="127.000848">
      <ele>32.0</ele>
      <time>2026-07-20T19:32:25.000Z</time>
      <extensions><gpxtpx:TrackPointExtension><gpxtpx:hr>134</gpxtpx:hr></gpxtpx:TrackPointExtension></extensions>
    </trkpt>
    <trkpt lat="37.566922" lon="127.000852">
      <ele>32.0</ele>
      <time>2026-07-20T19:32:26.000Z</time>
      <extensions><gpxtpx:TrackPointExtension><gpxtpx:hr>135</gpxtpx:hr></gpxtpx:TrackPointExtension></extensions>
    </trkpt>
    <trkpt lat="37.566884" lon="127.000850">
      <ele>32.0</ele>
      <time>2026-07-20T19:32:27.000Z</time>
      <extensions><gpxtpx:TrackPointExtension><gpxtpx:hr>135</gpxtpx:hr></gpxtpx:TrackPointExtension></extensions>
    </trkpt>
    <trkpt lat="37.566851" lon="127.000841">
      <ele>32.0</ele>
      <time>2026-07-20T19:32:28.000Z</time>
      <extensions><gpxtpx:TrackPointExtension><gpxtpx:hr>136</gpxtpx:hr></gpxtpx:TrackPointExtension></extensions>
    </trkpt>
    <trkpt lat="37.566822" lon="127.000836">
      <ele>32.0</ele>
      <time>2026-07-20T19:32:29.000Z</time>
      <extensions><gpxtpx:TrackPointExtension><gpxtpx:hr>136</gpxtpx:hr></gpxtpx:TrackPointExtension></extensions>
    </trkpt>
    <trkpt lat="37.566796" lon="127.000827">
      <ele>32.0</ele>
      <time>2026-07-20T19:32:30.000Z</time>
      <extensions><gpxtpx:TrackPointExtension><gpxtpx:hr>136</gpxtpx:hr></gpxtpx:TrackPointExtension></extensions>
    </trkpt>
    <trkpt lat="37.566765" lon="127.000826">
      <ele>32.0</ele>
      <time>2026-07-20T19:32:31.000Z</time>
      <extensions><gpxtpx:TrackPointExtension><gpxtpx:hr>137</gpxtpx:hr></gpxtpx:TrackPointExtension></extensions>
    </trkpt>
    <trkpt lat="37.566736" lon="127.000823">
      <ele>32.0</ele>
      <time>2026-07-20T19:32:32.000Z</time>
      <extensions><gpxtpx:TrackPointExtension><gpxtpx:hr>137</gpxtpx:hr></gpxtpx:TrackPointExtension></extensions>
    </trkpt>
    <trkpt lat="37.566711" lon="127.000813">
      <ele>32.0</ele>
      <time>2026-07-20T19:32:33.000Z</time>
      <extensions><gpxtpx:TrackPointExtension><gpxtpx:hr>138</gpxtpx:hr></gpxtpx:TrackPointExtension></extensions>
    </trkpt>
    <trkpt lat="37.566680" lon="127.000806">
      <ele>32.0</ele>
      <time>2026-07-20T19:32:34.000Z</time>
      <extensions><gpxtpx:TrackPointExtension><gpxtpx:hr>138</gpxtpx:hr></gpxtpx:TrackPointExtension></extensions>
    </trkpt>
    <trkpt lat="37.566652" lon="127.000793">
      <ele>32.0</ele>
      <time>2026-07-20T19:32:35.000Z</time>
      <extensions><gpxtpx:TrackPointExtension><gpxtpx:hr>138</gpxtpx:hr></gpxtpx:TrackPointExtension></extensions>
    </trkpt>
    <trkpt lat="37.566619" lon="127.000788">
      <ele>32.0</ele>
      <time>2026-07-20T19:32:36.000Z</time>
      <extensions><gpxtpx:TrackPointExtension><gpxtpx:hr>138</gpxtpx:hr></gpxtpx:TrackPointExtension></extensions>
    </trkpt>
    <trkpt lat="37.566616" lon="127.000756">
      <ele>32.0</ele>
      <time>2026-07-20T19:32:37.000Z</time>
      <extensions><gpxtpx:TrackPointExtension><gpxtpx:hr>138</gpxtpx:hr></gpxtpx:TrackPointExtension></extensions>
    </trkpt>
    <trkpt lat="37.566609" lon="127.000745">
      <ele>32.0</ele>
      <time>2026-07-20T19:32:38.000Z</time>
      <extensions><gpxtpx:TrackPointExtension><gpxtpx:hr>138</gpxtpx:hr></gpxtpx:TrackPointExtension></extensions>
    </trkpt>
    <trkpt lat="37.566617" lon="127.000726">
      <ele>32.0</ele>
      <time>2026-07-20T19:32:39.000Z</time>
      <extensions><gpxtpx:TrackPointExtension><gpxtpx:hr>138</gpxtpx:hr></gpxtpx:TrackPointExtension></extensions>
    </trkpt>
    <trkpt lat="37.566613" lon="127.000703">
      <ele>32.0</ele>
      <time>2026-07-20T19:32:40.000Z</time>
      <extensions><gpxtpx:TrackPointExtension><gpxtpx:hr>137</gpxtpx:hr></gpxtpx:TrackPointExtension></extensions>
    </trkpt>
    <trkpt lat="37.566605" lon="127.000670">
      <ele>32.0</ele>
      <time>2026-07-20T19:32:41.000Z</time>
      <extensions><gpxtpx:TrackPointExtension><gpxtpx:hr>137</gpxtpx:hr></gpxtpx:TrackPointExtension></extensions>
    </trkpt>
    <trkpt lat="37.566605" lon="127.000663">
      <ele>32.0</ele>
      <time>2026-07-20T19:32:42.000Z</time>
      <extensions><gpxtpx:TrackPointExtension><gpxtpx:hr>137</gpxtpx:hr></gpxtpx:TrackPointExtension></extensions>
    </trkpt>
    <trkpt lat="37.566594" lon="127.000646">
      <ele>32.0</ele>
      <time>2026-07-20T19:32:43.000Z</time>
      <extensions><gpxtpx:TrackPointExtension><gpxtpx:hr>136</gpxtpx:hr></gpxtpx:TrackPointExtension></extensions>
    </trkpt>
    <trkpt lat="37.566599" lon="127.000625">
      <ele>32.0</ele>
      <time>2026-07-20T19:32:44.000Z</time>
      <extensions><gpxtpx:TrackPointExtension><gpxtpx:hr>136</gpxtpx:hr></gpxtpx:TrackPointExtension></extensions>
    </trkpt>
    <trkpt lat="37.566586" lon="127.000601">
      <ele>32.0</ele>
      <time>2026-07-20T19:32:45.000Z</time>
      <extensions><gpxtpx:TrackPointExtension><gpxtpx:hr>136</gpxtpx:hr></gpxtpx:TrackPointExtension></extensions>
    </trkpt>
    <trkpt lat="37.566583" lon="127.000582">
      <ele>32.0</ele>
      <time>2026-07-20T19:32:46.000Z</time>
      <extensions><gpxtpx:TrackPointExtension><gpxtpx:hr>135</gpxtpx:hr></gpxtpx:TrackPointExtension></extensions>
    </trkpt>
    <trkpt lat="37.566586" lon="127.000578">
      <ele>32.0</ele>
      <time>2026-07-20T19:32:47.000Z</time>
      <extensions><gpxtpx:TrackPointExtension><gpxtpx:hr>135</gpxtpx:hr></gpxtpx:TrackPointExtension></extensions>
    </trkpt>
    <trkpt lat="37.566576" lon="127.000555">
      <ele>32.0</ele>
      <time>2026-07-20T19:32:48.000Z</time>
      <extensions><gpxtpx:TrackPointExtension><gpxtpx:hr>135</gpxtpx:hr></gpxtpx:TrackPointExtension></extensions>
    </trkpt>
    <trkpt lat="37.566575" lon="127.000537">
      <ele>32.0</ele>
      <time>2026-07-20T19:32:49.000Z</time>
      <extensions><gpxtpx:TrackPointExtension><gpxtpx:hr>134</gpxtpx:hr></gpxtpx:TrackPointExtension></extensions>
    </trkpt>
    <trkpt lat="37.566573" lon="127.000528">
      <ele>32.0</ele>
      <time>2026-07-20T19:32:50.000Z</time>
      <extensions><gpxtpx:TrackPointExtension><gpxtpx:hr>134</gpxtpx:hr></gpxtpx:TrackPointExtension></extensions>
    </trkpt>
    <trkpt lat="37.566572" lon="127.000522">
      <ele>32.0</ele>
      <time>2026-07-20T19:32:51.000Z</time>
      <extensions><gpxtpx:TrackPointExtension><gpxtpx:hr>134</gpxtpx:hr></gpxtpx:TrackPointExtension></extensions>
    </trkpt>
    <trkpt lat="37.566603" lon="127.000489">
      <ele>32.0</ele>
      <time>2026-07-20T19:32:52.000Z</time>
      <extensions><gpxtpx:TrackPointExtension><gpxtpx:hr>135</gpxtpx:hr></gpxtpx:TrackPointExtension></extensions>
    </trkpt>
    <trkpt lat="37.566648" lon="127.000457">
      <ele>32.0</ele>
      <time>2026-07-20T19:32:53.000Z</time>
      <extensions><gpxtpx:TrackPointExtension><gpxtpx:hr>136</gpxtpx:hr></gpxtpx:TrackPointExtension></extensions>
    </trkpt>
    <trkpt lat="37.566692" lon="127.000434">
      <ele>32.0</ele>
      <time>2026-07-20T19:32:54.000Z</time>
      <extensions><gpxtpx:TrackPointExtension><gpxtpx:hr>137</gpxtpx:hr></gpxtpx:TrackPointExtension></extensions>
    </trkpt>
    <trkpt lat="37.566727" lon="127.000388">
      <ele>32.0</ele>
      <time>2026-07-20T19:32:55.000Z</time>
      <extensions><gpxtpx:TrackPointExtension><gpxtpx:hr>139</gpxtpx:hr></gpxtpx:TrackPointExtension></extensions>
    </trkpt>
    <trkpt lat="37.566708" lon="127.000443">
      <ele>32.0</ele>
      <time>2026-07-20T19:32:56.000Z</time>
      <extensions><gpxtpx:TrackPointExtension><gpxtpx:hr>139</gpxtpx:hr></gpxtpx:TrackPointExtension></extensions>
    </trkpt>
    <trkpt lat="37.566699" lon="127.000489">
      <ele>32.0</ele>
      <time>2026-07-20T19:32:57.000Z</time>
      <extensions><gpxtpx:TrackPointExtension><gpxtpx:hr>140</gpxtpx:hr></gpxtpx:TrackPointExtension></extensions>
    </trkpt>
    <trkpt lat="37.566687" lon="127.000527">
      <ele>32.0</ele>
      <time>2026-07-20T19:32:58.000Z</time>
      <extensions><gpxtpx:TrackPointExtension><gpxtpx:hr>140</gpxtpx:hr></gpxtpx:TrackPointExtension></extensions>
    </trkpt>
    <trkpt lat="37.566693" lon="127.000487">
      <ele>32.0</ele>
      <time>2026-07-20T19:32:59.000Z</time>
      <extensions><gpxtpx:TrackPointExtension><gpxtpx:hr>140</gpxtpx:hr></gpxtpx:TrackPointExtension></extensions>
    </trkpt>
    <trkpt lat="37.566685" lon="127.000522">
      <ele>32.0</ele>
      <time>2026-07-20T19:33:00.000Z</time>
      <extensions><gpxtpx:TrackPointExtension><gpxtpx:hr>141</gpxtpx:hr></gpxtpx:TrackPointExtension></extensions>
    </trkpt>
    <trkpt lat="37.566694" lon="127.000485">
      <ele>32.0</ele>
      <time>2026-07-20T19:33:01.000Z</time>
      <extensions><gpxtpx:TrackPointExtension><gpxtpx:hr>141</gpxtpx:hr></gpxtpx:TrackPointExtension></extensions>
    </trkpt>
    <trkpt lat="37.566720" lon="127.000533">
      <ele>32.0</ele>
      <time>2026-07-20T19:33:02.000Z</time>
      <extensions><gpxtpx:TrackPointExtension><gpxtpx:hr>142</gpxtpx:hr></gpxtpx:TrackPointExtension></extensions>
    </trkpt>
    <trkpt lat="37.566744" lon="127.000573">
      <ele>32.0</ele>
      <time>2026-07-20T19:33:03.000Z</time>
      <extensions><gpxtpx:TrackPointExtension><gpxtpx:hr>143</gpxtpx:hr></gpxtpx:TrackPointExtension></extensions>
    </trkpt>
    <trkpt lat="37.566772" lon="127.000622">
      <ele>32.0</ele>
      <time>2026-07-20T19:33:04.000Z</time>
      <extensions><gpxtpx:TrackPointExtension><gpxtpx:hr>144</gpxtpx:hr></gpxtpx:TrackPointExtension></extensions>
    </trkpt>
    <trkpt lat="37.566800" lon="127.000671">
      <ele>32.0</ele>
      <time>2026-07-20T19:33:05.000Z</time>
      <extensions><gpxtpx:TrackPointExtension><gpxtpx:hr>145</gpxtpx:hr></gpxtpx:TrackPointExtension></extensions>
    </trkpt>
    <trkpt lat="37.566825" lon="127.000734">
      <ele>32.0</ele>
      <time>2026-07-20T19:33:06.000Z</time>
      <extensions><gpxtpx:TrackPointExtension><gpxtpx:hr>145</gpxtpx:hr></gpxtpx:TrackPointExtension></extensions>
    </trkpt>
    <trkpt lat="37.566849" lon="127.000772">
      <ele>32.0</ele>
      <time>2026-07-20T19:33:07.000Z</time>
      <extensions><gpxtpx:TrackPointExtension><gpxtpx:hr>146</gpxtpx:hr></gpxtpx:TrackPointExtension></extensions>
    </trkpt>
    <trkpt lat="37.566871" lon="127.000814">
      <ele>32.0</ele>
      <time>2026-07-20T19:33:08.000Z</time>
      <extensions><gpxtpx:TrackPointExtension><gpxtpx:hr>147</gpxtpx:hr></gpxtpx:TrackPointExtension></extensions>
    </trkpt>
    <trkpt lat="37.566873" lon="127.000768">
      <ele>32.0</ele>
      <time>2026-07-20T19:33:09.000Z</time>
      <extensions><gpxtpx:TrackPointExtension><gpxtpx:hr>147</gpxtpx:hr></gpxtpx:TrackPointExtension></extensions>
    </trkpt>
    <trkpt lat="37.566870" lon="127.000708">
      <ele>32.0</ele>
      <time>2026-07-20T19:33:10.000Z</time>
      <extensions><gpxtpx:TrackPointExtension><gpxtpx:hr>148</gpxtpx:hr></gpxtpx:TrackPointExtension></extensions>
    </trkpt>
    <trkpt lat="37.566876" lon="127.000649">
      <ele>32.0</ele>
      <time>2026-07-20T19:33:11.000Z</time>
      <extensions><gpxtpx:TrackPointExtension><gpxtpx:hr>149</gpxtpx:hr></gpxtpx:TrackPointExtension></extensions>
    </trkpt>
    <trkpt lat="37.566879" lon="127.000573">
      <ele>32.0</ele>
      <time>2026-07-20T19:33:12.000Z</time>
      <extensions><gpxtpx:TrackPointExtension><gpxtpx:hr>150</gpxtpx:hr></gpxtpx:TrackPointExtension></extensions>
    </trkpt>
    <trkpt lat="37.566885" lon="127.000480">
      <ele>32.0</ele>
      <time>2026-07-20T19:33:13.000Z</time>
      <extensions><gpxtpx:TrackPointExtension><gpxtpx:hr>151</gpxtpx:hr></gpxtpx:TrackPointExtension></extensions>
    </trkpt>
    <trkpt lat="37.566881" lon="127.000390">
      <ele>32.0</ele>
      <time>2026-07-20T19:33:14.000Z</time>
      <extensions><gpxtpx:TrackPointExtension><gpxtpx:hr>153</gpxtpx:hr></gpxtpx:TrackPointExtension></extensions>
    </trkpt>
    <trkpt lat="37.566884" lon="127.000317">
      <ele>32.0</ele>
      <time>2026-07-20T19:33:15.000Z</time>
      <extensions><gpxtpx:TrackPointExtension><gpxtpx:hr>154</gpxtpx:hr></gpxtpx:TrackPointExtension></extensions>
    </trkpt>
    <trkpt lat="37.566886" lon="127.000385">
      <ele>32.0</ele>
      <time>2026-07-20T19:33:16.000Z</time>
      <extensions><gpxtpx:TrackPointExtension><gpxtpx:hr>155</gpxtpx:hr></gpxtpx:TrackPointExtension></extensions>
    </trkpt>
    <trkpt lat="37.566898" lon="127.000424">
      <ele>32.0</ele>
      <time>2026-07-20T19:33:17.000Z</time>
      <extensions><gpxtpx:TrackPointExtension><gpxtpx:hr>155</gpxtpx:hr></gpxtpx:TrackPointExtension></extensions>
    </trkpt>
    <trkpt lat="37.566905" lon="127.000481">
      <ele>32.0</ele>
      <time>2026-07-20T19:33:18.000Z</time>
      <extensions><gpxtpx:TrackPointExtension><gpxtpx:hr>154</gpxtpx:hr></gpxtpx:TrackPointExtension></extensions>
    </trkpt>
    <trkpt lat="37.566908" lon="127.000510">
      <ele>32.0</ele>
      <time>2026-07-20T19:33:19.000Z</time>
      <extensions><gpxtpx:TrackPointExtension><gpxtpx:hr>154</gpxtpx:hr></gpxtpx:TrackPointExtension></extensions>
    </trkpt>
    <trkpt lat="37.566914" lon="127.000546">
      <ele>32.0</ele>
      <time>2026-07-20T19:33:20.000Z</time>
      <extensions><gpxtpx:TrackPointExtension><gpxtpx:hr>154</gpxtpx:hr></gpxtpx:TrackPointExtension></extensions>
    </trkpt>
    <trkpt lat="37.566907" lon="127.000582">
      <ele>32.0</ele>
      <time>2026-07-20T19:33:21.000Z</time>
      <extensions><gpxtpx:TrackPointExtension><gpxtpx:hr>153</gpxtpx:hr></gpxtpx:TrackPointExtension></extensions>
    </trkpt>
    <trkpt lat="37.566921" lon="127.000613">
      <ele>32.0</ele>
      <time>2026-07-20T19:33:22.000Z</time>
      <extensions><gpxtpx:TrackPointExtension><gpxtpx:hr>152</gpxtpx:hr></gpxtpx:TrackPointExtension></extensions>
    </trkpt>
    <trkpt lat="37.566922" lon="127.000649">
      <ele>32.0</ele>
      <time>2026-07-20T19:33:23.000Z</time>
      <extensions><gpxtpx:TrackPointExtension><gpxtpx:hr>152</gpxtpx:hr></gpxtpx:TrackPointExtension></extensions>
    </trkpt>
    <trkpt lat="37.566920" lon="127.000686">
      <ele>32.0</ele>
      <time>2026-07-20T19:33:24.000Z</time>
      <extensions><gpxtpx:TrackPointExtension><gpxtpx:hr>151</gpxtpx:hr></gpxtpx:TrackPointExtension></extensions>
    </trkpt>
    <trkpt lat="37.566924" lon="127.000768">
      <ele>32.0</ele>
      <time>2026-07-20T19:33:25.000Z</time>
      <extensions><gpxtpx:TrackPointExtension><gpxtpx:hr>152</gpxtpx:hr></gpxtpx:TrackPointExtension></extensions>
    </trkpt>
    <trkpt lat="37.566918" lon="127.000854">
      <ele>32.0</ele>
      <time>2026-07-20T19:33:26.000Z</time>
      <extensions><gpxtpx:TrackPointExtension><gpxtpx:hr>154</gpxtpx:hr></gpxtpx:TrackPointExtension></extensions>
    </trkpt>
    <trkpt lat="37.566952" lon="127.000890">
      <ele>32.0</ele>
      <time>2026-07-20T19:33:27.000Z</time>
      <extensions><gpxtpx:TrackPointExtension><gpxtpx:hr>154</gpxtpx:hr></gpxtpx:TrackPointExtension></extensions>
    </trkpt>
    <trkpt lat="37.566971" lon="127.000926">
      <ele>32.0</ele>
      <time>2026-07-20T19:33:28.000Z</time>
      <extensions><gpxtpx:TrackPointExtension><gpxtpx:hr>154</gpxtpx:hr></gpxtpx:TrackPointExtension></extensions>
    </trkpt>
    <trkpt lat="37.566993" lon="127.000960">
      <ele>32.0</ele>
      <time>2026-07-20T19:33:29.000Z</time>
      <extensions><gpxtpx:TrackPointExtension><gpxtpx:hr>154</gpxtpx:hr></gpxtpx:TrackPointExtension></extensions>
    </trkpt>
    <trkpt lat="37.567023" lon="127.001004">
      <ele>32.0</ele>
      <time>2026-07-20T19:33:30.000Z</time>
      <extensions><gpxtpx:TrackPointExtension><gpxtpx:hr>154</gpxtpx:hr></gpxtpx:TrackPointExtension></extensions>
    </trkpt>
    <trkpt lat="37.567045" lon="127.001019">
      <ele>32.0</ele>
      <time>2026-07-20T19:33:31.000Z</time>
      <extensions><gpxtpx:TrackPointExtension><gpxtpx:hr>153</gpxtpx:hr></gpxtpx:TrackPointExtension></extensions>
    </trkpt>
    <trkpt lat="37.567067" lon="127.001052">
      <ele>32.0</ele>
      <time>2026-07-20T19:33:32.000Z</time>
      <extensions><gpxtpx:TrackPointExtension><gpxtpx:hr>153</gpxtpx:hr></gpxtpx:TrackPointExtension></extensions>
    </trkpt>
    <trkpt lat="37.567089" lon="127.001085">
      <ele>32.0</ele>
      <time>2026-07-20T19:33:33.000Z</time>
      <extensions><gpxtpx:TrackPointExtension><gpxtpx:hr>152</gpxtpx:hr></gpxtpx:TrackPointExtension></extensions>
    </trkpt>
    <trkpt lat="37.567058" lon="127.001050">
      <ele>32.0</ele>
      <time>2026-07-20T19:33:34.000Z</time>
      <extensions><gpxtpx:TrackPointExtension><gpxtpx:hr>152</gpxtpx:hr></gpxtpx:TrackPointExtension></extensions>
    </trkpt>
    <trkpt lat="37.567081" lon="127.001089">
      <ele>32.0</ele>
      <time>2026-07-20T19:33:35.000Z</time>
      <extensions><gpxtpx:TrackPointExtension><gpxtpx:hr>151</gpxtpx:hr></gpxtpx:TrackPointExtension></extensions>
    </trkpt>
    <trkpt lat="37.567069" lon="127.001061">
      <ele>32.0</ele>
      <time>2026-07-20T19:33:36.000Z</time>
      <extensions><gpxtpx:TrackPointExtension><gpxtpx:hr>151</gpxtpx:hr></gpxtpx:TrackPointExtension></extensions>
    </trkpt>
    <trkpt lat="37.567082" lon="127.001073">
      <ele>32.0</ele>
      <time>2026-07-20T19:33:37.000Z</time>
      <extensions><gpxtpx:TrackPointExtension><gpxtpx:hr>151</gpxtpx:hr></gpxtpx:TrackPointExtension></extensions>
    </trkpt>
    <trkpt lat="37.567059" lon="127.001068">
      <ele>32.0</ele>
      <time>2026-07-20T19:33:38.000Z</time>
      <extensions><gpxtpx:TrackPointExtension><gpxtpx:hr>150</gpxtpx:hr></gpxtpx:TrackPointExtension></extensions>
    </trkpt>
    <trkpt lat="37.567043" lon="127.001050">
      <ele>32.0</ele>
      <time>2026-07-20T19:33:39.000Z</time>
      <extensions><gpxtpx:TrackPointExtension><gpxtpx:hr>149</gpxtpx:hr></gpxtpx:TrackPointExtension></extensions>
    </trkpt>
    <trkpt lat="37.567027" lon="127.001043">
      <ele>32.0</ele>
      <time>2026-07-20T19:33:40.000Z</time>
      <extensions><gpxtpx:TrackPointExtension><gpxtpx:hr>148</gpxtpx:hr></gpxtpx:TrackPointExtension></extensions>
    </trkpt>
    <trkpt lat="37.567005" lon="127.001042">
      <ele>32.0</ele>
      <time>2026-07-20T19:33:41.000Z</time>
      <extensions><gpxtpx:TrackPointExtension><gpxtpx:hr>148</gpxtpx:hr></gpxtpx:TrackPointExtension></extensions>
    </trkpt>
    <trkpt lat="37.567002" lon="127.001017">
      <ele>32.0</ele>
      <time>2026-07-20T19:33:42.000Z</time>
      <extensions><gpxtpx:TrackPointExtension><gpxtpx:hr>147</gpxtpx:hr></gpxtpx:TrackPointExtension></extensions>
    </trkpt>
    <trkpt lat="37.567008" lon="127.001001">
      <ele>32.0</ele>
      <time>2026-07-20T19:33:43.000Z</time>
      <extensions><gpxtpx:TrackPointExtension><gpxtpx:hr>146</gpxtpx:hr></gpxtpx:TrackPointExtension></extensions>
    </trkpt>
    <trkpt lat="37.567002" lon="127.000990">
      <ele>32.0</ele>
      <time>2026-07-20T19:33:44.000Z</time>
      <extensions><gpxtpx:TrackPointExtension><gpxtpx:hr>145</gpxtpx:hr></gpxtpx:TrackPointExtension></extensions>
    </trkpt>
    <trkpt lat="37.567001" lon="127.000971">
      <ele>32.0</ele>
      <time>2026-07-20T19:33:45.000Z</time>
      <extensions><gpxtpx:TrackPointExtension><gpxtpx:hr>144</gpxtpx:hr></gpxtpx:TrackPointExtension></extensions>
    </trkpt>
    <trkpt lat="37.566993" lon="127.000959">
      <ele>32.0</ele>
      <time>2026-07-20T19:33:46.000Z</time>
      <extensions><gpxtpx:TrackPointExtension><gpxtpx:hr>143</gpxtpx:hr></gpxtpx:TrackPointExtension></extensions>
    </trkpt>
    <trkpt lat="37.566983" lon="127.000929">
      <ele>32.0</ele>
      <time>2026-07-20T19:33:47.000Z</time>
      <extensions><gpxtpx:TrackPointExtension><gpxtpx:hr>143</gpxtpx:hr></gpxtpx:TrackPointExtension></extensions>
    </trkpt>
    <trkpt lat="37.566989" lon="127.000916">
      <ele>32.0</ele>
      <time>2026-07-20T19:33:48.000Z</time>
      <extensions><gpxtpx:TrackPointExtension><gpxtpx:hr>142</gpxtpx:hr></gpxtpx:TrackPointExtension></extensions>
    </trkpt>
    <trkpt lat="37.566984" lon="127.000891">
      <ele>32.0</ele>
      <time>2026-07-20T19:33:49.000Z</time>
      <extensions><gpxtpx:TrackPointExtension><gpxtpx:hr>141</gpxtpx:hr></gpxtpx:TrackPointExtension></extensions>
    </trkpt>
    <trkpt lat="37.566983" lon="127.000877">
      <ele>32.0</ele>
      <time>2026-07-20T19:33:50.000Z</time>
      <extensions><gpxtpx:TrackPointExtension><gpxtpx:hr>141</gpxtpx:hr></gpxtpx:TrackPointExtension></extensions>
    </trkpt>
    <trkpt lat="37.566962" lon="127.000883">
      <ele>32.0</ele>
      <time>2026-07-20T19:33:51.000Z</time>
      <extensions><gpxtpx:TrackPointExtension><gpxtpx:hr>140</gpxtpx:hr></gpxtpx:TrackPointExtension></extensions>
    </trkpt>
    <trkpt lat="37.566957" lon="127.000892">
      <ele>32.0</ele>
      <time>2026-07-20T19:33:52.000Z</time>
      <extensions><gpxtpx:TrackPointExtension><gpxtpx:hr>139</gpxtpx:hr></gpxtpx:TrackPointExtension></extensions>
    </trkpt>
    <trkpt lat="37.566940" lon="127.000888">
      <ele>32.0</ele>
      <time>2026-07-20T19:33:53.000Z</time>
      <extensions><gpxtpx:TrackPointExtension><gpxtpx:hr>139</gpxtpx:hr></gpxtpx:TrackPointExtension></extensions>
    </trkpt>
    <trkpt lat="37.566931" lon="127.000898">
      <ele>32.0</ele>
      <time>2026-07-20T19:33:54.000Z</time>
      <extensions><gpxtpx:TrackPointExtension><gpxtpx:hr>138</gpxtpx:hr></gpxtpx:TrackPointExtension></extensions>
    </trkpt>
    <trkpt lat="37.566919" lon="127.000898">
      <ele>32.0</ele>
      <time>2026-07-20T19:33:55.000Z</time>
      <extensions><gpxtpx:TrackPointExtension><gpxtpx:hr>138</gpxtpx:hr></gpxtpx:TrackPointExtension></extensions>
    </trkpt>
    <trkpt lat="37.566900" lon="127.000897">
      <ele>32.0</ele>
      <time>2026-07-20T19:33:56.000Z</time>
      <extensions><gpxtpx:TrackPointExtension><gpxtpx:hr>137</gpxtpx:hr></gpxtpx:TrackPointExtension></extensions>
    </trkpt>
    <trkpt lat="37.566890" lon="127.000902">
      <ele>32.0</ele>
      <time>2026-07-20T19:33:57.000Z</time>
      <extensions><gpxtpx:TrackPointExtension><gpxtpx:hr>137</gpxtpx:hr></gpxtpx:TrackPointExtension></extensions>
    </trkpt>
    <trkpt lat="37.566863" lon="127.000905">
      <ele>32.0</ele>
      <time>2026-07-20T19:33:58.000Z</time>
      <extensions><gpxtpx:TrackPointExtension><gpxtpx:hr>137</gpxtpx:hr></gpxtpx:TrackPointExtension></extensions>
    </trkpt>
    <trkpt lat="37.566844" lon="127.000916">
      <ele>32.0</ele>
      <time>2026-07-20T19:33:59.000Z</time>
      <extensions><gpxtpx:TrackPointExtension><gpxtpx:hr>137</gpxtpx:hr></gpxtpx:TrackPointExtension></extensions>
    </trkpt>
    <trkpt lat="37.566839" lon="127.000917">
      <ele>32.0</ele>
      <time>2026-07-20T19:34:00.000Z</time>
      <extensions><gpxtpx:TrackPointExtension><gpxtpx:hr>136</gpxtpx:hr></gpxtpx:TrackPointExtension></extensions>
    </trkpt>
    <trkpt lat="37.566834" lon="127.000867">
      <ele>32.0</ele>
      <time>2026-07-20T19:34:01.000Z</time>
      <extensions><gpxtpx:TrackPointExtension><gpxtpx:hr>137</gpxtpx:hr></gpxtpx:TrackPointExtension></extensions>
    </trkpt>
    <trkpt lat="37.566834" lon="127.000811">
      <ele>32.0</ele>
      <time>2026-07-20T19:34:02.000Z</time>
      <extensions><gpxtpx:TrackPointExtension><gpxtpx:hr>138</gpxtpx:hr></gpxtpx:TrackPointExtension></extensions>
    </trkpt>
    <trkpt lat="37.566837" lon="127.000746">
      <ele>32.0</ele>
      <time>2026-07-20T19:34:03.000Z</time>
      <extensions><gpxtpx:TrackPointExtension><gpxtpx:hr>139</gpxtpx:hr></gpxtpx:TrackPointExtension></extensions>
    </trkpt>
    <trkpt lat="37.566825" lon="127.000681">
      <ele>32.0</ele>
      <time>2026-07-20T19:34:04.000Z</time>
      <extensions><gpxtpx:TrackPointExtension><gpxtpx:hr>140</gpxtpx:hr></gpxtpx:TrackPointExtension></extensions>
    </trkpt>
    <trkpt lat="37.566825" lon="127.000623">
      <ele>32.0</ele>
      <time>2026-07-20T19:34:05.000Z</time>
      <extensions><gpxtpx:TrackPointExtension><gpxtpx:hr>141</gpxtpx:hr></gpxtpx:TrackPointExtension></extensions>
    </trkpt>
    <trkpt lat="37.566827" lon="127.000614">
      <ele>32.0</ele>
      <time>2026-07-20T19:34:06.000Z</time>
      <extensions><gpxtpx:TrackPointExtension><gpxtpx:hr>141</gpxtpx:hr></gpxtpx:TrackPointExtension></extensions>
    </trkpt>
    <trkpt lat="37.566821" lon="127.000613">
      <ele>32.0</ele>
      <time>2026-07-20T19:34:07.000Z</time>
      <extensions><gpxtpx:TrackPointExtension><gpxtpx:hr>140</gpxtpx:hr></gpxtpx:TrackPointExtension></extensions>
    </trkpt>
    <trkpt lat="37.566813" lon="127.000598">
      <ele>32.0</ele>
      <time>2026-07-20T19:34:08.000Z</time>
      <extensions><gpxtpx:TrackPointExtension><gpxtpx:hr>139</gpxtpx:hr></gpxtpx:TrackPointExtension></extensions>
    </trkpt>
    <trkpt lat="37.566809" lon="127.000598">
      <ele>32.0</ele>
      <time>2026-07-20T19:34:09.000Z</time>
      <extensions><gpxtpx:TrackPointExtension><gpxtpx:hr>138</gpxtpx:hr></gpxtpx:TrackPointExtension></extensions>
    </trkpt>
    <trkpt lat="37.566819" lon="127.000602">
      <ele>32.0</ele>
      <time>2026-07-20T19:34:10.000Z</time>
      <extensions><gpxtpx:TrackPointExtension><gpxtpx:hr>137</gpxtpx:hr></gpxtpx:TrackPointExtension></extensions>
    </trkpt>
    <trkpt lat="37.566822" lon="127.000531">
      <ele>32.0</ele>
      <time>2026-07-20T19:34:11.000Z</time>
      <extensions><gpxtpx:TrackPointExtension><gpxtpx:hr>138</gpxtpx:hr></gpxtpx:TrackPointExtension></extensions>
    </trkpt>
    <trkpt lat="37.566820" lon="127.000464">
      <ele>32.0</ele>
      <time>2026-07-20T19:34:12.000Z</time>
      <extensions><gpxtpx:TrackPointExtension><gpxtpx:hr>140</gpxtpx:hr></gpxtpx:TrackPointExtension></extensions>
    </trkpt>
    <trkpt lat="37.566816" lon="127.000462">
      <ele>32.0</ele>
      <time>2026-07-20T19:34:13.000Z</time>
      <extensions><gpxtpx:TrackPointExtension><gpxtpx:hr>142</gpxtpx:hr></gpxtpx:TrackPointExtension></extensions>
    </trkpt>
    <trkpt lat="37.566818" lon="127.000362">
      <ele>32.0</ele>
      <time>2026-07-20T19:34:14.000Z</time>
      <extensions><gpxtpx:TrackPointExtension><gpxtpx:hr>144</gpxtpx:hr></gpxtpx:TrackPointExtension></extensions>
    </trkpt>
    <trkpt lat="37.566819" lon="127.000287">
      <ele>32.0</ele>
      <time>2026-07-20T19:34:15.000Z</time>
      <extensions><gpxtpx:TrackPointExtension><gpxtpx:hr>146</gpxtpx:hr></gpxtpx:TrackPointExtension></extensions>
    </trkpt>
    <trkpt lat="37.566816" lon="127.000195">
      <ele>32.0</ele>
      <time>2026-07-20T19:34:16.000Z</time>
      <extensions><gpxtpx:TrackPointExtension><gpxtpx:hr>147</gpxtpx:hr></gpxtpx:TrackPointExtension></extensions>
    </trkpt>
    <trkpt lat="37.566815" lon="127.000119">
      <ele>32.0</ele>
      <time>2026-07-20T19:34:17.000Z</time>
      <extensions><gpxtpx:TrackPointExtension><gpxtpx:hr>149</gpxtpx:hr></gpxtpx:TrackPointExtension></extensions>
    </trkpt>
    <trkpt lat="37.566839" lon="127.000133">
      <ele>32.0</ele>
      <time>2026-07-20T19:34:18.000Z</time>
      <extensions><gpxtpx:TrackPointExtension><gpxtpx:hr>148</gpxtpx:hr></gpxtpx:TrackPointExtension></extensions>
    </trkpt>
    <trkpt lat="37.566831" lon="127.000134">
      <ele>32.0</ele>
      <time>2026-07-20T19:34:19.000Z</time>
      <extensions><gpxtpx:TrackPointExtension><gpxtpx:hr>147</gpxtpx:hr></gpxtpx:TrackPointExtension></extensions>
    </trkpt>
    <trkpt lat="37.566839" lon="127.000141">
      <ele>32.0</ele>
      <time>2026-07-20T19:34:20.000Z</time>
      <extensions><gpxtpx:TrackPointExtension><gpxtpx:hr>146</gpxtpx:hr></gpxtpx:TrackPointExtension></extensions>
    </trkpt>
    <trkpt lat="37.566838" lon="127.000144">
      <ele>32.0</ele>
      <time>2026-07-20T19:34:21.000Z</time>
      <extensions><gpxtpx:TrackPointExtension><gpxtpx:hr>144</gpxtpx:hr></gpxtpx:TrackPointExtension></extensions>
    </trkpt>
    <trkpt lat="37.566838" lon="127.000156">
      <ele>32.0</ele>
      <time>2026-07-20T19:34:22.000Z</time>
      <extensions><gpxtpx:TrackPointExtension><gpxtpx:hr>143</gpxtpx:hr></gpxtpx:TrackPointExtension></extensions>
    </trkpt>
    <trkpt lat="37.566840" lon="127.000147">
      <ele>32.0</ele>
      <time>2026-07-20T19:34:23.000Z</time>
      <extensions><gpxtpx:TrackPointExtension><gpxtpx:hr>142</gpxtpx:hr></gpxtpx:TrackPointExtension></extensions>
    </trkpt>
    <trkpt lat="37.566851" lon="127.000156">
      <ele>32.0</ele>
      <time>2026-07-20T19:34:24.000Z</time>
      <extensions><gpxtpx:TrackPointExtension><gpxtpx:hr>140</gpxtpx:hr></gpxtpx:TrackPointExtension></extensions>
    </trkpt>
    <trkpt lat="37.566847" lon="127.000151">
      <ele>32.0</ele>
      <time>2026-07-20T19:34:25.000Z</time>
      <extensions><gpxtpx:TrackPointExtension><gpxtpx:hr>139</gpxtpx:hr></gpxtpx:TrackPointExtension></extensions>
    </trkpt>
    <trkpt lat="37.566849" lon="127.000162">
      <ele>32.0</ele>
      <time>2026-07-20T19:34:26.000Z</time>
      <extensions><gpxtpx:TrackPointExtension><gpxtpx:hr>138</gpxtpx:hr></gpxtpx:TrackPointExtension></extensions>
    </trkpt>
    <trkpt lat="37.566846" lon="127.000164">
      <ele>32.0</ele>
      <time>2026-07-20T19:34:27.000Z</time>
      <extensions><gpxtpx:TrackPointExtension><gpxtpx:hr>137</gpxtpx:hr></gpxtpx:TrackPointExtension></extensions>
    </trkpt>
    <trkpt lat="37.566845" lon="127.000168">
      <ele>32.0</ele>
      <time>2026-07-20T19:34:28.000Z</time>
      <extensions><gpxtpx:TrackPointExtension><gpxtpx:hr>136</gpxtpx:hr></gpxtpx:TrackPointExtension></extensions>
    </trkpt>
    <trkpt lat="37.566844" lon="127.000162">
      <ele>32.0</ele>
      <time>2026-07-20T19:34:29.000Z</time>
      <extensions><gpxtpx:TrackPointExtension><gpxtpx:hr>135</gpxtpx:hr></gpxtpx:TrackPointExtension></extensions>
    </trkpt>
    <trkpt lat="37.566834" lon="127.000173">
      <ele>32.0</ele>
      <time>2026-07-20T19:34:30.000Z</time>
      <extensions><gpxtpx:TrackPointExtension><gpxtpx:hr>134</gpxtpx:hr></gpxtpx:TrackPointExtension></extensions>
    </trkpt>
    <trkpt lat="37.566836" lon="127.000182">
      <ele>32.0</ele>
      <time>2026-07-20T19:34:31.000Z</time>
      <extensions><gpxtpx:TrackPointExtension><gpxtpx:hr>134</gpxtpx:hr></gpxtpx:TrackPointExtension></extensions>
    </trkpt>
    <trkpt lat="37.566820" lon="127.000187">
      <ele>32.0</ele>
      <time>2026-07-20T19:34:32.000Z</time>
      <extensions><gpxtpx:TrackPointExtension><gpxtpx:hr>134</gpxtpx:hr></gpxtpx:TrackPointExtension></extensions>
    </trkpt>
    <trkpt lat="37.566810" lon="127.000199">
      <ele>32.0</ele>
      <time>2026-07-20T19:34:33.000Z</time>
      <extensions><gpxtpx:TrackPointExtension><gpxtpx:hr>133</gpxtpx:hr></gpxtpx:TrackPointExtension></extensions>
    </trkpt>
    <trkpt lat="37.566800" lon="127.000213">
      <ele>32.0</ele>
      <time>2026-07-20T19:34:34.000Z</time>
      <extensions><gpxtpx:TrackPointExtension><gpxtpx:hr>133</gpxtpx:hr></gpxtpx:TrackPointExtension></extensions>
    </trkpt>
    <trkpt lat="37.566794" lon="127.000230">
      <ele>32.0</ele>
      <time>2026-07-20T19:34:35.000Z</time>
      <extensions><gpxtpx:TrackPointExtension><gpxtpx:hr>133</gpxtpx:hr></gpxtpx:TrackPointExtension></extensions>
    </trkpt>
    <trkpt lat="37.566782" lon="127.000247">
      <ele>32.0</ele>
      <time>2026-07-20T19:34:36.000Z</time>
      <extensions><gpxtpx:TrackPointExtension><gpxtpx:hr>133</gpxtpx:hr></gpxtpx:TrackPointExtension></extensions>
    </trkpt>
    <trkpt lat="37.566779" lon="127.000257">
      <ele>32.0</ele>
      <time>2026-07-20T19:34:37.000Z</time>
      <extensions><gpxtpx:TrackPointExtension><gpxtpx:hr>132</gpxtpx:hr></gpxtpx:TrackPointExtension></extensions>
    </trkpt>
    <trkpt lat="37.566770" lon="127.000267">
      <ele>32.0</ele>
      <time>2026-07-20T19:34:38.000Z</time>
      <extensions><gpxtpx:TrackPointExtension><gpxtpx:hr>132</gpxtpx:hr></gpxtpx:TrackPointExtension></extensions>
    </trkpt>
    <trkpt lat="37.566771" lon="127.000246">
      <ele>32.0</ele>
      <time>2026-07-20T19:34:39.000Z</time>
      <extensions><gpxtpx:TrackPointExtension><gpxtpx:hr>132</gpxtpx:hr></gpxtpx:TrackPointExtension></extensions>
    </trkpt>
    <trkpt lat="37.566772" lon="127.000234">
      <ele>32.0</ele>
      <time>2026-07-20T19:34:40.000Z</time>
      <extensions><gpxtpx:TrackPointExtension><gpxtpx:hr>131</gpxtpx:hr></gpxtpx:TrackPointExtension></extensions>
    </trkpt>
    <trkpt lat="37.566774" lon="127.000229">
      <ele>32.0</ele>
      <time>2026-07-20T19:34:41.000Z</time>
      <extensions><gpxtpx:TrackPointExtension><gpxtpx:hr>131</gpxtpx:hr></gpxtpx:TrackPointExtension></extensions>
    </trkpt>
    <trkpt lat="37.566775" lon="127.000207">
      <ele>32.0</ele>
      <time>2026-07-20T19:34:42.000Z</time>
      <extensions><gpxtpx:TrackPointExtension><gpxtpx:hr>131</gpxtpx:hr></gpxtpx:TrackPointExtension></extensions>
    </trkpt>
    <trkpt lat="37.566791" lon="127.000241">
      <ele>32.0</ele>
      <time>2026-07-20T19:34:43.000Z</time>
      <extensions><gpxtpx:TrackPointExtension><gpxtpx:hr>131</gpxtpx:hr></gpxtpx:TrackPointExtension></extensions>
    </trkpt>
    <trkpt lat="37.566803" lon="127.000274">
      <ele>32.0</ele>
      <time>2026-07-20T19:34:44.000Z</time>
      <extensions><gpxtpx:TrackPointExtension><gpxtpx:hr>132</gpxtpx:hr></gpxtpx:TrackPointExtension></extensions>
    </trkpt>
    <trkpt lat="37.566798" lon="127.000303">
      <ele>32.0</ele>
      <time>2026-07-20T19:34:45.000Z</time>
      <extensions><gpxtpx:TrackPointExtension><gpxtpx:hr>132</gpxtpx:hr></gpxtpx:TrackPointExtension></extensions>
    </trkpt>
    <trkpt lat="37.566813" lon="127.000339">
      <ele>32.0</ele>
      <time>2026-07-20T19:34:46.000Z</time>
      <extensions><gpxtpx:TrackPointExtension><gpxtpx:hr>133</gpxtpx:hr></gpxtpx:TrackPointExtension></extensions>
    </trkpt>
    <trkpt lat="37.566820" lon="127.000368">
      <ele>32.0</ele>
      <time>2026-07-20T19:34:47.000Z</time>
      <extensions><gpxtpx:TrackPointExtension><gpxtpx:hr>133</gpxtpx:hr></gpxtpx:TrackPointExtension></extensions>
    </trkpt>
    <trkpt lat="37.566833" lon="127.000405">
      <ele>32.0</ele>
      <time>2026-07-20T19:34:48.000Z</time>
      <extensions><gpxtpx:TrackPointExtension><gpxtpx:hr>134</gpxtpx:hr></gpxtpx:TrackPointExtension></extensions>
    </trkpt>
    <trkpt lat="37.566835" lon="127.000411">
      <ele>32.0</ele>
      <time>2026-07-20T19:34:49.000Z</time>
      <extensions><gpxtpx:TrackPointExtension><gpxtpx:hr>133</gpxtpx:hr></gpxtpx:TrackPointExtension></extensions>
    </trkpt>
    <trkpt lat="37.566847" lon="127.000419">
      <ele>32.0</ele>
      <time>2026-07-20T19:34:50.000Z</time>
      <extensions><gpxtpx:TrackPointExtension><gpxtpx:hr>133</gpxtpx:hr></gpxtpx:TrackPointExtension></extensions>
    </trkpt>
    <trkpt lat="37.566849" lon="127.000412">
      <ele>32.0</ele>
      <time>2026-07-20T19:34:51.000Z</time>
      <extensions><gpxtpx:TrackPointExtension><gpxtpx:hr>132</gpxtpx:hr></gpxtpx:TrackPointExtension></extensions>
    </trkpt>
    <trkpt lat="37.566852" lon="127.000431">
      <ele>32.0</ele>
      <time>2026-07-20T19:34:52.000Z</time>
      <extensions><gpxtpx:TrackPointExtension><gpxtpx:hr>131</gpxtpx:hr></gpxtpx:TrackPointExtension></extensions>
    </trkpt>
    <trkpt lat="37.566849" lon="127.000424">
      <ele>32.0</ele>
      <time>2026-07-20T19:34:53.000Z</time>
      <extensions><gpxtpx:TrackPointExtension><gpxtpx:hr>131</gpxtpx:hr></gpxtpx:TrackPointExtension></extensions>
    </trkpt>
    <trkpt lat="37.566850" lon="127.000422">
      <ele>32.0</ele>
      <time>2026-07-20T19:34:54.000Z</time>
      <extensions><gpxtpx:TrackPointExtension><gpxtpx:hr>130</gpxtpx:hr></gpxtpx:TrackPointExtension></extensions>
    </trkpt>
    <trkpt lat="37.566844" lon="127.000430">
      <ele>32.0</ele>
      <time>2026-07-20T19:34:55.000Z</time>
      <extensions><gpxtpx:TrackPointExtension><gpxtpx:hr>129</gpxtpx:hr></gpxtpx:TrackPointExtension></extensions>
    </trkpt>
    <trkpt lat="37.566849" lon="127.000413">
      <ele>32.0</ele>
      <time>2026-07-20T19:34:56.000Z</time>
      <extensions><gpxtpx:TrackPointExtension><gpxtpx:hr>129</gpxtpx:hr></gpxtpx:TrackPointExtension></extensions>
    </trkpt>
    <trkpt lat="37.566849" lon="127.000416">
      <ele>32.0</ele>
      <time>2026-07-20T19:34:57.000Z</time>
      <extensions><gpxtpx:TrackPointExtension><gpxtpx:hr>128</gpxtpx:hr></gpxtpx:TrackPointExtension></extensions>
    </trkpt>
    <trkpt lat="37.566846" lon="127.000414">
      <ele>32.0</ele>
      <time>2026-07-20T19:34:58.000Z</time>
      <extensions><gpxtpx:TrackPointExtension><gpxtpx:hr>128</gpxtpx:hr></gpxtpx:TrackPointExtension></extensions>
    </trkpt>
    <trkpt lat="37.566842" lon="127.000407">
      <ele>32.0</ele>
      <time>2026-07-20T19:34:59.000Z</time>
      <extensions><gpxtpx:TrackPointExtension><gpxtpx:hr>127</gpxtpx:hr></gpxtpx:TrackPointExtension></extensions>
    </trkpt>
    <trkpt lat="37.566849" lon="127.000406">
      <ele>32.0</ele>
      <time>2026-07-20T19:35:00.000Z</time>
      <extensions><gpxtpx:TrackPointExtension><gpxtpx:hr>127</gpxtpx:hr></gpxtpx:TrackPointExtension></extensions>
    </trkpt>
    <trkpt lat="37.566839" lon="127.000409">
      <ele>32.0</ele>
      <time>2026-07-20T19:35:01.000Z</time>
      <extensions><gpxtpx:TrackPointExtension><gpxtpx:hr>126</gpxtpx:hr></gpxtpx:TrackPointExtension></extensions>
    </trkpt>
    <trkpt lat="37.566840" lon="127.000408">
      <ele>32.0</ele>
      <time>2026-07-20T19:35:02.000Z</time>
      <extensions><gpxtpx:TrackPointExtension><gpxtpx:hr>126</gpxtpx:hr></gpxtpx:TrackPointExtension></extensions>
    </trkpt>
    <trkpt lat="37.566841" lon="127.000421">
      <ele>32.0</ele>
      <time>2026-07-20T19:35:03.000Z</time>
      <extensions><gpxtpx:TrackPointExtension><gpxtpx:hr>125</gpxtpx:hr></gpxtpx:TrackPointExtension></extensions>
    </trkpt>
    <trkpt lat="37.566845" lon="127.000420">
      <ele>32.0</ele>
      <time>2026-07-20T19:35:04.000Z</time>
      <extensions><gpxtpx:TrackPointExtension><gpxtpx:hr>125</gpxtpx:hr></gpxtpx:TrackPointExtension></extensions>
    </trkpt>
    <trkpt lat="37.566854" lon="127.000430">
      <ele>32.0</ele>
      <time>2026-07-20T19:35:05.000Z</time>
      <extensions><gpxtpx:TrackPointExtension><gpxtpx:hr>124</gpxtpx:hr></gpxtpx:TrackPointExtension></extensions>
    </trkpt>
    <trkpt lat="37.566853" lon="127.000432">
      <ele>32.0</ele>
      <time>2026-07-20T19:35:06.000Z</time>
      <extensions><gpxtpx:TrackPointExtension><gpxtpx:hr>124</gpxtpx:hr></gpxtpx:TrackPointExtension></extensions>
    </trkpt>
    <trkpt lat="37.566856" lon="127.000439">
      <ele>32.0</ele>
      <time>2026-07-20T19:35:07.000Z</time>
      <extensions><gpxtpx:TrackPointExtension><gpxtpx:hr>124</gpxtpx:hr></gpxtpx:TrackPointExtension></extensions>
    </trkpt>
    <trkpt lat="37.566858" lon="127.000456">
      <ele>32.0</ele>
      <time>2026-07-20T19:35:08.000Z</time>
      <extensions><gpxtpx:TrackPointExtension><gpxtpx:hr>124</gpxtpx:hr></gpxtpx:TrackPointExtension></extensions>
    </trkpt>
    <trkpt lat="37.566863" lon="127.000469">
      <ele>32.0</ele>
      <time>2026-07-20T19:35:09.000Z</time>
      <extensions><gpxtpx:TrackPointExtension><gpxtpx:hr>124</gpxtpx:hr></gpxtpx:TrackPointExtension></extensions>
    </trkpt>
    <trkpt lat="37.566873" lon="127.000474">
      <ele>32.0</ele>
      <time>2026-07-20T19:35:10.000Z</time>
      <extensions><gpxtpx:TrackPointExtension><gpxtpx:hr>124</gpxtpx:hr></gpxtpx:TrackPointExtension></extensions>
    </trkpt>
    <trkpt lat="37.566883" lon="127.000497">
      <ele>32.0</ele>
      <time>2026-07-20T19:35:11.000Z</time>
      <extensions><gpxtpx:TrackPointExtension><gpxtpx:hr>125</gpxtpx:hr></gpxtpx:TrackPointExtension></extensions>
    </trkpt>
    <trkpt lat="37.566892" lon="127.000503">
      <ele>32.0</ele>
      <time>2026-07-20T19:35:12.000Z</time>
      <extensions><gpxtpx:TrackPointExtension><gpxtpx:hr>125</gpxtpx:hr></gpxtpx:TrackPointExtension></extensions>
    </trkpt>
    <trkpt lat="37.566897" lon="127.000529">
      <ele>32.0</ele>
      <time>2026-07-20T19:35:13.000Z</time>
      <extensions><gpxtpx:TrackPointExtension><gpxtpx:hr>125</gpxtpx:hr></gpxtpx:TrackPointExtension></extensions>
    </trkpt>
    <trkpt lat="37.566910" lon="127.000531">
      <ele>32.0</ele>
      <time>2026-07-20T19:35:14.000Z</time>
      <extensions><gpxtpx:TrackPointExtension><gpxtpx:hr>125</gpxtpx:hr></gpxtpx:TrackPointExtension></extensions>
    </trkpt>
    <trkpt lat="37.566906" lon="127.000505">
      <ele>32.0</ele>
      <time>2026-07-20T19:35:15.000Z</time>
      <extensions><gpxtpx:TrackPointExtension><gpxtpx:hr>126</gpxtpx:hr></gpxtpx:TrackPointExtension></extensions>
    </trkpt>
    <trkpt lat="37.566887" lon="127.000483">
      <ele>32.0</ele>
      <time>2026-07-20T19:35:16.000Z</time>
      <extensions><gpxtpx:TrackPointExtension><gpxtpx:hr>127</gpxtpx:hr></gpxtpx:TrackPointExtension></extensions>
    </trkpt>
    <trkpt lat="37.566891" lon="127.000451">
      <ele>32.0</ele>
      <time>2026-07-20T19:35:17.000Z</time>
      <extensions><gpxtpx:TrackPointExtension><gpxtpx:hr>128</gpxtpx:hr></gpxtpx:TrackPointExtension></extensions>
    </trkpt>
    <trkpt lat="37.566881" lon="127.000404">
      <ele>32.0</ele>
      <time>2026-07-20T19:35:18.000Z</time>
      <extensions><gpxtpx:TrackPointExtension><gpxtpx:hr>128</gpxtpx:hr></gpxtpx:TrackPointExtension></extensions>
    </trkpt>
    <trkpt lat="37.566871" lon="127.000365">
      <ele>32.0</ele>
      <time>2026-07-20T19:35:19.000Z</time>
      <extensions><gpxtpx:TrackPointExtension><gpxtpx:hr>129</gpxtpx:hr></gpxtpx:TrackPointExtension></extensions>
    </trkpt>
    <trkpt lat="37.566878" lon="127.000377">
      <ele>32.0</ele>
      <time>2026-07-20T19:35:20.000Z</time>
      <extensions><gpxtpx:TrackPointExtension><gpxtpx:hr>129</gpxtpx:hr></gpxtpx:TrackPointExtension></extensions>
    </trkpt>
    <trkpt lat="37.566881" lon="127.000385">
      <ele>32.0</ele>
      <time>2026-07-20T19:35:21.000Z</time>
      <extensions><gpxtpx:TrackPointExtension><gpxtpx:hr>129</gpxtpx:hr></gpxtpx:TrackPointExtension></extensions>
    </trkpt>
    <trkpt lat="37.566878" lon="127.000393">
      <ele>32.0</ele>
      <time>2026-07-20T19:35:22.000Z</time>
      <extensions><gpxtpx:TrackPointExtension><gpxtpx:hr>128</gpxtpx:hr></gpxtpx:TrackPointExtension></extensions>
    </trkpt>
    <trkpt lat="37.566883" lon="127.000398">
      <ele>32.0</ele>
      <time>2026-07-20T19:35:23.000Z</time>
      <extensions><gpxtpx:TrackPointExtension><gpxtpx:hr>128</gpxtpx:hr></gpxtpx:TrackPointExtension></extensions>
    </trkpt>
    <trkpt lat="37.566883" lon="127.000382">
      <ele>32.0</ele>
      <time>2026-07-20T19:35:24.000Z</time>
      <extensions><gpxtpx:TrackPointExtension><gpxtpx:hr>127</gpxtpx:hr></gpxtpx:TrackPointExtension></extensions>
    </trkpt>
    <trkpt lat="37.566876" lon="127.000367">
      <ele>32.0</ele>
      <time>2026-07-20T19:35:25.000Z</time>
      <extensions><gpxtpx:TrackPointExtension><gpxtpx:hr>127</gpxtpx:hr></gpxtpx:TrackPointExtension></extensions>
    </trkpt>
    <trkpt lat="37.566889" lon="127.000361">
      <ele>32.0</ele>
      <time>2026-07-20T19:35:26.000Z</time>
      <extensions><gpxtpx:TrackPointExtension><gpxtpx:hr>127</gpxtpx:hr></gpxtpx:TrackPointExtension></extensions>
    </trkpt>
    <trkpt lat="37.566881" lon="127.000333">
      <ele>32.0</ele>
      <time>2026-07-20T19:35:27.000Z</time>
      <extensions><gpxtpx:TrackPointExtension><gpxtpx:hr>127</gpxtpx:hr></gpxtpx:TrackPointExtension></extensions>
    </trkpt>
    <trkpt lat="37.566885" lon="127.000319">
      <ele>32.0</ele>
      <time>2026-07-20T19:35:28.000Z</time>
      <extensions><gpxtpx:TrackPointExtension><gpxtpx:hr>127</gpxtpx:hr></gpxtpx:TrackPointExtension></extensions>
    </trkpt>
    <trkpt lat="37.566892" lon="127.000297">
      <ele>32.0</ele>
      <time>2026-07-20T19:35:29.000Z</time>
      <extensions><gpxtpx:TrackPointExtension><gpxtpx:hr>128</gpxtpx:hr></gpxtpx:TrackPointExtension></extensions>
    </trkpt>
    <trkpt lat="37.566891" lon="127.000316">
      <ele>32.0</ele>
      <time>2026-07-20T19:35:30.000Z</time>
      <extensions><gpxtpx:TrackPointExtension><gpxtpx:hr>128</gpxtpx:hr></gpxtpx:TrackPointExtension></extensions>
    </trkpt>
    <trkpt lat="37.566893" lon="127.000335">
      <ele>32.0</ele>
      <time>2026-07-20T19:35:31.000Z</time>
      <extensions><gpxtpx:TrackPointExtension><gpxtpx:hr>128</gpxtpx:hr></gpxtpx:TrackPointExtension></extensions>
    </trkpt>
    <trkpt lat="37.566891" lon="127.000366">
      <ele>32.0</ele>
      <time>2026-07-20T19:35:32.000Z</time>
      <extensions><gpxtpx:TrackPointExtension><gpxtpx:hr>128</gpxtpx:hr></gpxtpx:TrackPointExtension></extensions>
    </trkpt>
    <trkpt lat="37.566880" lon="127.000377">
      <ele>32.0</ele>
      <time>2026-07-20T19:35:33.000Z</time>
      <extensions><gpxtpx:TrackPointExtension><gpxtpx:hr>128</gpxtpx:hr></gpxtpx:TrackPointExtension></extensions>
    </trkpt>
    <trkpt lat="37.566879" lon="127.000400">
      <ele>32.0</ele>
      <time>2026-07-20T19:35:34.000Z</time>
      <extensions><gpxtpx:TrackPointExtension><gpxtpx:hr>128</gpxtpx:hr></gpxtpx:TrackPointExtension></extensions>
    </trkpt>
    <trkpt lat="37.566876" lon="127.000409">
      <ele>32.0</ele>
      <time>2026-07-20T19:35:35.000Z</time>
      <extensions><gpxtpx:TrackPointExtension><gpxtpx:hr>128</gpxtpx:hr></gpxtpx:TrackPointExtension></extensions>
    </trkpt>
    <trkpt lat="37.566875" lon="127.000421">
      <ele>32.0</ele>
      <time>2026-07-20T19:35:36.000Z</time>
      <extensions><gpxtpx:TrackPointExtension><gpxtpx:hr>128</gpxtpx:hr></gpxtpx:TrackPointExtension></extensions>
    </trkpt>
    <trkpt lat="37.566875" lon="127.000449">
      <ele>32.0</ele>
      <time>2026-07-20T19:35:37.000Z</time>
      <extensions><gpxtpx:TrackPointExtension><gpxtpx:hr>128</gpxtpx:hr></gpxtpx:TrackPointExtension></extensions>
    </trkpt>
    <trkpt lat="37.566867" lon="127.000455">
      <ele>32.0</ele>
      <time>2026-07-20T19:35:38.000Z</time>
      <extensions><gpxtpx:TrackPointExtension><gpxtpx:hr>128</gpxtpx:hr></gpxtpx:TrackPointExtension></extensions>
    </trkpt>
    <trkpt lat="37.566862" lon="127.000483">
      <ele>32.0</ele>
      <time>2026-07-20T19:35:39.000Z</time>
      <extensions><gpxtpx:TrackPointExtension><gpxtpx:hr>128</gpxtpx:hr></gpxtpx:TrackPointExtension></extensions>
    </trkpt>
    <trkpt lat="37.566855" lon="127.000497">
      <ele>32.0</ele>
      <time>2026-07-20T19:35:40.000Z</time>
      <extensions><gpxtpx:TrackPointExtension><gpxtpx:hr>128</gpxtpx:hr></gpxtpx:TrackPointExtension></extensions>
    </trkpt>
    <trkpt lat="37.566843" lon="127.000523">
      <ele>32.0</ele>
      <time>2026-07-20T19:35:41.000Z</time>
      <extensions><gpxtpx:TrackPointExtension><gpxtpx:hr>129</gpxtpx:hr></gpxtpx:TrackPointExtension></extensions>
    </trkpt>
    <trkpt lat="37.566840" lon="127.000534">
      <ele>32.0</ele>
      <time>2026-07-20T19:35:42.000Z</time>
      <extensions><gpxtpx:TrackPointExtension><gpxtpx:hr>129</gpxtpx:hr></gpxtpx:TrackPointExtension></extensions>
    </trkpt>
    <trkpt lat="37.566838" lon="127.000558">
      <ele>32.0</ele>
      <time>2026-07-20T19:35:43.000Z</time>
      <extensions><gpxtpx:TrackPointExtension><gpxtpx:hr>129</gpxtpx:hr></gpxtpx:TrackPointExtension></extensions>
    </trkpt>
    <trkpt lat="37.566776" lon="127.000569">
      <ele>32.0</ele>
      <time>2026-07-20T19:35:44.000Z</time>
      <extensions><gpxtpx:TrackPointExtension><gpxtpx:hr>131</gpxtpx:hr></gpxtpx:TrackPointExtension></extensions>
    </trkpt>
    <trkpt lat="37.566723" lon="127.000575">
      <ele>32.0</ele>
      <time>2026-07-20T19:35:45.000Z</time>
      <extensions><gpxtpx:TrackPointExtension><gpxtpx:hr>133</gpxtpx:hr></gpxtpx:TrackPointExtension></extensions>
    </trkpt>
    <trkpt lat="37.566765" lon="127.000637">
      <ele>32.0</ele>
      <time>2026-07-20T19:35:46.000Z</time>
      <extensions><gpxtpx:TrackPointExtension><gpxtpx:hr>135</gpxtpx:hr></gpxtpx:TrackPointExtension></extensions>
    </trkpt>
    <trkpt lat="37.566827" lon="127.000701">
      <ele>32.0</ele>
      <time>2026-07-20T19:35:47.000Z</time>
      <extensions><gpxtpx:TrackPointExtension><gpxtpx:hr>138</gpxtpx:hr></gpxtpx:TrackPointExtension></extensions>
    </trkpt>
    <trkpt lat="37.566803" lon="127.000678">
      <ele>32.0</ele>
      <time>2026-07-20T19:35:48.000Z</time>
      <extensions><gpxtpx:TrackPointExtension><gpxtpx:hr>138</gpxtpx:hr></gpxtpx:TrackPointExtension></extensions>
    </trkpt>
    <trkpt lat="37.566801" lon="127.000663">
      <ele>32.0</ele>
      <time>2026-07-20T19:35:49.000Z</time>
      <extensions><gpxtpx:TrackPointExtension><gpxtpx:hr>137</gpxtpx:hr></gpxtpx:TrackPointExtension></extensions>
    </trkpt>
    <trkpt lat="37.566812" lon="127.000667">
      <ele>32.0</ele>
      <time>2026-07-20T19:35:50.000Z</time>
      <extensions><gpxtpx:TrackPointExtension><gpxtpx:hr>136</gpxtpx:hr></gpxtpx:TrackPointExtension></extensions>
    </trkpt>
    <trkpt lat="37.566803" lon="127.000671">
      <ele>32.0</ele>
      <time>2026-07-20T19:35:51.000Z</time>
      <extensions><gpxtpx:TrackPointExtension><gpxtpx:hr>135</gpxtpx:hr></gpxtpx:TrackPointExtension></extensions>
    </trkpt>
    <trkpt lat="37.566813" lon="127.000676">
      <ele>32.0</ele>
      <time>2026-07-20T19:35:52.000Z</time>
      <extensions><gpxtpx:TrackPointExtension><gpxtpx:hr>134</gpxtpx:hr></gpxtpx:TrackPointExtension></extensions>
    </trkpt>
    <trkpt lat="37.566807" lon="127.000671">
      <ele>32.0</ele>
      <time>2026-07-20T19:35:53.000Z</time>
      <extensions><gpxtpx:TrackPointExtension><gpxtpx:hr>133</gpxtpx:hr></gpxtpx:TrackPointExtension></extensions>
    </trkpt>
    <trkpt lat="37.566819" lon="127.000677">
      <ele>32.0</ele>
      <time>2026-07-20T19:35:54.000Z</time>
      <extensions><gpxtpx:TrackPointExtension><gpxtpx:hr>133</gpxtpx:hr></gpxtpx:TrackPointExtension></extensions>
    </trkpt>
    <trkpt lat="37.566785" lon="127.000702">
      <ele>32.0</ele>
      <time>2026-07-20T19:35:55.000Z</time>
      <extensions><gpxtpx:TrackPointExtension><gpxtpx:hr>133</gpxtpx:hr></gpxtpx:TrackPointExtension></extensions>
    </trkpt>
    <trkpt lat="37.566765" lon="127.000748">
      <ele>32.0</ele>
      <time>2026-07-20T19:35:56.000Z</time>
      <extensions><gpxtpx:TrackPointExtension><gpxtpx:hr>134</gpxtpx:hr></gpxtpx:TrackPointExtension></extensions>
    </trkpt>
    <trkpt lat="37.566730" lon="127.000778">
      <ele>32.0</ele>
      <time>2026-07-20T19:35:57.000Z</time>
      <extensions><gpxtpx:TrackPointExtension><gpxtpx:hr>136</gpxtpx:hr></gpxtpx:TrackPointExtension></extensions>
    </trkpt>
    <trkpt lat="37.566729" lon="127.000768">
      <ele>32.0</ele>
      <time>2026-07-20T19:35:58.000Z</time>
      <extensions><gpxtpx:TrackPointExtension><gpxtpx:hr>136</gpxtpx:hr></gpxtpx:TrackPointExtension></extensions>
    </trkpt>
    <trkpt lat="37.566727" lon="127.000761">
      <ele>32.0</ele>
      <time>2026-07-20T19:35:59.000Z</time>
      <extensions><gpxtpx:TrackPointExtension><gpxtpx:hr>135</gpxtpx:hr></gpxtpx:TrackPointExtension></extensions>
    </trkpt>
    <trkpt lat="37.566737" lon="127.000740">
      <ele>32.0</ele>
      <time>2026-07-20T19:36:00.000Z</time>
      <extensions><gpxtpx:TrackPointExtension><gpxtpx:hr>135</gpxtpx:hr></gpxtpx:TrackPointExtension></extensions>
    </trkpt>
    <trkpt lat="37.566742" lon="127.000701">
      <ele>32.0</ele>
      <time>2026-07-20T19:36:01.000Z</time>
      <extensions><gpxtpx:TrackPointExtension><gpxtpx:hr>135</gpxtpx:hr></gpxtpx:TrackPointExtension></extensions>
    </trkpt>
    <trkpt lat="37.566749" lon="127.000672">
      <ele>32.0</ele>
      <time>2026-07-20T19:36:02.000Z</time>
      <extensions><gpxtpx:TrackPointExtension><gpxtpx:hr>135</gpxtpx:hr></gpxtpx:TrackPointExtension></extensions>
    </trkpt>
    <trkpt lat="37.566751" lon="127.000649">
      <ele>32.0</ele>
      <time>2026-07-20T19:36:03.000Z</time>
      <extensions><gpxtpx:TrackPointExtension><gpxtpx:hr>135</gpxtpx:hr></gpxtpx:TrackPointExtension></extensions>
    </trkpt>
    <trkpt lat="37.566759" lon="127.000604">
      <ele>32.0</ele>
      <time>2026-07-20T19:36:04.000Z</time>
      <extensions><gpxtpx:TrackPointExtension><gpxtpx:hr>136</gpxtpx:hr></gpxtpx:TrackPointExtension></extensions>
    </trkpt>
    <trkpt lat="37.566773" lon="127.000573">
      <ele>32.0</ele>
      <time>2026-07-20T19:36:05.000Z</time>
      <extensions><gpxtpx:TrackPointExtension><gpxtpx:hr>136</gpxtpx:hr></gpxtpx:TrackPointExtension></extensions>
    </trkpt>
    <trkpt lat="37.566822" lon="127.000551">
      <ele>32.0</ele>
      <time>2026-07-20T19:36:06.000Z</time>
      <extensions><gpxtpx:TrackPointExtension><gpxtpx:hr>138</gpxtpx:hr></gpxtpx:TrackPointExtension></extensions>
    </trkpt>
    <trkpt lat="37.566878" lon="127.000503">
      <ele>32.0</ele>
      <time>2026-07-20T19:36:07.000Z</time>
      <extensions><gpxtpx:TrackPointExtension><gpxtpx:hr>140</gpxtpx:hr></gpxtpx:TrackPointExtension></extensions>
    </trkpt>
    <trkpt lat="37.566943" lon="127.000477">
      <ele>32.0</ele>
      <time>2026-07-20T19:36:08.000Z</time>
      <extensions><gpxtpx:TrackPointExtension><gpxtpx:hr>142</gpxtpx:hr></gpxtpx:TrackPointExtension></extensions>
    </trkpt>
    <trkpt lat="37.566878" lon="127.000483">
      <ele>32.0</ele>
      <time>2026-07-20T19:36:09.000Z</time>
      <extensions><gpxtpx:TrackPointExtension><gpxtpx:hr>144</gpxtpx:hr></gpxtpx:TrackPointExtension></extensions>
    </trkpt>
    <trkpt lat="37.566804" lon="127.000502">
      <ele>32.0</ele>
      <time>2026-07-20T19:36:10.000Z</time>
      <extensions><gpxtpx:TrackPointExtension><gpxtpx:hr>145</gpxtpx:hr></gpxtpx:TrackPointExtension></extensions>
    </trkpt>
    <trkpt lat="37.566744" lon="127.000522">
      <ele>32.0</ele>
      <time>2026-07-20T19:36:11.000Z</time>
      <extensions><gpxtpx:TrackPointExtension><gpxtpx:hr>147</gpxtpx:hr></gpxtpx:TrackPointExtension></extensions>
    </trkpt>
    <trkpt lat="37.566751" lon="127.000555">
      <ele>32.0</ele>
      <time>2026-07-20T19:36:12.000Z</time>
      <extensions><gpxtpx:TrackPointExtension><gpxtpx:hr>147</gpxtpx:hr></gpxtpx:TrackPointExtension></extensions>
    </trkpt>
    <trkpt lat="37.566750" lon="127.000556">
      <ele>32.0</ele>
      <time>2026-07-20T19:36:13.000Z</time>
      <extensions><gpxtpx:TrackPointExtension><gpxtpx:hr>146</gpxtpx:hr></gpxtpx:TrackPointExtension></extensions>
    </trkpt>
    <trkpt lat="37.566754" lon="127.000572">
      <ele>32.0</ele>
      <time>2026-07-20T19:36:14.000Z</time>
      <extensions><gpxtpx:TrackPointExtension><gpxtpx:hr>144</gpxtpx:hr></gpxtpx:TrackPointExtension></extensions>
    </trkpt>
    <trkpt lat="37.566743" lon="127.000571">
      <ele>32.0</ele>
      <time>2026-07-20T19:36:15.000Z</time>
      <extensions><gpxtpx:TrackPointExtension><gpxtpx:hr>144</gpxtpx:hr></gpxtpx:TrackPointExtension></extensions>
    </trkpt>
    <trkpt lat="37.566718" lon="127.000611">
      <ele>32.0</ele>
      <time>2026-07-20T19:36:16.000Z</time>
      <extensions><gpxtpx:TrackPointExtension><gpxtpx:hr>143</gpxtpx:hr></gpxtpx:TrackPointExtension></extensions>
    </trkpt>
    <trkpt lat="37.566698" lon="127.000623">
      <ele>32.0</ele>
      <time>2026-07-20T19:36:17.000Z</time>
      <extensions><gpxtpx:TrackPointExtension><gpxtpx:hr>143</gpxtpx:hr></gpxtpx:TrackPointExtension></extensions>
    </trkpt>
    <trkpt lat="37.566680" lon="127.000665">
      <ele>32.0</ele>
      <time>2026-07-20T19:36:18.000Z</time>
      <extensions><gpxtpx:TrackPointExtension><gpxtpx:hr>143</gpxtpx:hr></gpxtpx:TrackPointExtension></extensions>
    </trkpt>
    <trkpt lat="37.566671" lon="127.000683">
      <ele>32.0</ele>
      <time>2026-07-20T19:36:19.000Z</time>
      <extensions><gpxtpx:TrackPointExtension><gpxtpx:hr>143</gpxtpx:hr></gpxtpx:TrackPointExtension></extensions>
    </trkpt>
    <trkpt lat="37.566650" lon="127.000722">
      <ele>32.0</ele>
      <time>2026-07-20T19:36:20.000Z</time>
      <extensions><gpxtpx:TrackPointExtension><gpxtpx:hr>143</gpxtpx:hr></gpxtpx:TrackPointExtension></extensions>
    </trkpt>
    <trkpt lat="37.566625" lon="127.000753">
      <ele>32.0</ele>
      <time>2026-07-20T19:36:21.000Z</time>
      <extensions><gpxtpx:TrackPointExtension><gpxtpx:hr>143</gpxtpx:hr></gpxtpx:TrackPointExtension></extensions>
    </trkpt>
    <trkpt lat="37.566605" lon="127.000767">
      <ele>32.0</ele>
      <time>2026-07-20T19:36:22.000Z</time>
      <extensions><gpxtpx:TrackPointExtension><gpxtpx:hr>143</gpxtpx:hr></gpxtpx:TrackPointExtension></extensions>
    </trkpt>
    <trkpt lat="37.566582" lon="127.000794">
      <ele>32.0</ele>
      <time>2026-07-20T19:36:23.000Z</time>
      <extensions><gpxtpx:TrackPointExtension><gpxtpx:hr>143</gpxtpx:hr></gpxtpx:TrackPointExtension></extensions>
    </trkpt>
    <trkpt lat="37.566567" lon="127.000825">
      <ele>32.0</ele>
      <time>2026-07-20T19:36:24.000Z</time>
      <extensions><gpxtpx:TrackPointExtension><gpxtpx:hr>143</gpxtpx:hr></gpxtpx:TrackPointExtension></extensions>
    </trkpt>
    <trkpt lat="37.566600" lon="127.000850">
      <ele>32.0</ele>
      <time>2026-07-20T19:36:25.000Z</time>
      <extensions><gpxtpx:TrackPointExtension><gpxtpx:hr>144</gpxtpx:hr></gpxtpx:TrackPointExtension></extensions>
    </trkpt>
    <trkpt lat="37.566633" lon="127.000859">
      <ele>32.0</ele>
      <time>2026-07-20T19:36:26.000Z</time>
      <extensions><gpxtpx:TrackPointExtension><gpxtpx:hr>144</gpxtpx:hr></gpxtpx:TrackPointExtension></extensions>
    </trkpt>
    <trkpt lat="37.566663" lon="127.000865">
      <ele>32.0</ele>
      <time>2026-07-20T19:36:27.000Z</time>
      <extensions><gpxtpx:TrackPointExtension><gpxtpx:hr>144</gpxtpx:hr></gpxtpx:TrackPointExtension></extensions>
    </trkpt>
    <trkpt lat="37.566681" lon="127.000881">
      <ele>32.0</ele>
      <time>2026-07-20T19:36:28.000Z</time>
      <extensions><gpxtpx:TrackPointExtension><gpxtpx:hr>144</gpxtpx:hr></gpxtpx:TrackPointExtension></extensions>
    </trkpt>
    <trkpt lat="37.566719" lon="127.000898">
      <ele>32.0</ele>
      <time>2026-07-20T19:36:29.000Z</time>
      <extensions><gpxtpx:TrackPointExtension><gpxtpx:hr>144</gpxtpx:hr></gpxtpx:TrackPointExtension></extensions>
    </trkpt>
    <trkpt lat="37.566744" lon="127.000907">
      <ele>32.0</ele>
      <time>2026-07-20T19:36:30.000Z</time>
      <extensions><gpxtpx:TrackPointExtension><gpxtpx:hr>144</gpxtpx:hr></gpxtpx:TrackPointExtension></extensions>
    </trkpt>
    <trkpt lat="37.566762" lon="127.000923">
      <ele>32.0</ele>
      <time>2026-07-20T19:36:31.000Z</time>
      <extensions><gpxtpx:TrackPointExtension><gpxtpx:hr>144</gpxtpx:hr></gpxtpx:TrackPointExtension></extensions>
    </trkpt>
    <trkpt lat="37.566799" lon="127.000931">
      <ele>32.0</ele>
      <time>2026-07-20T19:36:32.000Z</time>
      <extensions><gpxtpx:TrackPointExtension><gpxtpx:hr>144</gpxtpx:hr></gpxtpx:TrackPointExtension></extensions>
    </trkpt>
    <trkpt lat="37.566814" lon="127.000941">
      <ele>32.0</ele>
      <time>2026-07-20T19:36:33.000Z</time>
      <extensions><gpxtpx:TrackPointExtension><gpxtpx:hr>143</gpxtpx:hr></gpxtpx:TrackPointExtension></extensions>
    </trkpt>
    <trkpt lat="37.566767" lon="127.000913">
      <ele>32.0</ele>
      <time>2026-07-20T19:36:34.000Z</time>
      <extensions><gpxtpx:TrackPointExtension><gpxtpx:hr>144</gpxtpx:hr></gpxtpx:TrackPointExtension></extensions>
    </trkpt>
    <trkpt lat="37.566709" lon="127.000868">
      <ele>32.0</ele>
      <time>2026-07-20T19:36:35.000Z</time>
      <extensions><gpxtpx:TrackPointExtension><gpxtpx:hr>146</gpxtpx:hr></gpxtpx:TrackPointExtension></extensions>
    </trkpt>
    <trkpt lat="37.566687" lon="127.000839">
      <ele>32.0</ele>
      <time>2026-07-20T19:36:36.000Z</time>
      <extensions><gpxtpx:TrackPointExtension><gpxtpx:hr>146</gpxtpx:hr></gpxtpx:TrackPointExtension></extensions>
    </trkpt>
    <trkpt lat="37.566669" lon="127.000801">
      <ele>32.0</ele>
      <time>2026-07-20T19:36:37.000Z</time>
      <extensions><gpxtpx:TrackPointExtension><gpxtpx:hr>146</gpxtpx:hr></gpxtpx:TrackPointExtension></extensions>
    </trkpt>
    <trkpt lat="37.566658" lon="127.000786">
      <ele>32.0</ele>
      <time>2026-07-20T19:36:38.000Z</time>
      <extensions><gpxtpx:TrackPointExtension><gpxtpx:hr>146</gpxtpx:hr></gpxtpx:TrackPointExtension></extensions>
    </trkpt>
    <trkpt lat="37.566638" lon="127.000766">
      <ele>32.0</ele>
      <time>2026-07-20T19:36:39.000Z</time>
      <extensions><gpxtpx:TrackPointExtension><gpxtpx:hr>145</gpxtpx:hr></gpxtpx:TrackPointExtension></extensions>
    </trkpt>
    <trkpt lat="37.566629" lon="127.000760">
      <ele>32.0</ele>
      <time>2026-07-20T19:36:40.000Z</time>
      <extensions><gpxtpx:TrackPointExtension><gpxtpx:hr>144</gpxtpx:hr></gpxtpx:TrackPointExtension></extensions>
    </trkpt>
    <trkpt lat="37.566619" lon="127.000738">
      <ele>32.0</ele>
      <time>2026-07-20T19:36:41.000Z</time>
      <extensions><gpxtpx:TrackPointExtension><gpxtpx:hr>144</gpxtpx:hr></gpxtpx:TrackPointExtension></extensions>
    </trkpt>
    <trkpt lat="37.566628" lon="127.000765">
      <ele>32.0</ele>
      <time>2026-07-20T19:36:42.000Z</time>
      <extensions><gpxtpx:TrackPointExtension><gpxtpx:hr>144</gpxtpx:hr></gpxtpx:TrackPointExtension></extensions>
    </trkpt>
    <trkpt lat="37.566629" lon="127.000799">
      <ele>32.0</ele>
      <time>2026-07-20T19:36:43.000Z</time>
      <extensions><gpxtpx:TrackPointExtension><gpxtpx:hr>143</gpxtpx:hr></gpxtpx:TrackPointExtension></extensions>
    </trkpt>
    <trkpt lat="37.566645" lon="127.000823">
      <ele>32.0</ele>
      <time>2026-07-20T19:36:44.000Z</time>
      <extensions><gpxtpx:TrackPointExtension><gpxtpx:hr>143</gpxtpx:hr></gpxtpx:TrackPointExtension></extensions>
    </trkpt>
    <trkpt lat="37.566640" lon="127.000858">
      <ele>32.0</ele>
      <time>2026-07-20T19:36:45.000Z</time>
      <extensions><gpxtpx:TrackPointExtension><gpxtpx:hr>143</gpxtpx:hr></gpxtpx:TrackPointExtension></extensions>
    </trkpt>
    <trkpt lat="37.566656" lon="127.000901">
      <ele>32.0</ele>
      <time>2026-07-20T19:36:46.000Z</time>
      <extensions><gpxtpx:TrackPointExtension><gpxtpx:hr>143</gpxtpx:hr></gpxtpx:TrackPointExtension></extensions>
    </trkpt>
    <trkpt lat="37.566662" lon="127.000930">
      <ele>32.0</ele>
      <time>2026-07-20T19:36:47.000Z</time>
      <extensions><gpxtpx:TrackPointExtension><gpxtpx:hr>143</gpxtpx:hr></gpxtpx:TrackPointExtension></extensions>
    </trkpt>
    <trkpt lat="37.566659" lon="127.000924">
      <ele>32.0</ele>
      <time>2026-07-20T19:36:48.000Z</time>
      <extensions><gpxtpx:TrackPointExtension><gpxtpx:hr>143</gpxtpx:hr></gpxtpx:TrackPointExtension></extensions>
    </trkpt>
    <trkpt lat="37.566660" lon="127.000905">
      <ele>32.0</ele>
      <time>2026-07-20T19:36:49.000Z</time>
      <extensions><gpxtpx:TrackPointExtension><gpxtpx:hr>142</gpxtpx:hr></gpxtpx:TrackPointExtension></extensions>
    </trkpt>
    <trkpt lat="37.566658" lon="127.000906">
      <ele>32.0</ele>
      <time>2026-07-20T19:36:50.000Z</time>
      <extensions><gpxtpx:TrackPointExtension><gpxtpx:hr>141</gpxtpx:hr></gpxtpx:TrackPointExtension></extensions>
    </trkpt>
    <trkpt lat="37.566649" lon="127.000870">
      <ele>32.0</ele>
      <time>2026-07-20T19:36:51.000Z</time>
      <extensions><gpxtpx:TrackPointExtension><gpxtpx:hr>141</gpxtpx:hr></gpxtpx:TrackPointExtension></extensions>
    </trkpt>
    <trkpt lat="37.566640" lon="127.000819">
      <ele>32.0</ele>
      <time>2026-07-20T19:36:52.000Z</time>
      <extensions><gpxtpx:TrackPointExtension><gpxtpx:hr>142</gpxtpx:hr></gpxtpx:TrackPointExtension></extensions>
    </trkpt>
    <trkpt lat="37.566632" lon="127.000770">
      <ele>32.0</ele>
      <time>2026-07-20T19:36:53.000Z</time>
      <extensions><gpxtpx:TrackPointExtension><gpxtpx:hr>142</gpxtpx:hr></gpxtpx:TrackPointExtension></extensions>
    </trkpt>
    <trkpt lat="37.566619" lon="127.000717">
      <ele>32.0</ele>
      <time>2026-07-20T19:36:54.000Z</time>
      <extensions><gpxtpx:TrackPointExtension><gpxtpx:hr>143</gpxtpx:hr></gpxtpx:TrackPointExtension></extensions>
    </trkpt>
    <trkpt lat="37.566613" lon="127.000640">
      <ele>32.0</ele>
      <time>2026-07-20T19:36:55.000Z</time>
      <extensions><gpxtpx:TrackPointExtension><gpxtpx:hr>144</gpxtpx:hr></gpxtpx:TrackPointExtension></extensions>
    </trkpt>
    <trkpt lat="37.566595" lon="127.000587">
      <ele>32.0</ele>
      <time>2026-07-20T19:36:56.000Z</time>
      <extensions><gpxtpx:TrackPointExtension><gpxtpx:hr>145</gpxtpx:hr></gpxtpx:TrackPointExtension></extensions>
    </trkpt>
    <trkpt lat="37.566573" lon="127.000535">
      <ele>32.0</ele>
      <time>2026-07-20T19:36:57.000Z</time>
      <extensions><gpxtpx:TrackPointExtension><gpxtpx:hr>146</gpxtpx:hr></gpxtpx:TrackPointExtension></extensions>
    </trkpt>
    <trkpt lat="37.566559" lon="127.000487">
      <ele>32.0</ele>
      <time>2026-07-20T19:36:58.000Z</time>
      <extensions><gpxtpx:TrackPointExtension><gpxtpx:hr>147</gpxtpx:hr></gpxtpx:TrackPointExtension></extensions>
    </trkpt>
    <trkpt lat="37.566547" lon="127.000435">
      <ele>32.0</ele>
      <time>2026-07-20T19:36:59.000Z</time>
      <extensions><gpxtpx:TrackPointExtension><gpxtpx:hr>147</gpxtpx:hr></gpxtpx:TrackPointExtension></extensions>
    </trkpt>
    <trkpt lat="37.566565" lon="127.000491">
      <ele>32.0</ele>
      <time>2026-07-20T19:37:00.000Z</time>
      <extensions><gpxtpx:TrackPointExtension><gpxtpx:hr>148</gpxtpx:hr></gpxtpx:TrackPointExtension></extensions>
    </trkpt>
    <trkpt lat="37.566582" lon="127.000459">
      <ele>32.0</ele>
      <time>2026-07-20T19:37:01.000Z</time>
      <extensions><gpxtpx:TrackPointExtension><gpxtpx:hr>148</gpxtpx:hr></gpxtpx:TrackPointExtension></extensions>
    </trkpt>
    <trkpt lat="37.566589" lon="127.000440">
      <ele>32.0</ele>
      <time>2026-07-20T19:37:02.000Z</time>
      <extensions><gpxtpx:TrackPointExtension><gpxtpx:hr>147</gpxtpx:hr></gpxtpx:TrackPointExtension></extensions>
    </trkpt>
    <trkpt lat="37.566598" lon="127.000412">
      <ele>32.0</ele>
      <time>2026-07-20T19:37:03.000Z</time>
      <extensions><gpxtpx:TrackPointExtension><gpxtpx:hr>146</gpxtpx:hr></gpxtpx:TrackPointExtension></extensions>
    </trkpt>
    <trkpt lat="37.566603" lon="127.000398">
      <ele>32.0</ele>
      <time>2026-07-20T19:37:04.000Z</time>
      <extensions><gpxtpx:TrackPointExtension><gpxtpx:hr>146</gpxtpx:hr></gpxtpx:TrackPointExtension></extensions>
    </trkpt>
    <trkpt lat="37.566609" lon="127.000381">
      <ele>32.0</ele>
      <time>2026-07-20T19:37:05.000Z</time>
      <extensions><gpxtpx:TrackPointExtension><gpxtpx:hr>145</gpxtpx:hr></gpxtpx:TrackPointExtension></extensions>
    </trkpt>
    <trkpt lat="37.566621" lon="127.000402">
      <ele>32.0</ele>
      <time>2026-07-20T19:37:06.000Z</time>
      <extensions><gpxtpx:TrackPointExtension><gpxtpx:hr>144</gpxtpx:hr></gpxtpx:TrackPointExtension></extensions>
    </trkpt>
    <trkpt lat="37.566621" lon="127.000415">
      <ele>32.0</ele>
      <time>2026-07-20T19:37:07.000Z</time>
      <extensions><gpxtpx:TrackPointExtension><gpxtpx:hr>143</gpxtpx:hr></gpxtpx:TrackPointExtension></extensions>
    </trkpt>
    <trkpt lat="37.566618" lon="127.000435">
      <ele>32.0</ele>
      <time>2026-07-20T19:37:08.000Z</time>
      <extensions><gpxtpx:TrackPointExtension><gpxtpx:hr>143</gpxtpx:hr></gpxtpx:TrackPointExtension></extensions>
    </trkpt>
    <trkpt lat="37.566631" lon="127.000461">
      <ele>32.0</ele>
      <time>2026-07-20T19:37:09.000Z</time>
      <extensions><gpxtpx:TrackPointExtension><gpxtpx:hr>142</gpxtpx:hr></gpxtpx:TrackPointExtension></extensions>
    </trkpt>
    <trkpt lat="37.566624" lon="127.000473">
      <ele>32.0</ele>
      <time>2026-07-20T19:37:10.000Z</time>
      <extensions><gpxtpx:TrackPointExtension><gpxtpx:hr>141</gpxtpx:hr></gpxtpx:TrackPointExtension></extensions>
    </trkpt>
    <trkpt lat="37.566637" lon="127.000495">
      <ele>32.0</ele>
      <time>2026-07-20T19:37:11.000Z</time>
      <extensions><gpxtpx:TrackPointExtension><gpxtpx:hr>141</gpxtpx:hr></gpxtpx:TrackPointExtension></extensions>
    </trkpt>
    <trkpt lat="37.566637" lon="127.000500">
      <ele>32.0</ele>
      <time>2026-07-20T19:37:12.000Z</time>
      <extensions><gpxtpx:TrackPointExtension><gpxtpx:hr>140</gpxtpx:hr></gpxtpx:TrackPointExtension></extensions>
    </trkpt>
    <trkpt lat="37.566634" lon="127.000518">
      <ele>32.0</ele>
      <time>2026-07-20T19:37:13.000Z</time>
      <extensions><gpxtpx:TrackPointExtension><gpxtpx:hr>139</gpxtpx:hr></gpxtpx:TrackPointExtension></extensions>
    </trkpt>
    <trkpt lat="37.566643" lon="127.000529">
      <ele>32.0</ele>
      <time>2026-07-20T19:37:14.000Z</time>
      <extensions><gpxtpx:TrackPointExtension><gpxtpx:hr>139</gpxtpx:hr></gpxtpx:TrackPointExtension></extensions>
    </trkpt>
    <trkpt lat="37.566634" lon="127.000553">
      <ele>32.0</ele>
      <time>2026-07-20T19:37:15.000Z</time>
      <extensions><gpxtpx:TrackPointExtension><gpxtpx:hr>138</gpxtpx:hr></gpxtpx:TrackPointExtension></extensions>
    </trkpt>
    <trkpt lat="37.566637" lon="127.000575">
      <ele>32.0</ele>
      <time>2026-07-20T19:37:16.000Z</time>
      <extensions><gpxtpx:TrackPointExtension><gpxtpx:hr>138</gpxtpx:hr></gpxtpx:TrackPointExtension></extensions>
    </trkpt>
    <trkpt lat="37.566644" lon="127.000581">
      <ele>32.0</ele>
      <time>2026-07-20T19:37:17.000Z</time>
      <extensions><gpxtpx:TrackPointExtension><gpxtpx:hr>137</gpxtpx:hr></gpxtpx:TrackPointExtension></extensions>
    </trkpt>
    <trkpt lat="37.566639" lon="127.000598">
      <ele>32.0</ele>
      <time>2026-07-20T19:37:18.000Z</time>
      <extensions><gpxtpx:TrackPointExtension><gpxtpx:hr>137</gpxtpx:hr></gpxtpx:TrackPointExtension></extensions>
    </trkpt>
    <trkpt lat="37.566644" lon="127.000623">
      <ele>32.0</ele>
      <time>2026-07-20T19:37:19.000Z</time>
      <extensions><gpxtpx:TrackPointExtension><gpxtpx:hr>136</gpxtpx:hr></gpxtpx:TrackPointExtension></extensions>
    </trkpt>
    <trkpt lat="37.566647" lon="127.000650">
      <ele>32.0</ele>
      <time>2026-07-20T19:37:20.000Z</time>
      <extensions><gpxtpx:TrackPointExtension><gpxtpx:hr>136</gpxtpx:hr></gpxtpx:TrackPointExtension></extensions>
    </trkpt>
    <trkpt lat="37.566647" lon="127.000664">
      <ele>32.0</ele>
      <time>2026-07-20T19:37:21.000Z</time>
      <extensions><gpxtpx:TrackPointExtension><gpxtpx:hr>136</gpxtpx:hr></gpxtpx:TrackPointExtension></extensions>
    </trkpt>
    <trkpt lat="37.566623" lon="127.000631">
      <ele>32.0</ele>
      <time>2026-07-20T19:37:22.000Z</time>
      <extensions><gpxtpx:TrackPointExtension><gpxtpx:hr>137</gpxtpx:hr></gpxtpx:TrackPointExtension></extensions>
    </trkpt>
    <trkpt lat="37.566613" lon="127.000574">
      <ele>32.0</ele>
      <time>2026-07-20T19:37:23.000Z</time>
      <extensions><gpxtpx:TrackPointExtension><gpxtpx:hr>138</gpxtpx:hr></gpxtpx:TrackPointExtension></extensions>
    </trkpt>
    <trkpt lat="37.566632" lon="127.000632">
      <ele>32.0</ele>
      <time>2026-07-20T19:37:24.000Z</time>
      <extensions><gpxtpx:TrackPointExtension><gpxtpx:hr>139</gpxtpx:hr></gpxtpx:TrackPointExtension></extensions>
    </trkpt>
    <trkpt lat="37.566599" lon="127.000578">
      <ele>32.0</ele>
      <time>2026-07-20T19:37:25.000Z</time>
      <extensions><gpxtpx:TrackPointExtension><gpxtpx:hr>140</gpxtpx:hr></gpxtpx:TrackPointExtension></extensions>
    </trkpt>
    <trkpt lat="37.566590" lon="127.000613">
      <ele>32.0</ele>
      <time>2026-07-20T19:37:26.000Z</time>
      <extensions><gpxtpx:TrackPointExtension><gpxtpx:hr>141</gpxtpx:hr></gpxtpx:TrackPointExtension></extensions>
    </trkpt>
    <trkpt lat="37.566588" lon="127.000667">
      <ele>32.0</ele>
      <time>2026-07-20T19:37:27.000Z</time>
      <extensions><gpxtpx:TrackPointExtension><gpxtpx:hr>141</gpxtpx:hr></gpxtpx:TrackPointExtension></extensions>
    </trkpt>
    <trkpt lat="37.566580" lon="127.000704">
      <ele>32.0</ele>
      <time>2026-07-20T19:37:28.000Z</time>
      <extensions><gpxtpx:TrackPointExtension><gpxtpx:hr>141</gpxtpx:hr></gpxtpx:TrackPointExtension></extensions>
    </trkpt>
    <trkpt lat="37.566572" lon="127.000738">
      <ele>32.0</ele>
      <time>2026-07-20T19:37:29.000Z</time>
      <extensions><gpxtpx:TrackPointExtension><gpxtpx:hr>141</gpxtpx:hr></gpxtpx:TrackPointExtension></extensions>
    </trkpt>
    <trkpt lat="37.566557" lon="127.000777">
      <ele>32.0</ele>
      <time>2026-07-20T19:37:30.000Z</time>
      <extensions><gpxtpx:TrackPointExtension><gpxtpx:hr>142</gpxtpx:hr></gpxtpx:TrackPointExtension></extensions>
    </trkpt>
    <trkpt lat="37.566560" lon="127.000818">
      <ele>32.0</ele>
      <time>2026-07-20T19:37:31.000Z</time>
      <extensions><gpxtpx:TrackPointExtension><gpxtpx:hr>142</gpxtpx:hr></gpxtpx:TrackPointExtension></extensions>
    </trkpt>
    <trkpt lat="37.566545" lon="127.000851">
      <ele>32.0</ele>
      <time>2026-07-20T19:37:32.000Z</time>
      <extensions><gpxtpx:TrackPointExtension><gpxtpx:hr>142</gpxtpx:hr></gpxtpx:TrackPointExtension></extensions>
    </trkpt>
    <trkpt lat="37.566536" lon="127.000887">
      <ele>32.0</ele>
      <time>2026-07-20T19:37:33.000Z</time>
      <extensions><gpxtpx:TrackPointExtension><gpxtpx:hr>142</gpxtpx:hr></gpxtpx:TrackPointExtension></extensions>
    </trkpt>
    <trkpt lat="37.566537" lon="127.000927">
      <ele>32.0</ele>
      <time>2026-07-20T19:37:34.000Z</time>
      <extensions><gpxtpx:TrackPointExtension><gpxtpx:hr>142</gpxtpx:hr></gpxtpx:TrackPointExtension></extensions>
    </trkpt>
    <trkpt lat="37.566580" lon="127.000899">
      <ele>32.0</ele>
      <time>2026-07-20T19:37:35.000Z</time>
      <extensions><gpxtpx:TrackPointExtension><gpxtpx:hr>143</gpxtpx:hr></gpxtpx:TrackPointExtension></extensions>
    </trkpt>
    <trkpt lat="37.566652" lon="127.000888">
      <ele>32.0</ele>
      <time>2026-07-20T19:37:36.000Z</time>
      <extensions><gpxtpx:TrackPointExtension><gpxtpx:hr>145</gpxtpx:hr></gpxtpx:TrackPointExtension></extensions>
    </trkpt>
    <trkpt lat="37.566633" lon="127.000800">
      <ele>32.0</ele>
      <time>2026-07-20T19:37:37.000Z</time>
      <extensions><gpxtpx:TrackPointExtension><gpxtpx:hr>147</gpxtpx:hr></gpxtpx:TrackPointExtension></extensions>
    </trkpt>
    <trkpt lat="37.566627" lon="127.000718">
      <ele>32.0</ele>
      <time>2026-07-20T19:37:38.000Z</time>
      <extensions><gpxtpx:TrackPointExtension><gpxtpx:hr>149</gpxtpx:hr></gpxtpx:TrackPointExtension></extensions>
    </trkpt>
    <trkpt lat="37.566632" lon="127.000773">
      <ele>32.0</ele>
      <time>2026-07-20T19:37:39.000Z</time>
      <extensions><gpxtpx:TrackPointExtension><gpxtpx:hr>149</gpxtpx:hr></gpxtpx:TrackPointExtension></extensions>
    </trkpt>
    <trkpt lat="37.566649" lon="127.000824">
      <ele>32.0</ele>
      <time>2026-07-20T19:37:40.000Z</time>
      <extensions><gpxtpx:TrackPointExtension><gpxtpx:hr>150</gpxtpx:hr></gpxtpx:TrackPointExtension></extensions>
    </trkpt>
    <trkpt lat="37.566658" lon="127.000879">
      <ele>32.0</ele>
      <time>2026-07-20T19:37:41.000Z</time>
      <extensions><gpxtpx:TrackPointExtension><gpxtpx:hr>150</gpxtpx:hr></gpxtpx:TrackPointExtension></extensions>
    </trkpt>
    <trkpt lat="37.566676" lon="127.000925">
      <ele>32.0</ele>
      <time>2026-07-20T19:37:42.000Z</time>
      <extensions><gpxtpx:TrackPointExtension><gpxtpx:hr>150</gpxtpx:hr></gpxtpx:TrackPointExtension></extensions>
    </trkpt>
    <trkpt lat="37.566670" lon="127.000886">
      <ele>32.0</ele>
      <time>2026-07-20T19:37:43.000Z</time>
      <extensions><gpxtpx:TrackPointExtension><gpxtpx:hr>150</gpxtpx:hr></gpxtpx:TrackPointExtension></extensions>
    </trkpt>
    <trkpt lat="37.566678" lon="127.000923">
      <ele>32.0</ele>
      <time>2026-07-20T19:37:44.000Z</time>
      <extensions><gpxtpx:TrackPointExtension><gpxtpx:hr>150</gpxtpx:hr></gpxtpx:TrackPointExtension></extensions>
    </trkpt>
    <trkpt lat="37.566661" lon="127.000894">
      <ele>32.0</ele>
      <time>2026-07-20T19:37:45.000Z</time>
      <extensions><gpxtpx:TrackPointExtension><gpxtpx:hr>150</gpxtpx:hr></gpxtpx:TrackPointExtension></extensions>
    </trkpt>
    <trkpt lat="37.566674" lon="127.000919">
      <ele>32.0</ele>
      <time>2026-07-20T19:37:46.000Z</time>
      <extensions><gpxtpx:TrackPointExtension><gpxtpx:hr>149</gpxtpx:hr></gpxtpx:TrackPointExtension></extensions>
    </trkpt>
    <trkpt lat="37.566661" lon="127.000893">
      <ele>32.0</ele>
      <time>2026-07-20T19:37:47.000Z</time>
      <extensions><gpxtpx:TrackPointExtension><gpxtpx:hr>149</gpxtpx:hr></gpxtpx:TrackPointExtension></extensions>
    </trkpt>
    <trkpt lat="37.566667" lon="127.000928">
      <ele>32.0</ele>
      <time>2026-07-20T19:37:48.000Z</time>
      <extensions><gpxtpx:TrackPointExtension><gpxtpx:hr>149</gpxtpx:hr></gpxtpx:TrackPointExtension></extensions>
    </trkpt>
    <trkpt lat="37.566689" lon="127.000886">
      <ele>32.0</ele>
      <time>2026-07-20T19:37:49.000Z</time>
      <extensions><gpxtpx:TrackPointExtension><gpxtpx:hr>149</gpxtpx:hr></gpxtpx:TrackPointExtension></extensions>
    </trkpt>
    <trkpt lat="37.566715" lon="127.000829">
      <ele>32.0</ele>
      <time>2026-07-20T19:37:50.000Z</time>
      <extensions><gpxtpx:TrackPointExtension><gpxtpx:hr>149</gpxtpx:hr></gpxtpx:TrackPointExtension></extensions>
    </trkpt>
    <trkpt lat="37.566727" lon="127.000781">
      <ele>32.0</ele>
      <time>2026-07-20T19:37:51.000Z</time>
      <extensions><gpxtpx:TrackPointExtension><gpxtpx:hr>149</gpxtpx:hr></gpxtpx:TrackPointExtension></extensions>
    </trkpt>
    <trkpt lat="37.566751" lon="127.000730">
      <ele>32.0</ele>
      <time>2026-07-20T19:37:52.000Z</time>
      <extensions><gpxtpx:TrackPointExtension><gpxtpx:hr>150</gpxtpx:hr></gpxtpx:TrackPointExtension></extensions>
    </trkpt>
    <trkpt lat="37.566774" lon="127.000684">
      <ele>32.0</ele>
      <time>2026-07-20T19:37:53.000Z</time>
      <extensions><gpxtpx:TrackPointExtension><gpxtpx:hr>151</gpxtpx:hr></gpxtpx:TrackPointExtension></extensions>
    </trkpt>
    <trkpt lat="37.566806" lon="127.000625">
      <ele>32.0</ele>
      <time>2026-07-20T19:37:54.000Z</time>
      <extensions><gpxtpx:TrackPointExtension><gpxtpx:hr>151</gpxtpx:hr></gpxtpx:TrackPointExtension></extensions>
    </trkpt>
    <trkpt lat="37.566820" lon="127.000565">
      <ele>32.0</ele>
      <time>2026-07-20T19:37:55.000Z</time>
      <extensions><gpxtpx:TrackPointExtension><gpxtpx:hr>152</gpxtpx:hr></gpxtpx:TrackPointExtension></extensions>
    </trkpt>
    <trkpt lat="37.566829" lon="127.000530">
      <ele>32.0</ele>
      <time>2026-07-20T19:37:56.000Z</time>
      <extensions><gpxtpx:TrackPointExtension><gpxtpx:hr>152</gpxtpx:hr></gpxtpx:TrackPointExtension></extensions>
    </trkpt>
    <trkpt lat="37.566840" lon="127.000496">
      <ele>32.0</ele>
      <time>2026-07-20T19:37:57.000Z</time>
      <extensions><gpxtpx:TrackPointExtension><gpxtpx:hr>151</gpxtpx:hr></gpxtpx:TrackPointExtension></extensions>
    </trkpt>
    <trkpt lat="37.566838" lon="127.000479">
      <ele>32.0</ele>
      <time>2026-07-20T19:37:58.000Z</time>
      <extensions><gpxtpx:TrackPointExtension><gpxtpx:hr>150</gpxtpx:hr></gpxtpx:TrackPointExtension></extensions>
    </trkpt>
    <trkpt lat="37.566847" lon="127.000443">
      <ele>32.0</ele>
      <time>2026-07-20T19:37:59.000Z</time>
      <extensions><gpxtpx:TrackPointExtension><gpxtpx:hr>149</gpxtpx:hr></gpxtpx:TrackPointExtension></extensions>
    </trkpt>
    <trkpt lat="37.566848" lon="127.000432">
      <ele>32.0</ele>
      <time>2026-07-20T19:38:00.000Z</time>
      <extensions><gpxtpx:TrackPointExtension><gpxtpx:hr>149</gpxtpx:hr></gpxtpx:TrackPointExtension></extensions>
    </trkpt>
    <trkpt lat="37.566847" lon="127.000414">
      <ele>32.0</ele>
      <time>2026-07-20T19:38:01.000Z</time>
      <extensions><gpxtpx:TrackPointExtension><gpxtpx:hr>148</gpxtpx:hr></gpxtpx:TrackPointExtension></extensions>
    </trkpt>
    <trkpt lat="37.566852" lon="127.000388">
      <ele>32.0</ele>
      <time>2026-07-20T19:38:02.000Z</time>
      <extensions><gpxtpx:TrackPointExtension><gpxtpx:hr>147</gpxtpx:hr></gpxtpx:TrackPointExtension></extensions>
    </trkpt>
    <trkpt lat="37.566858" lon="127.000386">
      <ele>32.0</ele>
      <time>2026-07-20T19:38:03.000Z</time>
      <extensions><gpxtpx:TrackPointExtension><gpxtpx:hr>145</gpxtpx:hr></gpxtpx:TrackPointExtension></extensions>
    </trkpt>
    <trkpt lat="37.566853" lon="127.000384">
      <ele>32.0</ele>
      <time>2026-07-20T19:38:04.000Z</time>
      <extensions><gpxtpx:TrackPointExtension><gpxtpx:hr>144</gpxtpx:hr></gpxtpx:TrackPointExtension></extensions>
    </trkpt>
    <trkpt lat="37.566841" lon="127.000379">
      <ele>32.0</ele>
      <time>2026-07-20T19:38:05.000Z</time>
      <extensions><gpxtpx:TrackPointExtension><gpxtpx:hr>143</gpxtpx:hr></gpxtpx:TrackPointExtension></extensions>
    </trkpt>
    <trkpt lat="37.566805" lon="127.000381">
      <ele>32.0</ele>
      <time>2026-07-20T19:38:06.000Z</time>
      <extensions><gpxtpx:TrackPointExtension><gpxtpx:hr>144</gpxtpx:hr></gpxtpx:TrackPointExtension></extensions>
    </trkpt>
    <trkpt lat="37.566859" lon="127.000389">
      <ele>32.0</ele>
      <time>2026-07-20T19:38:07.000Z</time>
      <extensions><gpxtpx:TrackPointExtension><gpxtpx:hr>145</gpxtpx:hr></gpxtpx:TrackPointExtension></extensions>
    </trkpt>
    <trkpt lat="37.566802" lon="127.000371">
      <ele>32.0</ele>
      <time>2026-07-20T19:38:08.000Z</time>
      <extensions><gpxtpx:TrackPointExtension><gpxtpx:hr>147</gpxtpx:hr></gpxtpx:TrackPointExtension></extensions>
    </trkpt>
    <trkpt lat="37.566861" lon="127.000383">
      <ele>32.0</ele>
      <time>2026-07-20T19:38:09.000Z</time>
      <extensions><gpxtpx:TrackPointExtension><gpxtpx:hr>149</gpxtpx:hr></gpxtpx:TrackPointExtension></extensions>
    </trkpt>
    <trkpt lat="37.566840" lon="127.000353">
      <ele>32.0</ele>
      <time>2026-07-20T19:38:10.000Z</time>
      <extensions><gpxtpx:TrackPointExtension><gpxtpx:hr>149</gpxtpx:hr></gpxtpx:TrackPointExtension></extensions>
    </trkpt>
    <trkpt lat="37.566818" lon="127.000331">
      <ele>32.0</ele>
      <time>2026-07-20T19:38:11.000Z</time>
      <extensions><gpxtpx:TrackPointExtension><gpxtpx:hr>149</gpxtpx:hr></gpxtpx:TrackPointExtension></extensions>
    </trkpt>
    <trkpt lat="37.566794" lon="127.000307">
      <ele>32.0</ele>
      <time>2026-07-20T19:38:12.000Z</time>
      <extensions><gpxtpx:TrackPointExtension><gpxtpx:hr>148</gpxtpx:hr></gpxtpx:TrackPointExtension></extensions>
    </trkpt>
    <trkpt lat="37.566782" lon="127.000290">
      <ele>32.0</ele>
      <time>2026-07-20T19:38:13.000Z</time>
      <extensions><gpxtpx:TrackPointExtension><gpxtpx:hr>148</gpxtpx:hr></gpxtpx:TrackPointExtension></extensions>
    </trkpt>
    <trkpt lat="37.566776" lon="127.000273">
      <ele>32.0</ele>
      <time>2026-07-20T19:38:14.000Z</time>
      <extensions><gpxtpx:TrackPointExtension><gpxtpx:hr>147</gpxtpx:hr></gpxtpx:TrackPointExtension></extensions>
    </trkpt>
    <trkpt lat="37.566762" lon="127.000249">
      <ele>32.0</ele>
      <time>2026-07-20T19:38:15.000Z</time>
      <extensions><gpxtpx:TrackPointExtension><gpxtpx:hr>146</gpxtpx:hr></gpxtpx:TrackPointExtension></extensions>
    </trkpt>
    <trkpt lat="37.566762" lon="127.000259">
      <ele>32.0</ele>
      <time>2026-07-20T19:38:16.000Z</time>
      <extensions><gpxtpx:TrackPointExtension><gpxtpx:hr>145</gpxtpx:hr></gpxtpx:TrackPointExtension></extensions>
    </trkpt>
    <trkpt lat="37.566772" lon="127.000246">
      <ele>32.0</ele>
      <time>2026-07-20T19:38:17.000Z</time>
      <extensions><gpxtpx:TrackPointExtension><gpxtpx:hr>144</gpxtpx:hr></gpxtpx:TrackPointExtension></extensions>
    </trkpt>
    <trkpt lat="37.566765" lon="127.000257">
      <ele>32.0</ele>
      <time>2026-07-20T19:38:18.000Z</time>
      <extensions><gpxtpx:TrackPointExtension><gpxtpx:hr>143</gpxtpx:hr></gpxtpx:TrackPointExtension></extensions>
    </trkpt>
    <trkpt lat="37.566761" lon="127.000267">
      <ele>32.0</ele>
      <time>2026-07-20T19:38:19.000Z</time>
      <extensions><gpxtpx:TrackPointExtension><gpxtpx:hr>142</gpxtpx:hr></gpxtpx:TrackPointExtension></extensions>
    </trkpt>
    <trkpt lat="37.566761" lon="127.000289">
      <ele>32.0</ele>
      <time>2026-07-20T19:38:20.000Z</time>
      <extensions><gpxtpx:TrackPointExtension><gpxtpx:hr>141</gpxtpx:hr></gpxtpx:TrackPointExtension></extensions>
    </trkpt>
    <trkpt lat="37.566744" lon="127.000296">
      <ele>32.0</ele>
      <time>2026-07-20T19:38:21.000Z</time>
      <extensions><gpxtpx:TrackPointExtension><gpxtpx:hr>140</gpxtpx:hr></gpxtpx:TrackPointExtension></extensions>
    </trkpt>
    <trkpt lat="37.566746" lon="127.000321">
      <ele>32.0</ele>
      <time>2026-07-20T19:38:22.000Z</time>
      <extensions><gpxtpx:TrackPointExtension><gpxtpx:hr>140</gpxtpx:hr></gpxtpx:TrackPointExtension></extensions>
    </trkpt>
    <trkpt lat="37.566738" lon="127.000344">
      <ele>32.0</ele>
      <time>2026-07-20T19:38:23.000Z</time>
      <extensions><gpxtpx:TrackPointExtension><gpxtpx:hr>139</gpxtpx:hr></gpxtpx:TrackPointExtension></extensions>
    </trkpt>
    <trkpt lat="37.566728" lon="127.000346">
      <ele>32.0</ele>
      <time>2026-07-20T19:38:24.000Z</time>
      <extensions><gpxtpx:TrackPointExtension><gpxtpx:hr>139</gpxtpx:hr></gpxtpx:TrackPointExtension></extensions>
    </trkpt>
    <trkpt lat="37.566733" lon="127.000365">
      <ele>32.0</ele>
      <time>2026-07-20T19:38:25.000Z</time>
      <extensions><gpxtpx:TrackPointExtension><gpxtpx:hr>138</gpxtpx:hr></gpxtpx:TrackPointExtension></extensions>
    </trkpt>
    <trkpt lat="37.566728" lon="127.000390">
      <ele>32.0</ele>
      <time>2026-07-20T19:38:26.000Z</time>
      <extensions><gpxtpx:TrackPointExtension><gpxtpx:hr>138</gpxtpx:hr></gpxtpx:TrackPointExtension></extensions>
    </trkpt>
    <trkpt lat="37.566705" lon="127.000455">
      <ele>32.0</ele>
      <time>2026-07-20T19:38:27.000Z</time>
      <extensions><gpxtpx:TrackPointExtension><gpxtpx:hr>139</gpxtpx:hr></gpxtpx:TrackPointExtension></extensions>
    </trkpt>
    <trkpt lat="37.566690" lon="127.000532">
      <ele>32.0</ele>
      <time>2026-07-20T19:38:28.000Z</time>
      <extensions><gpxtpx:TrackPointExtension><gpxtpx:hr>141</gpxtpx:hr></gpxtpx:TrackPointExtension></extensions>
    </trkpt>
    <trkpt lat="37.566683" lon="127.000614">
      <ele>32.0</ele>
      <time>2026-07-20T19:38:29.000Z</time>
      <extensions><gpxtpx:TrackPointExtension><gpxtpx:hr>143</gpxtpx:hr></gpxtpx:TrackPointExtension></extensions>
    </trkpt>
    <trkpt lat="37.566661" lon="127.000713">
      <ele>32.0</ele>
      <time>2026-07-20T19:38:30.000Z</time>
      <extensions><gpxtpx:TrackPointExtension><gpxtpx:hr>145</gpxtpx:hr></gpxtpx:TrackPointExtension></extensions>
    </trkpt>
    <trkpt lat="37.566658" lon="127.000713">
      <ele>32.0</ele>
      <time>2026-07-20T19:38:31.000Z</time>
      <extensions><gpxtpx:TrackPointExtension><gpxtpx:hr>147</gpxtpx:hr></gpxtpx:TrackPointExtension></extensions>
    </trkpt>
    <trkpt lat="37.566661" lon="127.000763">
      <ele>32.0</ele>
      <time>2026-07-20T19:38:32.000Z</time>
      <extensions><gpxtpx:TrackPointExtension><gpxtpx:hr>148</gpxtpx:hr></gpxtpx:TrackPointExtension></extensions>
    </trkpt>
    <trkpt lat="37.566655" lon="127.000815">
      <ele>32.0</ele>
      <time>2026-07-20T19:38:33.000Z</time>
      <extensions><gpxtpx:TrackPointExtension><gpxtpx:hr>148</gpxtpx:hr></gpxtpx:TrackPointExtension></extensions>
    </trkpt>
    <trkpt lat="37.566652" lon="127.000849">
      <ele>32.0</ele>
      <time>2026-07-20T19:38:34.000Z</time>
      <extensions><gpxtpx:TrackPointExtension><gpxtpx:hr>148</gpxtpx:hr></gpxtpx:TrackPointExtension></extensions>
    </trkpt>
    <trkpt lat="37.566653" lon="127.000889">
      <ele>32.0</ele>
      <time>2026-07-20T19:38:35.000Z</time>
      <extensions><gpxtpx:TrackPointExtension><gpxtpx:hr>148</gpxtpx:hr></gpxtpx:TrackPointExtension></extensions>
    </trkpt>
    <trkpt lat="37.566664" lon="127.000867">
      <ele>32.0</ele>
      <time>2026-07-20T19:38:36.000Z</time>
      <extensions><gpxtpx:TrackPointExtension><gpxtpx:hr>147</gpxtpx:hr></gpxtpx:TrackPointExtension></extensions>
    </trkpt>
    <trkpt lat="37.566691" lon="127.000828">
      <ele>32.0</ele>
      <time>2026-07-20T19:38:37.000Z</time>
      <extensions><gpxtpx:TrackPointExtension><gpxtpx:hr>147</gpxtpx:hr></gpxtpx:TrackPointExtension></extensions>
    </trkpt>
    <trkpt lat="37.566709" lon="127.000810">
      <ele>32.0</ele>
      <time>2026-07-20T19:38:38.000Z</time>
      <extensions><gpxtpx:TrackPointExtension><gpxtpx:hr>147</gpxtpx:hr></gpxtpx:TrackPointExtension></extensions>
    </trkpt>
    <trkpt lat="37.566730" lon="127.000790">
      <ele>32.0</ele>
      <time>2026-07-20T19:38:39.000Z</time>
      <extensions><gpxtpx:TrackPointExtension><gpxtpx:hr>147</gpxtpx:hr></gpxtpx:TrackPointExtension></extensions>
    </trkpt>
    <trkpt lat="37.566750" lon="127.000762">
      <ele>32.0</ele>
      <time>2026-07-20T19:38:40.000Z</time>
      <extensions><gpxtpx:TrackPointExtension><gpxtpx:hr>147</gpxtpx:hr></gpxtpx:TrackPointExtension></extensions>
    </trkpt>
    <trkpt lat="37.566761" lon="127.000732">
      <ele>32.0</ele>
      <time>2026-07-20T19:38:41.000Z</time>
      <extensions><gpxtpx:TrackPointExtension><gpxtpx:hr>146</gpxtpx:hr></gpxtpx:TrackPointExtension></extensions>
    </trkpt>
    <trkpt lat="37.566789" lon="127.000708">
      <ele>32.0</ele>
      <time>2026-07-20T19:38:42.000Z</time>
      <extensions><gpxtpx:TrackPointExtension><gpxtpx:hr>146</gpxtpx:hr></gpxtpx:TrackPointExtension></extensions>
    </trkpt>
    <trkpt lat="37.566804" lon="127.000726">
      <ele>32.0</ele>
      <time>2026-07-20T19:38:43.000Z</time>
      <extensions><gpxtpx:TrackPointExtension><gpxtpx:hr>146</gpxtpx:hr></gpxtpx:TrackPointExtension></extensions>
    </trkpt>
    <trkpt lat="37.566813" lon="127.000769">
      <ele>32.0</ele>
      <time>2026-07-20T19:38:44.000Z</time>
      <extensions><gpxtpx:TrackPointExtension><gpxtpx:hr>146</gpxtpx:hr></gpxtpx:TrackPointExtension></extensions>
    </trkpt>
    <trkpt lat="37.566822" lon="127.000789">
      <ele>32.0</ele>
      <time>2026-07-20T19:38:45.000Z</time>
      <extensions><gpxtpx:TrackPointExtension><gpxtpx:hr>145</gpxtpx:hr></gpxtpx:TrackPointExtension></extensions>
    </trkpt>
    <trkpt lat="37.566828" lon="127.000820">
      <ele>32.0</ele>
      <time>2026-07-20T19:38:46.000Z</time>
      <extensions><gpxtpx:TrackPointExtension><gpxtpx:hr>145</gpxtpx:hr></gpxtpx:TrackPointExtension></extensions>
    </trkpt>
    <trkpt lat="37.566819" lon="127.000787">
      <ele>32.0</ele>
      <time>2026-07-20T19:38:47.000Z</time>
      <extensions><gpxtpx:TrackPointExtension><gpxtpx:hr>145</gpxtpx:hr></gpxtpx:TrackPointExtension></extensions>
    </trkpt>
    <trkpt lat="37.566826" lon="127.000813">
      <ele>32.0</ele>
      <time>2026-07-20T19:38:48.000Z</time>
      <extensions><gpxtpx:TrackPointExtension><gpxtpx:hr>145</gpxtpx:hr></gpxtpx:TrackPointExtension></extensions>
    </trkpt>
    <trkpt lat="37.566824" lon="127.000782">
      <ele>32.0</ele>
      <time>2026-07-20T19:38:49.000Z</time>
      <extensions><gpxtpx:TrackPointExtension><gpxtpx:hr>145</gpxtpx:hr></gpxtpx:TrackPointExtension></extensions>
    </trkpt>
    <trkpt lat="37.566838" lon="127.000826">
      <ele>32.0</ele>
      <time>2026-07-20T19:38:50.000Z</time>
      <extensions><gpxtpx:TrackPointExtension><gpxtpx:hr>145</gpxtpx:hr></gpxtpx:TrackPointExtension></extensions>
    </trkpt>
    <trkpt lat="37.566823" lon="127.000787">
      <ele>32.0</ele>
      <time>2026-07-20T19:38:51.000Z</time>
      <extensions><gpxtpx:TrackPointExtension><gpxtpx:hr>145</gpxtpx:hr></gpxtpx:TrackPointExtension></extensions>
    </trkpt>
    <trkpt lat="37.566849" lon="127.000791">
      <ele>32.0</ele>
      <time>2026-07-20T19:38:52.000Z</time>
      <extensions><gpxtpx:TrackPointExtension><gpxtpx:hr>145</gpxtpx:hr></gpxtpx:TrackPointExtension></extensions>
    </trkpt>
    <trkpt lat="37.566865" lon="127.000797">
      <ele>32.0</ele>
      <time>2026-07-20T19:38:53.000Z</time>
      <extensions><gpxtpx:TrackPointExtension><gpxtpx:hr>144</gpxtpx:hr></gpxtpx:TrackPointExtension></extensions>
    </trkpt>
    <trkpt lat="37.566872" lon="127.000807">
      <ele>32.0</ele>
      <time>2026-07-20T19:38:54.000Z</time>
      <extensions><gpxtpx:TrackPointExtension><gpxtpx:hr>143</gpxtpx:hr></gpxtpx:TrackPointExtension></extensions>
    </trkpt>
    <trkpt lat="37.566897" lon="127.000807">
      <ele>32.0</ele>
      <time>2026-07-20T19:38:55.000Z</time>
      <extensions><gpxtpx:TrackPointExtension><gpxtpx:hr>143</gpxtpx:hr></gpxtpx:TrackPointExtension></extensions>
    </trkpt>
    <trkpt lat="37.566904" lon="127.000813">
      <ele>32.0</ele>
      <time>2026-07-20T19:38:56.000Z</time>
      <extensions><gpxtpx:TrackPointExtension><gpxtpx:hr>142</gpxtpx:hr></gpxtpx:TrackPointExtension></extensions>
    </trkpt>
    <trkpt lat="37.566924" lon="127.000817">
      <ele>32.0</ele>
      <time>2026-07-20T19:38:57.000Z</time>
      <extensions><gpxtpx:TrackPointExtension><gpxtpx:hr>141</gpxtpx:hr></gpxtpx:TrackPointExtension></extensions>
    </trkpt>
    <trkpt lat="37.566936" lon="127.000817">
      <ele>32.0</ele>
      <time>2026-07-20T19:38:58.000Z</time>
      <extensions><gpxtpx:TrackPointExtension><gpxtpx:hr>141</gpxtpx:hr></gpxtpx:TrackPointExtension></extensions>
    </trkpt>
    <trkpt lat="37.566948" lon="127.000826">
      <ele>32.0</ele>
      <time>2026-07-20T19:38:59.000Z</time>
      <extensions><gpxtpx:TrackPointExtension><gpxtpx:hr>140</gpxtpx:hr></gpxtpx:TrackPointExtension></extensions>
    </trkpt>
    <trkpt lat="37.566962" lon="127.000831">
      <ele>32.0</ele>
      <time>2026-07-20T19:39:00.000Z</time>
      <extensions><gpxtpx:TrackPointExtension><gpxtpx:hr>140</gpxtpx:hr></gpxtpx:TrackPointExtension></extensions>
    </trkpt>
    <trkpt lat="37.566962" lon="127.000797">
      <ele>32.0</ele>
      <time>2026-07-20T19:39:01.000Z</time>
      <extensions><gpxtpx:TrackPointExtension><gpxtpx:hr>140</gpxtpx:hr></gpxtpx:TrackPointExtension></extensions>
    </trkpt>
    <trkpt lat="37.566957" lon="127.000760">
      <ele>32.0</ele>
      <time>2026-07-20T19:39:02.000Z</time>
      <extensions><gpxtpx:TrackPointExtension><gpxtpx:hr>140</gpxtpx:hr></gpxtpx:TrackPointExtension></extensions>
    </trkpt>
    <trkpt lat="37.566941" lon="127.000735">
      <ele>32.0</ele>
      <time>2026-07-20T19:39:03.000Z</time>
      <extensions><gpxtpx:TrackPointExtension><gpxtpx:hr>140</gpxtpx:hr></gpxtpx:TrackPointExtension></extensions>
    </trkpt>
    <trkpt lat="37.566933" lon="127.000696">
      <ele>32.0</ele>
      <time>2026-07-20T19:39:04.000Z</time>
      <extensions><gpxtpx:TrackPointExtension><gpxtpx:hr>140</gpxtpx:hr></gpxtpx:TrackPointExtension></extensions>
    </trkpt>
    <trkpt lat="37.566925" lon="127.000675">
      <ele>32.0</ele>
      <time>2026-07-20T19:39:05.000Z</time>
      <extensions><gpxtpx:TrackPointExtension><gpxtpx:hr>140</gpxtpx:hr></gpxtpx:TrackPointExtension></extensions>
    </trkpt>
    <trkpt lat="37.566918" lon="127.000627">
      <ele>32.0</ele>
      <time>2026-07-20T19:39:06.000Z</time>
      <extensions><gpxtpx:TrackPointExtension><gpxtpx:hr>140</gpxtpx:hr></gpxtpx:TrackPointExtension></extensions>
    </trkpt>
    <trkpt lat="37.566928" lon="127.000663">
      <ele>32.0</ele>
      <time>2026-07-20T19:39:07.000Z</time>
      <extensions><gpxtpx:TrackPointExtension><gpxtpx:hr>140</gpxtpx:hr></gpxtpx:TrackPointExtension></extensions>
    </trkpt>
    <trkpt lat="37.566935" lon="127.000687">
      <ele>32.0</ele>
      <time>2026-07-20T19:39:08.000Z</time>
      <extensions><gpxtpx:TrackPointExtension><gpxtpx:hr>140</gpxtpx:hr></gpxtpx:TrackPointExtension></extensions>
    </trkpt>
    <trkpt lat="37.566945" lon="127.000717">
      <ele>32.0</ele>
      <time>2026-07-20T19:39:09.000Z</time>
      <extensions><gpxtpx:TrackPointExtension><gpxtpx:hr>140</gpxtpx:hr></gpxtpx:TrackPointExtension></extensions>
    </trkpt>
    <trkpt lat="37.566942" lon="127.000723">
      <ele>32.0</ele>
      <time>2026-07-20T19:39:10.000Z</time>
      <extensions><gpxtpx:TrackPointExtension><gpxtpx:hr>139</gpxtpx:hr></gpxtpx:TrackPointExtension></extensions>
    </trkpt>
    <trkpt lat="37.566944" lon="127.000758">
      <ele>32.0</ele>
      <time>2026-07-20T19:39:11.000Z</time>
      <extensions><gpxtpx:TrackPointExtension><gpxtpx:hr>139</gpxtpx:hr></gpxtpx:TrackPointExtension></extensions>
    </trkpt>
    <trkpt lat="37.566936" lon="127.000736">
      <ele>32.0</ele>
      <time>2026-07-20T19:39:12.000Z</time>
      <extensions><gpxtpx:TrackPointExtension><gpxtpx:hr>139</gpxtpx:hr></gpxtpx:TrackPointExtension></extensions>
    </trkpt>
    <trkpt lat="37.566923" lon="127.000694">
      <ele>32.0</ele>
      <time>2026-07-20T19:39:13.000Z</time>
      <extensions><gpxtpx:TrackPointExtension><gpxtpx:hr>139</gpxtpx:hr></gpxtpx:TrackPointExtension></extensions>
    </trkpt>
    <trkpt lat="37.566920" lon="127.000673">
      <ele>32.0</ele>
      <time>2026-07-20T19:39:14.000Z</time>
      <extensions><gpxtpx:TrackPointExtension><gpxtpx:hr>139</gpxtpx:hr></gpxtpx:TrackPointExtension></extensions>
    </trkpt>
    <trkpt lat="37.566907" lon="127.000638">
      <ele>32.0</ele>
      <time>2026-07-20T19:39:15.000Z</time>
      <extensions><gpxtpx:TrackPointExtension><gpxtpx:hr>139</gpxtpx:hr></gpxtpx:TrackPointExtension></extensions>
    </trkpt>
    <trkpt lat="37.566902" lon="127.000640">
      <ele>32.0</ele>
      <time>2026-07-20T19:39:16.000Z</time>
      <extensions><gpxtpx:TrackPointExtension><gpxtpx:hr>139</gpxtpx:hr></gpxtpx:TrackPointExtension></extensions>
    </trkpt>
    <trkpt lat="37.566898" lon="127.000589">
      <ele>32.0</ele>
      <time>2026-07-20T19:39:17.000Z</time>
      <extensions><gpxtpx:TrackPointExtension><gpxtpx:hr>140</gpxtpx:hr></gpxtpx:TrackPointExtension></extensions>
    </trkpt>
    <trkpt lat="37.566908" lon="127.000529">
      <ele>32.0</ele>
      <time>2026-07-20T19:39:18.000Z</time>
      <extensions><gpxtpx:TrackPointExtension><gpxtpx:hr>141</gpxtpx:hr></gpxtpx:TrackPointExtension></extensions>
    </trkpt>
    <trkpt lat="37.566900" lon="127.000468">
      <ele>32.0</ele>
      <time>2026-07-20T19:39:19.000Z</time>
      <extensions><gpxtpx:TrackPointExtension><gpxtpx:hr>142</gpxtpx:hr></gpxtpx:TrackPointExtension></extensions>
    </trkpt>
    <trkpt lat="37.566901" lon="127.000406">
      <ele>32.0</ele>
      <time>2026-07-20T19:39:20.000Z</time>
      <extensions><gpxtpx:TrackPointExtension><gpxtpx:hr>143</gpxtpx:hr></gpxtpx:TrackPointExtension></extensions>
    </trkpt>
    <trkpt lat="37.566911" lon="127.000447">
      <ele>32.0</ele>
      <time>2026-07-20T19:39:21.000Z</time>
      <extensions><gpxtpx:TrackPointExtension><gpxtpx:hr>143</gpxtpx:hr></gpxtpx:TrackPointExtension></extensions>
    </trkpt>
    <trkpt lat="37.566917" lon="127.000482">
      <ele>32.0</ele>
      <time>2026-07-20T19:39:22.000Z</time>
      <extensions><gpxtpx:TrackPointExtension><gpxtpx:hr>143</gpxtpx:hr></gpxtpx:TrackPointExtension></extensions>
    </trkpt>
    <trkpt lat="37.566921" lon="127.000532">
      <ele>32.0</ele>
      <time>2026-07-20T19:39:23.000Z</time>
      <extensions><gpxtpx:TrackPointExtension><gpxtpx:hr>143</gpxtpx:hr></gpxtpx:TrackPointExtension></extensions>
    </trkpt>
    <trkpt lat="37.566925" lon="127.000563">
      <ele>32.0</ele>
      <time>2026-07-20T19:39:24.000Z</time>
      <extensions><gpxtpx:TrackPointExtension><gpxtpx:hr>143</gpxtpx:hr></gpxtpx:TrackPointExtension></extensions>
    </trkpt>
    <trkpt lat="37.566904" lon="127.000616">
      <ele>32.0</ele>
      <time>2026-07-20T19:39:25.000Z</time>
      <extensions><gpxtpx:TrackPointExtension><gpxtpx:hr>144</gpxtpx:hr></gpxtpx:TrackPointExtension></extensions>
    </trkpt>
    <trkpt lat="37.566886" lon="127.000673">
      <ele>32.0</ele>
      <time>2026-07-20T19:39:26.000Z</time>
      <extensions><gpxtpx:TrackPointExtension><gpxtpx:hr>145</gpxtpx:hr></gpxtpx:TrackPointExtension></extensions>
    </trkpt>
    <trkpt lat="37.566867" lon="127.000720">
      <ele>32.0</ele>
      <time>2026-07-20T19:39:27.000Z</time>
      <extensions><gpxtpx:TrackPointExtension><gpxtpx:hr>146</gpxtpx:hr></gpxtpx:TrackPointExtension></extensions>
    </trkpt>
    <trkpt lat="37.566848" lon="127.000771">
      <ele>32.0</ele>
      <time>2026-07-20T19:39:28.000Z</time>
      <extensions><gpxtpx:TrackPointExtension><gpxtpx:hr>147</gpxtpx:hr></gpxtpx:TrackPointExtension></extensions>
    </trkpt>
    <trkpt lat="37.566829" lon="127.000826">
      <ele>32.0</ele>
      <time>2026-07-20T19:39:29.000Z</time>
      <extensions><gpxtpx:TrackPointExtension><gpxtpx:hr>147</gpxtpx:hr></gpxtpx:TrackPointExtension></extensions>
    </trkpt>
    <trkpt lat="37.566849" lon="127.000771">
      <ele>32.0</ele>
      <time>2026-07-20T19:39:30.000Z</time>
      <extensions><gpxtpx:TrackPointExtension><gpxtpx:hr>148</gpxtpx:hr></gpxtpx:TrackPointExtension></extensions>
    </trkpt>
    <trkpt lat="37.566829" lon="127.000820">
      <ele>32.0</ele>
      <time>2026-07-20T19:39:31.000Z</time>
      <extensions><gpxtpx:TrackPointExtension><gpxtpx:hr>149</gpxtpx:hr></gpxtpx:TrackPointExtension></extensions>
    </trkpt>
    <trkpt lat="37.566835" lon="127.000740">
      <ele>32.0</ele>
      <time>2026-07-20T19:39:32.000Z</time>
      <extensions><gpxtpx:TrackPointExtension><gpxtpx:hr>150</gpxtpx:hr></gpxtpx:TrackPointExtension></extensions>
    </trkpt>
    <trkpt lat="37.566824" lon="127.000663">
      <ele>32.0</ele>
      <time>2026-07-20T19:39:33.000Z</time>
      <extensions><gpxtpx:TrackPointExtension><gpxtpx:hr>151</gpxtpx:hr></gpxtpx:TrackPointExtension></extensions>
    </trkpt>
    <trkpt lat="37.566823" lon="127.000588">
      <ele>32.0</ele>
      <time>2026-07-20T19:39:34.000Z</time>
      <extensions><gpxtpx:TrackPointExtension><gpxtpx:hr>153</gpxtpx:hr></gpxtpx:TrackPointExtension></extensions>
    </trkpt>
    <trkpt lat="37.566825" lon="127.000502">
      <ele>32.0</ele>
      <time>2026-07-20T19:39:35.000Z</time>
      <extensions><gpxtpx:TrackPointExtension><gpxtpx:hr>154</gpxtpx:hr></gpxtpx:TrackPointExtension></extensions>
    </trkpt>
    <trkpt lat="37.566825" lon="127.000400">
      <ele>32.0</ele>
      <time>2026-07-20T19:39:36.000Z</time>
      <extensions><gpxtpx:TrackPointExtension><gpxtpx:hr>156</gpxtpx:hr></gpxtpx:TrackPointExtension></extensions>
    </trkpt>
    <trkpt lat="37.566828" lon="127.000475">
      <ele>32.0</ele>
      <time>2026-07-20T19:39:37.000Z</time>
      <extensions><gpxtpx:TrackPointExtension><gpxtpx:hr>156</gpxtpx:hr></gpxtpx:TrackPointExtension></extensions>
    </trkpt>
    <trkpt lat="37.566831" lon="127.000543">
      <ele>32.0</ele>
      <time>2026-07-20T19:39:38.000Z</time>
      <extensions><gpxtpx:TrackPointExtension><gpxtpx:hr>157</gpxtpx:hr></gpxtpx:TrackPointExtension></extensions>
    </trkpt>
    <trkpt lat="37.566844" lon="127.000599">
      <ele>32.0</ele>
      <time>2026-07-20T19:39:39.000Z</time>
      <extensions><gpxtpx:TrackPointExtension><gpxtpx:hr>157</gpxtpx:hr></gpxtpx:TrackPointExtension></extensions>
    </trkpt>
    <trkpt lat="37.566837" lon="127.000670">
      <ele>32.0</ele>
      <time>2026-07-20T19:39:40.000Z</time>
      <extensions><gpxtpx:TrackPointExtension><gpxtpx:hr>158</gpxtpx:hr></gpxtpx:TrackPointExtension></extensions>
    </trkpt>
    <trkpt lat="37.566849" lon="127.000738">
      <ele>32.0</ele>
      <time>2026-07-20T19:39:41.000Z</time>
      <extensions><gpxtpx:TrackPointExtension><gpxtpx:hr>158</gpxtpx:hr></gpxtpx:TrackPointExtension></extensions>
    </trkpt>
    <trkpt lat="37.566848" lon="127.000801">
      <ele>32.0</ele>
      <time>2026-07-20T19:39:42.000Z</time>
      <extensions><gpxtpx:TrackPointExtension><gpxtpx:hr>158</gpxtpx:hr></gpxtpx:TrackPointExtension></extensions>
    </trkpt>
    <trkpt lat="37.566839" lon="127.000746">
      <ele>32.0</ele>
      <time>2026-07-20T19:39:43.000Z</time>
      <extensions><gpxtpx:TrackPointExtension><gpxtpx:hr>158</gpxtpx:hr></gpxtpx:TrackPointExtension></extensions>
    </trkpt>
    <trkpt lat="37.566834" lon="127.000701">
      <ele>32.0</ele>
      <time>2026-07-20T19:39:44.000Z</time>
      <extensions><gpxtpx:TrackPointExtension><gpxtpx:hr>157</gpxtpx:hr></gpxtpx:TrackPointExtension></extensions>
    </trkpt>
    <trkpt lat="37.566821" lon="127.000657">
      <ele>32.0</ele>
      <time>2026-07-20T19:39:45.000Z</time>
      <extensions><gpxtpx:TrackPointExtension><gpxtpx:hr>157</gpxtpx:hr></gpxtpx:TrackPointExtension></extensions>
    </trkpt>
    <trkpt lat="37.566812" lon="127.000615">
      <ele>32.0</ele>
      <time>2026-07-20T19:39:46.000Z</time>
      <extensions><gpxtpx:TrackPointExtension><gpxtpx:hr>156</gpxtpx:hr></gpxtpx:TrackPointExtension></extensions>
    </trkpt>
    <trkpt lat="37.566813" lon="127.000590">
      <ele>32.0</ele>
      <time>2026-07-20T19:39:47.000Z</time>
      <extensions><gpxtpx:TrackPointExtension><gpxtpx:hr>156</gpxtpx:hr></gpxtpx:TrackPointExtension></extensions>
    </trkpt>
    <trkpt lat="37.566798" lon="127.000542">
      <ele>32.0</ele>
      <time>2026-07-20T19:39:48.000Z</time>
      <extensions><gpxtpx:TrackPointExtension><gpxtpx:hr>155</gpxtpx:hr></gpxtpx:TrackPointExtension></extensions>
    </trkpt>
    <trkpt lat="37.566789" lon="127.000508">
      <ele>32.0</ele>
      <time>2026-07-20T19:39:49.000Z</time>
      <extensions><gpxtpx:TrackPointExtension><gpxtpx:hr>155</gpxtpx:hr></gpxtpx:TrackPointExtension></extensions>
    </trkpt>
    <trkpt lat="37.566795" lon="127.000477">
      <ele>32.0</ele>
      <time>2026-07-20T19:39:50.000Z</time>
      <extensions><gpxtpx:TrackPointExtension><gpxtpx:hr>154</gpxtpx:hr></gpxtpx:TrackPointExtension></extensions>
    </trkpt>
    <trkpt lat="37.566778" lon="127.000448">
      <ele>32.0</ele>
      <time>2026-07-20T19:39:51.000Z</time>
      <extensions><gpxtpx:TrackPointExtension><gpxtpx:hr>153</gpxtpx:hr></gpxtpx:TrackPointExtension></extensions>
    </trkpt>
    <trkpt lat="37.566769" lon="127.000409">
      <ele>32.0</ele>
      <time>2026-07-20T19:39:52.000Z</time>
      <extensions><gpxtpx:TrackPointExtension><gpxtpx:hr>153</gpxtpx:hr></gpxtpx:TrackPointExtension></extensions>
    </trkpt>
    <trkpt lat="37.566764" lon="127.000369">
      <ele>32.0</ele>
      <time>2026-07-20T19:39:53.000Z</time>
      <extensions><gpxtpx:TrackPointExtension><gpxtpx:hr>152</gpxtpx:hr></gpxtpx:TrackPointExtension></extensions>
    </trkpt>
    <trkpt lat="37.566765" lon="127.000336">
      <ele>32.0</ele>
      <time>2026-07-20T19:39:54.000Z</time>
      <extensions><gpxtpx:TrackPointExtension><gpxtpx:hr>152</gpxtpx:hr></gpxtpx:TrackPointExtension></extensions>
    </trkpt>
    <trkpt lat="37.566755" lon="127.000333">
      <ele>32.0</ele>
      <time>2026-07-20T19:39:55.000Z</time>
      <extensions><gpxtpx:TrackPointExtension><gpxtpx:hr>150</gpxtpx:hr></gpxtpx:TrackPointExtension></extensions>
    </trkpt>
    <trkpt lat="37.566743" lon="127.000334">
      <ele>32.0</ele>
      <time>2026-07-20T19:39:56.000Z</time>
      <extensions><gpxtpx:TrackPointExtension><gpxtpx:hr>149</gpxtpx:hr></gpxtpx:TrackPointExtension></extensions>
    </trkpt>
    <trkpt lat="37.566746" lon="127.000327">
      <ele>32.0</ele>
      <time>2026-07-20T19:39:57.000Z</time>
      <extensions><gpxtpx:TrackPointExtension><gpxtpx:hr>147</gpxtpx:hr></gpxtpx:TrackPointExtension></extensions>
    </trkpt>
    <trkpt lat="37.566742" lon="127.000340">
      <ele>32.0</ele>
      <time>2026-07-20T19:39:58.000Z</time>
      <extensions><gpxtpx:TrackPointExtension><gpxtpx:hr>146</gpxtpx:hr></gpxtpx:TrackPointExtension></extensions>
    </trkpt>
    <trkpt lat="37.566736" lon="127.000328">
      <ele>32.0</ele>
      <time>2026-07-20T19:39:59.000Z</time>
      <extensions><gpxtpx:TrackPointExtension><gpxtpx:hr>144</gpxtpx:hr></gpxtpx:TrackPointExtension></extensions>
    </trkpt>
    <trkpt lat="37.566742" lon="127.000342">
      <ele>32.0</ele>
      <time>2026-07-20T19:40:00.000Z</time>
      <extensions><gpxtpx:TrackPointExtension><gpxtpx:hr>143</gpxtpx:hr></gpxtpx:TrackPointExtension></extensions>
    </trkpt>
    <trkpt lat="37.566742" lon="127.000340">
      <ele>32.0</ele>
      <time>2026-07-20T19:40:01.000Z</time>
      <extensions><gpxtpx:TrackPointExtension><gpxtpx:hr>142</gpxtpx:hr></gpxtpx:TrackPointExtension></extensions>
    </trkpt>
    <trkpt lat="37.566739" lon="127.000334">
      <ele>32.0</ele>
      <time>2026-07-20T19:40:02.000Z</time>
      <extensions><gpxtpx:TrackPointExtension><gpxtpx:hr>141</gpxtpx:hr></gpxtpx:TrackPointExtension></extensions>
    </trkpt>
    <trkpt lat="37.566751" lon="127.000340">
      <ele>32.0</ele>
      <time>2026-07-20T19:40:03.000Z</time>
      <extensions><gpxtpx:TrackPointExtension><gpxtpx:hr>139</gpxtpx:hr></gpxtpx:TrackPointExtension></extensions>
    </trkpt>
    <trkpt lat="37.566752" lon="127.000356">
      <ele>32.0</ele>
      <time>2026-07-20T19:40:04.000Z</time>
      <extensions><gpxtpx:TrackPointExtension><gpxtpx:hr>139</gpxtpx:hr></gpxtpx:TrackPointExtension></extensions>
    </trkpt>
    <trkpt lat="37.566749" lon="127.000361">
      <ele>32.0</ele>
      <time>2026-07-20T19:40:05.000Z</time>
      <extensions><gpxtpx:TrackPointExtension><gpxtpx:hr>138</gpxtpx:hr></gpxtpx:TrackPointExtension></extensions>
    </trkpt>
    <trkpt lat="37.566754" lon="127.000382">
      <ele>32.0</ele>
      <time>2026-07-20T19:40:06.000Z</time>
      <extensions><gpxtpx:TrackPointExtension><gpxtpx:hr>137</gpxtpx:hr></gpxtpx:TrackPointExtension></extensions>
    </trkpt>
    <trkpt lat="37.566756" lon="127.000386">
      <ele>32.0</ele>
      <time>2026-07-20T19:40:07.000Z</time>
      <extensions><gpxtpx:TrackPointExtension><gpxtpx:hr>137</gpxtpx:hr></gpxtpx:TrackPointExtension></extensions>
    </trkpt>
    <trkpt lat="37.566764" lon="127.000413">
      <ele>32.0</ele>
      <time>2026-07-20T19:40:08.000Z</time>
      <extensions><gpxtpx:TrackPointExtension><gpxtpx:hr>136</gpxtpx:hr></gpxtpx:TrackPointExtension></extensions>
    </trkpt>
    <trkpt lat="37.566744" lon="127.000442">
      <ele>32.0</ele>
      <time>2026-07-20T19:40:09.000Z</time>
      <extensions><gpxtpx:TrackPointExtension><gpxtpx:hr>137</gpxtpx:hr></gpxtpx:TrackPointExtension></extensions>
    </trkpt>
    <trkpt lat="37.566731" lon="127.000497">
      <ele>32.0</ele>
      <time>2026-07-20T19:40:10.000Z</time>
      <extensions><gpxtpx:TrackPointExtension><gpxtpx:hr>138</gpxtpx:hr></gpxtpx:TrackPointExtension></extensions>
    </trkpt>
    <trkpt lat="37.566713" lon="127.000541">
      <ele>32.0</ele>
      <time>2026-07-20T19:40:11.000Z</time>
      <extensions><gpxtpx:TrackPointExtension><gpxtpx:hr>139</gpxtpx:hr></gpxtpx:TrackPointExtension></extensions>
    </trkpt>
    <trkpt lat="37.566701" lon="127.000607">
      <ele>32.0</ele>
      <time>2026-07-20T19:40:12.000Z</time>
      <extensions><gpxtpx:TrackPointExtension><gpxtpx:hr>140</gpxtpx:hr></gpxtpx:TrackPointExtension></extensions>
    </trkpt>
    <trkpt lat="37.566713" lon="127.000544">
      <ele>32.0</ele>
      <time>2026-07-20T19:40:13.000Z</time>
      <extensions><gpxtpx:TrackPointExtension><gpxtpx:hr>141</gpxtpx:hr></gpxtpx:TrackPointExtension></extensions>
    </trkpt>
    <trkpt lat="37.566697" lon="127.000609">
      <ele>32.0</ele>
      <time>2026-07-20T19:40:14.000Z</time>
      <extensions><gpxtpx:TrackPointExtension><gpxtpx:hr>142</gpxtpx:hr></gpxtpx:TrackPointExtension></extensions>
    </trkpt>
    <trkpt lat="37.566721" lon="127.000545">
      <ele>32.0</ele>
      <time>2026-07-20T19:40:15.000Z</time>
      <extensions><gpxtpx:TrackPointExtension><gpxtpx:hr>143</gpxtpx:hr></gpxtpx:TrackPointExtension></extensions>
    </trkpt>
    <trkpt lat="37.566686" lon="127.000533">
      <ele>32.0</ele>
      <time>2026-07-20T19:40:16.000Z</time>
      <extensions><gpxtpx:TrackPointExtension><gpxtpx:hr>144</gpxtpx:hr></gpxtpx:TrackPointExtension></extensions>
    </trkpt>
    <trkpt lat="37.566655" lon="127.000511">
      <ele>32.0</ele>
      <time>2026-07-20T19:40:17.000Z</time>
      <extensions><gpxtpx:TrackPointExtension><gpxtpx:hr>143</gpxtpx:hr></gpxtpx:TrackPointExtension></extensions>
    </trkpt>
    <trkpt lat="37.566639" lon="127.000498">
      <ele>32.0</ele>
      <time>2026-07-20T19:40:18.000Z</time>
      <extensions><gpxtpx:TrackPointExtension><gpxtpx:hr>143</gpxtpx:hr></gpxtpx:TrackPointExtension></extensions>
    </trkpt>
    <trkpt lat="37.566626" lon="127.000483">
      <ele>32.0</ele>
      <time>2026-07-20T19:40:19.000Z</time>
      <extensions><gpxtpx:TrackPointExtension><gpxtpx:hr>143</gpxtpx:hr></gpxtpx:TrackPointExtension></extensions>
    </trkpt>
    <trkpt lat="37.566631" lon="127.000484">
      <ele>32.0</ele>
      <time>2026-07-20T19:40:20.000Z</time>
      <extensions><gpxtpx:TrackPointExtension><gpxtpx:hr>142</gpxtpx:hr></gpxtpx:TrackPointExtension></extensions>
    </trkpt>
    <trkpt lat="37.566637" lon="127.000487">
      <ele>32.0</ele>
      <time>2026-07-20T19:40:21.000Z</time>
      <extensions><gpxtpx:TrackPointExtension><gpxtpx:hr>141</gpxtpx:hr></gpxtpx:TrackPointExtension></extensions>
    </trkpt>
    <trkpt lat="37.566643" lon="127.000491">
      <ele>32.0</ele>
      <time>2026-07-20T19:40:22.000Z</time>
      <extensions><gpxtpx:TrackPointExtension><gpxtpx:hr>139</gpxtpx:hr></gpxtpx:TrackPointExtension></extensions>
    </trkpt>
    <trkpt lat="37.566646" lon="127.000488">
      <ele>32.0</ele>
      <time>2026-07-20T19:40:23.000Z</time>
      <extensions><gpxtpx:TrackPointExtension><gpxtpx:hr>138</gpxtpx:hr></gpxtpx:TrackPointExtension></extensions>
    </trkpt>
    <trkpt lat="37.566645" lon="127.000498">
      <ele>32.0</ele>
      <time>2026-07-20T19:40:24.000Z</time>
      <extensions><gpxtpx:TrackPointExtension><gpxtpx:hr>137</gpxtpx:hr></gpxtpx:TrackPointExtension></extensions>
    </trkpt>
    <trkpt lat="37.566650" lon="127.000511">
      <ele>32.0</ele>
      <time>2026-07-20T19:40:25.000Z</time>
      <extensions><gpxtpx:TrackPointExtension><gpxtpx:hr>137</gpxtpx:hr></gpxtpx:TrackPointExtension></extensions>
    </trkpt>
    <trkpt lat="37.566666" lon="127.000524">
      <ele>32.0</ele>
      <time>2026-07-20T19:40:26.000Z</time>
      <extensions><gpxtpx:TrackPointExtension><gpxtpx:hr>137</gpxtpx:hr></gpxtpx:TrackPointExtension></extensions>
    </trkpt>
    <trkpt lat="37.566672" lon="127.000545">
      <ele>32.0</ele>
      <time>2026-07-20T19:40:27.000Z</time>
      <extensions><gpxtpx:TrackPointExtension><gpxtpx:hr>136</gpxtpx:hr></gpxtpx:TrackPointExtension></extensions>
    </trkpt>
    <trkpt lat="37.566692" lon="127.000566">
      <ele>32.0</ele>
      <time>2026-07-20T19:40:28.000Z</time>
      <extensions><gpxtpx:TrackPointExtension><gpxtpx:hr>137</gpxtpx:hr></gpxtpx:TrackPointExtension></extensions>
    </trkpt>
    <trkpt lat="37.566707" lon="127.000583">
      <ele>32.0</ele>
      <time>2026-07-20T19:40:29.000Z</time>
      <extensions><gpxtpx:TrackPointExtension><gpxtpx:hr>137</gpxtpx:hr></gpxtpx:TrackPointExtension></extensions>
    </trkpt>
    <trkpt lat="37.566728" lon="127.000613">
      <ele>32.0</ele>
      <time>2026-07-20T19:40:30.000Z</time>
      <extensions><gpxtpx:TrackPointExtension><gpxtpx:hr>137</gpxtpx:hr></gpxtpx:TrackPointExtension></extensions>
    </trkpt>
    <trkpt lat="37.566749" lon="127.000642">
      <ele>32.0</ele>
      <time>2026-07-20T19:40:31.000Z</time>
      <extensions><gpxtpx:TrackPointExtension><gpxtpx:hr>137</gpxtpx:hr></gpxtpx:TrackPointExtension></extensions>
    </trkpt>
    <trkpt lat="37.566766" lon="127.000668">
      <ele>32.0</ele>
      <time>2026-07-20T19:40:32.000Z</time>
      <extensions><gpxtpx:TrackPointExtension><gpxtpx:hr>138</gpxtpx:hr></gpxtpx:TrackPointExtension></extensions>
    </trkpt>
    <trkpt lat="37.566746" lon="127.000687">
      <ele>32.0</ele>
      <time>2026-07-20T19:40:33.000Z</time>
      <extensions><gpxtpx:TrackPointExtension><gpxtpx:hr>138</gpxtpx:hr></gpxtpx:TrackPointExtension></extensions>
    </trkpt>
    <trkpt lat="37.566721" lon="127.000704">
      <ele>32.0</ele>
      <time>2026-07-20T19:40:34.000Z</time>
      <extensions><gpxtpx:TrackPointExtension><gpxtpx:hr>138</gpxtpx:hr></gpxtpx:TrackPointExtension></extensions>
    </trkpt>
    <trkpt lat="37.566691" lon="127.000720">
      <ele>32.0</ele>
      <time>2026-07-20T19:40:35.000Z</time>
      <extensions><gpxtpx:TrackPointExtension><gpxtpx:hr>139</gpxtpx:hr></gpxtpx:TrackPointExtension></extensions>
    </trkpt>
    <trkpt lat="37.566676" lon="127.000745">
      <ele>32.0</ele>
      <time>2026-07-20T19:40:36.000Z</time>
      <extensions><gpxtpx:TrackPointExtension><gpxtpx:hr>139</gpxtpx:hr></gpxtpx:TrackPointExtension></extensions>
    </trkpt>
    <trkpt lat="37.566643" lon="127.000765">
      <ele>32.0</ele>
      <time>2026-07-20T19:40:37.000Z</time>
      <extensions><gpxtpx:TrackPointExtension><gpxtpx:hr>139</gpxtpx:hr></gpxtpx:TrackPointExtension></extensions>
    </trkpt>
    <trkpt lat="37.566619" lon="127.000788">
      <ele>32.0</ele>
      <time>2026-07-20T19:40:38.000Z</time>
      <extensions><gpxtpx:TrackPointExtension><gpxtpx:hr>139</gpxtpx:hr></gpxtpx:TrackPointExtension></extensions>
    </trkpt>
    <trkpt lat="37.566601" lon="127.000797">
      <ele>32.0</ele>
      <time>2026-07-20T19:40:39.000Z</time>
      <extensions><gpxtpx:TrackPointExtension><gpxtpx:hr>139</gpxtpx:hr></gpxtpx:TrackPointExtension></extensions>
    </trkpt>
    <trkpt lat="37.566571" lon="127.000829">
      <ele>32.0</ele>
      <time>2026-07-20T19:40:40.000Z</time>
      <extensions><gpxtpx:TrackPointExtension><gpxtpx:hr>140</gpxtpx:hr></gpxtpx:TrackPointExtension></extensions>
    </trkpt>
    <trkpt lat="37.566550" lon="127.000840">
      <ele>32.0</ele>
      <time>2026-07-20T19:40:41.000Z</time>
      <extensions><gpxtpx:TrackPointExtension><gpxtpx:hr>140</gpxtpx:hr></gpxtpx:TrackPointExtension></extensions>
    </trkpt>
    <trkpt lat="37.566546" lon="127.000834">
      <ele>32.0</ele>
      <time>2026-07-20T19:40:42.000Z</time>
      <extensions><gpxtpx:TrackPointExtension><gpxtpx:hr>140</gpxtpx:hr></gpxtpx:TrackPointExtension></extensions>
    </trkpt>
    <trkpt lat="37.566565" lon="127.000831">
      <ele>32.0</ele>
      <time>2026-07-20T19:40:43.000Z</time>
      <extensions><gpxtpx:TrackPointExtension><gpxtpx:hr>140</gpxtpx:hr></gpxtpx:TrackPointExtension></extensions>
    </trkpt>
    <trkpt lat="37.566600" lon="127.000814">
      <ele>32.0</ele>
      <time>2026-07-20T19:40:44.000Z</time>
      <extensions><gpxtpx:TrackPointExtension><gpxtpx:hr>140</gpxtpx:hr></gpxtpx:TrackPointExtension></extensions>
    </trkpt>
    <trkpt lat="37.566619" lon="127.000793">
      <ele>32.0</ele>
      <time>2026-07-20T19:40:45.000Z</time>
      <extensions><gpxtpx:TrackPointExtension><gpxtpx:hr>140</gpxtpx:hr></gpxtpx:TrackPointExtension></extensions>
    </trkpt>
    <trkpt lat="37.566655" lon="127.000782">
      <ele>32.0</ele>
      <time>2026-07-20T19:40:46.000Z</time>
      <extensions><gpxtpx:TrackPointExtension><gpxtpx:hr>141</gpxtpx:hr></gpxtpx:TrackPointExtension></extensions>
    </trkpt>
    <trkpt lat="37.566679" lon="127.000766">
      <ele>32.0</ele>
      <time>2026-07-20T19:40:47.000Z</time>
      <extensions><gpxtpx:TrackPointExtension><gpxtpx:hr>141</gpxtpx:hr></gpxtpx:TrackPointExtension></extensions>
    </trkpt>
    <trkpt lat="37.566713" lon="127.000742">
      <ele>32.0</ele>
      <time>2026-07-20T19:40:48.000Z</time>
      <extensions><gpxtpx:TrackPointExtension><gpxtpx:hr>141</gpxtpx:hr></gpxtpx:TrackPointExtension></extensions>
    </trkpt>
    <trkpt lat="37.566737" lon="127.000732">
      <ele>32.0</ele>
      <time>2026-07-20T19:40:49.000Z</time>
      <extensions><gpxtpx:TrackPointExtension><gpxtpx:hr>141</gpxtpx:hr></gpxtpx:TrackPointExtension></extensions>
    </trkpt>
    <trkpt lat="37.566756" lon="127.000713">
      <ele>32.0</ele>
      <time>2026-07-20T19:40:50.000Z</time>
      <extensions><gpxtpx:TrackPointExtension><gpxtpx:hr>141</gpxtpx:hr></gpxtpx:TrackPointExtension></extensions>
    </trkpt>
    <trkpt lat="37.566784" lon="127.000686">
      <ele>32.0</ele>
      <time>2026-07-20T19:40:51.000Z</time>
      <extensions><gpxtpx:TrackPointExtension><gpxtpx:hr>141</gpxtpx:hr></gpxtpx:TrackPointExtension></extensions>
    </trkpt>
    <trkpt lat="37.566809" lon="127.000681">
      <ele>32.0</ele>
      <time>2026-07-20T19:40:52.000Z</time>
      <extensions><gpxtpx:TrackPointExtension><gpxtpx:hr>142</gpxtpx:hr></gpxtpx:TrackPointExtension></extensions>
    </trkpt>
    <trkpt lat="37.566840" lon="127.000653">
      <ele>32.0</ele>
      <time>2026-07-20T19:40:53.000Z</time>
      <extensions><gpxtpx:TrackPointExtension><gpxtpx:hr>142</gpxtpx:hr></gpxtpx:TrackPointExtension></extensions>
    </trkpt>
    <trkpt lat="37.566871" lon="127.000633">
      <ele>32.0</ele>
      <time>2026-07-20T19:40:54.000Z</time>
      <extensions><gpxtpx:TrackPointExtension><gpxtpx:hr>142</gpxtpx:hr></gpxtpx:TrackPointExtension></extensions>
    </trkpt>
    <trkpt lat="37.566853" lon="127.000644">
      <ele>32.0</ele>
      <time>2026-07-20T19:40:55.000Z</time>
      <extensions><gpxtpx:TrackPointExtension><gpxtpx:hr>141</gpxtpx:hr></gpxtpx:TrackPointExtension></extensions>
    </trkpt>
    <trkpt lat="37.566850" lon="127.000636">
      <ele>32.0</ele>
      <time>2026-07-20T19:40:56.000Z</time>
      <extensions><gpxtpx:TrackPointExtension><gpxtpx:hr>140</gpxtpx:hr></gpxtpx:TrackPointExtension></extensions>
    </trkpt>
    <trkpt lat="37.566845" lon="127.000648">
      <ele>32.0</ele>
      <time>2026-07-20T19:40:57.000Z</time>
      <extensions><gpxtpx:TrackPointExtension><gpxtpx:hr>139</gpxtpx:hr></gpxtpx:TrackPointExtension></extensions>
    </trkpt>
    <trkpt lat="37.566839" lon="127.000659">
      <ele>32.0</ele>
      <time>2026-07-20T19:40:58.000Z</time>
      <extensions><gpxtpx:TrackPointExtension><gpxtpx:hr>138</gpxtpx:hr></gpxtpx:TrackPointExtension></extensions>
    </trkpt>
    <trkpt lat="37.566828" lon="127.000657">
      <ele>32.0</ele>
      <time>2026-07-20T19:40:59.000Z</time>
      <extensions><gpxtpx:TrackPointExtension><gpxtpx:hr>138</gpxtpx:hr></gpxtpx:TrackPointExtension></extensions>
    </trkpt>
    <trkpt lat="37.566809" lon="127.000653">
      <ele>32.0</ele>
      <time>2026-07-20T19:41:00.000Z</time>
      <extensions><gpxtpx:TrackPointExtension><gpxtpx:hr>137</gpxtpx:hr></gpxtpx:TrackPointExtension></extensions>
    </trkpt>
    <trkpt lat="37.566790" lon="127.000655">
      <ele>32.0</ele>
      <time>2026-07-20T19:41:01.000Z</time>
      <extensions><gpxtpx:TrackPointExtension><gpxtpx:hr>137</gpxtpx:hr></gpxtpx:TrackPointExtension></extensions>
    </trkpt>
    <trkpt lat="37.566784" lon="127.000662">
      <ele>32.0</ele>
      <time>2026-07-20T19:41:02.000Z</time>
      <extensions><gpxtpx:TrackPointExtension><gpxtpx:hr>136</gpxtpx:hr></gpxtpx:TrackPointExtension></extensions>
    </trkpt>
    <trkpt lat="37.566768" lon="127.000665">
      <ele>32.0</ele>
      <time>2026-07-20T19:41:03.000Z</time>
      <extensions><gpxtpx:TrackPointExtension><gpxtpx:hr>136</gpxtpx:hr></gpxtpx:TrackPointExtension></extensions>
    </trkpt>
    <trkpt lat="37.566818" lon="127.000633">
      <ele>32.0</ele>
      <time>2026-07-20T19:41:04.000Z</time>
      <extensions><gpxtpx:TrackPointExtension><gpxtpx:hr>138</gpxtpx:hr></gpxtpx:TrackPointExtension></extensions>
    </trkpt>
    <trkpt lat="37.566879" lon="127.000607">
      <ele>32.0</ele>
      <time>2026-07-20T19:41:05.000Z</time>
      <extensions><gpxtpx:TrackPointExtension><gpxtpx:hr>140</gpxtpx:hr></gpxtpx:TrackPointExtension></extensions>
    </trkpt>
    <trkpt lat="37.566871" lon="127.000567">
      <ele>32.0</ele>
      <time>2026-07-20T19:41:06.000Z</time>
      <extensions><gpxtpx:TrackPointExtension><gpxtpx:hr>140</gpxtpx:hr></gpxtpx:TrackPointExtension></extensions>
    </trkpt>
    <trkpt lat="37.566870" lon="127.000568">
      <ele>32.0</ele>
      <time>2026-07-20T19:41:07.000Z</time>
      <extensions><gpxtpx:TrackPointExtension><gpxtpx:hr>139</gpxtpx:hr></gpxtpx:TrackPointExtension></extensions>
    </trkpt>
    <trkpt lat="37.566862" lon="127.000561">
      <ele>32.0</ele>
      <time>2026-07-20T19:41:08.000Z</time>
      <extensions><gpxtpx:TrackPointExtension><gpxtpx:hr>138</gpxtpx:hr></gpxtpx:TrackPointExtension></extensions>
    </trkpt>
    <trkpt lat="37.566862" lon="127.000566">
      <ele>32.0</ele>
      <time>2026-07-20T19:41:09.000Z</time>
      <extensions><gpxtpx:TrackPointExtension><gpxtpx:hr>137</gpxtpx:hr></gpxtpx:TrackPointExtension></extensions>
    </trkpt>
    <trkpt lat="37.566872" lon="127.000558">
      <ele>32.0</ele>
      <time>2026-07-20T19:41:10.000Z</time>
      <extensions><gpxtpx:TrackPointExtension><gpxtpx:hr>136</gpxtpx:hr></gpxtpx:TrackPointExtension></extensions>
    </trkpt>
    <trkpt lat="37.566864" lon="127.000575">
      <ele>32.0</ele>
      <time>2026-07-20T19:41:11.000Z</time>
      <extensions><gpxtpx:TrackPointExtension><gpxtpx:hr>135</gpxtpx:hr></gpxtpx:TrackPointExtension></extensions>
    </trkpt>
    <trkpt lat="37.566854" lon="127.000594">
      <ele>32.0</ele>
      <time>2026-07-20T19:41:12.000Z</time>
      <extensions><gpxtpx:TrackPointExtension><gpxtpx:hr>135</gpxtpx:hr></gpxtpx:TrackPointExtension></extensions>
    </trkpt>
    <trkpt lat="37.566853" lon="127.000624">
      <ele>32.0</ele>
      <time>2026-07-20T19:41:13.000Z</time>
      <extensions><gpxtpx:TrackPointExtension><gpxtpx:hr>135</gpxtpx:hr></gpxtpx:TrackPointExtension></extensions>
    </trkpt>
    <trkpt lat="37.566848" lon="127.000656">
      <ele>32.0</ele>
      <time>2026-07-20T19:41:14.000Z</time>
      <extensions><gpxtpx:TrackPointExtension><gpxtpx:hr>135</gpxtpx:hr></gpxtpx:TrackPointExtension></extensions>
    </trkpt>
    <trkpt lat="37.566834" lon="127.000682">
      <ele>32.0</ele>
      <time>2026-07-20T19:41:15.000Z</time>
      <extensions><gpxtpx:TrackPointExtension><gpxtpx:hr>135</gpxtpx:hr></gpxtpx:TrackPointExtension></extensions>
    </trkpt>
    <trkpt lat="37.566832" lon="127.000726">
      <ele>32.0</ele>
      <time>2026-07-20T19:41:16.000Z</time>
      <extensions><gpxtpx:TrackPointExtension><gpxtpx:hr>136</gpxtpx:hr></gpxtpx:TrackPointExtension></extensions>
    </trkpt>
    <trkpt lat="37.566821" lon="127.000766">
      <ele>32.0</ele>
      <time>2026-07-20T19:41:17.000Z</time>
      <extensions><gpxtpx:TrackPointExtension><gpxtpx:hr>136</gpxtpx:hr></gpxtpx:TrackPointExtension></extensions>
    </trkpt>
    <trkpt lat="37.566842" lon="127.000709">
      <ele>32.0</ele>
      <time>2026-07-20T19:41:18.000Z</time>
      <extensions><gpxtpx:TrackPointExtension><gpxtpx:hr>137</gpxtpx:hr></gpxtpx:TrackPointExtension></extensions>
    </trkpt>
    <trkpt lat="37.566858" lon="127.000665">
      <ele>32.0</ele>
      <time>2026-07-20T19:41:19.000Z</time>
      <extensions><gpxtpx:TrackPointExtension><gpxtpx:hr>138</gpxtpx:hr></gpxtpx:TrackPointExtension></extensions>
    </trkpt>
    <trkpt lat="37.566885" lon="127.000613">
      <ele>32.0</ele>
      <time>2026-07-20T19:41:20.000Z</time>
      <extensions><gpxtpx:TrackPointExtension><gpxtpx:hr>139</gpxtpx:hr></gpxtpx:TrackPointExtension></extensions>
    </trkpt>
    <trkpt lat="37.566910" lon="127.000569">
      <ele>32.0</ele>
      <time>2026-07-20T19:41:21.000Z</time>
      <extensions><gpxtpx:TrackPointExtension><gpxtpx:hr>141</gpxtpx:hr></gpxtpx:TrackPointExtension></extensions>
    </trkpt>
    <trkpt lat="37.566945" lon="127.000511">
      <ele>32.0</ele>
      <time>2026-07-20T19:41:22.000Z</time>
      <extensions><gpxtpx:TrackPointExtension><gpxtpx:hr>142</gpxtpx:hr></gpxtpx:TrackPointExtension></extensions>
    </trkpt>
    <trkpt lat="37.566911" lon="127.000521">
      <ele>32.0</ele>
      <time>2026-07-20T19:41:23.000Z</time>
      <extensions><gpxtpx:TrackPointExtension><gpxtpx:hr>142</gpxtpx:hr></gpxtpx:TrackPointExtension></extensions>
    </trkpt>
    <trkpt lat="37.566889" lon="127.000532">
      <ele>32.0</ele>
      <time>2026-07-20T19:41:24.000Z</time>
      <extensions><gpxtpx:TrackPointExtension><gpxtpx:hr>142</gpxtpx:hr></gpxtpx:TrackPointExtension></extensions>
    </trkpt>
    <trkpt lat="37.566866" lon="127.000540">
      <ele>32.0</ele>
      <time>2026-07-20T19:41:25.000Z</time>
      <extensions><gpxtpx:TrackPointExtension><gpxtpx:hr>141</gpxtpx:hr></gpxtpx:TrackPointExtension></extensions>
    </trkpt>
    <trkpt lat="37.566855" lon="127.000548">
      <ele>32.0</ele>
      <time>2026-07-20T19:41:26.000Z</time>
      <extensions><gpxtpx:TrackPointExtension><gpxtpx:hr>141</gpxtpx:hr></gpxtpx:TrackPointExtension></extensions>
    </trkpt>
    <trkpt lat="37.566836" lon="127.000556">
      <ele>32.0</ele>
      <time>2026-07-20T19:41:27.000Z</time>
      <extensions><gpxtpx:TrackPointExtension><gpxtpx:hr>140</gpxtpx:hr></gpxtpx:TrackPointExtension></extensions>
    </trkpt>
    <trkpt lat="37.566824" lon="127.000564">
      <ele>32.0</ele>
      <time>2026-07-20T19:41:28.000Z</time>
      <extensions><gpxtpx:TrackPointExtension><gpxtpx:hr>140</gpxtpx:hr></gpxtpx:TrackPointExtension></extensions>
    </trkpt>
    <trkpt lat="37.566810" lon="127.000569">
      <ele>32.0</ele>
      <time>2026-07-20T19:41:29.000Z</time>
      <extensions><gpxtpx:TrackPointExtension><gpxtpx:hr>139</gpxtpx:hr></gpxtpx:TrackPointExtension></extensions>
    </trkpt>
    <trkpt lat="37.566799" lon="127.000584">
      <ele>32.0</ele>
      <time>2026-07-20T19:41:30.000Z</time>
      <extensions><gpxtpx:TrackPointExtension><gpxtpx:hr>139</gpxtpx:hr></gpxtpx:TrackPointExtension></extensions>
    </trkpt>
    <trkpt lat="37.566806" lon="127.000588">
      <ele>32.0</ele>
      <time>2026-07-20T19:41:31.000Z</time>
      <extensions><gpxtpx:TrackPointExtension><gpxtpx:hr>138</gpxtpx:hr></gpxtpx:TrackPointExtension></extensions>
    </trkpt>
    <trkpt lat="37.566799" lon="127.000587">
      <ele>32.0</ele>
      <time>2026-07-20T19:41:32.000Z</time>
      <extensions><gpxtpx:TrackPointExtension><gpxtpx:hr>137</gpxtpx:hr></gpxtpx:TrackPointExtension></extensions>
    </trkpt>
    <trkpt lat="37.566790" lon="127.000599">
      <ele>32.0</ele>
      <time>2026-07-20T19:41:33.000Z</time>
      <extensions><gpxtpx:TrackPointExtension><gpxtpx:hr>136</gpxtpx:hr></gpxtpx:TrackPointExtension></extensions>
    </trkpt>
    <trkpt lat="37.566782" lon="127.000629">
      <ele>32.0</ele>
      <time>2026-07-20T19:41:34.000Z</time>
      <extensions><gpxtpx:TrackPointExtension><gpxtpx:hr>136</gpxtpx:hr></gpxtpx:TrackPointExtension></extensions>
    </trkpt>
    <trkpt lat="37.566772" lon="127.000652">
      <ele>32.0</ele>
      <time>2026-07-20T19:41:35.000Z</time>
      <extensions><gpxtpx:TrackPointExtension><gpxtpx:hr>136</gpxtpx:hr></gpxtpx:TrackPointExtension></extensions>
    </trkpt>
    <trkpt lat="37.566761" lon="127.000685">
      <ele>32.0</ele>
      <time>2026-07-20T19:41:36.000Z</time>
      <extensions><gpxtpx:TrackPointExtension><gpxtpx:hr>137</gpxtpx:hr></gpxtpx:TrackPointExtension></extensions>
    </trkpt>
    <trkpt lat="37.566743" lon="127.000715">
      <ele>32.0</ele>
      <time>2026-07-20T19:41:37.000Z</time>
      <extensions><gpxtpx:TrackPointExtension><gpxtpx:hr>137</gpxtpx:hr></gpxtpx:TrackPointExtension></extensions>
    </trkpt>
    <trkpt lat="37.566765" lon="127.000691">
      <ele>32.0</ele>
      <time>2026-07-20T19:41:38.000Z</time>
      <extensions><gpxtpx:TrackPointExtension><gpxtpx:hr>137</gpxtpx:hr></gpxtpx:TrackPointExtension></extensions>
    </trkpt>
    <trkpt lat="37.566778" lon="127.000684">
      <ele>32.0</ele>
      <time>2026-07-20T19:41:39.000Z</time>
      <extensions><gpxtpx:TrackPointExtension><gpxtpx:hr>136</gpxtpx:hr></gpxtpx:TrackPointExtension></extensions>
    </trkpt>
    <trkpt lat="37.566789" lon="127.000682">
      <ele>32.0</ele>
      <time>2026-07-20T19:41:40.000Z</time>
      <extensions><gpxtpx:TrackPointExtension><gpxtpx:hr>136</gpxtpx:hr></gpxtpx:TrackPointExtension></extensions>
    </trkpt>
    <trkpt lat="37.566812" lon="127.000677">
      <ele>32.0</ele>
      <time>2026-07-20T19:41:41.000Z</time>
      <extensions><gpxtpx:TrackPointExtension><gpxtpx:hr>136</gpxtpx:hr></gpxtpx:TrackPointExtension></extensions>
    </trkpt>
    <trkpt lat="37.566824" lon="127.000674">
      <ele>32.0</ele>
      <time>2026-07-20T19:41:42.000Z</time>
      <extensions><gpxtpx:TrackPointExtension><gpxtpx:hr>135</gpxtpx:hr></gpxtpx:TrackPointExtension></extensions>
    </trkpt>
    <trkpt lat="37.566833" lon="127.000665">
      <ele>32.0</ele>
      <time>2026-07-20T19:41:43.000Z</time>
      <extensions><gpxtpx:TrackPointExtension><gpxtpx:hr>135</gpxtpx:hr></gpxtpx:TrackPointExtension></extensions>
    </trkpt>
    <trkpt lat="37.566848" lon="127.000655">
      <ele>32.0</ele>
      <time>2026-07-20T19:41:44.000Z</time>
      <extensions><gpxtpx:TrackPointExtension><gpxtpx:hr>135</gpxtpx:hr></gpxtpx:TrackPointExtension></extensions>
    </trkpt>
    <trkpt lat="37.566866" lon="127.000646">
      <ele>32.0</ele>
      <time>2026-07-20T19:41:45.000Z</time>
      <extensions><gpxtpx:TrackPointExtension><gpxtpx:hr>135</gpxtpx:hr></gpxtpx:TrackPointExtension></extensions>
    </trkpt>
    <trkpt lat="37.566870" lon="127.000657">
      <ele>32.0</ele>
      <time>2026-07-20T19:41:46.000Z</time>
      <extensions><gpxtpx:TrackPointExtension><gpxtpx:hr>134</gpxtpx:hr></gpxtpx:TrackPointExtension></extensions>
    </trkpt>
    <trkpt lat="37.566861" lon="127.000630">
      <ele>32.0</ele>
      <time>2026-07-20T19:41:47.000Z</time>
      <extensions><gpxtpx:TrackPointExtension><gpxtpx:hr>134</gpxtpx:hr></gpxtpx:TrackPointExtension></extensions>
    </trkpt>
    <trkpt lat="37.566853" lon="127.000613">
      <ele>32.0</ele>
      <time>2026-07-20T19:41:48.000Z</time>
      <extensions><gpxtpx:TrackPointExtension><gpxtpx:hr>134</gpxtpx:hr></gpxtpx:TrackPointExtension></extensions>
    </trkpt>
    <trkpt lat="37.566846" lon="127.000597">
      <ele>32.0</ele>
      <time>2026-07-20T19:41:49.000Z</time>
      <extensions><gpxtpx:TrackPointExtension><gpxtpx:hr>134</gpxtpx:hr></gpxtpx:TrackPointExtension></extensions>
    </trkpt>
    <trkpt lat="37.566837" lon="127.000588">
      <ele>32.0</ele>
      <time>2026-07-20T19:41:50.000Z</time>
      <extensions><gpxtpx:TrackPointExtension><gpxtpx:hr>133</gpxtpx:hr></gpxtpx:TrackPointExtension></extensions>
    </trkpt>
    <trkpt lat="37.566837" lon="127.000579">
      <ele>32.0</ele>
      <time>2026-07-20T19:41:51.000Z</time>
      <extensions><gpxtpx:TrackPointExtension><gpxtpx:hr>133</gpxtpx:hr></gpxtpx:TrackPointExtension></extensions>
    </trkpt>
    <trkpt lat="37.566831" lon="127.000558">
      <ele>32.0</ele>
      <time>2026-07-20T19:41:52.000Z</time>
      <extensions><gpxtpx:TrackPointExtension><gpxtpx:hr>133</gpxtpx:hr></gpxtpx:TrackPointExtension></extensions>
    </trkpt>
    <trkpt lat="37.566824" lon="127.000554">
      <ele>32.0</ele>
      <time>2026-07-20T19:41:53.000Z</time>
      <extensions><gpxtpx:TrackPointExtension><gpxtpx:hr>132</gpxtpx:hr></gpxtpx:TrackPointExtension></extensions>
    </trkpt>
    <trkpt lat="37.566815" lon="127.000540">
      <ele>32.0</ele>
      <time>2026-07-20T19:41:54.000Z</time>
      <extensions><gpxtpx:TrackPointExtension><gpxtpx:hr>132</gpxtpx:hr></gpxtpx:TrackPointExtension></extensions>
    </trkpt>
    <trkpt lat="37.566811" lon="127.000539">
      <ele>32.0</ele>
      <time>2026-07-20T19:41:55.000Z</time>
      <extensions><gpxtpx:TrackPointExtension><gpxtpx:hr>131</gpxtpx:hr></gpxtpx:TrackPointExtension></extensions>
    </trkpt>
    <trkpt lat="37.566839" lon="127.000568">
      <ele>32.0</ele>
      <time>2026-07-20T19:41:56.000Z</time>
      <extensions><gpxtpx:TrackPointExtension><gpxtpx:hr>132</gpxtpx:hr></gpxtpx:TrackPointExtension></extensions>
    </trkpt>
    <trkpt lat="37.566861" lon="127.000615">
      <ele>32.0</ele>
      <time>2026-07-20T19:41:57.000Z</time>
      <extensions><gpxtpx:TrackPointExtension><gpxtpx:hr>133</gpxtpx:hr></gpxtpx:TrackPointExtension></extensions>
    </trkpt>
    <trkpt lat="37.566888" lon="127.000658">
      <ele>32.0</ele>
      <time>2026-07-20T19:41:58.000Z</time>
      <extensions><gpxtpx:TrackPointExtension><gpxtpx:hr>134</gpxtpx:hr></gpxtpx:TrackPointExtension></extensions>
    </trkpt>
    <trkpt lat="37.566918" lon="127.000711">
      <ele>32.0</ele>
      <time>2026-07-20T19:41:59.000Z</time>
      <extensions><gpxtpx:TrackPointExtension><gpxtpx:hr>136</gpxtpx:hr></gpxtpx:TrackPointExtension></extensions>
    </trkpt>
    <trkpt lat="37.566889" lon="127.000655">
      <ele>32.0</ele>
      <time>2026-07-20T19:42:00.000Z</time>
      <extensions><gpxtpx:TrackPointExtension><gpxtpx:hr>137</gpxtpx:hr></gpxtpx:TrackPointExtension></extensions>
    </trkpt>
    <trkpt lat="37.566916" lon="127.000701">
      <ele>32.0</ele>
      <time>2026-07-20T19:42:01.000Z</time>
      <extensions><gpxtpx:TrackPointExtension><gpxtpx:hr>138</gpxtpx:hr></gpxtpx:TrackPointExtension></extensions>
    </trkpt>
    <trkpt lat="37.566890" lon="127.000668">
      <ele>32.0</ele>
      <time>2026-07-20T19:42:02.000Z</time>
      <extensions><gpxtpx:TrackPointExtension><gpxtpx:hr>140</gpxtpx:hr></gpxtpx:TrackPointExtension></extensions>
    </trkpt>
    <trkpt lat="37.566901" lon="127.000626">
      <ele>32.0</ele>
      <time>2026-07-20T19:42:03.000Z</time>
      <extensions><gpxtpx:TrackPointExtension><gpxtpx:hr>140</gpxtpx:hr></gpxtpx:TrackPointExtension></extensions>
    </trkpt>
    <trkpt lat="37.566914" lon="127.000577">
      <ele>32.0</ele>
      <time>2026-07-20T19:42:04.000Z</time>
      <extensions><gpxtpx:TrackPointExtension><gpxtpx:hr>140</gpxtpx:hr></gpxtpx:TrackPointExtension></extensions>
    </trkpt>
    <trkpt lat="37.566940" lon="127.000542">
      <ele>32.0</ele>
      <time>2026-07-20T19:42:05.000Z</time>
      <extensions><gpxtpx:TrackPointExtension><gpxtpx:hr>141</gpxtpx:hr></gpxtpx:TrackPointExtension></extensions>
    </trkpt>
    <trkpt lat="37.566951" lon="127.000519">
      <ele>32.0</ele>
      <time>2026-07-20T19:42:06.000Z</time>
      <extensions><gpxtpx:TrackPointExtension><gpxtpx:hr>141</gpxtpx:hr></gpxtpx:TrackPointExtension></extensions>
    </trkpt>
    <trkpt lat="37.566963" lon="127.000484">
      <ele>32.0</ele>
      <time>2026-07-20T19:42:07.000Z</time>
      <extensions><gpxtpx:TrackPointExtension><gpxtpx:hr>141</gpxtpx:hr></gpxtpx:TrackPointExtension></extensions>
    </trkpt>
    <trkpt lat="37.566935" lon="127.000483">
      <ele>32.0</ele>
      <time>2026-07-20T19:42:08.000Z</time>
      <extensions><gpxtpx:TrackPointExtension><gpxtpx:hr>141</gpxtpx:hr></gpxtpx:TrackPointExtension></extensions>
    </trkpt>
    <trkpt lat="37.566906" lon="127.000471">
      <ele>32.0</ele>
      <time>2026-07-20T19:42:09.000Z</time>
      <extensions><gpxtpx:TrackPointExtension><gpxtpx:hr>141</gpxtpx:hr></gpxtpx:TrackPointExtension></extensions>
    </trkpt>
    <trkpt lat="37.566875" lon="127.000471">
      <ele>32.0</ele>
      <time>2026-07-20T19:42:10.000Z</time>
      <extensions><gpxtpx:TrackPointExtension><gpxtpx:hr>141</gpxtpx:hr></gpxtpx:TrackPointExtension></extensions>
    </trkpt>
    <trkpt lat="37.566840" lon="127.000465">
      <ele>32.0</ele>
      <time>2026-07-20T19:42:11.000Z</time>
      <extensions><gpxtpx:TrackPointExtension><gpxtpx:hr>141</gpxtpx:hr></gpxtpx:TrackPointExtension></extensions>
    </trkpt>
    <trkpt lat="37.566820" lon="127.000463">
      <ele>32.0</ele>
      <time>2026-07-20T19:42:12.000Z</time>
      <extensions><gpxtpx:TrackPointExtension><gpxtpx:hr>141</gpxtpx:hr></gpxtpx:TrackPointExtension></extensions>
    </trkpt>
    <trkpt lat="37.566812" lon="127.000462">
      <ele>32.0</ele>
      <time>2026-07-20T19:42:13.000Z</time>
      <extensions><gpxtpx:TrackPointExtension><gpxtpx:hr>140</gpxtpx:hr></gpxtpx:TrackPointExtension></extensions>
    </trkpt>
    <trkpt lat="37.566812" lon="127.000471">
      <ele>32.0</ele>
      <time>2026-07-20T19:42:14.000Z</time>
      <extensions><gpxtpx:TrackPointExtension><gpxtpx:hr>139</gpxtpx:hr></gpxtpx:TrackPointExtension></extensions>
    </trkpt>
    <trkpt lat="37.566803" lon="127.000509">
      <ele>32.0</ele>
      <time>2026-07-20T19:42:15.000Z</time>
      <extensions><gpxtpx:TrackPointExtension><gpxtpx:hr>140</gpxtpx:hr></gpxtpx:TrackPointExtension></extensions>
    </trkpt>
    <trkpt lat="37.566769" lon="127.000568">
      <ele>32.0</ele>
      <time>2026-07-20T19:42:16.000Z</time>
      <extensions><gpxtpx:TrackPointExtension><gpxtpx:hr>141</gpxtpx:hr></gpxtpx:TrackPointExtension></extensions>
    </trkpt>
    <trkpt lat="37.566753" lon="127.000619">
      <ele>32.0</ele>
      <time>2026-07-20T19:42:17.000Z</time>
      <extensions><gpxtpx:TrackPointExtension><gpxtpx:hr>142</gpxtpx:hr></gpxtpx:TrackPointExtension></extensions>
    </trkpt>
    <trkpt lat="37.566720" lon="127.000683">
      <ele>32.0</ele>
      <time>2026-07-20T19:42:18.000Z</time>
      <extensions><gpxtpx:TrackPointExtension><gpxtpx:hr>143</gpxtpx:hr></gpxtpx:TrackPointExtension></extensions>
    </trkpt>
    <trkpt lat="37.566698" lon="127.000730">
      <ele>32.0</ele>
      <time>2026-07-20T19:42:19.000Z</time>
      <extensions><gpxtpx:TrackPointExtension><gpxtpx:hr>144</gpxtpx:hr></gpxtpx:TrackPointExtension></extensions>
    </trkpt>
    <trkpt lat="37.566671" lon="127.000787">
      <ele>32.0</ele>
      <time>2026-07-20T19:42:20.000Z</time>
      <extensions><gpxtpx:TrackPointExtension><gpxtpx:hr>146</gpxtpx:hr></gpxtpx:TrackPointExtension></extensions>
    </trkpt>
    <trkpt lat="37.566650" lon="127.000821">
      <ele>32.0</ele>
      <time>2026-07-20T19:42:21.000Z</time>
      <extensions><gpxtpx:TrackPointExtension><gpxtpx:hr>146</gpxtpx:hr></gpxtpx:TrackPointExtension></extensions>
    </trkpt>
    <trkpt lat="37.566636" lon="127.000863">
      <ele>32.0</ele>
      <time>2026-07-20T19:42:22.000Z</time>
      <extensions><gpxtpx:TrackPointExtension><gpxtpx:hr>145</gpxtpx:hr></gpxtpx:TrackPointExtension></extensions>
    </trkpt>
    <trkpt lat="37.566635" lon="127.000887">
      <ele>32.0</ele>
      <time>2026-07-20T19:42:23.000Z</time>
      <extensions><gpxtpx:TrackPointExtension><gpxtpx:hr>145</gpxtpx:hr></gpxtpx:TrackPointExtension></extensions>
    </trkpt>
    <trkpt lat="37.566622" lon="127.000898">
      <ele>32.0</ele>
      <time>2026-07-20T19:42:24.000Z</time>
      <extensions><gpxtpx:TrackPointExtension><gpxtpx:hr>144</gpxtpx:hr></gpxtpx:TrackPointExtension></extensions>
    </trkpt>
    <trkpt lat="37.566612" lon="127.000924">
      <ele>32.0</ele>
      <time>2026-07-20T19:42:25.000Z</time>
      <extensions><gpxtpx:TrackPointExtension><gpxtpx:hr>144</gpxtpx:hr></gpxtpx:TrackPointExtension></extensions>
    </trkpt>
    <trkpt lat="37.566607" lon="127.000943">
      <ele>32.0</ele>
      <time>2026-07-20T19:42:26.000Z</time>
      <extensions><gpxtpx:TrackPointExtension><gpxtpx:hr>143</gpxtpx:hr></gpxtpx:TrackPointExtension></extensions>
    </trkpt>
    <trkpt lat="37.566582" lon="127.000988">
      <ele>32.0</ele>
      <time>2026-07-20T19:42:27.000Z</time>
      <extensions><gpxtpx:TrackPointExtension><gpxtpx:hr>144</gpxtpx:hr></gpxtpx:TrackPointExtension></extensions>
    </trkpt>
    <trkpt lat="37.566553" lon="127.001032">
      <ele>32.0</ele>
      <time>2026-07-20T19:42:28.000Z</time>
      <extensions><gpxtpx:TrackPointExtension><gpxtpx:hr>144</gpxtpx:hr></gpxtpx:TrackPointExtension></extensions>
    </trkpt>
    <trkpt lat="37.566535" lon="127.001058">
      <ele>32.0</ele>
      <time>2026-07-20T19:42:29.000Z</time>
      <extensions><gpxtpx:TrackPointExtension><gpxtpx:hr>145</gpxtpx:hr></gpxtpx:TrackPointExtension></extensions>
    </trkpt>
    <trkpt lat="37.566542" lon="127.000992">
      <ele>32.0</ele>
      <time>2026-07-20T19:42:30.000Z</time>
      <extensions><gpxtpx:TrackPointExtension><gpxtpx:hr>146</gpxtpx:hr></gpxtpx:TrackPointExtension></extensions>
    </trkpt>
    <trkpt lat="37.566574" lon="127.000919">
      <ele>32.0</ele>
      <time>2026-07-20T19:42:31.000Z</time>
      <extensions><gpxtpx:TrackPointExtension><gpxtpx:hr>148</gpxtpx:hr></gpxtpx:TrackPointExtension></extensions>
    </trkpt>
    <trkpt lat="37.566588" lon="127.000853">
      <ele>32.0</ele>
      <time>2026-07-20T19:42:32.000Z</time>
      <extensions><gpxtpx:TrackPointExtension><gpxtpx:hr>149</gpxtpx:hr></gpxtpx:TrackPointExtension></extensions>
    </trkpt>
    <trkpt lat="37.566621" lon="127.000790">
      <ele>32.0</ele>
      <time>2026-07-20T19:42:33.000Z</time>
      <extensions><gpxtpx:TrackPointExtension><gpxtpx:hr>150</gpxtpx:hr></gpxtpx:TrackPointExtension></extensions>
    </trkpt>
    <trkpt lat="37.566640" lon="127.000740">
      <ele>32.0</ele>
      <time>2026-07-20T19:42:34.000Z</time>
      <extensions><gpxtpx:TrackPointExtension><gpxtpx:hr>150</gpxtpx:hr></gpxtpx:TrackPointExtension></extensions>
    </trkpt>
    <trkpt lat="37.566662" lon="127.000695">
      <ele>32.0</ele>
      <time>2026-07-20T19:42:35.000Z</time>
      <extensions><gpxtpx:TrackPointExtension><gpxtpx:hr>151</gpxtpx:hr></gpxtpx:TrackPointExtension></extensions>
    </trkpt>
    <trkpt lat="37.566699" lon="127.000673">
      <ele>32.0</ele>
      <time>2026-07-20T19:42:36.000Z</time>
      <extensions><gpxtpx:TrackPointExtension><gpxtpx:hr>151</gpxtpx:hr></gpxtpx:TrackPointExtension></extensions>
    </trkpt>
    <trkpt lat="37.566724" lon="127.000639">
      <ele>32.0</ele>
      <time>2026-07-20T19:42:37.000Z</time>
      <extensions><gpxtpx:TrackPointExtension><gpxtpx:hr>151</gpxtpx:hr></gpxtpx:TrackPointExtension></extensions>
    </trkpt>
    <trkpt lat="37.566754" lon="127.000616">
      <ele>32.0</ele>
      <time>2026-07-20T19:42:38.000Z</time>
      <extensions><gpxtpx:TrackPointExtension><gpxtpx:hr>151</gpxtpx:hr></gpxtpx:TrackPointExtension></extensions>
    </trkpt>
    <trkpt lat="37.566766" lon="127.000586">
      <ele>32.0</ele>
      <time>2026-07-20T19:42:39.000Z</time>
      <extensions><gpxtpx:TrackPointExtension><gpxtpx:hr>150</gpxtpx:hr></gpxtpx:TrackPointExtension></extensions>
    </trkpt>
    <trkpt lat="37.566786" lon="127.000559">
      <ele>32.0</ele>
      <time>2026-07-20T19:42:40.000Z</time>
      <extensions><gpxtpx:TrackPointExtension><gpxtpx:hr>150</gpxtpx:hr></gpxtpx:TrackPointExtension></extensions>
    </trkpt>
    <trkpt lat="37.566816" lon="127.000541">
      <ele>32.0</ele>
      <time>2026-07-20T19:42:41.000Z</time>
      <extensions><gpxtpx:TrackPointExtension><gpxtpx:hr>150</gpxtpx:hr></gpxtpx:TrackPointExtension></extensions>
    </trkpt>
    <trkpt lat="37.566840" lon="127.000511">
      <ele>32.0</ele>
      <time>2026-07-20T19:42:42.000Z</time>
      <extensions><gpxtpx:TrackPointExtension><gpxtpx:hr>149</gpxtpx:hr></gpxtpx:TrackPointExtension></extensions>
    </trkpt>
    <trkpt lat="37.566828" lon="127.000539">
      <ele>32.0</ele>
      <time>2026-07-20T19:42:43.000Z</time>
      <extensions><gpxtpx:TrackPointExtension><gpxtpx:hr>149</gpxtpx:hr></gpxtpx:TrackPointExtension></extensions>
    </trkpt>
    <trkpt lat="37.566826" lon="127.000568">
      <ele>32.0</ele>
      <time>2026-07-20T19:42:44.000Z</time>
      <extensions><gpxtpx:TrackPointExtension><gpxtpx:hr>148</gpxtpx:hr></gpxtpx:TrackPointExtension></extensions>
    </trkpt>
    <trkpt lat="37.566829" lon="127.000597">
      <ele>32.0</ele>
      <time>2026-07-20T19:42:45.000Z</time>
      <extensions><gpxtpx:TrackPointExtension><gpxtpx:hr>147</gpxtpx:hr></gpxtpx:TrackPointExtension></extensions>
    </trkpt>
    <trkpt lat="37.566827" lon="127.000602">
      <ele>32.0</ele>
      <time>2026-07-20T19:42:46.000Z</time>
      <extensions><gpxtpx:TrackPointExtension><gpxtpx:hr>146</gpxtpx:hr></gpxtpx:TrackPointExtension></extensions>
    </trkpt>
    <trkpt lat="37.566819" lon="127.000622">
      <ele>32.0</ele>
      <time>2026-07-20T19:42:47.000Z</time>
      <extensions><gpxtpx:TrackPointExtension><gpxtpx:hr>145</gpxtpx:hr></gpxtpx:TrackPointExtension></extensions>
    </trkpt>
    <trkpt lat="37.566818" lon="127.000640">
      <ele>32.0</ele>
      <time>2026-07-20T19:42:48.000Z</time>
      <extensions><gpxtpx:TrackPointExtension><gpxtpx:hr>145</gpxtpx:hr></gpxtpx:TrackPointExtension></extensions>
    </trkpt>
    <trkpt lat="37.566827" lon="127.000667">
      <ele>32.0</ele>
      <time>2026-07-20T19:42:49.000Z</time>
      <extensions><gpxtpx:TrackPointExtension><gpxtpx:hr>144</gpxtpx:hr></gpxtpx:TrackPointExtension></extensions>
    </trkpt>
    <trkpt lat="37.566820" lon="127.000681">
      <ele>32.0</ele>
      <time>2026-07-20T19:42:50.000Z</time>
      <extensions><gpxtpx:TrackPointExtension><gpxtpx:hr>143</gpxtpx:hr></gpxtpx:TrackPointExtension></extensions>
    </trkpt>
    <trkpt lat="37.566826" lon="127.000698">
      <ele>32.0</ele>
      <time>2026-07-20T19:42:51.000Z</time>
      <extensions><gpxtpx:TrackPointExtension><gpxtpx:hr>142</gpxtpx:hr></gpxtpx:TrackPointExtension></extensions>
    </trkpt>
    <trkpt lat="37.566827" lon="127.000713">
      <ele>32.0</ele>
      <time>2026-07-20T19:42:52.000Z</time>
      <extensions><gpxtpx:TrackPointExtension><gpxtpx:hr>141</gpxtpx:hr></gpxtpx:TrackPointExtension></extensions>
    </trkpt>
    <trkpt lat="37.566831" lon="127.000727">
      <ele>32.0</ele>
      <time>2026-07-20T19:42:53.000Z</time>
      <extensions><gpxtpx:TrackPointExtension><gpxtpx:hr>141</gpxtpx:hr></gpxtpx:TrackPointExtension></extensions>
    </trkpt>
    <trkpt lat="37.566825" lon="127.000733">
      <ele>32.0</ele>
      <time>2026-07-20T19:42:54.000Z</time>
      <extensions><gpxtpx:TrackPointExtension><gpxtpx:hr>140</gpxtpx:hr></gpxtpx:TrackPointExtension></extensions>
    </trkpt>
    <trkpt lat="37.566828" lon="127.000762">
      <ele>32.0</ele>
      <time>2026-07-20T19:42:55.000Z</time>
      <extensions><gpxtpx:TrackPointExtension><gpxtpx:hr>140</gpxtpx:hr></gpxtpx:TrackPointExtension></extensions>
    </trkpt>
    <trkpt lat="37.566824" lon="127.000777">
      <ele>32.0</ele>
      <time>2026-07-20T19:42:56.000Z</time>
      <extensions><gpxtpx:TrackPointExtension><gpxtpx:hr>139</gpxtpx:hr></gpxtpx:TrackPointExtension></extensions>
    </trkpt>
    <trkpt lat="37.566830" lon="127.000795">
      <ele>32.0</ele>
      <time>2026-07-20T19:42:57.000Z</time>
      <extensions><gpxtpx:TrackPointExtension><gpxtpx:hr>139</gpxtpx:hr></gpxtpx:TrackPointExtension></extensions>
    </trkpt>
    <trkpt lat="37.566825" lon="127.000812">
      <ele>32.0</ele>
      <time>2026-07-20T19:42:58.000Z</time>
      <extensions><gpxtpx:TrackPointExtension><gpxtpx:hr>138</gpxtpx:hr></gpxtpx:TrackPointExtension></extensions>
    </trkpt>
    <trkpt lat="37.566826" lon="127.000812">
      <ele>32.0</ele>
      <time>2026-07-20T19:42:59.000Z</time>
      <extensions><gpxtpx:TrackPointExtension><gpxtpx:hr>137</gpxtpx:hr></gpxtpx:TrackPointExtension></extensions>
    </trkpt>
    <trkpt lat="37.566828" lon="127.000810">
      <ele>32.0</ele>
      <time>2026-07-20T19:43:00.000Z</time>
      <extensions><gpxtpx:TrackPointExtension><gpxtpx:hr>136</gpxtpx:hr></gpxtpx:TrackPointExtension></extensions>
    </trkpt>
    <trkpt lat="37.566819" lon="127.000799">
      <ele>32.0</ele>
      <time>2026-07-20T19:43:01.000Z</time>
      <extensions><gpxtpx:TrackPointExtension><gpxtpx:hr>135</gpxtpx:hr></gpxtpx:TrackPointExtension></extensions>
    </trkpt>
    <trkpt lat="37.566826" lon="127.000801">
      <ele>32.0</ele>
      <time>2026-07-20T19:43:02.000Z</time>
      <extensions><gpxtpx:TrackPointExtension><gpxtpx:hr>135</gpxtpx:hr></gpxtpx:TrackPointExtension></extensions>
    </trkpt>
    <trkpt lat="37.566828" lon="127.000805">
      <ele>32.0</ele>
      <time>2026-07-20T19:43:03.000Z</time>
      <extensions><gpxtpx:TrackPointExtension><gpxtpx:hr>134</gpxtpx:hr></gpxtpx:TrackPointExtension></extensions>
    </trkpt>
    <trkpt lat="37.566822" lon="127.000790">
      <ele>32.0</ele>
      <time>2026-07-20T19:43:04.000Z</time>
      <extensions><gpxtpx:TrackPointExtension><gpxtpx:hr>133</gpxtpx:hr></gpxtpx:TrackPointExtension></extensions>
    </trkpt>
    <trkpt lat="37.566815" lon="127.000779">
      <ele>32.0</ele>
      <time>2026-07-20T19:43:05.000Z</time>
      <extensions><gpxtpx:TrackPointExtension><gpxtpx:hr>133</gpxtpx:hr></gpxtpx:TrackPointExtension></extensions>
    </trkpt>
    <trkpt lat="37.566820" lon="127.000759">
      <ele>32.0</ele>
      <time>2026-07-20T19:43:06.000Z</time>
      <extensions><gpxtpx:TrackPointExtension><gpxtpx:hr>132</gpxtpx:hr></gpxtpx:TrackPointExtension></extensions>
    </trkpt>
    <trkpt lat="37.566819" lon="127.000743">
      <ele>32.0</ele>
      <time>2026-07-20T19:43:07.000Z</time>
      <extensions><gpxtpx:TrackPointExtension><gpxtpx:hr>132</gpxtpx:hr></gpxtpx:TrackPointExtension></extensions>
    </trkpt>
    <trkpt lat="37.566819" lon="127.000741">
      <ele>32.0</ele>
      <time>2026-07-20T19:43:08.000Z</time>
      <extensions><gpxtpx:TrackPointExtension><gpxtpx:hr>132</gpxtpx:hr></gpxtpx:TrackPointExtension></extensions>
    </trkpt>
    <trkpt lat="37.566819" lon="127.000724">
      <ele>32.0</ele>
      <time>2026-07-20T19:43:09.000Z</time>
      <extensions><gpxtpx:TrackPointExtension><gpxtpx:hr>132</gpxtpx:hr></gpxtpx:TrackPointExtension></extensions>
    </trkpt>
    <trkpt lat="37.566816" lon="127.000694">
      <ele>32.0</ele>
      <time>2026-07-20T19:43:10.000Z</time>
      <extensions><gpxtpx:TrackPointExtension><gpxtpx:hr>132</gpxtpx:hr></gpxtpx:TrackPointExtension></extensions>
    </trkpt>
    <trkpt lat="37.566811" lon="127.000671">
      <ele>32.0</ele>
      <time>2026-07-20T19:43:11.000Z</time>
      <extensions><gpxtpx:TrackPointExtension><gpxtpx:hr>131</gpxtpx:hr></gpxtpx:TrackPointExtension></extensions>
    </trkpt>
    <trkpt lat="37.566811" lon="127.000669">
      <ele>32.0</ele>
      <time>2026-07-20T19:43:12.000Z</time>
      <extensions><gpxtpx:TrackPointExtension><gpxtpx:hr>131</gpxtpx:hr></gpxtpx:TrackPointExtension></extensions>
    </trkpt>
    <trkpt lat="37.566828" lon="127.000677">
      <ele>32.0</ele>
      <time>2026-07-20T19:43:13.000Z</time>
      <extensions><gpxtpx:TrackPointExtension><gpxtpx:hr>131</gpxtpx:hr></gpxtpx:TrackPointExtension></extensions>
    </trkpt>
    <trkpt lat="37.566841" lon="127.000700">
      <ele>32.0</ele>
      <time>2026-07-20T19:43:14.000Z</time>
      <extensions><gpxtpx:TrackPointExtension><gpxtpx:hr>132</gpxtpx:hr></gpxtpx:TrackPointExtension></extensions>
    </trkpt>
    <trkpt lat="37.566869" lon="127.000727">
      <ele>32.0</ele>
      <time>2026-07-20T19:43:15.000Z</time>
      <extensions><gpxtpx:TrackPointExtension><gpxtpx:hr>132</gpxtpx:hr></gpxtpx:TrackPointExtension></extensions>
    </trkpt>
    <trkpt lat="37.566882" lon="127.000756">
      <ele>32.0</ele>
      <time>2026-07-20T19:43:16.000Z</time>
      <extensions><gpxtpx:TrackPointExtension><gpxtpx:hr>133</gpxtpx:hr></gpxtpx:TrackPointExtension></extensions>
    </trkpt>
    <trkpt lat="37.566897" lon="127.000782">
      <ele>32.0</ele>
      <time>2026-07-20T19:43:17.000Z</time>
      <extensions><gpxtpx:TrackPointExtension><gpxtpx:hr>133</gpxtpx:hr></gpxtpx:TrackPointExtension></extensions>
    </trkpt>
    <trkpt lat="37.566913" lon="127.000809">
      <ele>32.0</ele>
      <time>2026-07-20T19:43:18.000Z</time>
      <extensions><gpxtpx:TrackPointExtension><gpxtpx:hr>134</gpxtpx:hr></gpxtpx:TrackPointExtension></extensions>
    </trkpt>
    <trkpt lat="37.566932" lon="127.000822">
      <ele>32.0</ele>
      <time>2026-07-20T19:43:19.000Z</time>
      <extensions><gpxtpx:TrackPointExtension><gpxtpx:hr>134</gpxtpx:hr></gpxtpx:TrackPointExtension></extensions>
    </trkpt>
    <trkpt lat="37.566958" lon="127.000852">
      <ele>32.0</ele>
      <time>2026-07-20T19:43:20.000Z</time>
      <extensions><gpxtpx:TrackPointExtension><gpxtpx:hr>134</gpxtpx:hr></gpxtpx:TrackPointExtension></extensions>
    </trkpt>
    <trkpt lat="37.566967" lon="127.000882">
      <ele>32.0</ele>
      <time>2026-07-20T19:43:21.000Z</time>
      <extensions><gpxtpx:TrackPointExtension><gpxtpx:hr>135</gpxtpx:hr></gpxtpx:TrackPointExtension></extensions>
    </trkpt>
    <trkpt lat="37.566954" lon="127.000858">
      <ele>32.0</ele>
      <time>2026-07-20T19:43:22.000Z</time>
      <extensions><gpxtpx:TrackPointExtension><gpxtpx:hr>135</gpxtpx:hr></gpxtpx:TrackPointExtension></extensions>
    </trkpt>
    <trkpt lat="37.566925" lon="127.000824">
      <ele>32.0</ele>
      <time>2026-07-20T19:43:23.000Z</time>
      <extensions><gpxtpx:TrackPointExtension><gpxtpx:hr>136</gpxtpx:hr></gpxtpx:TrackPointExtension></extensions>
    </trkpt>
    <trkpt lat="37.566908" lon="127.000787">
      <ele>32.0</ele>
      <time>2026-07-20T19:43:24.000Z</time>
      <extensions><gpxtpx:TrackPointExtension><gpxtpx:hr>136</gpxtpx:hr></gpxtpx:TrackPointExtension></extensions>
    </trkpt>
    <trkpt lat="37.566888" lon="127.000763">
      <ele>32.0</ele>
      <time>2026-07-20T19:43:25.000Z</time>
      <extensions><gpxtpx:TrackPointExtension><gpxtpx:hr>137</gpxtpx:hr></gpxtpx:TrackPointExtension></extensions>
    </trkpt>
    <trkpt lat="37.566918" lon="127.000772">
      <ele>32.0</ele>
      <time>2026-07-20T19:43:26.000Z</time>
      <extensions><gpxtpx:TrackPointExtension><gpxtpx:hr>137</gpxtpx:hr></gpxtpx:TrackPointExtension></extensions>
    </trkpt>
    <trkpt lat="37.566938" lon="127.000768">
      <ele>32.0</ele>
      <time>2026-07-20T19:43:27.000Z</time>
      <extensions><gpxtpx:TrackPointExtension><gpxtpx:hr>137</gpxtpx:hr></gpxtpx:TrackPointExtension></extensions>
    </trkpt>
    <trkpt lat="37.566964" lon="127.000761">
      <ele>32.0</ele>
      <time>2026-07-20T19:43:28.000Z</time>
      <extensions><gpxtpx:TrackPointExtension><gpxtpx:hr>137</gpxtpx:hr></gpxtpx:TrackPointExtension></extensions>
    </trkpt>
    <trkpt lat="37.566940" lon="127.000761">
      <ele>32.0</ele>
      <time>2026-07-20T19:43:29.000Z</time>
      <extensions><gpxtpx:TrackPointExtension><gpxtpx:hr>137</gpxtpx:hr></gpxtpx:TrackPointExtension></extensions>
    </trkpt>
    <trkpt lat="37.566961" lon="127.000757">
      <ele>32.0</ele>
      <time>2026-07-20T19:43:30.000Z</time>
      <extensions><gpxtpx:TrackPointExtension><gpxtpx:hr>138</gpxtpx:hr></gpxtpx:TrackPointExtension></extensions>
    </trkpt>
    <trkpt lat="37.566938" lon="127.000762">
      <ele>32.0</ele>
      <time>2026-07-20T19:43:31.000Z</time>
      <extensions><gpxtpx:TrackPointExtension><gpxtpx:hr>138</gpxtpx:hr></gpxtpx:TrackPointExtension></extensions>
    </trkpt>
    <trkpt lat="37.566962" lon="127.000763">
      <ele>32.0</ele>
      <time>2026-07-20T19:43:32.000Z</time>
      <extensions><gpxtpx:TrackPointExtension><gpxtpx:hr>138</gpxtpx:hr></gpxtpx:TrackPointExtension></extensions>
    </trkpt>
    <trkpt lat="37.566931" lon="127.000765">
      <ele>32.0</ele>
      <time>2026-07-20T19:43:33.000Z</time>
      <extensions><gpxtpx:TrackPointExtension><gpxtpx:hr>138</gpxtpx:hr></gpxtpx:TrackPointExtension></extensions>
    </trkpt>
    <trkpt lat="37.566960" lon="127.000763">
      <ele>32.0</ele>
      <time>2026-07-20T19:43:34.000Z</time>
      <extensions><gpxtpx:TrackPointExtension><gpxtpx:hr>138</gpxtpx:hr></gpxtpx:TrackPointExtension></extensions>
    </trkpt>
    <trkpt lat="37.566930" lon="127.000756">
      <ele>32.0</ele>
      <time>2026-07-20T19:43:35.000Z</time>
      <extensions><gpxtpx:TrackPointExtension><gpxtpx:hr>139</gpxtpx:hr></gpxtpx:TrackPointExtension></extensions>
    </trkpt>
    <trkpt lat="37.566969" lon="127.000753">
      <ele>32.0</ele>
      <time>2026-07-20T19:43:36.000Z</time>
      <extensions><gpxtpx:TrackPointExtension><gpxtpx:hr>139</gpxtpx:hr></gpxtpx:TrackPointExtension></extensions>
    </trkpt>
    <trkpt lat="37.566971" lon="127.000771">
      <ele>32.0</ele>
      <time>2026-07-20T19:43:37.000Z</time>
      <extensions><gpxtpx:TrackPointExtension><gpxtpx:hr>138</gpxtpx:hr></gpxtpx:TrackPointExtension></extensions>
    </trkpt>
    <trkpt lat="37.566975" lon="127.000775">
      <ele>32.0</ele>
      <time>2026-07-20T19:43:38.000Z</time>
      <extensions><gpxtpx:TrackPointExtension><gpxtpx:hr>137</gpxtpx:hr></gpxtpx:TrackPointExtension></extensions>
    </trkpt>
    <trkpt lat="37.566977" lon="127.000786">
      <ele>32.0</ele>
      <time>2026-07-20T19:43:39.000Z</time>
      <extensions><gpxtpx:TrackPointExtension><gpxtpx:hr>136</gpxtpx:hr></gpxtpx:TrackPointExtension></extensions>
    </trkpt>
    <trkpt lat="37.566974" lon="127.000798">
      <ele>32.0</ele>
      <time>2026-07-20T19:43:40.000Z</time>
      <extensions><gpxtpx:TrackPointExtension><gpxtpx:hr>136</gpxtpx:hr></gpxtpx:TrackPointExtension></extensions>
    </trkpt>
    <trkpt lat="37.566970" lon="127.000817">
      <ele>32.0</ele>
      <time>2026-07-20T19:43:41.000Z</time>
      <extensions><gpxtpx:TrackPointExtension><gpxtpx:hr>136</gpxtpx:hr></gpxtpx:TrackPointExtension></extensions>
    </trkpt>
    <trkpt lat="37.566971" lon="127.000836">
      <ele>32.0</ele>
      <time>2026-07-20T19:43:42.000Z</time>
      <extensions><gpxtpx:TrackPointExtension><gpxtpx:hr>135</gpxtpx:hr></gpxtpx:TrackPointExtension></extensions>
    </trkpt>
    <trkpt lat="37.566963" lon="127.000850">
      <ele>32.0</ele>
      <time>2026-07-20T19:43:43.000Z</time>
      <extensions><gpxtpx:TrackPointExtension><gpxtpx:hr>135</gpxtpx:hr></gpxtpx:TrackPointExtension></extensions>
    </trkpt>
    <trkpt lat="37.566961" lon="127.000864">
      <ele>32.0</ele>
      <time>2026-07-20T19:43:44.000Z</time>
      <extensions><gpxtpx:TrackPointExtension><gpxtpx:hr>134</gpxtpx:hr></gpxtpx:TrackPointExtension></extensions>
    </trkpt>
    <trkpt lat="37.566966" lon="127.000886">
      <ele>32.0</ele>
      <time>2026-07-20T19:43:45.000Z</time>
      <extensions><gpxtpx:TrackPointExtension><gpxtpx:hr>134</gpxtpx:hr></gpxtpx:TrackPointExtension></extensions>
    </trkpt>
    <trkpt lat="37.566963" lon="127.000888">
      <ele>32.0</ele>
      <time>2026-07-20T19:43:46.000Z</time>
      <extensions><gpxtpx:TrackPointExtension><gpxtpx:hr>134</gpxtpx:hr></gpxtpx:TrackPointExtension></extensions>
    </trkpt>
    <trkpt lat="37.566956" lon="127.000916">
      <ele>32.0</ele>
      <time>2026-07-20T19:43:47.000Z</time>
      <extensions><gpxtpx:TrackPointExtension><gpxtpx:hr>134</gpxtpx:hr></gpxtpx:TrackPointExtension></extensions>
    </trkpt>
    <trkpt lat="37.566962" lon="127.000902">
      <ele>32.0</ele>
      <time>2026-07-20T19:43:48.000Z</time>
      <extensions><gpxtpx:TrackPointExtension><gpxtpx:hr>133</gpxtpx:hr></gpxtpx:TrackPointExtension></extensions>
    </trkpt>
    <trkpt lat="37.566964" lon="127.000909">
      <ele>32.0</ele>
      <time>2026-07-20T19:43:49.000Z</time>
      <extensions><gpxtpx:TrackPointExtension><gpxtpx:hr>133</gpxtpx:hr></gpxtpx:TrackPointExtension></extensions>
    </trkpt>
    <trkpt lat="37.566945" lon="127.000894">
      <ele>32.0</ele>
      <time>2026-07-20T19:43:50.000Z</time>
      <extensions><gpxtpx:TrackPointExtension><gpxtpx:hr>134</gpxtpx:hr></gpxtpx:TrackPointExtension></extensions>
    </trkpt>
    <trkpt lat="37.566928" lon="127.000874">
      <ele>32.0</ele>
      <time>2026-07-20T19:43:51.000Z</time>
      <extensions><gpxtpx:TrackPointExtension><gpxtpx:hr>134</gpxtpx:hr></gpxtpx:TrackPointExtension></extensions>
    </trkpt>
    <trkpt lat="37.566902" lon="127.000850">
      <ele>32.0</ele>
      <time>2026-07-20T19:43:52.000Z</time>
      <extensions><gpxtpx:TrackPointExtension><gpxtpx:hr>134</gpxtpx:hr></gpxtpx:TrackPointExtension></extensions>
    </trkpt>
    <trkpt lat="37.566883" lon="127.000820">
      <ele>32.0</ele>
      <time>2026-07-20T19:43:53.000Z</time>
      <extensions><gpxtpx:TrackPointExtension><gpxtpx:hr>135</gpxtpx:hr></gpxtpx:TrackPointExtension></extensions>
    </trkpt>
    <trkpt lat="37.566872" lon="127.000796">
      <ele>32.0</ele>
      <time>2026-07-20T19:43:54.000Z</time>
      <extensions><gpxtpx:TrackPointExtension><gpxtpx:hr>135</gpxtpx:hr></gpxtpx:TrackPointExtension></extensions>
    </trkpt>
    <trkpt lat="37.566855" lon="127.000789">
      <ele>32.0</ele>
      <time>2026-07-20T19:43:55.000Z</time>
      <extensions><gpxtpx:TrackPointExtension><gpxtpx:hr>135</gpxtpx:hr></gpxtpx:TrackPointExtension></extensions>
    </trkpt>
    <trkpt lat="37.566855" lon="127.000734">
      <ele>32.0</ele>
      <time>2026-07-20T19:43:56.000Z</time>
      <extensions><gpxtpx:TrackPointExtension><gpxtpx:hr>136</gpxtpx:hr></gpxtpx:TrackPointExtension></extensions>
    </trkpt>
    <trkpt lat="37.566863" lon="127.000668">
      <ele>32.0</ele>
      <time>2026-07-20T19:43:57.000Z</time>
      <extensions><gpxtpx:TrackPointExtension><gpxtpx:hr>137</gpxtpx:hr></gpxtpx:TrackPointExtension></extensions>
    </trkpt>
    <trkpt lat="37.566880" lon="127.000623">
      <ele>32.0</ele>
      <time>2026-07-20T19:43:58.000Z</time>
      <extensions><gpxtpx:TrackPointExtension><gpxtpx:hr>138</gpxtpx:hr></gpxtpx:TrackPointExtension></extensions>
    </trkpt>
    <trkpt lat="37.566889" lon="127.000559">
      <ele>32.0</ele>
      <time>2026-07-20T19:43:59.000Z</time>
      <extensions><gpxtpx:TrackPointExtension><gpxtpx:hr>139</gpxtpx:hr></gpxtpx:TrackPointExtension></extensions>
    </trkpt>
    <trkpt lat="37.566897" lon="127.000495">
      <ele>32.0</ele>
      <time>2026-07-20T19:44:00.000Z</time>
      <extensions><gpxtpx:TrackPointExtension><gpxtpx:hr>141</gpxtpx:hr></gpxtpx:TrackPointExtension></extensions>
    </trkpt>
    <trkpt lat="37.566888" lon="127.000547">
      <ele>32.0</ele>
      <time>2026-07-20T19:44:01.000Z</time>
      <extensions><gpxtpx:TrackPointExtension><gpxtpx:hr>141</gpxtpx:hr></gpxtpx:TrackPointExtension></extensions>
    </trkpt>
    <trkpt lat="37.566894" lon="127.000565">
      <ele>32.0</ele>
      <time>2026-07-20T19:44:02.000Z</time>
      <extensions><gpxtpx:TrackPointExtension><gpxtpx:hr>141</gpxtpx:hr></gpxtpx:TrackPointExtension></extensions>
    </trkpt>
    <trkpt lat="37.566881" lon="127.000610">
      <ele>32.0</ele>
      <time>2026-07-20T19:44:03.000Z</time>
      <extensions><gpxtpx:TrackPointExtension><gpxtpx:hr>141</gpxtpx:hr></gpxtpx:TrackPointExtension></extensions>
    </trkpt>
    <trkpt lat="37.566880" lon="127.000626">
      <ele>32.0</ele>
      <time>2026-07-20T19:44:04.000Z</time>
      <extensions><gpxtpx:TrackPointExtension><gpxtpx:hr>141</gpxtpx:hr></gpxtpx:TrackPointExtension></extensions>
    </trkpt>
    <trkpt lat="37.566880" lon="127.000650">
      <ele>32.0</ele>
      <time>2026-07-20T19:44:05.000Z</time>
      <extensions><gpxtpx:TrackPointExtension><gpxtpx:hr>140</gpxtpx:hr></gpxtpx:TrackPointExtension></extensions>
    </trkpt>
    <trkpt lat="37.566882" lon="127.000672">
      <ele>32.0</ele>
      <time>2026-07-20T19:44:06.000Z</time>
      <extensions><gpxtpx:TrackPointExtension><gpxtpx:hr>140</gpxtpx:hr></gpxtpx:TrackPointExtension></extensions>
    </trkpt>
    <trkpt lat="37.566872" lon="127.000682">
      <ele>32.0</ele>
      <time>2026-07-20T19:44:07.000Z</time>
      <extensions><gpxtpx:TrackPointExtension><gpxtpx:hr>139</gpxtpx:hr></gpxtpx:TrackPointExtension></extensions>
    </trkpt>
    <trkpt lat="37.566865" lon="127.000706">
      <ele>32.0</ele>
      <time>2026-07-20T19:44:08.000Z</time>
      <extensions><gpxtpx:TrackPointExtension><gpxtpx:hr>138</gpxtpx:hr></gpxtpx:TrackPointExtension></extensions>
    </trkpt>
    <trkpt lat="37.566869" lon="127.000724">
      <ele>32.0</ele>
      <time>2026-07-20T19:44:09.000Z</time>
      <extensions><gpxtpx:TrackPointExtension><gpxtpx:hr>138</gpxtpx:hr></gpxtpx:TrackPointExtension></extensions>
    </trkpt>
    <trkpt lat="37.566866" lon="127.000741">
      <ele>32.0</ele>
      <time>2026-07-20T19:44:10.000Z</time>
      <extensions><gpxtpx:TrackPointExtension><gpxtpx:hr>137</gpxtpx:hr></gpxtpx:TrackPointExtension></extensions>
    </trkpt>
    <trkpt lat="37.566853" lon="127.000719">
      <ele>32.0</ele>
      <time>2026-07-20T19:44:11.000Z</time>
      <extensions><gpxtpx:TrackPointExtension><gpxtpx:hr>137</gpxtpx:hr></gpxtpx:TrackPointExtension></extensions>
    </trkpt>
    <trkpt lat="37.566841" lon="127.000696">
      <ele>32.0</ele>
      <time>2026-07-20T19:44:12.000Z</time>
      <extensions><gpxtpx:TrackPointExtension><gpxtpx:hr>137</gpxtpx:hr></gpxtpx:TrackPointExtension></extensions>
    </trkpt>
    <trkpt lat="37.566824" lon="127.000673">
      <ele>32.0</ele>
      <time>2026-07-20T19:44:13.000Z</time>
      <extensions><gpxtpx:TrackPointExtension><gpxtpx:hr>137</gpxtpx:hr></gpxtpx:TrackPointExtension></extensions>
    </trkpt>
    <trkpt lat="37.566798" lon="127.000638">
      <ele>32.0</ele>
      <time>2026-07-20T19:44:14.000Z</time>
      <extensions><gpxtpx:TrackPointExtension><gpxtpx:hr>138</gpxtpx:hr></gpxtpx:TrackPointExtension></extensions>
    </trkpt>
    <trkpt lat="37.566799" lon="127.000627">
      <ele>32.0</ele>
      <time>2026-07-20T19:44:15.000Z</time>
      <extensions><gpxtpx:TrackPointExtension><gpxtpx:hr>137</gpxtpx:hr></gpxtpx:TrackPointExtension></extensions>
    </trkpt>
    <trkpt lat="37.566785" lon="127.000636">
      <ele>32.0</ele>
      <time>2026-07-20T19:44:16.000Z</time>
      <extensions><gpxtpx:TrackPointExtension><gpxtpx:hr>136</gpxtpx:hr></gpxtpx:TrackPointExtension></extensions>
    </trkpt>
    <trkpt lat="37.566789" lon="127.000633">
      <ele>32.0</ele>
      <time>2026-07-20T19:44:17.000Z</time>
      <extensions><gpxtpx:TrackPointExtension><gpxtpx:hr>135</gpxtpx:hr></gpxtpx:TrackPointExtension></extensions>
    </trkpt>
    <trkpt lat="37.566790" lon="127.000625">
      <ele>32.0</ele>
      <time>2026-07-20T19:44:18.000Z</time>
      <extensions><gpxtpx:TrackPointExtension><gpxtpx:hr>134</gpxtpx:hr></gpxtpx:TrackPointExtension></extensions>
    </trkpt>
    <trkpt lat="37.566788" lon="127.000633">
      <ele>32.0</ele>
      <time>2026-07-20T19:44:19.000Z</time>
      <extensions><gpxtpx:TrackPointExtension><gpxtpx:hr>133</gpxtpx:hr></gpxtpx:TrackPointExtension></extensions>
    </trkpt>
    <trkpt lat="37.566811" lon="127.000649">
      <ele>32.0</ele>
      <time>2026-07-20T19:44:20.000Z</time>
      <extensions><gpxtpx:TrackPointExtension><gpxtpx:hr>134</gpxtpx:hr></gpxtpx:TrackPointExtension></extensions>
    </trkpt>
    <trkpt lat="37.566851" lon="127.000697">
      <ele>32.0</ele>
      <time>2026-07-20T19:44:21.000Z</time>
      <extensions><gpxtpx:TrackPointExtension><gpxtpx:hr>136</gpxtpx:hr></gpxtpx:TrackPointExtension></extensions>
    </trkpt>
    <trkpt lat="37.566890" lon="127.000733">
      <ele>32.0</ele>
      <time>2026-07-20T19:44:22.000Z</time>
      <extensions><gpxtpx:TrackPointExtension><gpxtpx:hr>137</gpxtpx:hr></gpxtpx:TrackPointExtension></extensions>
    </trkpt>
    <trkpt lat="37.566929" lon="127.000768">
      <ele>32.0</ele>
      <time>2026-07-20T19:44:23.000Z</time>
      <extensions><gpxtpx:TrackPointExtension><gpxtpx:hr>138</gpxtpx:hr></gpxtpx:TrackPointExtension></extensions>
    </trkpt>
    <trkpt lat="37.566867" lon="127.000744">
      <ele>32.0</ele>
      <time>2026-07-20T19:44:24.000Z</time>
      <extensions><gpxtpx:TrackPointExtension><gpxtpx:hr>140</gpxtpx:hr></gpxtpx:TrackPointExtension></extensions>
    </trkpt>
    <trkpt lat="37.566809" lon="127.000709">
      <ele>32.0</ele>
      <time>2026-07-20T19:44:25.000Z</time>
      <extensions><gpxtpx:TrackPointExtension><gpxtpx:hr>142</gpxtpx:hr></gpxtpx:TrackPointExtension></extensions>
    </trkpt>
    <trkpt lat="37.566735" lon="127.000672">
      <ele>32.0</ele>
      <time>2026-07-20T19:44:26.000Z</time>
      <extensions><gpxtpx:TrackPointExtension><gpxtpx:hr>144</gpxtpx:hr></gpxtpx:TrackPointExtension></extensions>
    </trkpt>
    <trkpt lat="37.566670" lon="127.000619">
      <ele>32.0</ele>
      <time>2026-07-20T19:44:27.000Z</time>
      <extensions><gpxtpx:TrackPointExtension><gpxtpx:hr>146</gpxtpx:hr></gpxtpx:TrackPointExtension></extensions>
    </trkpt>
    <trkpt lat="37.566651" lon="127.000611">
      <ele>32.0</ele>
      <time>2026-07-20T19:44:28.000Z</time>
      <extensions><gpxtpx:TrackPointExtension><gpxtpx:hr>146</gpxtpx:hr></gpxtpx:TrackPointExtension></extensions>
    </trkpt>
    <trkpt lat="37.566657" lon="127.000593">
      <ele>32.0</ele>
      <time>2026-07-20T19:44:29.000Z</time>
      <extensions><gpxtpx:TrackPointExtension><gpxtpx:hr>145</gpxtpx:hr></gpxtpx:TrackPointExtension></extensions>
    </trkpt>
    <trkpt lat="37.566655" lon="127.000606">
      <ele>32.0</ele>
      <time>2026-07-20T19:44:30.000Z</time>
      <extensions><gpxtpx:TrackPointExtension><gpxtpx:hr>143</gpxtpx:hr></gpxtpx:TrackPointExtension></extensions>
    </trkpt>
    <trkpt lat="37.566646" lon="127.000598">
      <ele>32.0</ele>
      <time>2026-07-20T19:44:31.000Z</time>
      <extensions><gpxtpx:TrackPointExtension><gpxtpx:hr>142</gpxtpx:hr></gpxtpx:TrackPointExtension></extensions>
    </trkpt>
    <trkpt lat="37.566641" lon="127.000593">
      <ele>32.0</ele>
      <time>2026-07-20T19:44:32.000Z</time>
      <extensions><gpxtpx:TrackPointExtension><gpxtpx:hr>141</gpxtpx:hr></gpxtpx:TrackPointExtension></extensions>
    </trkpt>
    <trkpt lat="37.566650" lon="127.000595">
      <ele>32.0</ele>
      <time>2026-07-20T19:44:33.000Z</time>
      <extensions><gpxtpx:TrackPointExtension><gpxtpx:hr>140</gpxtpx:hr></gpxtpx:TrackPointExtension></extensions>
    </trkpt>
    <trkpt lat="37.566645" lon="127.000596">
      <ele>32.0</ele>
      <time>2026-07-20T19:44:34.000Z</time>
      <extensions><gpxtpx:TrackPointExtension><gpxtpx:hr>139</gpxtpx:hr></gpxtpx:TrackPointExtension></extensions>
    </trkpt>
    <trkpt lat="37.566696" lon="127.000585">
      <ele>32.0</ele>
      <time>2026-07-20T19:44:35.000Z</time>
      <extensions><gpxtpx:TrackPointExtension><gpxtpx:hr>140</gpxtpx:hr></gpxtpx:TrackPointExtension></extensions>
    </trkpt>
    <trkpt lat="37.566749" lon="127.000561">
      <ele>32.0</ele>
      <time>2026-07-20T19:44:36.000Z</time>
      <extensions><gpxtpx:TrackPointExtension><gpxtpx:hr>141</gpxtpx:hr></gpxtpx:TrackPointExtension></extensions>
    </trkpt>
    <trkpt lat="37.566825" lon="127.000547">
      <ele>32.0</ele>
      <time>2026-07-20T19:44:37.000Z</time>
      <extensions><gpxtpx:TrackPointExtension><gpxtpx:hr>143</gpxtpx:hr></gpxtpx:TrackPointExtension></extensions>
    </trkpt>
    <trkpt lat="37.566884" lon="127.000533">
      <ele>32.0</ele>
      <time>2026-07-20T19:44:38.000Z</time>
      <extensions><gpxtpx:TrackPointExtension><gpxtpx:hr>145</gpxtpx:hr></gpxtpx:TrackPointExtension></extensions>
    </trkpt>
    <trkpt lat="37.566836" lon="127.000549">
      <ele>32.0</ele>
      <time>2026-07-20T19:44:39.000Z</time>
      <extensions><gpxtpx:TrackPointExtension><gpxtpx:hr>146</gpxtpx:hr></gpxtpx:TrackPointExtension></extensions>
    </trkpt>
    <trkpt lat="37.566787" lon="127.000544">
      <ele>32.0</ele>
      <time>2026-07-20T19:44:40.000Z</time>
      <extensions><gpxtpx:TrackPointExtension><gpxtpx:hr>147</gpxtpx:hr></gpxtpx:TrackPointExtension></extensions>
    </trkpt>
    <trkpt lat="37.566734" lon="127.000548">
      <ele>32.0</ele>
      <time>2026-07-20T19:44:41.000Z</time>
      <extensions><gpxtpx:TrackPointExtension><gpxtpx:hr>148</gpxtpx:hr></gpxtpx:TrackPointExtension></extensions>
    </trkpt>
    <trkpt lat="37.566783" lon="127.000553">
      <ele>32.0</ele>
      <time>2026-07-20T19:44:42.000Z</time>
      <extensions><gpxtpx:TrackPointExtension><gpxtpx:hr>148</gpxtpx:hr></gpxtpx:TrackPointExtension></extensions>
    </trkpt>
    <trkpt lat="37.566739" lon="127.000551">
      <ele>32.0</ele>
      <time>2026-07-20T19:44:43.000Z</time>
      <extensions><gpxtpx:TrackPointExtension><gpxtpx:hr>149</gpxtpx:hr></gpxtpx:TrackPointExtension></extensions>
    </trkpt>
    <trkpt lat="37.566786" lon="127.000552">
      <ele>32.0</ele>
      <time>2026-07-20T19:44:44.000Z</time>
      <extensions><gpxtpx:TrackPointExtension><gpxtpx:hr>150</gpxtpx:hr></gpxtpx:TrackPointExtension></extensions>
    </trkpt>
    <trkpt lat="37.566735" lon="127.000557">
      <ele>32.0</ele>
      <time>2026-07-20T19:44:45.000Z</time>
      <extensions><gpxtpx:TrackPointExtension><gpxtpx:hr>151</gpxtpx:hr></gpxtpx:TrackPointExtension></extensions>
    </trkpt>
    <trkpt lat="37.566751" lon="127.000552">
      <ele>32.0</ele>
      <time>2026-07-20T19:44:46.000Z</time>
      <extensions><gpxtpx:TrackPointExtension><gpxtpx:hr>150</gpxtpx:hr></gpxtpx:TrackPointExtension></extensions>
    </trkpt>
    <trkpt lat="37.566757" lon="127.000539">
      <ele>32.0</ele>
      <time>2026-07-20T19:44:47.000Z</time>
      <extensions><gpxtpx:TrackPointExtension><gpxtpx:hr>148</gpxtpx:hr></gpxtpx:TrackPointExtension></extensions>
    </trkpt>
    <trkpt lat="37.566758" lon="127.000552">
      <ele>32.0</ele>
      <time>2026-07-20T19:44:48.000Z</time>
      <extensions><gpxtpx:TrackPointExtension><gpxtpx:hr>147</gpxtpx:hr></gpxtpx:TrackPointExtension></extensions>
    </trkpt>
    <trkpt lat="37.566756" lon="127.000549">
      <ele>32.0</ele>
      <time>2026-07-20T19:44:49.000Z</time>
      <extensions><gpxtpx:TrackPointExtension><gpxtpx:hr>145</gpxtpx:hr></gpxtpx:TrackPointExtension></extensions>
    </trkpt>
    <trkpt lat="37.566771" lon="127.000549">
      <ele>32.0</ele>
      <time>2026-07-20T19:44:50.000Z</time>
      <extensions><gpxtpx:TrackPointExtension><gpxtpx:hr>144</gpxtpx:hr></gpxtpx:TrackPointExtension></extensions>
    </trkpt>
    <trkpt lat="37.566776" lon="127.000540">
      <ele>32.0</ele>
      <time>2026-07-20T19:44:51.000Z</time>
      <extensions><gpxtpx:TrackPointExtension><gpxtpx:hr>143</gpxtpx:hr></gpxtpx:TrackPointExtension></extensions>
    </trkpt>
    <trkpt lat="37.566782" lon="127.000534">
      <ele>32.0</ele>
      <time>2026-07-20T19:44:52.000Z</time>
      <extensions><gpxtpx:TrackPointExtension><gpxtpx:hr>142</gpxtpx:hr></gpxtpx:TrackPointExtension></extensions>
    </trkpt>
    <trkpt lat="37.566796" lon="127.000527">
      <ele>32.0</ele>
      <time>2026-07-20T19:44:53.000Z</time>
      <extensions><gpxtpx:TrackPointExtension><gpxtpx:hr>141</gpxtpx:hr></gpxtpx:TrackPointExtension></extensions>
    </trkpt>
    <trkpt lat="37.566806" lon="127.000517">
      <ele>32.0</ele>
      <time>2026-07-20T19:44:54.000Z</time>
      <extensions><gpxtpx:TrackPointExtension><gpxtpx:hr>141</gpxtpx:hr></gpxtpx:TrackPointExtension></extensions>
    </trkpt>
    <trkpt lat="37.566817" lon="127.000511">
      <ele>32.0</ele>
      <time>2026-07-20T19:44:55.000Z</time>
      <extensions><gpxtpx:TrackPointExtension><gpxtpx:hr>140</gpxtpx:hr></gpxtpx:TrackPointExtension></extensions>
    </trkpt>
    <trkpt lat="37.566833" lon="127.000497">
      <ele>32.0</ele>
      <time>2026-07-20T19:44:56.000Z</time>
      <extensions><gpxtpx:TrackPointExtension><gpxtpx:hr>139</gpxtpx:hr></gpxtpx:TrackPointExtension></extensions>
    </trkpt>
    <trkpt lat="37.566847" lon="127.000496">
      <ele>32.0</ele>
      <time>2026-07-20T19:44:57.000Z</time>
      <extensions><gpxtpx:TrackPointExtension><gpxtpx:hr>139</gpxtpx:hr></gpxtpx:TrackPointExtension></extensions>
    </trkpt>
    <trkpt lat="37.566844" lon="127.000509">
      <ele>32.0</ele>
      <time>2026-07-20T19:44:58.000Z</time>
      <extensions><gpxtpx:TrackPointExtension><gpxtpx:hr>138</gpxtpx:hr></gpxtpx:TrackPointExtension></extensions>
    </trkpt>
    <trkpt lat="37.566853" lon="127.000530">
      <ele>32.0</ele>
      <time>2026-07-20T19:44:59.000Z</time>
      <extensions><gpxtpx:TrackPointExtension><gpxtpx:hr>138</gpxtpx:hr></gpxtpx:TrackPointExtension></extensions>
    </trkpt>
    <trkpt lat="37.566844" lon="127.000549">
      <ele>32.0</ele>
      <time>2026-07-20T19:45:00.000Z</time>
      <extensions><gpxtpx:TrackPointExtension><gpxtpx:hr>137</gpxtpx:hr></gpxtpx:TrackPointExtension></extensions>
    </trkpt>
    <trkpt lat="37.566855" lon="127.000569">
      <ele>32.0</ele>
      <time>2026-07-20T19:45:01.000Z</time>
      <extensions><gpxtpx:TrackPointExtension><gpxtpx:hr>137</gpxtpx:hr></gpxtpx:TrackPointExtension></extensions>
    </trkpt>
    <trkpt lat="37.566854" lon="127.000583">
      <ele>32.0</ele>
      <time>2026-07-20T19:45:02.000Z</time>
      <extensions><gpxtpx:TrackPointExtension><gpxtpx:hr>137</gpxtpx:hr></gpxtpx:TrackPointExtension></extensions>
    </trkpt>
    <trkpt lat="37.566851" lon="127.000610">
      <ele>32.0</ele>
      <time>2026-07-20T19:45:03.000Z</time>
      <extensions><gpxtpx:TrackPointExtension><gpxtpx:hr>136</gpxtpx:hr></gpxtpx:TrackPointExtension></extensions>
    </trkpt>
    <trkpt lat="37.566850" lon="127.000622">
      <ele>32.0</ele>
      <time>2026-07-20T19:45:04.000Z</time>
      <extensions><gpxtpx:TrackPointExtension><gpxtpx:hr>136</gpxtpx:hr></gpxtpx:TrackPointExtension></extensions>
    </trkpt>
    <trkpt lat="37.566858" lon="127.000648">
      <ele>32.0</ele>
      <time>2026-07-20T19:45:05.000Z</time>
      <extensions><gpxtpx:TrackPointExtension><gpxtpx:hr>136</gpxtpx:hr></gpxtpx:TrackPointExtension></extensions>
    </trkpt>
    <trkpt lat="37.566854" lon="127.000616">
      <ele>32.0</ele>
      <time>2026-07-20T19:45:06.000Z</time>
      <extensions><gpxtpx:TrackPointExtension><gpxtpx:hr>136</gpxtpx:hr></gpxtpx:TrackPointExtension></extensions>
    </trkpt>
    <trkpt lat="37.566857" lon="127.000587">
      <ele>32.0</ele>
      <time>2026-07-20T19:45:07.000Z</time>
      <extensions><gpxtpx:TrackPointExtension><gpxtpx:hr>136</gpxtpx:hr></gpxtpx:TrackPointExtension></extensions>
    </trkpt>
    <trkpt lat="37.566867" lon="127.000550">
      <ele>32.0</ele>
      <time>2026-07-20T19:45:08.000Z</time>
      <extensions><gpxtpx:TrackPointExtension><gpxtpx:hr>136</gpxtpx:hr></gpxtpx:TrackPointExtension></extensions>
    </trkpt>
    <trkpt lat="37.566873" lon="127.000500">
      <ele>32.0</ele>
      <time>2026-07-20T19:45:09.000Z</time>
      <extensions><gpxtpx:TrackPointExtension><gpxtpx:hr>137</gpxtpx:hr></gpxtpx:TrackPointExtension></extensions>
    </trkpt>
    <trkpt lat="37.566874" lon="127.000467">
      <ele>32.0</ele>
      <time>2026-07-20T19:45:10.000Z</time>
      <extensions><gpxtpx:TrackPointExtension><gpxtpx:hr>137</gpxtpx:hr></gpxtpx:TrackPointExtension></extensions>
    </trkpt>
    <trkpt lat="37.566878" lon="127.000430">
      <ele>32.0</ele>
      <time>2026-07-20T19:45:11.000Z</time>
      <extensions><gpxtpx:TrackPointExtension><gpxtpx:hr>138</gpxtpx:hr></gpxtpx:TrackPointExtension></extensions>
    </trkpt>
    <trkpt lat="37.566863" lon="127.000412">
      <ele>32.0</ele>
      <time>2026-07-20T19:45:12.000Z</time>
      <extensions><gpxtpx:TrackPointExtension><gpxtpx:hr>138</gpxtpx:hr></gpxtpx:TrackPointExtension></extensions>
    </trkpt>
    <trkpt lat="37.566843" lon="127.000386">
      <ele>32.0</ele>
      <time>2026-07-20T19:45:13.000Z</time>
      <extensions><gpxtpx:TrackPointExtension><gpxtpx:hr>138</gpxtpx:hr></gpxtpx:TrackPointExtension></extensions>
    </trkpt>
    <trkpt lat="37.566823" lon="127.000369">
      <ele>32.0</ele>
      <time>2026-07-20T19:45:14.000Z</time>
      <extensions><gpxtpx:TrackPointExtension><gpxtpx:hr>138</gpxtpx:hr></gpxtpx:TrackPointExtension></extensions>
    </trkpt>
    <trkpt lat="37.566789" lon="127.000348">
      <ele>32.0</ele>
      <time>2026-07-20T19:45:15.000Z</time>
      <extensions><gpxtpx:TrackPointExtension><gpxtpx:hr>138</gpxtpx:hr></gpxtpx:TrackPointExtension></extensions>
    </trkpt>
    <trkpt lat="37.566770" lon="127.000326">
      <ele>32.0</ele>
      <time>2026-07-20T19:45:16.000Z</time>
      <extensions><gpxtpx:TrackPointExtension><gpxtpx:hr>139</gpxtpx:hr></gpxtpx:TrackPointExtension></extensions>
    </trkpt>
    <trkpt lat="37.566737" lon="127.000306">
      <ele>32.0</ele>
      <time>2026-07-20T19:45:17.000Z</time>
      <extensions><gpxtpx:TrackPointExtension><gpxtpx:hr>139</gpxtpx:hr></gpxtpx:TrackPointExtension></extensions>
    </trkpt>
    <trkpt lat="37.566721" lon="127.000272">
      <ele>32.0</ele>
      <time>2026-07-20T19:45:18.000Z</time>
      <extensions><gpxtpx:TrackPointExtension><gpxtpx:hr>140</gpxtpx:hr></gpxtpx:TrackPointExtension></extensions>
    </trkpt>
    <trkpt lat="37.566744" lon="127.000339">
      <ele>32.0</ele>
      <time>2026-07-20T19:45:19.000Z</time>
      <extensions><gpxtpx:TrackPointExtension><gpxtpx:hr>141</gpxtpx:hr></gpxtpx:TrackPointExtension></extensions>
    </trkpt>
    <trkpt lat="37.566780" lon="127.000417">
      <ele>32.0</ele>
      <time>2026-07-20T19:45:20.000Z</time>
      <extensions><gpxtpx:TrackPointExtension><gpxtpx:hr>143</gpxtpx:hr></gpxtpx:TrackPointExtension></extensions>
    </trkpt>
    <trkpt lat="37.566815" lon="127.000492">
      <ele>32.0</ele>
      <time>2026-07-20T19:45:21.000Z</time>
      <extensions><gpxtpx:TrackPointExtension><gpxtpx:hr>145</gpxtpx:hr></gpxtpx:TrackPointExtension></extensions>
    </trkpt>
    <trkpt lat="37.566842" lon="127.000563">
      <ele>32.0</ele>
      <time>2026-07-20T19:45:22.000Z</time>
      <extensions><gpxtpx:TrackPointExtension><gpxtpx:hr>147</gpxtpx:hr></gpxtpx:TrackPointExtension></extensions>
    </trkpt>
    <trkpt lat="37.566803" lon="127.000574">
      <ele>32.0</ele>
      <time>2026-07-20T19:45:23.000Z</time>
      <extensions><gpxtpx:TrackPointExtension><gpxtpx:hr>148</gpxtpx:hr></gpxtpx:TrackPointExtension></extensions>
    </trkpt>
    <trkpt lat="37.566837" lon="127.000567">
      <ele>32.0</ele>
      <time>2026-07-20T19:45:24.000Z</time>
      <extensions><gpxtpx:TrackPointExtension><gpxtpx:hr>148</gpxtpx:hr></gpxtpx:TrackPointExtension></extensions>
    </trkpt>
    <trkpt lat="37.566804" lon="127.000581">
      <ele>32.0</ele>
      <time>2026-07-20T19:45:25.000Z</time>
      <extensions><gpxtpx:TrackPointExtension><gpxtpx:hr>148</gpxtpx:hr></gpxtpx:TrackPointExtension></extensions>
    </trkpt>
    <trkpt lat="37.566829" lon="127.000567">
      <ele>32.0</ele>
      <time>2026-07-20T19:45:26.000Z</time>
      <extensions><gpxtpx:TrackPointExtension><gpxtpx:hr>148</gpxtpx:hr></gpxtpx:TrackPointExtension></extensions>
    </trkpt>
    <trkpt lat="37.566801" lon="127.000568">
      <ele>32.0</ele>
      <time>2026-07-20T19:45:27.000Z</time>
      <extensions><gpxtpx:TrackPointExtension><gpxtpx:hr>148</gpxtpx:hr></gpxtpx:TrackPointExtension></extensions>
    </trkpt>
    <trkpt lat="37.566802" lon="127.000573">
      <ele>32.0</ele>
      <time>2026-07-20T19:45:28.000Z</time>
      <extensions><gpxtpx:TrackPointExtension><gpxtpx:hr>148</gpxtpx:hr></gpxtpx:TrackPointExtension></extensions>
    </trkpt>
    <trkpt lat="37.566791" lon="127.000551">
      <ele>32.0</ele>
      <time>2026-07-20T19:45:29.000Z</time>
      <extensions><gpxtpx:TrackPointExtension><gpxtpx:hr>147</gpxtpx:hr></gpxtpx:TrackPointExtension></extensions>
    </trkpt>
    <trkpt lat="37.566782" lon="127.000531">
      <ele>32.0</ele>
      <time>2026-07-20T19:45:30.000Z</time>
      <extensions><gpxtpx:TrackPointExtension><gpxtpx:hr>146</gpxtpx:hr></gpxtpx:TrackPointExtension></extensions>
    </trkpt>
    <trkpt lat="37.566781" lon="127.000511">
      <ele>32.0</ele>
      <time>2026-07-20T19:45:31.000Z</time>
      <extensions><gpxtpx:TrackPointExtension><gpxtpx:hr>146</gpxtpx:hr></gpxtpx:TrackPointExtension></extensions>
    </trkpt>
    <trkpt lat="37.566780" lon="127.000499">
      <ele>32.0</ele>
      <time>2026-07-20T19:45:32.000Z</time>
      <extensions><gpxtpx:TrackPointExtension><gpxtpx:hr>145</gpxtpx:hr></gpxtpx:TrackPointExtension></extensions>
    </trkpt>
    <trkpt lat="37.566771" lon="127.000467">
      <ele>32.0</ele>
      <time>2026-07-20T19:45:33.000Z</time>
      <extensions><gpxtpx:TrackPointExtension><gpxtpx:hr>144</gpxtpx:hr></gpxtpx:TrackPointExtension></extensions>
    </trkpt>
    <trkpt lat="37.566771" lon="127.000449">
      <ele>32.0</ele>
      <time>2026-07-20T19:45:34.000Z</time>
      <extensions><gpxtpx:TrackPointExtension><gpxtpx:hr>143</gpxtpx:hr></gpxtpx:TrackPointExtension></extensions>
    </trkpt>
    <trkpt lat="37.566758" lon="127.000430">
      <ele>32.0</ele>
      <time>2026-07-20T19:45:35.000Z</time>
      <extensions><gpxtpx:TrackPointExtension><gpxtpx:hr>143</gpxtpx:hr></gpxtpx:TrackPointExtension></extensions>
    </trkpt>
    <trkpt lat="37.566755" lon="127.000408">
      <ele>32.0</ele>
      <time>2026-07-20T19:45:36.000Z</time>
      <extensions><gpxtpx:TrackPointExtension><gpxtpx:hr>142</gpxtpx:hr></gpxtpx:TrackPointExtension></extensions>
    </trkpt>
    <trkpt lat="37.566749" lon="127.000396">
      <ele>32.0</ele>
      <time>2026-07-20T19:45:37.000Z</time>
      <extensions><gpxtpx:TrackPointExtension><gpxtpx:hr>142</gpxtpx:hr></gpxtpx:TrackPointExtension></extensions>
    </trkpt>
    <trkpt lat="37.566742" lon="127.000371">
      <ele>32.0</ele>
      <time>2026-07-20T19:45:38.000Z</time>
      <extensions><gpxtpx:TrackPointExtension><gpxtpx:hr>141</gpxtpx:hr></gpxtpx:TrackPointExtension></extensions>
    </trkpt>
    <trkpt lat="37.566741" lon="127.000352">
      <ele>32.0</ele>
      <time>2026-07-20T19:45:39.000Z</time>
      <extensions><gpxtpx:TrackPointExtension><gpxtpx:hr>141</gpxtpx:hr></gpxtpx:TrackPointExtension></extensions>
    </trkpt>
    <trkpt lat="37.566726" lon="127.000371">
      <ele>32.0</ele>
      <time>2026-07-20T19:45:40.000Z</time>
      <extensions><gpxtpx:TrackPointExtension><gpxtpx:hr>140</gpxtpx:hr></gpxtpx:TrackPointExtension></extensions>
    </trkpt>
    <trkpt lat="37.566732" lon="127.000393">
      <ele>32.0</ele>
      <time>2026-07-20T19:45:41.000Z</time>
      <extensions><gpxtpx:TrackPointExtension><gpxtpx:hr>139</gpxtpx:hr></gpxtpx:TrackPointExtension></extensions>
    </trkpt>
    <trkpt lat="37.566724" lon="127.000406">
      <ele>32.0</ele>
      <time>2026-07-20T19:45:42.000Z</time>
      <extensions><gpxtpx:TrackPointExtension><gpxtpx:hr>139</gpxtpx:hr></gpxtpx:TrackPointExtension></extensions>
    </trkpt>
    <trkpt lat="37.566716" lon="127.000426">
      <ele>32.0</ele>
      <time>2026-07-20T19:45:43.000Z</time>
      <extensions><gpxtpx:TrackPointExtension><gpxtpx:hr>138</gpxtpx:hr></gpxtpx:TrackPointExtension></extensions>
    </trkpt>
    <trkpt lat="37.566714" lon="127.000429">
      <ele>32.0</ele>
      <time>2026-07-20T19:45:44.000Z</time>
      <extensions><gpxtpx:TrackPointExtension><gpxtpx:hr>138</gpxtpx:hr></gpxtpx:TrackPointExtension></extensions>
    </trkpt>
    <trkpt lat="37.566704" lon="127.000445">
      <ele>32.0</ele>
      <time>2026-07-20T19:45:45.000Z</time>
      <extensions><gpxtpx:TrackPointExtension><gpxtpx:hr>137</gpxtpx:hr></gpxtpx:TrackPointExtension></extensions>
    </trkpt>
    <trkpt lat="37.566706" lon="127.000460">
      <ele>32.0</ele>
      <time>2026-07-20T19:45:46.000Z</time>
      <extensions><gpxtpx:TrackPointExtension><gpxtpx:hr>137</gpxtpx:hr></gpxtpx:TrackPointExtension></extensions>
    </trkpt>
    <trkpt lat="37.566694" lon="127.000491">
      <ele>32.0</ele>
      <time>2026-07-20T19:45:47.000Z</time>
      <extensions><gpxtpx:TrackPointExtension><gpxtpx:hr>136</gpxtpx:hr></gpxtpx:TrackPointExtension></extensions>
    </trkpt>
    <trkpt lat="37.566694" lon="127.000500">
      <ele>32.0</ele>
      <time>2026-07-20T19:45:48.000Z</time>
      <extensions><gpxtpx:TrackPointExtension><gpxtpx:hr>136</gpxtpx:hr></gpxtpx:TrackPointExtension></extensions>
    </trkpt>
    <trkpt lat="37.566681" lon="127.000519">
      <ele>32.0</ele>
      <time>2026-07-20T19:45:49.000Z</time>
      <extensions><gpxtpx:TrackPointExtension><gpxtpx:hr>136</gpxtpx:hr></gpxtpx:TrackPointExtension></extensions>
    </trkpt>
    <trkpt lat="37.566707" lon="127.000533">
      <ele>32.0</ele>
      <time>2026-07-20T19:45:50.000Z</time>
      <extensions><gpxtpx:TrackPointExtension><gpxtpx:hr>136</gpxtpx:hr></gpxtpx:TrackPointExtension></extensions>
    </trkpt>
    <trkpt lat="37.566727" lon="127.000551">
      <ele>32.0</ele>
      <time>2026-07-20T19:45:51.000Z</time>
      <extensions><gpxtpx:TrackPointExtension><gpxtpx:hr>136</gpxtpx:hr></gpxtpx:TrackPointExtension></extensions>
    </trkpt>
    <trkpt lat="37.566752" lon="127.000580">
      <ele>32.0</ele>
      <time>2026-07-20T19:45:52.000Z</time>
      <extensions><gpxtpx:TrackPointExtension><gpxtpx:hr>136</gpxtpx:hr></gpxtpx:TrackPointExtension></extensions>
    </trkpt>
    <trkpt lat="37.566773" lon="127.000592">
      <ele>32.0</ele>
      <time>2026-07-20T19:45:53.000Z</time>
      <extensions><gpxtpx:TrackPointExtension><gpxtpx:hr>137</gpxtpx:hr></gpxtpx:TrackPointExtension></extensions>
    </trkpt>
    <trkpt lat="37.566789" lon="127.000616">
      <ele>32.0</ele>
      <time>2026-07-20T19:45:54.000Z</time>
      <extensions><gpxtpx:TrackPointExtension><gpxtpx:hr>137</gpxtpx:hr></gpxtpx:TrackPointExtension></extensions>
    </trkpt>
    <trkpt lat="37.566811" lon="127.000643">
      <ele>32.0</ele>
      <time>2026-07-20T19:45:55.000Z</time>
      <extensions><gpxtpx:TrackPointExtension><gpxtpx:hr>137</gpxtpx:hr></gpxtpx:TrackPointExtension></extensions>
    </trkpt>
    <trkpt lat="37.566835" lon="127.000665">
      <ele>32.0</ele>
      <time>2026-07-20T19:45:56.000Z</time>
      <extensions><gpxtpx:TrackPointExtension><gpxtpx:hr>138</gpxtpx:hr></gpxtpx:TrackPointExtension></extensions>
    </trkpt>
    <trkpt lat="37.566860" lon="127.000688">
      <ele>32.0</ele>
      <time>2026-07-20T19:45:57.000Z</time>
      <extensions><gpxtpx:TrackPointExtension><gpxtpx:hr>138</gpxtpx:hr></gpxtpx:TrackPointExtension></extensions>
    </trkpt>
    <trkpt lat="37.566839" lon="127.000696">
      <ele>32.0</ele>
      <time>2026-07-20T19:45:58.000Z</time>
      <extensions><gpxtpx:TrackPointExtension><gpxtpx:hr>138</gpxtpx:hr></gpxtpx:TrackPointExtension></extensions>
    </trkpt>
    <trkpt lat="37.566801" lon="127.000698">
      <ele>32.0</ele>
      <time>2026-07-20T19:45:59.000Z</time>
      <extensions><gpxtpx:TrackPointExtension><gpxtpx:hr>139</gpxtpx:hr></gpxtpx:TrackPointExtension></extensions>
    </trkpt>
    <trkpt lat="37.566777" lon="127.000702">
      <ele>32.0</ele>
      <time>2026-07-20T19:46:00.000Z</time>
      <extensions><gpxtpx:TrackPointExtension><gpxtpx:hr>139</gpxtpx:hr></gpxtpx:TrackPointExtension></extensions>
    </trkpt>
    <trkpt lat="37.566742" lon="127.000720">
      <ele>32.0</ele>
      <time>2026-07-20T19:46:01.000Z</time>
      <extensions><gpxtpx:TrackPointExtension><gpxtpx:hr>139</gpxtpx:hr></gpxtpx:TrackPointExtension></extensions>
    </trkpt>
    <trkpt lat="37.566723" lon="127.000754">
      <ele>32.0</ele>
      <time>2026-07-20T19:46:02.000Z</time>
      <extensions><gpxtpx:TrackPointExtension><gpxtpx:hr>140</gpxtpx:hr></gpxtpx:TrackPointExtension></extensions>
    </trkpt>
    <trkpt lat="37.566710" lon="127.000796">
      <ele>32.0</ele>
      <time>2026-07-20T19:46:03.000Z</time>
      <extensions><gpxtpx:TrackPointExtension><gpxtpx:hr>140</gpxtpx:hr></gpxtpx:TrackPointExtension></extensions>
    </trkpt>
    <trkpt lat="37.566694" lon="127.000854">
      <ele>32.0</ele>
      <time>2026-07-20T19:46:04.000Z</time>
      <extensions><gpxtpx:TrackPointExtension><gpxtpx:hr>142</gpxtpx:hr></gpxtpx:TrackPointExtension></extensions>
    </trkpt>
    <trkpt lat="37.566667" lon="127.000920">
      <ele>32.0</ele>
      <time>2026-07-20T19:46:05.000Z</time>
      <extensions><gpxtpx:TrackPointExtension><gpxtpx:hr>143</gpxtpx:hr></gpxtpx:TrackPointExtension></extensions>
    </trkpt>
    <trkpt lat="37.566686" lon="127.000857">
      <ele>32.0</ele>
      <time>2026-07-20T19:46:06.000Z</time>
      <extensions><gpxtpx:TrackPointExtension><gpxtpx:hr>144</gpxtpx:hr></gpxtpx:TrackPointExtension></extensions>
    </trkpt>
    <trkpt lat="37.566669" lon="127.000923">
      <ele>32.0</ele>
      <time>2026-07-20T19:46:07.000Z</time>
      <extensions><gpxtpx:TrackPointExtension><gpxtpx:hr>145</gpxtpx:hr></gpxtpx:TrackPointExtension></extensions>
    </trkpt>
    <trkpt lat="37.566693" lon="127.000841">
      <ele>32.0</ele>
      <time>2026-07-20T19:46:08.000Z</time>
      <extensions><gpxtpx:TrackPointExtension><gpxtpx:hr>146</gpxtpx:hr></gpxtpx:TrackPointExtension></extensions>
    </trkpt>
    <trkpt lat="37.566714" lon="127.000749">
      <ele>32.0</ele>
      <time>2026-07-20T19:46:09.000Z</time>
      <extensions><gpxtpx:TrackPointExtension><gpxtpx:hr>148</gpxtpx:hr></gpxtpx:TrackPointExtension></extensions>
    </trkpt>
    <trkpt lat="37.566728" lon="127.000670">
      <ele>32.0</ele>
      <time>2026-07-20T19:46:10.000Z</time>
      <extensions><gpxtpx:TrackPointExtension><gpxtpx:hr>150</gpxtpx:hr></gpxtpx:TrackPointExtension></extensions>
    </trkpt>
    <trkpt lat="37.566710" lon="127.000749">
      <ele>32.0</ele>
      <time>2026-07-20T19:46:11.000Z</time>
      <extensions><gpxtpx:TrackPointExtension><gpxtpx:hr>151</gpxtpx:hr></gpxtpx:TrackPointExtension></extensions>
    </trkpt>
    <trkpt lat="37.566729" lon="127.000734">
      <ele>32.0</ele>
      <time>2026-07-20T19:46:12.000Z</time>
      <extensions><gpxtpx:TrackPointExtension><gpxtpx:hr>151</gpxtpx:hr></gpxtpx:TrackPointExtension></extensions>
    </trkpt>
    <trkpt lat="37.566740" lon="127.000740">
      <ele>32.0</ele>
      <time>2026-07-20T19:46:13.000Z</time>
      <extensions><gpxtpx:TrackPointExtension><gpxtpx:hr>149</gpxtpx:hr></gpxtpx:TrackPointExtension></extensions>
    </trkpt>
    <trkpt lat="37.566741" lon="127.000728">
      <ele>32.0</ele>
      <time>2026-07-20T19:46:14.000Z</time>
      <extensions><gpxtpx:TrackPointExtension><gpxtpx:hr>148</gpxtpx:hr></gpxtpx:TrackPointExtension></extensions>
    </trkpt>
    <trkpt lat="37.566746" lon="127.000729">
      <ele>32.0</ele>
      <time>2026-07-20T19:46:15.000Z</time>
      <extensions><gpxtpx:TrackPointExtension><gpxtpx:hr>146</gpxtpx:hr></gpxtpx:TrackPointExtension></extensions>
    </trkpt>
    <trkpt lat="37.566744" lon="127.000727">
      <ele>32.0</ele>
      <time>2026-07-20T19:46:16.000Z</time>
      <extensions><gpxtpx:TrackPointExtension><gpxtpx:hr>145</gpxtpx:hr></gpxtpx:TrackPointExtension></extensions>
    </trkpt>
    <trkpt lat="37.566746" lon="127.000689">
      <ele>32.0</ele>
      <time>2026-07-20T19:46:17.000Z</time>
      <extensions><gpxtpx:TrackPointExtension><gpxtpx:hr>145</gpxtpx:hr></gpxtpx:TrackPointExtension></extensions>
    </trkpt>
    <trkpt lat="37.566750" lon="127.000635">
      <ele>32.0</ele>
      <time>2026-07-20T19:46:18.000Z</time>
      <extensions><gpxtpx:TrackPointExtension><gpxtpx:hr>146</gpxtpx:hr></gpxtpx:TrackPointExtension></extensions>
    </trkpt>
    <trkpt lat="37.566753" lon="127.000577">
      <ele>32.0</ele>
      <time>2026-07-20T19:46:19.000Z</time>
      <extensions><gpxtpx:TrackPointExtension><gpxtpx:hr>146</gpxtpx:hr></gpxtpx:TrackPointExtension></extensions>
    </trkpt>
    <trkpt lat="37.566766" lon="127.000524">
      <ele>32.0</ele>
      <time>2026-07-20T19:46:20.000Z</time>
      <extensions><gpxtpx:TrackPointExtension><gpxtpx:hr>147</gpxtpx:hr></gpxtpx:TrackPointExtension></extensions>
    </trkpt>
    <trkpt lat="37.566763" lon="127.000457">
      <ele>32.0</ele>
      <time>2026-07-20T19:46:21.000Z</time>
      <extensions><gpxtpx:TrackPointExtension><gpxtpx:hr>148</gpxtpx:hr></gpxtpx:TrackPointExtension></extensions>
    </trkpt>
    <trkpt lat="37.566768" lon="127.000414">
      <ele>32.0</ele>
      <time>2026-07-20T19:46:22.000Z</time>
      <extensions><gpxtpx:TrackPointExtension><gpxtpx:hr>148</gpxtpx:hr></gpxtpx:TrackPointExtension></extensions>
    </trkpt>
    <trkpt lat="37.566778" lon="127.000345">
      <ele>32.0</ele>
      <time>2026-07-20T19:46:23.000Z</time>
      <extensions><gpxtpx:TrackPointExtension><gpxtpx:hr>149</gpxtpx:hr></gpxtpx:TrackPointExtension></extensions>
    </trkpt>
    <trkpt lat="37.566782" lon="127.000286">
      <ele>32.0</ele>
      <time>2026-07-20T19:46:24.000Z</time>
      <extensions><gpxtpx:TrackPointExtension><gpxtpx:hr>149</gpxtpx:hr></gpxtpx:TrackPointExtension></extensions>
    </trkpt>
    <trkpt lat="37.566763" lon="127.000260">
      <ele>32.0</ele>
      <time>2026-07-20T19:46:25.000Z</time>
      <extensions><gpxtpx:TrackPointExtension><gpxtpx:hr>149</gpxtpx:hr></gpxtpx:TrackPointExtension></extensions>
    </trkpt>
    <trkpt lat="37.566739" lon="127.000221">
      <ele>32.0</ele>
      <time>2026-07-20T19:46:26.000Z</time>
      <extensions><gpxtpx:TrackPointExtension><gpxtpx:hr>150</gpxtpx:hr></gpxtpx:TrackPointExtension></extensions>
    </trkpt>
    <trkpt lat="37.566708" lon="127.000190">
      <ele>32.0</ele>
      <time>2026-07-20T19:46:27.000Z</time>
      <extensions><gpxtpx:TrackPointExtension><gpxtpx:hr>149</gpxtpx:hr></gpxtpx:TrackPointExtension></extensions>
    </trkpt>
    <trkpt lat="37.566689" lon="127.000166">
      <ele>32.0</ele>
      <time>2026-07-20T19:46:28.000Z</time>
      <extensions><gpxtpx:TrackPointExtension><gpxtpx:hr>149</gpxtpx:hr></gpxtpx:TrackPointExtension></extensions>
    </trkpt>
    <trkpt lat="37.566709" lon="127.000192">
      <ele>32.0</ele>
      <time>2026-07-20T19:46:29.000Z</time>
      <extensions><gpxtpx:TrackPointExtension><gpxtpx:hr>148</gpxtpx:hr></gpxtpx:TrackPointExtension></extensions>
    </trkpt>
    <trkpt lat="37.566709" lon="127.000206">
      <ele>32.0</ele>
      <time>2026-07-20T19:46:30.000Z</time>
      <extensions><gpxtpx:TrackPointExtension><gpxtpx:hr>148</gpxtpx:hr></gpxtpx:TrackPointExtension></extensions>
    </trkpt>
    <trkpt lat="37.566717" lon="127.000217">
      <ele>32.0</ele>
      <time>2026-07-20T19:46:31.000Z</time>
      <extensions><gpxtpx:TrackPointExtension><gpxtpx:hr>147</gpxtpx:hr></gpxtpx:TrackPointExtension></extensions>
    </trkpt>
    <trkpt lat="37.566731" lon="127.000243">
      <ele>32.0</ele>
      <time>2026-07-20T19:46:32.000Z</time>
      <extensions><gpxtpx:TrackPointExtension><gpxtpx:hr>146</gpxtpx:hr></gpxtpx:TrackPointExtension></extensions>
    </trkpt>
    <trkpt lat="37.566738" lon="127.000254">
      <ele>32.0</ele>
      <time>2026-07-20T19:46:33.000Z</time>
      <extensions><gpxtpx:TrackPointExtension><gpxtpx:hr>145</gpxtpx:hr></gpxtpx:TrackPointExtension></extensions>
    </trkpt>
    <trkpt lat="37.566740" lon="127.000281">
      <ele>32.0</ele>
      <time>2026-07-20T19:46:34.000Z</time>
      <extensions><gpxtpx:TrackPointExtension><gpxtpx:hr>145</gpxtpx:hr></gpxtpx:TrackPointExtension></extensions>
    </trkpt>
    <trkpt lat="37.566748" lon="127.000305">
      <ele>32.0</ele>
      <time>2026-07-20T19:46:35.000Z</time>
      <extensions><gpxtpx:TrackPointExtension><gpxtpx:hr>144</gpxtpx:hr></gpxtpx:TrackPointExtension></extensions>
    </trkpt>
    <trkpt lat="37.566761" lon="127.000313">
      <ele>32.0</ele>
      <time>2026-07-20T19:46:36.000Z</time>
      <extensions><gpxtpx:TrackPointExtension><gpxtpx:hr>143</gpxtpx:hr></gpxtpx:TrackPointExtension></extensions>
    </trkpt>
    <trkpt lat="37.566759" lon="127.000330">
      <ele>32.0</ele>
      <time>2026-07-20T19:46:37.000Z</time>
      <extensions><gpxtpx:TrackPointExtension><gpxtpx:hr>143</gpxtpx:hr></gpxtpx:TrackPointExtension></extensions>
    </trkpt>
    <trkpt lat="37.566774" lon="127.000346">
      <ele>32.0</ele>
      <time>2026-07-20T19:46:38.000Z</time>
      <extensions><gpxtpx:TrackPointExtension><gpxtpx:hr>142</gpxtpx:hr></gpxtpx:TrackPointExtension></extensions>
    </trkpt>
    <trkpt lat="37.566775" lon="127.000361">
      <ele>32.0</ele>
      <time>2026-07-20T19:46:39.000Z</time>
      <extensions><gpxtpx:TrackPointExtension><gpxtpx:hr>141</gpxtpx:hr></gpxtpx:TrackPointExtension></extensions>
    </trkpt>
    <trkpt lat="37.566768" lon="127.000378">
      <ele>32.0</ele>
      <time>2026-07-20T19:46:40.000Z</time>
      <extensions><gpxtpx:TrackPointExtension><gpxtpx:hr>141</gpxtpx:hr></gpxtpx:TrackPointExtension></extensions>
    </trkpt>
    <trkpt lat="37.566765" lon="127.000405">
      <ele>32.0</ele>
      <time>2026-07-20T19:46:41.000Z</time>
      <extensions><gpxtpx:TrackPointExtension><gpxtpx:hr>141</gpxtpx:hr></gpxtpx:TrackPointExtension></extensions>
    </trkpt>
    <trkpt lat="37.566758" lon="127.000438">
      <ele>32.0</ele>
      <time>2026-07-20T19:46:42.000Z</time>
      <extensions><gpxtpx:TrackPointExtension><gpxtpx:hr>141</gpxtpx:hr></gpxtpx:TrackPointExtension></extensions>
    </trkpt>
    <trkpt lat="37.566761" lon="127.000483">
      <ele>32.0</ele>
      <time>2026-07-20T19:46:43.000Z</time>
      <extensions><gpxtpx:TrackPointExtension><gpxtpx:hr>141</gpxtpx:hr></gpxtpx:TrackPointExtension></extensions>
    </trkpt>
    <trkpt lat="37.566753" lon="127.000518">
      <ele>32.0</ele>
      <time>2026-07-20T19:46:44.000Z</time>
      <extensions><gpxtpx:TrackPointExtension><gpxtpx:hr>141</gpxtpx:hr></gpxtpx:TrackPointExtension></extensions>
    </trkpt>
    <trkpt lat="37.566750" lon="127.000543">
      <ele>32.0</ele>
      <time>2026-07-20T19:46:45.000Z</time>
      <extensions><gpxtpx:TrackPointExtension><gpxtpx:hr>141</gpxtpx:hr></gpxtpx:TrackPointExtension></extensions>
    </trkpt>
    <trkpt lat="37.566738" lon="127.000580">
      <ele>32.0</ele>
      <time>2026-07-20T19:46:46.000Z</time>
      <extensions><gpxtpx:TrackPointExtension><gpxtpx:hr>141</gpxtpx:hr></gpxtpx:TrackPointExtension></extensions>
    </trkpt>
    <trkpt lat="37.566737" lon="127.000613">
      <ele>32.0</ele>
      <time>2026-07-20T19:46:47.000Z</time>
      <extensions><gpxtpx:TrackPointExtension><gpxtpx:hr>141</gpxtpx:hr></gpxtpx:TrackPointExtension></extensions>
    </trkpt>
    <trkpt lat="37.566727" lon="127.000651">
      <ele>32.0</ele>
      <time>2026-07-20T19:46:48.000Z</time>
      <extensions><gpxtpx:TrackPointExtension><gpxtpx:hr>141</gpxtpx:hr></gpxtpx:TrackPointExtension></extensions>
    </trkpt>
    <trkpt lat="37.566716" lon="127.000675">
      <ele>32.0</ele>
      <time>2026-07-20T19:46:49.000Z</time>
      <extensions><gpxtpx:TrackPointExtension><gpxtpx:hr>141</gpxtpx:hr></gpxtpx:TrackPointExtension></extensions>
    </trkpt>
    <trkpt lat="37.566721" lon="127.000716">
      <ele>32.0</ele>
      <time>2026-07-20T19:46:50.000Z</time>
      <extensions><gpxtpx:TrackPointExtension><gpxtpx:hr>141</gpxtpx:hr></gpxtpx:TrackPointExtension></extensions>
    </trkpt>
    <trkpt lat="37.566712" lon="127.000749">
      <ele>32.0</ele>
      <time>2026-07-20T19:46:51.000Z</time>
      <extensions><gpxtpx:TrackPointExtension><gpxtpx:hr>141</gpxtpx:hr></gpxtpx:TrackPointExtension></extensions>
    </trkpt>
    <trkpt lat="37.566703" lon="127.000723">
      <ele>32.0</ele>
      <time>2026-07-20T19:46:52.000Z</time>
      <extensions><gpxtpx:TrackPointExtension><gpxtpx:hr>141</gpxtpx:hr></gpxtpx:TrackPointExtension></extensions>
    </trkpt>
    <trkpt lat="37.566698" lon="127.000685">
      <ele>32.0</ele>
      <time>2026-07-20T19:46:53.000Z</time>
      <extensions><gpxtpx:TrackPointExtension><gpxtpx:hr>142</gpxtpx:hr></gpxtpx:TrackPointExtension></extensions>
    </trkpt>
    <trkpt lat="37.566701" lon="127.000642">
      <ele>32.0</ele>
      <time>2026-07-20T19:46:54.000Z</time>
      <extensions><gpxtpx:TrackPointExtension><gpxtpx:hr>142</gpxtpx:hr></gpxtpx:TrackPointExtension></extensions>
    </trkpt>
    <trkpt lat="37.566689" lon="127.000606">
      <ele>32.0</ele>
      <time>2026-07-20T19:46:55.000Z</time>
      <extensions><gpxtpx:TrackPointExtension><gpxtpx:hr>142</gpxtpx:hr></gpxtpx:TrackPointExtension></extensions>
    </trkpt>
    <trkpt lat="37.566686" lon="127.000570">
      <ele>32.0</ele>
      <time>2026-07-20T19:46:56.000Z</time>
      <extensions><gpxtpx:TrackPointExtension><gpxtpx:hr>142</gpxtpx:hr></gpxtpx:TrackPointExtension></extensions>
    </trkpt>
    <trkpt lat="37.566684" lon="127.000527">
      <ele>32.0</ele>
      <time>2026-07-20T19:46:57.000Z</time>
      <extensions><gpxtpx:TrackPointExtension><gpxtpx:hr>142</gpxtpx:hr></gpxtpx:TrackPointExtension></extensions>
    </trkpt>
    <trkpt lat="37.566674" lon="127.000503">
      <ele>32.0</ele>
      <time>2026-07-20T19:46:58.000Z</time>
      <extensions><gpxtpx:TrackPointExtension><gpxtpx:hr>142</gpxtpx:hr></gpxtpx:TrackPointExtension></extensions>
    </trkpt>
    <trkpt lat="37.566675" lon="127.000462">
      <ele>32.0</ele>
      <time>2026-07-20T19:46:59.000Z</time>
      <extensions><gpxtpx:TrackPointExtension><gpxtpx:hr>142</gpxtpx:hr></gpxtpx:TrackPointExtension></extensions>
    </trkpt>
    <trkpt lat="37.566680" lon="127.000512">
      <ele>32.0</ele>
      <time>2026-07-20T19:47:00.000Z</time>
      <extensions><gpxtpx:TrackPointExtension><gpxtpx:hr>143</gpxtpx:hr></gpxtpx:TrackPointExtension></extensions>
    </trkpt>
    <trkpt lat="37.566689" lon="127.000566">
      <ele>32.0</ele>
      <time>2026-07-20T19:47:01.000Z</time>
      <extensions><gpxtpx:TrackPointExtension><gpxtpx:hr>144</gpxtpx:hr></gpxtpx:TrackPointExtension></extensions>
    </trkpt>
    <trkpt lat="37.566687" lon="127.000618">
      <ele>32.0</ele>
      <time>2026-07-20T19:47:02.000Z</time>
      <extensions><gpxtpx:TrackPointExtension><gpxtpx:hr>144</gpxtpx:hr></gpxtpx:TrackPointExtension></extensions>
    </trkpt>
    <trkpt lat="37.566698" lon="127.000674">
      <ele>32.0</ele>
      <time>2026-07-20T19:47:03.000Z</time>
      <extensions><gpxtpx:TrackPointExtension><gpxtpx:hr>145</gpxtpx:hr></gpxtpx:TrackPointExtension></extensions>
    </trkpt>
    <trkpt lat="37.566707" lon="127.000737">
      <ele>32.0</ele>
      <time>2026-07-20T19:47:04.000Z</time>
      <extensions><gpxtpx:TrackPointExtension><gpxtpx:hr>146</gpxtpx:hr></gpxtpx:TrackPointExtension></extensions>
    </trkpt>
    <trkpt lat="37.566693" lon="127.000673">
      <ele>32.0</ele>
      <time>2026-07-20T19:47:05.000Z</time>
      <extensions><gpxtpx:TrackPointExtension><gpxtpx:hr>146</gpxtpx:hr></gpxtpx:TrackPointExtension></extensions>
    </trkpt>
    <trkpt lat="37.566706" lon="127.000596">
      <ele>32.0</ele>
      <time>2026-07-20T19:47:06.000Z</time>
      <extensions><gpxtpx:TrackPointExtension><gpxtpx:hr>148</gpxtpx:hr></gpxtpx:TrackPointExtension></extensions>
    </trkpt>
    <trkpt lat="37.566718" lon="127.000517">
      <ele>32.0</ele>
      <time>2026-07-20T19:47:07.000Z</time>
      <extensions><gpxtpx:TrackPointExtension><gpxtpx:hr>149</gpxtpx:hr></gpxtpx:TrackPointExtension></extensions>
    </trkpt>
    <trkpt lat="37.566735" lon="127.000431">
      <ele>32.0</ele>
      <time>2026-07-20T19:47:08.000Z</time>
      <extensions><gpxtpx:TrackPointExtension><gpxtpx:hr>151</gpxtpx:hr></gpxtpx:TrackPointExtension></extensions>
    </trkpt>
    <trkpt lat="37.566754" lon="127.000360">
      <ele>32.0</ele>
      <time>2026-07-20T19:47:09.000Z</time>
      <extensions><gpxtpx:TrackPointExtension><gpxtpx:hr>152</gpxtpx:hr></gpxtpx:TrackPointExtension></extensions>
    </trkpt>
    <trkpt lat="37.566731" lon="127.000307">
      <ele>32.0</ele>
      <time>2026-07-20T19:47:10.000Z</time>
      <extensions><gpxtpx:TrackPointExtension><gpxtpx:hr>152</gpxtpx:hr></gpxtpx:TrackPointExtension></extensions>
    </trkpt>
    <trkpt lat="37.566742" lon="127.000345">
      <ele>32.0</ele>
      <time>2026-07-20T19:47:11.000Z</time>
      <extensions><gpxtpx:TrackPointExtension><gpxtpx:hr>152</gpxtpx:hr></gpxtpx:TrackPointExtension></extensions>
    </trkpt>
    <trkpt lat="37.566737" lon="127.000311">
      <ele>32.0</ele>
      <time>2026-07-20T19:47:12.000Z</time>
      <extensions><gpxtpx:TrackPointExtension><gpxtpx:hr>152</gpxtpx:hr></gpxtpx:TrackPointExtension></extensions>
    </trkpt>
    <trkpt lat="37.566738" lon="127.000307">
      <ele>32.0</ele>
      <time>2026-07-20T19:47:13.000Z</time>
      <extensions><gpxtpx:TrackPointExtension><gpxtpx:hr>151</gpxtpx:hr></gpxtpx:TrackPointExtension></extensions>
    </trkpt>
    <trkpt lat="37.566748" lon="127.000322">
      <ele>32.0</ele>
      <time>2026-07-20T19:47:14.000Z</time>
      <extensions><gpxtpx:TrackPointExtension><gpxtpx:hr>149</gpxtpx:hr></gpxtpx:TrackPointExtension></extensions>
    </trkpt>
    <trkpt lat="37.566751" lon="127.000311">
      <ele>32.0</ele>
      <time>2026-07-20T19:47:15.000Z</time>
      <extensions><gpxtpx:TrackPointExtension><gpxtpx:hr>148</gpxtpx:hr></gpxtpx:TrackPointExtension></extensions>
    </trkpt>
    <trkpt lat="37.566754" lon="127.000315">
      <ele>32.0</ele>
      <time>2026-07-20T19:47:16.000Z</time>
      <extensions><gpxtpx:TrackPointExtension><gpxtpx:hr>146</gpxtpx:hr></gpxtpx:TrackPointExtension></extensions>
    </trkpt>
    <trkpt lat="37.566748" lon="127.000325">
      <ele>32.0</ele>
      <time>2026-07-20T19:47:17.000Z</time>
      <extensions><gpxtpx:TrackPointExtension><gpxtpx:hr>145</gpxtpx:hr></gpxtpx:TrackPointExtension></extensions>
    </trkpt>
    <trkpt lat="37.566743" lon="127.000335">
      <ele>32.0</ele>
      <time>2026-07-20T19:47:18.000Z</time>
      <extensions><gpxtpx:TrackPointExtension><gpxtpx:hr>144</gpxtpx:hr></gpxtpx:TrackPointExtension></extensions>
    </trkpt>
    <trkpt lat="37.566735" lon="127.000355">
      <ele>32.0</ele>
      <time>2026-07-20T19:47:19.000Z</time>
      <extensions><gpxtpx:TrackPointExtension><gpxtpx:hr>143</gpxtpx:hr></gpxtpx:TrackPointExtension></extensions>
    </trkpt>
    <trkpt lat="37.566725" lon="127.000379">
      <ele>32.0</ele>
      <time>2026-07-20T19:47:20.000Z</time>
      <extensions><gpxtpx:TrackPointExtension><gpxtpx:hr>143</gpxtpx:hr></gpxtpx:TrackPointExtension></extensions>
    </trkpt>
    <trkpt lat="37.566718" lon="127.000398">
      <ele>32.0</ele>
      <time>2026-07-20T19:47:21.000Z</time>
      <extensions><gpxtpx:TrackPointExtension><gpxtpx:hr>143</gpxtpx:hr></gpxtpx:TrackPointExtension></extensions>
    </trkpt>
    <trkpt lat="37.566709" lon="127.000430">
      <ele>32.0</ele>
      <time>2026-07-20T19:47:22.000Z</time>
      <extensions><gpxtpx:TrackPointExtension><gpxtpx:hr>143</gpxtpx:hr></gpxtpx:TrackPointExtension></extensions>
    </trkpt>
    <trkpt lat="37.566727" lon="127.000460">
      <ele>32.0</ele>
      <time>2026-07-20T19:47:23.000Z</time>
      <extensions><gpxtpx:TrackPointExtension><gpxtpx:hr>143</gpxtpx:hr></gpxtpx:TrackPointExtension></extensions>
    </trkpt>
    <trkpt lat="37.566738" lon="127.000497">
      <ele>32.0</ele>
      <time>2026-07-20T19:47:24.000Z</time>
      <extensions><gpxtpx:TrackPointExtension><gpxtpx:hr>143</gpxtpx:hr></gpxtpx:TrackPointExtension></extensions>
    </trkpt>
    <trkpt lat="37.566743" lon="127.000495">
      <ele>32.0</ele>
      <time>2026-07-20T19:47:25.000Z</time>
      <extensions><gpxtpx:TrackPointExtension><gpxtpx:hr>143</gpxtpx:hr></gpxtpx:TrackPointExtension></extensions>
    </trkpt>
    <trkpt lat="37.566764" lon="127.000512">
      <ele>32.0</ele>
      <time>2026-07-20T19:47:26.000Z</time>
      <extensions><gpxtpx:TrackPointExtension><gpxtpx:hr>143</gpxtpx:hr></gpxtpx:TrackPointExtension></extensions>
    </trkpt>
    <trkpt lat="37.566790" lon="127.000520">
      <ele>32.0</ele>
      <time>2026-07-20T19:47:27.000Z</time>
      <extensions><gpxtpx:TrackPointExtension><gpxtpx:hr>143</gpxtpx:hr></gpxtpx:TrackPointExtension></extensions>
    </trkpt>
    <trkpt lat="37.566820" lon="127.000538">
      <ele>32.0</ele>
      <time>2026-07-20T19:47:28.000Z</time>
      <extensions><gpxtpx:TrackPointExtension><gpxtpx:hr>143</gpxtpx:hr></gpxtpx:TrackPointExtension></extensions>
    </trkpt>
    <trkpt lat="37.566839" lon="127.000546">
      <ele>32.0</ele>
      <time>2026-07-20T19:47:29.000Z</time>
      <extensions><gpxtpx:TrackPointExtension><gpxtpx:hr>143</gpxtpx:hr></gpxtpx:TrackPointExtension></extensions>
    </trkpt>
    <trkpt lat="37.566871" lon="127.000564">
      <ele>32.0</ele>
      <time>2026-07-20T19:47:30.000Z</time>
      <extensions><gpxtpx:TrackPointExtension><gpxtpx:hr>143</gpxtpx:hr></gpxtpx:TrackPointExtension></extensions>
    </trkpt>
    <trkpt lat="37.566887" lon="127.000578">
      <ele>32.0</ele>
      <time>2026-07-20T19:47:31.000Z</time>
      <extensions><gpxtpx:TrackPointExtension><gpxtpx:hr>143</gpxtpx:hr></gpxtpx:TrackPointExtension></extensions>
    </trkpt>
    <trkpt lat="37.566921" lon="127.000589">
      <ele>32.0</ele>
      <time>2026-07-20T19:47:32.000Z</time>
      <extensions><gpxtpx:TrackPointExtension><gpxtpx:hr>143</gpxtpx:hr></gpxtpx:TrackPointExtension></extensions>
    </trkpt>
    <trkpt lat="37.566950" lon="127.000613">
      <ele>32.0</ele>
      <time>2026-07-20T19:47:33.000Z</time>
      <extensions><gpxtpx:TrackPointExtension><gpxtpx:hr>143</gpxtpx:hr></gpxtpx:TrackPointExtension></extensions>
    </trkpt>
    <trkpt lat="37.566941" lon="127.000601">
      <ele>32.0</ele>
      <time>2026-07-20T19:47:34.000Z</time>
      <extensions><gpxtpx:TrackPointExtension><gpxtpx:hr>142</gpxtpx:hr></gpxtpx:TrackPointExtension></extensions>
    </trkpt>
    <trkpt lat="37.566946" lon="127.000593">
      <ele>32.0</ele>
      <time>2026-07-20T19:47:35.000Z</time>
      <extensions><gpxtpx:TrackPointExtension><gpxtpx:hr>141</gpxtpx:hr></gpxtpx:TrackPointExtension></extensions>
    </trkpt>
    <trkpt lat="37.566944" lon="127.000593">
      <ele>32.0</ele>
      <time>2026-07-20T19:47:36.000Z</time>
      <extensions><gpxtpx:TrackPointExtension><gpxtpx:hr>140</gpxtpx:hr></gpxtpx:TrackPointExtension></extensions>
    </trkpt>
    <trkpt lat="37.566948" lon="127.000585">
      <ele>32.0</ele>
      <time>2026-07-20T19:47:37.000Z</time>
      <extensions><gpxtpx:TrackPointExtension><gpxtpx:hr>139</gpxtpx:hr></gpxtpx:TrackPointExtension></extensions>
    </trkpt>
    <trkpt lat="37.566938" lon="127.000588">
      <ele>32.0</ele>
      <time>2026-07-20T19:47:38.000Z</time>
      <extensions><gpxtpx:TrackPointExtension><gpxtpx:hr>138</gpxtpx:hr></gpxtpx:TrackPointExtension></extensions>
    </trkpt>
    <trkpt lat="37.566921" lon="127.000613">
      <ele>32.0</ele>
      <time>2026-07-20T19:47:39.000Z</time>
      <extensions><gpxtpx:TrackPointExtension><gpxtpx:hr>138</gpxtpx:hr></gpxtpx:TrackPointExtension></extensions>
    </trkpt>
    <trkpt lat="37.566907" lon="127.000640">
      <ele>32.0</ele>
      <time>2026-07-20T19:47:40.000Z</time>
      <extensions><gpxtpx:TrackPointExtension><gpxtpx:hr>138</gpxtpx:hr></gpxtpx:TrackPointExtension></extensions>
    </trkpt>
    <trkpt lat="37.566885" lon="127.000653">
      <ele>32.0</ele>
      <time>2026-07-20T19:47:41.000Z</time>
      <extensions><gpxtpx:TrackPointExtension><gpxtpx:hr>138</gpxtpx:hr></gpxtpx:TrackPointExtension></extensions>
    </trkpt>
    <trkpt lat="37.566856" lon="127.000687">
      <ele>32.0</ele>
      <time>2026-07-20T19:47:42.000Z</time>
      <extensions><gpxtpx:TrackPointExtension><gpxtpx:hr>138</gpxtpx:hr></gpxtpx:TrackPointExtension></extensions>
    </trkpt>
    <trkpt lat="37.566857" lon="127.000681">
      <ele>32.0</ele>
      <time>2026-07-20T19:47:43.000Z</time>
      <extensions><gpxtpx:TrackPointExtension><gpxtpx:hr>138</gpxtpx:hr></gpxtpx:TrackPointExtension></extensions>
    </trkpt>
    <trkpt lat="37.566848" lon="127.000681">
      <ele>32.0</ele>
      <time>2026-07-20T19:47:44.000Z</time>
      <extensions><gpxtpx:TrackPointExtension><gpxtpx:hr>137</gpxtpx:hr></gpxtpx:TrackPointExtension></extensions>
    </trkpt>
    <trkpt lat="37.566845" lon="127.000674">
      <ele>32.0</ele>
      <time>2026-07-20T19:47:45.000Z</time>
      <extensions><gpxtpx:TrackPointExtension><gpxtpx:hr>136</gpxtpx:hr></gpxtpx:TrackPointExtension></extensions>
    </trkpt>
    <trkpt lat="37.566840" lon="127.000674">
      <ele>32.0</ele>
      <time>2026-07-20T19:47:46.000Z</time>
      <extensions><gpxtpx:TrackPointExtension><gpxtpx:hr>135</gpxtpx:hr></gpxtpx:TrackPointExtension></extensions>
    </trkpt>
    <trkpt lat="37.566846" lon="127.000665">
      <ele>32.0</ele>
      <time>2026-07-20T19:47:47.000Z</time>
      <extensions><gpxtpx:TrackPointExtension><gpxtpx:hr>134</gpxtpx:hr></gpxtpx:TrackPointExtension></extensions>
    </trkpt>
    <trkpt lat="37.566877" lon="127.000628">
      <ele>32.0</ele>
      <time>2026-07-20T19:47:48.000Z</time>
      <extensions><gpxtpx:TrackPointExtension><gpxtpx:hr>135</gpxtpx:hr></gpxtpx:TrackPointExtension></extensions>
    </trkpt>
    <trkpt lat="37.566901" lon="127.000550">
      <ele>32.0</ele>
      <time>2026-07-20T19:47:49.000Z</time>
      <extensions><gpxtpx:TrackPointExtension><gpxtpx:hr>137</gpxtpx:hr></gpxtpx:TrackPointExtension></extensions>
    </trkpt>
    <trkpt lat="37.566934" lon="127.000480">
      <ele>32.0</ele>
      <time>2026-07-20T19:47:50.000Z</time>
      <extensions><gpxtpx:TrackPointExtension><gpxtpx:hr>139</gpxtpx:hr></gpxtpx:TrackPointExtension></extensions>
    </trkpt>
    <trkpt lat="37.566983" lon="127.000418">
      <ele>32.0</ele>
      <time>2026-07-20T19:47:51.000Z</time>
      <extensions><gpxtpx:TrackPointExtension><gpxtpx:hr>142</gpxtpx:hr></gpxtpx:TrackPointExtension></extensions>
    </trkpt>
    <trkpt lat="37.567010" lon="127.000341">
      <ele>32.0</ele>
      <time>2026-07-20T19:47:52.000Z</time>
      <extensions><gpxtpx:TrackPointExtension><gpxtpx:hr>144</gpxtpx:hr></gpxtpx:TrackPointExtension></extensions>
    </trkpt>
    <trkpt lat="37.566968" lon="127.000307">
      <ele>32.0</ele>
      <time>2026-07-20T19:47:53.000Z</time>
      <extensions><gpxtpx:TrackPointExtension><gpxtpx:hr>145</gpxtpx:hr></gpxtpx:TrackPointExtension></extensions>
    </trkpt>
    <trkpt lat="37.566935" lon="127.000282">
      <ele>32.0</ele>
      <time>2026-07-20T19:47:54.000Z</time>
      <extensions><gpxtpx:TrackPointExtension><gpxtpx:hr>145</gpxtpx:hr></gpxtpx:TrackPointExtension></extensions>
    </trkpt>
    <trkpt lat="37.566882" lon="127.000254">
      <ele>32.0</ele>
      <time>2026-07-20T19:47:55.000Z</time>
      <extensions><gpxtpx:TrackPointExtension><gpxtpx:hr>146</gpxtpx:hr></gpxtpx:TrackPointExtension></extensions>
    </trkpt>
    <trkpt lat="37.566847" lon="127.000231">
      <ele>32.0</ele>
      <time>2026-07-20T19:47:56.000Z</time>
      <extensions><gpxtpx:TrackPointExtension><gpxtpx:hr>147</gpxtpx:hr></gpxtpx:TrackPointExtension></extensions>
    </trkpt>
    <trkpt lat="37.566798" lon="127.000203">
      <ele>32.0</ele>
      <time>2026-07-20T19:47:57.000Z</time>
      <extensions><gpxtpx:TrackPointExtension><gpxtpx:hr>148</gpxtpx:hr></gpxtpx:TrackPointExtension></extensions>
    </trkpt>
    <trkpt lat="37.566838" lon="127.000200">
      <ele>32.0</ele>
      <time>2026-07-20T19:47:58.000Z</time>
      <extensions><gpxtpx:TrackPointExtension><gpxtpx:hr>148</gpxtpx:hr></gpxtpx:TrackPointExtension></extensions>
    </trkpt>
    <trkpt lat="37.566863" lon="127.000196">
      <ele>32.0</ele>
      <time>2026-07-20T19:47:59.000Z</time>
      <extensions><gpxtpx:TrackPointExtension><gpxtpx:hr>147</gpxtpx:hr></gpxtpx:TrackPointExtension></extensions>
    </trkpt>
    <trkpt lat="37.566887" lon="127.000191">
      <ele>32.0</ele>
      <time>2026-07-20T19:48:00.000Z</time>
      <extensions><gpxtpx:TrackPointExtension><gpxtpx:hr>147</gpxtpx:hr></gpxtpx:TrackPointExtension></extensions>
    </trkpt>
    <trkpt lat="37.566895" lon="127.000187">
      <ele>32.0</ele>
      <time>2026-07-20T19:48:01.000Z</time>
      <extensions><gpxtpx:TrackPointExtension><gpxtpx:hr>146</gpxtpx:hr></gpxtpx:TrackPointExtension></extensions>
    </trkpt>
    <trkpt lat="37.566910" lon="127.000194">
      <ele>32.0</ele>
      <time>2026-07-20T19:48:02.000Z</time>
      <extensions><gpxtpx:TrackPointExtension><gpxtpx:hr>145</gpxtpx:hr></gpxtpx:TrackPointExtension></extensions>
    </trkpt>
    <trkpt lat="37.566929" lon="127.000193">
      <ele>32.0</ele>
      <time>2026-07-20T19:48:03.000Z</time>
      <extensions><gpxtpx:TrackPointExtension><gpxtpx:hr>145</gpxtpx:hr></gpxtpx:TrackPointExtension></extensions>
    </trkpt>
    <trkpt lat="37.566946" lon="127.000195">
      <ele>32.0</ele>
      <time>2026-07-20T19:48:04.000Z</time>
      <extensions><gpxtpx:TrackPointExtension><gpxtpx:hr>144</gpxtpx:hr></gpxtpx:TrackPointExtension></extensions>
    </trkpt>
    <trkpt lat="37.566955" lon="127.000205">
      <ele>32.0</ele>
      <time>2026-07-20T19:48:05.000Z</time>
      <extensions><gpxtpx:TrackPointExtension><gpxtpx:hr>143</gpxtpx:hr></gpxtpx:TrackPointExtension></extensions>
    </trkpt>
    <trkpt lat="37.566962" lon="127.000246">
      <ele>32.0</ele>
      <time>2026-07-20T19:48:06.000Z</time>
      <extensions><gpxtpx:TrackPointExtension><gpxtpx:hr>143</gpxtpx:hr></gpxtpx:TrackPointExtension></extensions>
    </trkpt>
    <trkpt lat="37.566974" lon="127.000273">
      <ele>32.0</ele>
      <time>2026-07-20T19:48:07.000Z</time>
      <extensions><gpxtpx:TrackPointExtension><gpxtpx:hr>143</gpxtpx:hr></gpxtpx:TrackPointExtension></extensions>
    </trkpt>
    <trkpt lat="37.566983" lon="127.000316">
      <ele>32.0</ele>
      <time>2026-07-20T19:48:08.000Z</time>
      <extensions><gpxtpx:TrackPointExtension><gpxtpx:hr>143</gpxtpx:hr></gpxtpx:TrackPointExtension></extensions>
    </trkpt>
    <trkpt lat="37.567002" lon="127.000344">
      <ele>32.0</ele>
      <time>2026-07-20T19:48:09.000Z</time>
      <extensions><gpxtpx:TrackPointExtension><gpxtpx:hr>143</gpxtpx:hr></gpxtpx:TrackPointExtension></extensions>
    </trkpt>
    <trkpt lat="37.567015" lon="127.000373">
      <ele>32.0</ele>
      <time>2026-07-20T19:48:10.000Z</time>
      <extensions><gpxtpx:TrackPointExtension><gpxtpx:hr>143</gpxtpx:hr></gpxtpx:TrackPointExtension></extensions>
    </trkpt>
    <trkpt lat="37.567023" lon="127.000415">
      <ele>32.0</ele>
      <time>2026-07-20T19:48:11.000Z</time>
      <extensions><gpxtpx:TrackPointExtension><gpxtpx:hr>143</gpxtpx:hr></gpxtpx:TrackPointExtension></extensions>
    </trkpt>
    <trkpt lat="37.567021" lon="127.000419">
      <ele>32.0</ele>
      <time>2026-07-20T19:48:12.000Z</time>
      <extensions><gpxtpx:TrackPointExtension><gpxtpx:hr>143</gpxtpx:hr></gpxtpx:TrackPointExtension></extensions>
    </trkpt>
    <trkpt lat="37.567005" lon="127.000428">
      <ele>32.0</ele>
      <time>2026-07-20T19:48:13.000Z</time>
      <extensions><gpxtpx:TrackPointExtension><gpxtpx:hr>141</gpxtpx:hr></gpxtpx:TrackPointExtension></extensions>
    </trkpt>
    <trkpt lat="37.566966" lon="127.000435">
      <ele>32.0</ele>
      <time>2026-07-20T19:48:14.000Z</time>
      <extensions><gpxtpx:TrackPointExtension><gpxtpx:hr>143</gpxtpx:hr></gpxtpx:TrackPointExtension></extensions>
    </trkpt>
    <trkpt lat="37.566900" lon="127.000471">
      <ele>32.0</ele>
      <time>2026-07-20T19:48:15.000Z</time>
      <extensions><gpxtpx:TrackPointExtension><gpxtpx:hr>144</gpxtpx:hr></gpxtpx:TrackPointExtension></extensions>
    </trkpt>
    <trkpt lat="37.566836" lon="127.000493">
      <ele>32.0</ele>
      <time>2026-07-20T19:48:16.000Z</time>
      <extensions><gpxtpx:TrackPointExtension><gpxtpx:hr>146</gpxtpx:hr></gpxtpx:TrackPointExtension></extensions>
    </trkpt>
    <trkpt lat="37.566829" lon="127.000540">
      <ele>32.0</ele>
      <time>2026-07-20T19:48:17.000Z</time>
      <extensions><gpxtpx:TrackPointExtension><gpxtpx:hr>146</gpxtpx:hr></gpxtpx:TrackPointExtension></extensions>
    </trkpt>
    <trkpt lat="37.566816" lon="127.000579">
      <ele>32.0</ele>
      <time>2026-07-20T19:48:18.000Z</time>
      <extensions><gpxtpx:TrackPointExtension><gpxtpx:hr>146</gpxtpx:hr></gpxtpx:TrackPointExtension></extensions>
    </trkpt>
    <trkpt lat="37.566816" lon="127.000602">
      <ele>32.0</ele>
      <time>2026-07-20T19:48:19.000Z</time>
      <extensions><gpxtpx:TrackPointExtension><gpxtpx:hr>146</gpxtpx:hr></gpxtpx:TrackPointExtension></extensions>
    </trkpt>
    <trkpt lat="37.566806" lon="127.000642">
      <ele>32.0</ele>
      <time>2026-07-20T19:48:20.000Z</time>
      <extensions><gpxtpx:TrackPointExtension><gpxtpx:hr>145</gpxtpx:hr></gpxtpx:TrackPointExtension></extensions>
    </trkpt>
    <trkpt lat="37.566802" lon="127.000661">
      <ele>32.0</ele>
      <time>2026-07-20T19:48:21.000Z</time>
      <extensions><gpxtpx:TrackPointExtension><gpxtpx:hr>145</gpxtpx:hr></gpxtpx:TrackPointExtension></extensions>
    </trkpt>
    <trkpt lat="37.566771" lon="127.000726">
      <ele>32.0</ele>
      <time>2026-07-20T19:48:22.000Z</time>
      <extensions><gpxtpx:TrackPointExtension><gpxtpx:hr>146</gpxtpx:hr></gpxtpx:TrackPointExtension></extensions>
    </trkpt>
    <trkpt lat="37.566741" lon="127.000781">
      <ele>32.0</ele>
      <time>2026-07-20T19:48:23.000Z</time>
      <extensions><gpxtpx:TrackPointExtension><gpxtpx:hr>147</gpxtpx:hr></gpxtpx:TrackPointExtension></extensions>
    </trkpt>
    <trkpt lat="37.566714" lon="127.000849">
      <ele>32.0</ele>
      <time>2026-07-20T19:48:24.000Z</time>
      <extensions><gpxtpx:TrackPointExtension><gpxtpx:hr>149</gpxtpx:hr></gpxtpx:TrackPointExtension></extensions>
    </trkpt>
    <trkpt lat="37.566671" lon="127.000933">
      <ele>32.0</ele>
      <time>2026-07-20T19:48:25.000Z</time>
      <extensions><gpxtpx:TrackPointExtension><gpxtpx:hr>150</gpxtpx:hr></gpxtpx:TrackPointExtension></extensions>
    </trkpt>
    <trkpt lat="37.566708" lon="127.000945">
      <ele>32.0</ele>
      <time>2026-07-20T19:48:26.000Z</time>
      <extensions><gpxtpx:TrackPointExtension><gpxtpx:hr>151</gpxtpx:hr></gpxtpx:TrackPointExtension></extensions>
    </trkpt>
    <trkpt lat="37.566735" lon="127.000967">
      <ele>32.0</ele>
      <time>2026-07-20T19:48:27.000Z</time>
      <extensions><gpxtpx:TrackPointExtension><gpxtpx:hr>150</gpxtpx:hr></gpxtpx:TrackPointExtension></extensions>
    </trkpt>
    <trkpt lat="37.566762" lon="127.000969">
      <ele>32.0</ele>
      <time>2026-07-20T19:48:28.000Z</time>
      <extensions><gpxtpx:TrackPointExtension><gpxtpx:hr>149</gpxtpx:hr></gpxtpx:TrackPointExtension></extensions>
    </trkpt>
    <trkpt lat="37.566769" lon="127.000988">
      <ele>32.0</ele>
      <time>2026-07-20T19:48:29.000Z</time>
      <extensions><gpxtpx:TrackPointExtension><gpxtpx:hr>149</gpxtpx:hr></gpxtpx:TrackPointExtension></extensions>
    </trkpt>
    <trkpt lat="37.566784" lon="127.000988">
      <ele>32.0</ele>
      <time>2026-07-20T19:48:30.000Z</time>
      <extensions><gpxtpx:TrackPointExtension><gpxtpx:hr>148</gpxtpx:hr></gpxtpx:TrackPointExtension></extensions>
    </trkpt>
    <trkpt lat="37.566808" lon="127.001004">
      <ele>32.0</ele>
      <time>2026-07-20T19:48:31.000Z</time>
      <extensions><gpxtpx:TrackPointExtension><gpxtpx:hr>147</gpxtpx:hr></gpxtpx:TrackPointExtension></extensions>
    </trkpt>
    <trkpt lat="37.566824" lon="127.001008">
      <ele>32.0</ele>
      <time>2026-07-20T19:48:32.000Z</time>
      <extensions><gpxtpx:TrackPointExtension><gpxtpx:hr>146</gpxtpx:hr></gpxtpx:TrackPointExtension></extensions>
    </trkpt>
    <trkpt lat="37.566846" lon="127.001011">
      <ele>32.0</ele>
      <time>2026-07-20T19:48:33.000Z</time>
      <extensions><gpxtpx:TrackPointExtension><gpxtpx:hr>146</gpxtpx:hr></gpxtpx:TrackPointExtension></extensions>
    </trkpt>
    <trkpt lat="37.566841" lon="127.000995">
      <ele>32.0</ele>
      <time>2026-07-20T19:48:34.000Z</time>
      <extensions><gpxtpx:TrackPointExtension><gpxtpx:hr>145</gpxtpx:hr></gpxtpx:TrackPointExtension></extensions>
    </trkpt>
    <trkpt lat="37.566846" lon="127.000967">
      <ele>32.0</ele>
      <time>2026-07-20T19:48:35.000Z</time>
      <extensions><gpxtpx:TrackPointExtension><gpxtpx:hr>145</gpxtpx:hr></gpxtpx:TrackPointExtension></extensions>
    </trkpt>
    <trkpt lat="37.566843" lon="127.000924">
      <ele>32.0</ele>
      <time>2026-07-20T19:48:36.000Z</time>
      <extensions><gpxtpx:TrackPointExtension><gpxtpx:hr>144</gpxtpx:hr></gpxtpx:TrackPointExtension></extensions>
    </trkpt>
    <trkpt lat="37.566846" lon="127.000906">
      <ele>32.0</ele>
      <time>2026-07-20T19:48:37.000Z</time>
      <extensions><gpxtpx:TrackPointExtension><gpxtpx:hr>144</gpxtpx:hr></gpxtpx:TrackPointExtension></extensions>
    </trkpt>
    <trkpt lat="37.566846" lon="127.000875">
      <ele>32.0</ele>
      <time>2026-07-20T19:48:38.000Z</time>
      <extensions><gpxtpx:TrackPointExtension><gpxtpx:hr>144</gpxtpx:hr></gpxtpx:TrackPointExtension></extensions>
    </trkpt>
    <trkpt lat="37.566849" lon="127.000843">
      <ele>32.0</ele>
      <time>2026-07-20T19:48:39.000Z</time>
      <extensions><gpxtpx:TrackPointExtension><gpxtpx:hr>144</gpxtpx:hr></gpxtpx:TrackPointExtension></extensions>
    </trkpt>
    <trkpt lat="37.566843" lon="127.000809">
      <ele>32.0</ele>
      <time>2026-07-20T19:48:40.000Z</time>
      <extensions><gpxtpx:TrackPointExtension><gpxtpx:hr>144</gpxtpx:hr></gpxtpx:TrackPointExtension></extensions>
    </trkpt>
    <trkpt lat="37.566820" lon="127.000770">
      <ele>32.0</ele>
      <time>2026-07-20T19:48:41.000Z</time>
      <extensions><gpxtpx:TrackPointExtension><gpxtpx:hr>144</gpxtpx:hr></gpxtpx:TrackPointExtension></extensions>
    </trkpt>
    <trkpt lat="37.566817" lon="127.000737">
      <ele>32.0</ele>
      <time>2026-07-20T19:48:42.000Z</time>
      <extensions><gpxtpx:TrackPointExtension><gpxtpx:hr>144</gpxtpx:hr></gpxtpx:TrackPointExtension></extensions>
    </trkpt>
    <trkpt lat="37.566804" lon="127.000712">
      <ele>32.0</ele>
      <time>2026-07-20T19:48:43.000Z</time>
      <extensions><gpxtpx:TrackPointExtension><gpxtpx:hr>144</gpxtpx:hr></gpxtpx:TrackPointExtension></extensions>
    </trkpt>
    <trkpt lat="37.566779" lon="127.000666">
      <ele>32.0</ele>
      <time>2026-07-20T19:48:44.000Z</time>
      <extensions><gpxtpx:TrackPointExtension><gpxtpx:hr>144</gpxtpx:hr></gpxtpx:TrackPointExtension></extensions>
    </trkpt>
    <trkpt lat="37.566765" lon="127.000648">
      <ele>32.0</ele>
      <time>2026-07-20T19:48:45.000Z</time>
      <extensions><gpxtpx:TrackPointExtension><gpxtpx:hr>144</gpxtpx:hr></gpxtpx:TrackPointExtension></extensions>
    </trkpt>
    <trkpt lat="37.566757" lon="127.000604">
      <ele>32.0</ele>
      <time>2026-07-20T19:48:46.000Z</time>
      <extensions><gpxtpx:TrackPointExtension><gpxtpx:hr>144</gpxtpx:hr></gpxtpx:TrackPointExtension></extensions>
    </trkpt>
    <trkpt lat="37.566742" lon="127.000577">
      <ele>32.0</ele>
      <time>2026-07-20T19:48:47.000Z</time>
      <extensions><gpxtpx:TrackPointExtension><gpxtpx:hr>144</gpxtpx:hr></gpxtpx:TrackPointExtension></extensions>
    </trkpt>
    <trkpt lat="37.566726" lon="127.000543">
      <ele>32.0</ele>
      <time>2026-07-20T19:48:48.000Z</time>
      <extensions><gpxtpx:TrackPointExtension><gpxtpx:hr>144</gpxtpx:hr></gpxtpx:TrackPointExtension></extensions>
    </trkpt>
    <trkpt lat="37.566707" lon="127.000494">
      <ele>32.0</ele>
      <time>2026-07-20T19:48:49.000Z</time>
      <extensions><gpxtpx:TrackPointExtension><gpxtpx:hr>144</gpxtpx:hr></gpxtpx:TrackPointExtension></extensions>
    </trkpt>
    <trkpt lat="37.566696" lon="127.000467">
      <ele>32.0</ele>
      <time>2026-07-20T19:48:50.000Z</time>
      <extensions><gpxtpx:TrackPointExtension><gpxtpx:hr>144</gpxtpx:hr></gpxtpx:TrackPointExtension></extensions>
    </trkpt>
    <trkpt lat="37.566689" lon="127.000435">
      <ele>32.0</ele>
      <time>2026-07-20T19:48:51.000Z</time>
      <extensions><gpxtpx:TrackPointExtension><gpxtpx:hr>144</gpxtpx:hr></gpxtpx:TrackPointExtension></extensions>
    </trkpt>
    <trkpt lat="37.566689" lon="127.000416">
      <ele>32.0</ele>
      <time>2026-07-20T19:48:52.000Z</time>
      <extensions><gpxtpx:TrackPointExtension><gpxtpx:hr>143</gpxtpx:hr></gpxtpx:TrackPointExtension></extensions>
    </trkpt>
    <trkpt lat="37.566692" lon="127.000398">
      <ele>32.0</ele>
      <time>2026-07-20T19:48:53.000Z</time>
      <extensions><gpxtpx:TrackPointExtension><gpxtpx:hr>142</gpxtpx:hr></gpxtpx:TrackPointExtension></extensions>
    </trkpt>
    <trkpt lat="37.566684" lon="127.000385">
      <ele>32.0</ele>
      <time>2026-07-20T19:48:54.000Z</time>
      <extensions><gpxtpx:TrackPointExtension><gpxtpx:hr>142</gpxtpx:hr></gpxtpx:TrackPointExtension></extensions>
    </trkpt>
    <trkpt lat="37.566689" lon="127.000354">
      <ele>32.0</ele>
      <time>2026-07-20T19:48:55.000Z</time>
      <extensions><gpxtpx:TrackPointExtension><gpxtpx:hr>141</gpxtpx:hr></gpxtpx:TrackPointExtension></extensions>
    </trkpt>
    <trkpt lat="37.566685" lon="127.000344">
      <ele>32.0</ele>
      <time>2026-07-20T19:48:56.000Z</time>
      <extensions><gpxtpx:TrackPointExtension><gpxtpx:hr>141</gpxtpx:hr></gpxtpx:TrackPointExtension></extensions>
    </trkpt>
    <trkpt lat="37.566686" lon="127.000326">
      <ele>32.0</ele>
      <time>2026-07-20T19:48:57.000Z</time>
      <extensions><gpxtpx:TrackPointExtension><gpxtpx:hr>140</gpxtpx:hr></gpxtpx:TrackPointExtension></extensions>
    </trkpt>
    <trkpt lat="37.566678" lon="127.000302">
      <ele>32.0</ele>
      <time>2026-07-20T19:48:58.000Z</time>
      <extensions><gpxtpx:TrackPointExtension><gpxtpx:hr>140</gpxtpx:hr></gpxtpx:TrackPointExtension></extensions>
    </trkpt>
    <trkpt lat="37.566695" lon="127.000345">
      <ele>32.0</ele>
      <time>2026-07-20T19:48:59.000Z</time>
      <extensions><gpxtpx:TrackPointExtension><gpxtpx:hr>140</gpxtpx:hr></gpxtpx:TrackPointExtension></extensions>
    </trkpt>
    <trkpt lat="37.566719" lon="127.000394">
      <ele>32.0</ele>
      <time>2026-07-20T19:49:00.000Z</time>
      <extensions><gpxtpx:TrackPointExtension><gpxtpx:hr>141</gpxtpx:hr></gpxtpx:TrackPointExtension></extensions>
    </trkpt>
    <trkpt lat="37.566754" lon="127.000435">
      <ele>32.0</ele>
      <time>2026-07-20T19:49:01.000Z</time>
      <extensions><gpxtpx:TrackPointExtension><gpxtpx:hr>142</gpxtpx:hr></gpxtpx:TrackPointExtension></extensions>
    </trkpt>
    <trkpt lat="37.566731" lon="127.000481">
      <ele>32.0</ele>
      <time>2026-07-20T19:49:02.000Z</time>
      <extensions><gpxtpx:TrackPointExtension><gpxtpx:hr>142</gpxtpx:hr></gpxtpx:TrackPointExtension></extensions>
    </trkpt>
    <trkpt lat="37.566714" lon="127.000521">
      <ele>32.0</ele>
      <time>2026-07-20T19:49:03.000Z</time>
      <extensions><gpxtpx:TrackPointExtension><gpxtpx:hr>143</gpxtpx:hr></gpxtpx:TrackPointExtension></extensions>
    </trkpt>
    <trkpt lat="37.566711" lon="127.000550">
      <ele>32.0</ele>
      <time>2026-07-20T19:49:04.000Z</time>
      <extensions><gpxtpx:TrackPointExtension><gpxtpx:hr>143</gpxtpx:hr></gpxtpx:TrackPointExtension></extensions>
    </trkpt>
    <trkpt lat="37.566693" lon="127.000595">
      <ele>32.0</ele>
      <time>2026-07-20T19:49:05.000Z</time>
      <extensions><gpxtpx:TrackPointExtension><gpxtpx:hr>143</gpxtpx:hr></gpxtpx:TrackPointExtension></extensions>
    </trkpt>
    <trkpt lat="37.566682" lon="127.000616">
      <ele>32.0</ele>
      <time>2026-07-20T19:49:06.000Z</time>
      <extensions><gpxtpx:TrackPointExtension><gpxtpx:hr>143</gpxtpx:hr></gpxtpx:TrackPointExtension></extensions>
    </trkpt>
    <trkpt lat="37.566677" lon="127.000667">
      <ele>32.0</ele>
      <time>2026-07-20T19:49:07.000Z</time>
      <extensions><gpxtpx:TrackPointExtension><gpxtpx:hr>143</gpxtpx:hr></gpxtpx:TrackPointExtension></extensions>
    </trkpt>
    <trkpt lat="37.566663" lon="127.000694">
      <ele>32.0</ele>
      <time>2026-07-20T19:49:08.000Z</time>
      <extensions><gpxtpx:TrackPointExtension><gpxtpx:hr>143</gpxtpx:hr></gpxtpx:TrackPointExtension></extensions>
    </trkpt>
    <trkpt lat="37.566656" lon="127.000729">
      <ele>32.0</ele>
      <time>2026-07-20T19:49:09.000Z</time>
      <extensions><gpxtpx:TrackPointExtension><gpxtpx:hr>143</gpxtpx:hr></gpxtpx:TrackPointExtension></extensions>
    </trkpt>
    <trkpt lat="37.566656" lon="127.000781">
      <ele>32.0</ele>
      <time>2026-07-20T19:49:10.000Z</time>
      <extensions><gpxtpx:TrackPointExtension><gpxtpx:hr>143</gpxtpx:hr></gpxtpx:TrackPointExtension></extensions>
    </trkpt>
    <trkpt lat="37.566651" lon="127.000813">
      <ele>32.0</ele>
      <time>2026-07-20T19:49:11.000Z</time>
      <extensions><gpxtpx:TrackPointExtension><gpxtpx:hr>143</gpxtpx:hr></gpxtpx:TrackPointExtension></extensions>
    </trkpt>
    <trkpt lat="37.566660" lon="127.000773">
      <ele>32.0</ele>
      <time>2026-07-20T19:49:12.000Z</time>
      <extensions><gpxtpx:TrackPointExtension><gpxtpx:hr>143</gpxtpx:hr></gpxtpx:TrackPointExtension></extensions>
    </trkpt>
    <trkpt lat="37.566648" lon="127.000780">
      <ele>32.0</ele>
      <time>2026-07-20T19:49:13.000Z</time>
      <extensions><gpxtpx:TrackPointExtension><gpxtpx:hr>143</gpxtpx:hr></gpxtpx:TrackPointExtension></extensions>
    </trkpt>
    <trkpt lat="37.566641" lon="127.000702">
      <ele>32.0</ele>
      <time>2026-07-20T19:49:14.000Z</time>
      <extensions><gpxtpx:TrackPointExtension><gpxtpx:hr>144</gpxtpx:hr></gpxtpx:TrackPointExtension></extensions>
    </trkpt>
    <trkpt lat="37.566625" lon="127.000617">
      <ele>32.0</ele>
      <time>2026-07-20T19:49:15.000Z</time>
      <extensions><gpxtpx:TrackPointExtension><gpxtpx:hr>146</gpxtpx:hr></gpxtpx:TrackPointExtension></extensions>
    </trkpt>
    <trkpt lat="37.566672" lon="127.000644">
      <ele>32.0</ele>
      <time>2026-07-20T19:49:16.000Z</time>
      <extensions><gpxtpx:TrackPointExtension><gpxtpx:hr>147</gpxtpx:hr></gpxtpx:TrackPointExtension></extensions>
    </trkpt>
    <trkpt lat="37.566716" lon="127.000675">
      <ele>32.0</ele>
      <time>2026-07-20T19:49:17.000Z</time>
      <extensions><gpxtpx:TrackPointExtension><gpxtpx:hr>148</gpxtpx:hr></gpxtpx:TrackPointExtension></extensions>
    </trkpt>
    <trkpt lat="37.566772" lon="127.000712">
      <ele>32.0</ele>
      <time>2026-07-20T19:49:18.000Z</time>
      <extensions><gpxtpx:TrackPointExtension><gpxtpx:hr>149</gpxtpx:hr></gpxtpx:TrackPointExtension></extensions>
    </trkpt>
    <trkpt lat="37.566819" lon="127.000729">
      <ele>32.0</ele>
      <time>2026-07-20T19:49:19.000Z</time>
      <extensions><gpxtpx:TrackPointExtension><gpxtpx:hr>150</gpxtpx:hr></gpxtpx:TrackPointExtension></extensions>
    </trkpt>
    <trkpt lat="37.566859" lon="127.000769">
      <ele>32.0</ele>
      <time>2026-07-20T19:49:20.000Z</time>
      <extensions><gpxtpx:TrackPointExtension><gpxtpx:hr>150</gpxtpx:hr></gpxtpx:TrackPointExtension></extensions>
    </trkpt>
    <trkpt lat="37.566899" lon="127.000792">
      <ele>32.0</ele>
      <time>2026-07-20T19:49:21.000Z</time>
      <extensions><gpxtpx:TrackPointExtension><gpxtpx:hr>151</gpxtpx:hr></gpxtpx:TrackPointExtension></extensions>
    </trkpt>
    <trkpt lat="37.566953" lon="127.000822">
      <ele>32.0</ele>
      <time>2026-07-20T19:49:22.000Z</time>
      <extensions><gpxtpx:TrackPointExtension><gpxtpx:hr>152</gpxtpx:hr></gpxtpx:TrackPointExtension></extensions>
    </trkpt>
    <trkpt lat="37.566959" lon="127.000797">
      <ele>32.0</ele>
      <time>2026-07-20T19:49:23.000Z</time>
      <extensions><gpxtpx:TrackPointExtension><gpxtpx:hr>151</gpxtpx:hr></gpxtpx:TrackPointExtension></extensions>
    </trkpt>
    <trkpt lat="37.566950" lon="127.000781">
      <ele>32.0</ele>
      <time>2026-07-20T19:49:24.000Z</time>
      <extensions><gpxtpx:TrackPointExtension><gpxtpx:hr>149</gpxtpx:hr></gpxtpx:TrackPointExtension></extensions>
    </trkpt>
    <trkpt lat="37.566954" lon="127.000776">
      <ele>32.0</ele>
      <time>2026-07-20T19:49:25.000Z</time>
      <extensions><gpxtpx:TrackPointExtension><gpxtpx:hr>148</gpxtpx:hr></gpxtpx:TrackPointExtension></extensions>
    </trkpt>
    <trkpt lat="37.566951" lon="127.000788">
      <ele>32.0</ele>
      <time>2026-07-20T19:49:26.000Z</time>
      <extensions><gpxtpx:TrackPointExtension><gpxtpx:hr>146</gpxtpx:hr></gpxtpx:TrackPointExtension></extensions>
    </trkpt>
    <trkpt lat="37.566953" lon="127.000779">
      <ele>32.0</ele>
      <time>2026-07-20T19:49:27.000Z</time>
      <extensions><gpxtpx:TrackPointExtension><gpxtpx:hr>145</gpxtpx:hr></gpxtpx:TrackPointExtension></extensions>
    </trkpt>
    <trkpt lat="37.566953" lon="127.000773">
      <ele>32.0</ele>
      <time>2026-07-20T19:49:28.000Z</time>
      <extensions><gpxtpx:TrackPointExtension><gpxtpx:hr>144</gpxtpx:hr></gpxtpx:TrackPointExtension></extensions>
    </trkpt>
    <trkpt lat="37.566946" lon="127.000751">
      <ele>32.0</ele>
      <time>2026-07-20T19:49:29.000Z</time>
      <extensions><gpxtpx:TrackPointExtension><gpxtpx:hr>143</gpxtpx:hr></gpxtpx:TrackPointExtension></extensions>
    </trkpt>
    <trkpt lat="37.566947" lon="127.000736">
      <ele>32.0</ele>
      <time>2026-07-20T19:49:30.000Z</time>
      <extensions><gpxtpx:TrackPointExtension><gpxtpx:hr>142</gpxtpx:hr></gpxtpx:TrackPointExtension></extensions>
    </trkpt>
    <trkpt lat="37.566935" lon="127.000719">
      <ele>32.0</ele>
      <time>2026-07-20T19:49:31.000Z</time>
      <extensions><gpxtpx:TrackPointExtension><gpxtpx:hr>141</gpxtpx:hr></gpxtpx:TrackPointExtension></extensions>
    </trkpt>
    <trkpt lat="37.566934" lon="127.000714">
      <ele>32.0</ele>
      <time>2026-07-20T19:49:32.000Z</time>
      <extensions><gpxtpx:TrackPointExtension><gpxtpx:hr>140</gpxtpx:hr></gpxtpx:TrackPointExtension></extensions>
    </trkpt>
    <trkpt lat="37.566930" lon="127.000700">
      <ele>32.0</ele>
      <time>2026-07-20T19:49:33.000Z</time>
      <extensions><gpxtpx:TrackPointExtension><gpxtpx:hr>140</gpxtpx:hr></gpxtpx:TrackPointExtension></extensions>
    </trkpt>
    <trkpt lat="37.566926" lon="127.000674">
      <ele>32.0</ele>
      <time>2026-07-20T19:49:34.000Z</time>
      <extensions><gpxtpx:TrackPointExtension><gpxtpx:hr>139</gpxtpx:hr></gpxtpx:TrackPointExtension></extensions>
    </trkpt>
    <trkpt lat="37.566915" lon="127.000660">
      <ele>32.0</ele>
      <time>2026-07-20T19:49:35.000Z</time>
      <extensions><gpxtpx:TrackPointExtension><gpxtpx:hr>139</gpxtpx:hr></gpxtpx:TrackPointExtension></extensions>
    </trkpt>
    <trkpt lat="37.566893" lon="127.000629">
      <ele>32.0</ele>
      <time>2026-07-20T19:49:36.000Z</time>
      <extensions><gpxtpx:TrackPointExtension><gpxtpx:hr>139</gpxtpx:hr></gpxtpx:TrackPointExtension></extensions>
    </trkpt>
    <trkpt lat="37.566888" lon="127.000585">
      <ele>32.0</ele>
      <time>2026-07-20T19:49:37.000Z</time>
      <extensions><gpxtpx:TrackPointExtension><gpxtpx:hr>140</gpxtpx:hr></gpxtpx:TrackPointExtension></extensions>
    </trkpt>
    <trkpt lat="37.566866" lon="127.000561">
      <ele>32.0</ele>
      <time>2026-07-20T19:49:38.000Z</time>
      <extensions><gpxtpx:TrackPointExtension><gpxtpx:hr>140</gpxtpx:hr></gpxtpx:TrackPointExtension></extensions>
    </trkpt>
    <trkpt lat="37.566874" lon="127.000567">
      <ele>32.0</ele>
      <time>2026-07-20T19:49:39.000Z</time>
      <extensions><gpxtpx:TrackPointExtension><gpxtpx:hr>139</gpxtpx:hr></gpxtpx:TrackPointExtension></extensions>
    </trkpt>
    <trkpt lat="37.566875" lon="127.000577">
      <ele>32.0</ele>
      <time>2026-07-20T19:49:40.000Z</time>
      <extensions><gpxtpx:TrackPointExtension><gpxtpx:hr>138</gpxtpx:hr></gpxtpx:TrackPointExtension></extensions>
    </trkpt>
    <trkpt lat="37.566878" lon="127.000567">
      <ele>32.0</ele>
      <time>2026-07-20T19:49:41.000Z</time>
      <extensions><gpxtpx:TrackPointExtension><gpxtpx:hr>137</gpxtpx:hr></gpxtpx:TrackPointExtension></extensions>
    </trkpt>
    <trkpt lat="37.566880" lon="127.000580">
      <ele>32.0</ele>
      <time>2026-07-20T19:49:42.000Z</time>
      <extensions><gpxtpx:TrackPointExtension><gpxtpx:hr>136</gpxtpx:hr></gpxtpx:TrackPointExtension></extensions>
    </trkpt>
    <trkpt lat="37.566896" lon="127.000576">
      <ele>32.0</ele>
      <time>2026-07-20T19:49:43.000Z</time>
      <extensions><gpxtpx:TrackPointExtension><gpxtpx:hr>136</gpxtpx:hr></gpxtpx:TrackPointExtension></extensions>
    </trkpt>
    <trkpt lat="37.566905" lon="127.000603">
      <ele>32.0</ele>
      <time>2026-07-20T19:49:44.000Z</time>
      <extensions><gpxtpx:TrackPointExtension><gpxtpx:hr>136</gpxtpx:hr></gpxtpx:TrackPointExtension></extensions>
    </trkpt>
    <trkpt lat="37.566927" lon="127.000617">
      <ele>32.0</ele>
      <time>2026-07-20T19:49:45.000Z</time>
      <extensions><gpxtpx:TrackPointExtension><gpxtpx:hr>136</gpxtpx:hr></gpxtpx:TrackPointExtension></extensions>
    </trkpt>
    <trkpt lat="37.566951" lon="127.000639">
      <ele>32.0</ele>
      <time>2026-07-20T19:49:46.000Z</time>
      <extensions><gpxtpx:TrackPointExtension><gpxtpx:hr>136</gpxtpx:hr></gpxtpx:TrackPointExtension></extensions>
    </trkpt>
    <trkpt lat="37.566927" lon="127.000611">
      <ele>32.0</ele>
      <time>2026-07-20T19:49:47.000Z</time>
      <extensions><gpxtpx:TrackPointExtension><gpxtpx:hr>136</gpxtpx:hr></gpxtpx:TrackPointExtension></extensions>
    </trkpt>
    <trkpt lat="37.566950" lon="127.000645">
      <ele>32.0</ele>
      <time>2026-07-20T19:49:48.000Z</time>
      <extensions><gpxtpx:TrackPointExtension><gpxtpx:hr>137</gpxtpx:hr></gpxtpx:TrackPointExtension></extensions>
    </trkpt>
    <trkpt lat="37.566925" lon="127.000620">
      <ele>32.0</ele>
      <time>2026-07-20T19:49:49.000Z</time>
      <extensions><gpxtpx:TrackPointExtension><gpxtpx:hr>137</gpxtpx:hr></gpxtpx:TrackPointExtension></extensions>
    </trkpt>
    <trkpt lat="37.566918" lon="127.000583">
      <ele>32.0</ele>
      <time>2026-07-20T19:49:50.000Z</time>
      <extensions><gpxtpx:TrackPointExtension><gpxtpx:hr>138</gpxtpx:hr></gpxtpx:TrackPointExtension></extensions>
    </trkpt>
    <trkpt lat="37.566903" lon="127.000539">
      <ele>32.0</ele>
      <time>2026-07-20T19:49:51.000Z</time>
      <extensions><gpxtpx:TrackPointExtension><gpxtpx:hr>138</gpxtpx:hr></gpxtpx:TrackPointExtension></extensions>
    </trkpt>
    <trkpt lat="37.566898" lon="127.000514">
      <ele>32.0</ele>
      <time>2026-07-20T19:49:52.000Z</time>
      <extensions><gpxtpx:TrackPointExtension><gpxtpx:hr>138</gpxtpx:hr></gpxtpx:TrackPointExtension></extensions>
    </trkpt>
    <trkpt lat="37.566890" lon="127.000475">
      <ele>32.0</ele>
      <time>2026-07-20T19:49:53.000Z</time>
      <extensions><gpxtpx:TrackPointExtension><gpxtpx:hr>138</gpxtpx:hr></gpxtpx:TrackPointExtension></extensions>
    </trkpt>
    <trkpt lat="37.566879" lon="127.000447">
      <ele>32.0</ele>
      <time>2026-07-20T19:49:54.000Z</time>
      <extensions><gpxtpx:TrackPointExtension><gpxtpx:hr>139</gpxtpx:hr></gpxtpx:TrackPointExtension></extensions>
    </trkpt>
    <trkpt lat="37.566868" lon="127.000409">
      <ele>32.0</ele>
      <time>2026-07-20T19:49:55.000Z</time>
      <extensions><gpxtpx:TrackPointExtension><gpxtpx:hr>139</gpxtpx:hr></gpxtpx:TrackPointExtension></extensions>
    </trkpt>
    <trkpt lat="37.566871" lon="127.000380">
      <ele>32.0</ele>
      <time>2026-07-20T19:49:56.000Z</time>
      <extensions><gpxtpx:TrackPointExtension><gpxtpx:hr>139</gpxtpx:hr></gpxtpx:TrackPointExtension></extensions>
    </trkpt>
    <trkpt lat="37.566855" lon="127.000355">
      <ele>32.0</ele>
      <time>2026-07-20T19:49:57.000Z</time>
      <extensions><gpxtpx:TrackPointExtension><gpxtpx:hr>139</gpxtpx:hr></gpxtpx:TrackPointExtension></extensions>
    </trkpt>
    <trkpt lat="37.566846" lon="127.000317">
      <ele>32.0</ele>
      <time>2026-07-20T19:49:58.000Z</time>
      <extensions><gpxtpx:TrackPointExtension><gpxtpx:hr>139</gpxtpx:hr></gpxtpx:TrackPointExtension></extensions>
    </trkpt>
    <trkpt lat="37.566857" lon="127.000350">
      <ele>32.0</ele>
      <time>2026-07-20T19:49:59.000Z</time>
      <extensions><gpxtpx:TrackPointExtension><gpxtpx:hr>139</gpxtpx:hr></gpxtpx:TrackPointExtension></extensions>
    </trkpt>
    <trkpt lat="37.566846" lon="127.000314">
      <ele>32.0</ele>
      <time>2026-07-20T19:50:00.000Z</time>
      <extensions><gpxtpx:TrackPointExtension><gpxtpx:hr>140</gpxtpx:hr></gpxtpx:TrackPointExtension></extensions>
    </trkpt>
    <trkpt lat="37.566809" lon="127.000285">
      <ele>32.0</ele>
      <time>2026-07-20T19:50:01.000Z</time>
      <extensions><gpxtpx:TrackPointExtension><gpxtpx:hr>141</gpxtpx:hr></gpxtpx:TrackPointExtension></extensions>
    </trkpt>
    <trkpt lat="37.566763" lon="127.000258">
      <ele>32.0</ele>
      <time>2026-07-20T19:50:02.000Z</time>
      <extensions><gpxtpx:TrackPointExtension><gpxtpx:hr>142</gpxtpx:hr></gpxtpx:TrackPointExtension></extensions>
    </trkpt>
    <trkpt lat="37.566711" lon="127.000227">
      <ele>32.0</ele>
      <time>2026-07-20T19:50:03.000Z</time>
      <extensions><gpxtpx:TrackPointExtension><gpxtpx:hr>143</gpxtpx:hr></gpxtpx:TrackPointExtension></extensions>
    </trkpt>
    <trkpt lat="37.566665" lon="127.000195">
      <ele>32.0</ele>
      <time>2026-07-20T19:50:04.000Z</time>
      <extensions><gpxtpx:TrackPointExtension><gpxtpx:hr>144</gpxtpx:hr></gpxtpx:TrackPointExtension></extensions>
    </trkpt>
    <trkpt lat="37.566659" lon="127.000238">
      <ele>32.0</ele>
      <time>2026-07-20T19:50:05.000Z</time>
      <extensions><gpxtpx:TrackPointExtension><gpxtpx:hr>144</gpxtpx:hr></gpxtpx:TrackPointExtension></extensions>
    </trkpt>
    <trkpt lat="37.566641" lon="127.000258">
      <ele>32.0</ele>
      <time>2026-07-20T19:50:06.000Z</time>
      <extensions><gpxtpx:TrackPointExtension><gpxtpx:hr>144</gpxtpx:hr></gpxtpx:TrackPointExtension></extensions>
    </trkpt>
    <trkpt lat="37.566637" lon="127.000292">
      <ele>32.0</ele>
      <time>2026-07-20T19:50:07.000Z</time>
      <extensions><gpxtpx:TrackPointExtension><gpxtpx:hr>144</gpxtpx:hr></gpxtpx:TrackPointExtension></extensions>
    </trkpt>
    <trkpt lat="37.566621" lon="127.000316">
      <ele>32.0</ele>
      <time>2026-07-20T19:50:08.000Z</time>
      <extensions><gpxtpx:TrackPointExtension><gpxtpx:hr>143</gpxtpx:hr></gpxtpx:TrackPointExtension></extensions>
    </trkpt>
    <trkpt lat="37.566624" lon="127.000364">
      <ele>32.0</ele>
      <time>2026-07-20T19:50:09.000Z</time>
      <extensions><gpxtpx:TrackPointExtension><gpxtpx:hr>144</gpxtpx:hr></gpxtpx:TrackPointExtension></extensions>
    </trkpt>
    <trkpt lat="37.566617" lon="127.000406">
      <ele>32.0</ele>
      <time>2026-07-20T19:50:10.000Z</time>
      <extensions><gpxtpx:TrackPointExtension><gpxtpx:hr>144</gpxtpx:hr></gpxtpx:TrackPointExtension></extensions>
    </trkpt>
    <trkpt lat="37.566622" lon="127.000469">
      <ele>32.0</ele>
      <time>2026-07-20T19:50:11.000Z</time>
      <extensions><gpxtpx:TrackPointExtension><gpxtpx:hr>145</gpxtpx:hr></gpxtpx:TrackPointExtension></extensions>
    </trkpt>
    <trkpt lat="37.566608" lon="127.000525">
      <ele>32.0</ele>
      <time>2026-07-20T19:50:12.000Z</time>
      <extensions><gpxtpx:TrackPointExtension><gpxtpx:hr>146</gpxtpx:hr></gpxtpx:TrackPointExtension></extensions>
    </trkpt>
    <trkpt lat="37.566575" lon="127.000553">
      <ele>32.0</ele>
      <time>2026-07-20T19:50:13.000Z</time>
      <extensions><gpxtpx:TrackPointExtension><gpxtpx:hr>146</gpxtpx:hr></gpxtpx:TrackPointExtension></extensions>
    </trkpt>
    <trkpt lat="37.566530" lon="127.000570">
      <ele>32.0</ele>
      <time>2026-07-20T19:50:14.000Z</time>
      <extensions><gpxtpx:TrackPointExtension><gpxtpx:hr>147</gpxtpx:hr></gpxtpx:TrackPointExtension></extensions>
    </trkpt>
    <trkpt lat="37.566568" lon="127.000549">
      <ele>32.0</ele>
      <time>2026-07-20T19:50:15.000Z</time>
      <extensions><gpxtpx:TrackPointExtension><gpxtpx:hr>148</gpxtpx:hr></gpxtpx:TrackPointExtension></extensions>
    </trkpt>
    <trkpt lat="37.566610" lon="127.000564">
      <ele>32.0</ele>
      <time>2026-07-20T19:50:16.000Z</time>
      <extensions><gpxtpx:TrackPointExtension><gpxtpx:hr>148</gpxtpx:hr></gpxtpx:TrackPointExtension></extensions>
    </trkpt>
    <trkpt lat="37.566629" lon="127.000566">
      <ele>32.0</ele>
      <time>2026-07-20T19:50:17.000Z</time>
      <extensions><gpxtpx:TrackPointExtension><gpxtpx:hr>148</gpxtpx:hr></gpxtpx:TrackPointExtension></extensions>
    </trkpt>
    <trkpt lat="37.566652" lon="127.000573">
      <ele>32.0</ele>
      <time>2026-07-20T19:50:18.000Z</time>
      <extensions><gpxtpx:TrackPointExtension><gpxtpx:hr>147</gpxtpx:hr></gpxtpx:TrackPointExtension></extensions>
    </trkpt>
    <trkpt lat="37.566673" lon="127.000588">
      <ele>32.0</ele>
      <time>2026-07-20T19:50:19.000Z</time>
      <extensions><gpxtpx:TrackPointExtension><gpxtpx:hr>146</gpxtpx:hr></gpxtpx:TrackPointExtension></extensions>
    </trkpt>
    <trkpt lat="37.566677" lon="127.000589">
      <ele>32.0</ele>
      <time>2026-07-20T19:50:20.000Z</time>
      <extensions><gpxtpx:TrackPointExtension><gpxtpx:hr>145</gpxtpx:hr></gpxtpx:TrackPointExtension></extensions>
    </trkpt>
    <trkpt lat="37.566692" lon="127.000586">
      <ele>32.0</ele>
      <time>2026-07-20T19:50:21.000Z</time>
      <extensions><gpxtpx:TrackPointExtension><gpxtpx:hr>145</gpxtpx:hr></gpxtpx:TrackPointExtension></extensions>
    </trkpt>
    <trkpt lat="37.566709" lon="127.000597">
      <ele>32.0</ele>
      <time>2026-07-20T19:50:22.000Z</time>
      <extensions><gpxtpx:TrackPointExtension><gpxtpx:hr>144</gpxtpx:hr></gpxtpx:TrackPointExtension></extensions>
    </trkpt>
    <trkpt lat="37.566711" lon="127.000596">
      <ele>32.0</ele>
      <time>2026-07-20T19:50:23.000Z</time>
      <extensions><gpxtpx:TrackPointExtension><gpxtpx:hr>142</gpxtpx:hr></gpxtpx:TrackPointExtension></extensions>
    </trkpt>
    <trkpt lat="37.566711" lon="127.000593">
      <ele>32.0</ele>
      <time>2026-07-20T19:50:24.000Z</time>
      <extensions><gpxtpx:TrackPointExtension><gpxtpx:hr>141</gpxtpx:hr></gpxtpx:TrackPointExtension></extensions>
    </trkpt>
    <trkpt lat="37.566709" lon="127.000592">
      <ele>32.0</ele>
      <time>2026-07-20T19:50:25.000Z</time>
      <extensions><gpxtpx:TrackPointExtension><gpxtpx:hr>140</gpxtpx:hr></gpxtpx:TrackPointExtension></extensions>
    </trkpt>
    <trkpt lat="37.566711" lon="127.000588">
      <ele>32.0</ele>
      <time>2026-07-20T19:50:26.000Z</time>
      <extensions><gpxtpx:TrackPointExtension><gpxtpx:hr>139</gpxtpx:hr></gpxtpx:TrackPointExtension></extensions>
    </trkpt>
    <trkpt lat="37.566698" lon="127.000564">
      <ele>32.0</ele>
      <time>2026-07-20T19:50:27.000Z</time>
      <extensions><gpxtpx:TrackPointExtension><gpxtpx:hr>138</gpxtpx:hr></gpxtpx:TrackPointExtension></extensions>
    </trkpt>
    <trkpt lat="37.566705" lon="127.000549">
      <ele>32.0</ele>
      <time>2026-07-20T19:50:28.000Z</time>
      <extensions><gpxtpx:TrackPointExtension><gpxtpx:hr>138</gpxtpx:hr></gpxtpx:TrackPointExtension></extensions>
    </trkpt>
    <trkpt lat="37.566700" lon="127.000540">
      <ele>32.0</ele>
      <time>2026-07-20T19:50:29.000Z</time>
      <extensions><gpxtpx:TrackPointExtension><gpxtpx:hr>137</gpxtpx:hr></gpxtpx:TrackPointExtension></extensions>
    </trkpt>
    <trkpt lat="37.566697" lon="127.000521">
      <ele>32.0</ele>
      <time>2026-07-20T19:50:30.000Z</time>
      <extensions><gpxtpx:TrackPointExtension><gpxtpx:hr>137</gpxtpx:hr></gpxtpx:TrackPointExtension></extensions>
    </trkpt>
    <trkpt lat="37.566694" lon="127.000502">
      <ele>32.0</ele>
      <time>2026-07-20T19:50:31.000Z</time>
      <extensions><gpxtpx:TrackPointExtension><gpxtpx:hr>137</gpxtpx:hr></gpxtpx:TrackPointExtension></extensions>
    </trkpt>
    <trkpt lat="37.566698" lon="127.000487">
      <ele>32.0</ele>
      <time>2026-07-20T19:50:32.000Z</time>
      <extensions><gpxtpx:TrackPointExtension><gpxtpx:hr>136</gpxtpx:hr></gpxtpx:TrackPointExtension></extensions>
    </trkpt>
    <trkpt lat="37.566700" lon="127.000462">
      <ele>32.0</ele>
      <time>2026-07-20T19:50:33.000Z</time>
      <extensions><gpxtpx:TrackPointExtension><gpxtpx:hr>136</gpxtpx:hr></gpxtpx:TrackPointExtension></extensions>
    </trkpt>
    <trkpt lat="37.566717" lon="127.000450">
      <ele>32.0</ele>
      <time>2026-07-20T19:50:34.000Z</time>
      <extensions><gpxtpx:TrackPointExtension><gpxtpx:hr>136</gpxtpx:hr></gpxtpx:TrackPointExtension></extensions>
    </trkpt>
    <trkpt lat="37.566722" lon="127.000433">
      <ele>32.0</ele>
      <time>2026-07-20T19:50:35.000Z</time>
      <extensions><gpxtpx:TrackPointExtension><gpxtpx:hr>136</gpxtpx:hr></gpxtpx:TrackPointExtension></extensions>
    </trkpt>
    <trkpt lat="37.566748" lon="127.000406">
      <ele>32.0</ele>
      <time>2026-07-20T19:50:36.000Z</time>
      <extensions><gpxtpx:TrackPointExtension><gpxtpx:hr>136</gpxtpx:hr></gpxtpx:TrackPointExtension></extensions>
    </trkpt>
    <trkpt lat="37.566774" lon="127.000385">
      <ele>32.0</ele>
      <time>2026-07-20T19:50:37.000Z</time>
      <extensions><gpxtpx:TrackPointExtension><gpxtpx:hr>136</gpxtpx:hr></gpxtpx:TrackPointExtension></extensions>
    </trkpt>
    <trkpt lat="37.566792" lon="127.000364">
      <ele>32.0</ele>
      <time>2026-07-20T19:50:38.000Z</time>
      <extensions><gpxtpx:TrackPointExtension><gpxtpx:hr>137</gpxtpx:hr></gpxtpx:TrackPointExtension></extensions>
    </trkpt>
    <trkpt lat="37.566803" lon="127.000362">
      <ele>32.0</ele>
      <time>2026-07-20T19:50:39.000Z</time>
      <extensions><gpxtpx:TrackPointExtension><gpxtpx:hr>136</gpxtpx:hr></gpxtpx:TrackPointExtension></extensions>
    </trkpt>
    <trkpt lat="37.566800" lon="127.000373">
      <ele>32.0</ele>
      <time>2026-07-20T19:50:40.000Z</time>
      <extensions><gpxtpx:TrackPointExtension><gpxtpx:hr>135</gpxtpx:hr></gpxtpx:TrackPointExtension></extensions>
    </trkpt>
    <trkpt lat="37.566811" lon="127.000383">
      <ele>32.0</ele>
      <time>2026-07-20T19:50:41.000Z</time>
      <extensions><gpxtpx:TrackPointExtension><gpxtpx:hr>135</gpxtpx:hr></gpxtpx:TrackPointExtension></extensions>
    </trkpt>
    <trkpt lat="37.566804" lon="127.000379">
      <ele>32.0</ele>
      <time>2026-07-20T19:50:42.000Z</time>
      <extensions><gpxtpx:TrackPointExtension><gpxtpx:hr>134</gpxtpx:hr></gpxtpx:TrackPointExtension></extensions>
    </trkpt>
    <trkpt lat="37.566807" lon="127.000370">
      <ele>32.0</ele>
      <time>2026-07-20T19:50:43.000Z</time>
      <extensions><gpxtpx:TrackPointExtension><gpxtpx:hr>133</gpxtpx:hr></gpxtpx:TrackPointExtension></extensions>
    </trkpt>
    <trkpt lat="37.566806" lon="127.000368">
      <ele>32.0</ele>
      <time>2026-07-20T19:50:44.000Z</time>
      <extensions><gpxtpx:TrackPointExtension><gpxtpx:hr>132</gpxtpx:hr></gpxtpx:TrackPointExtension></extensions>
    </trkpt>
    <trkpt lat="37.566806" lon="127.000380">
      <ele>32.0</ele>
      <time>2026-07-20T19:50:45.000Z</time>
      <extensions><gpxtpx:TrackPointExtension><gpxtpx:hr>132</gpxtpx:hr></gpxtpx:TrackPointExtension></extensions>
    </trkpt>
    <trkpt lat="37.566796" lon="127.000396">
      <ele>32.0</ele>
      <time>2026-07-20T19:50:46.000Z</time>
      <extensions><gpxtpx:TrackPointExtension><gpxtpx:hr>132</gpxtpx:hr></gpxtpx:TrackPointExtension></extensions>
    </trkpt>
    <trkpt lat="37.566795" lon="127.000414">
      <ele>32.0</ele>
      <time>2026-07-20T19:50:47.000Z</time>
      <extensions><gpxtpx:TrackPointExtension><gpxtpx:hr>131</gpxtpx:hr></gpxtpx:TrackPointExtension></extensions>
    </trkpt>
    <trkpt lat="37.566796" lon="127.000431">
      <ele>32.0</ele>
      <time>2026-07-20T19:50:48.000Z</time>
      <extensions><gpxtpx:TrackPointExtension><gpxtpx:hr>131</gpxtpx:hr></gpxtpx:TrackPointExtension></extensions>
    </trkpt>
    <trkpt lat="37.566789" lon="127.000452">
      <ele>32.0</ele>
      <time>2026-07-20T19:50:49.000Z</time>
      <extensions><gpxtpx:TrackPointExtension><gpxtpx:hr>131</gpxtpx:hr></gpxtpx:TrackPointExtension></extensions>
    </trkpt>
    <trkpt lat="37.566792" lon="127.000466">
      <ele>32.0</ele>
      <time>2026-07-20T19:50:50.000Z</time>
      <extensions><gpxtpx:TrackPointExtension><gpxtpx:hr>131</gpxtpx:hr></gpxtpx:TrackPointExtension></extensions>
    </trkpt>
    <trkpt lat="37.566785" lon="127.000480">
      <ele>32.0</ele>
      <time>2026-07-20T19:50:51.000Z</time>
      <extensions><gpxtpx:TrackPointExtension><gpxtpx:hr>131</gpxtpx:hr></gpxtpx:TrackPointExtension></extensions>
    </trkpt>
    <trkpt lat="37.566787" lon="127.000442">
      <ele>32.0</ele>
      <time>2026-07-20T19:50:52.000Z</time>
      <extensions><gpxtpx:TrackPointExtension><gpxtpx:hr>132</gpxtpx:hr></gpxtpx:TrackPointExtension></extensions>
    </trkpt>
    <trkpt lat="37.566777" lon="127.000390">
      <ele>32.0</ele>
      <time>2026-07-20T19:50:53.000Z</time>
      <extensions><gpxtpx:TrackPointExtension><gpxtpx:hr>133</gpxtpx:hr></gpxtpx:TrackPointExtension></extensions>
    </trkpt>
    <trkpt lat="37.566780" lon="127.000320">
      <ele>32.0</ele>
      <time>2026-07-20T19:50:54.000Z</time>
      <extensions><gpxtpx:TrackPointExtension><gpxtpx:hr>135</gpxtpx:hr></gpxtpx:TrackPointExtension></extensions>
    </trkpt>
    <trkpt lat="37.566783" lon="127.000379">
      <ele>32.0</ele>
      <time>2026-07-20T19:50:55.000Z</time>
      <extensions><gpxtpx:TrackPointExtension><gpxtpx:hr>135</gpxtpx:hr></gpxtpx:TrackPointExtension></extensions>
    </trkpt>
    <trkpt lat="37.566799" lon="127.000411">
      <ele>32.0</ele>
      <time>2026-07-20T19:50:56.000Z</time>
      <extensions><gpxtpx:TrackPointExtension><gpxtpx:hr>136</gpxtpx:hr></gpxtpx:TrackPointExtension></extensions>
    </trkpt>
    <trkpt lat="37.566798" lon="127.000467">
      <ele>32.0</ele>
      <time>2026-07-20T19:50:57.000Z</time>
      <extensions><gpxtpx:TrackPointExtension><gpxtpx:hr>137</gpxtpx:hr></gpxtpx:TrackPointExtension></extensions>
    </trkpt>
    <trkpt lat="37.566799" lon="127.000505">
      <ele>32.0</ele>
      <time>2026-07-20T19:50:58.000Z</time>
      <extensions><gpxtpx:TrackPointExtension><gpxtpx:hr>137</gpxtpx:hr></gpxtpx:TrackPointExtension></extensions>
    </trkpt>
    <trkpt lat="37.566810" lon="127.000545">
      <ele>32.0</ele>
      <time>2026-07-20T19:50:59.000Z</time>
      <extensions><gpxtpx:TrackPointExtension><gpxtpx:hr>138</gpxtpx:hr></gpxtpx:TrackPointExtension></extensions>
    </trkpt>
    <trkpt lat="37.566817" lon="127.000575">
      <ele>32.0</ele>
      <time>2026-07-20T19:51:00.000Z</time>
      <extensions><gpxtpx:TrackPointExtension><gpxtpx:hr>138</gpxtpx:hr></gpxtpx:TrackPointExtension></extensions>
    </trkpt>
    <trkpt lat="37.566800" lon="127.000658">
      <ele>32.0</ele>
      <time>2026-07-20T19:51:01.000Z</time>
      <extensions><gpxtpx:TrackPointExtension><gpxtpx:hr>140</gpxtpx:hr></gpxtpx:TrackPointExtension></extensions>
    </trkpt>
    <trkpt lat="37.566789" lon="127.000733">
      <ele>32.0</ele>
      <time>2026-07-20T19:51:02.000Z</time>
      <extensions><gpxtpx:TrackPointExtension><gpxtpx:hr>142</gpxtpx:hr></gpxtpx:TrackPointExtension></extensions>
    </trkpt>
    <trkpt lat="37.566760" lon="127.000814">
      <ele>32.0</ele>
      <time>2026-07-20T19:51:03.000Z</time>
      <extensions><gpxtpx:TrackPointExtension><gpxtpx:hr>144</gpxtpx:hr></gpxtpx:TrackPointExtension></extensions>
    </trkpt>
    <trkpt lat="37.566747" lon="127.000912">
      <ele>32.0</ele>
      <time>2026-07-20T19:51:04.000Z</time>
      <extensions><gpxtpx:TrackPointExtension><gpxtpx:hr>146</gpxtpx:hr></gpxtpx:TrackPointExtension></extensions>
    </trkpt>
    <trkpt lat="37.566728" lon="127.000983">
      <ele>32.0</ele>
      <time>2026-07-20T19:51:05.000Z</time>
      <extensions><gpxtpx:TrackPointExtension><gpxtpx:hr>148</gpxtpx:hr></gpxtpx:TrackPointExtension></extensions>
    </trkpt>
    <trkpt lat="37.566733" lon="127.000963">
      <ele>32.0</ele>
      <time>2026-07-20T19:51:06.000Z</time>
      <extensions><gpxtpx:TrackPointExtension><gpxtpx:hr>147</gpxtpx:hr></gpxtpx:TrackPointExtension></extensions>
    </trkpt>
    <trkpt lat="37.566724" lon="127.000959">
      <ele>32.0</ele>
      <time>2026-07-20T19:51:07.000Z</time>
      <extensions><gpxtpx:TrackPointExtension><gpxtpx:hr>146</gpxtpx:hr></gpxtpx:TrackPointExtension></extensions>
    </trkpt>
    <trkpt lat="37.566723" lon="127.000954">
      <ele>32.0</ele>
      <time>2026-07-20T19:51:08.000Z</time>
      <extensions><gpxtpx:TrackPointExtension><gpxtpx:hr>144</gpxtpx:hr></gpxtpx:TrackPointExtension></extensions>
    </trkpt>
    <trkpt lat="37.566733" lon="127.000947">
      <ele>32.0</ele>
      <time>2026-07-20T19:51:09.000Z</time>
      <extensions><gpxtpx:TrackPointExtension><gpxtpx:hr>143</gpxtpx:hr></gpxtpx:TrackPointExtension></extensions>
    </trkpt>
    <trkpt lat="37.566730" lon="127.000938">
      <ele>32.0</ele>
      <time>2026-07-20T19:51:10.000Z</time>
      <extensions><gpxtpx:TrackPointExtension><gpxtpx:hr>142</gpxtpx:hr></gpxtpx:TrackPointExtension></extensions>
    </trkpt>
    <trkpt lat="37.566740" lon="127.000954">
      <ele>32.0</ele>
      <time>2026-07-20T19:51:11.000Z</time>
      <extensions><gpxtpx:TrackPointExtension><gpxtpx:hr>141</gpxtpx:hr></gpxtpx:TrackPointExtension></extensions>
    </trkpt>
    <trkpt lat="37.566756" lon="127.000960">
      <ele>32.0</ele>
      <time>2026-07-20T19:51:12.000Z</time>
      <extensions><gpxtpx:TrackPointExtension><gpxtpx:hr>141</gpxtpx:hr></gpxtpx:TrackPointExtension></extensions>
    </trkpt>
    <trkpt lat="37.566781" lon="127.000977">
      <ele>32.0</ele>
      <time>2026-07-20T19:51:13.000Z</time>
      <extensions><gpxtpx:TrackPointExtension><gpxtpx:hr>141</gpxtpx:hr></gpxtpx:TrackPointExtension></extensions>
    </trkpt>
    <trkpt lat="37.566809" lon="127.000987">
      <ele>32.0</ele>
      <time>2026-07-20T19:51:14.000Z</time>
      <extensions><gpxtpx:TrackPointExtension><gpxtpx:hr>141</gpxtpx:hr></gpxtpx:TrackPointExtension></extensions>
    </trkpt>
    <trkpt lat="37.566829" lon="127.000992">
      <ele>32.0</ele>
      <time>2026-07-20T19:51:15.000Z</time>
      <extensions><gpxtpx:TrackPointExtension><gpxtpx:hr>141</gpxtpx:hr></gpxtpx:TrackPointExtension></extensions>
    </trkpt>
    <trkpt lat="37.566862" lon="127.001007">
      <ele>32.0</ele>
      <time>2026-07-20T19:51:16.000Z</time>
      <extensions><gpxtpx:TrackPointExtension><gpxtpx:hr>141</gpxtpx:hr></gpxtpx:TrackPointExtension></extensions>
    </trkpt>
    <trkpt lat="37.566879" lon="127.001019">
      <ele>32.0</ele>
      <time>2026-07-20T19:51:17.000Z</time>
      <extensions><gpxtpx:TrackPointExtension><gpxtpx:hr>141</gpxtpx:hr></gpxtpx:TrackPointExtension></extensions>
    </trkpt>
    <trkpt lat="37.566884" lon="127.000979">
      <ele>32.0</ele>
      <time>2026-07-20T19:51:18.000Z</time>
      <extensions><gpxtpx:TrackPointExtension><gpxtpx:hr>141</gpxtpx:hr></gpxtpx:TrackPointExtension></extensions>
    </trkpt>
    <trkpt lat="37.566879" lon="127.000944">
      <ele>32.0</ele>
      <time>2026-07-20T19:51:19.000Z</time>
      <extensions><gpxtpx:TrackPointExtension><gpxtpx:hr>141</gpxtpx:hr></gpxtpx:TrackPointExtension></extensions>
    </trkpt>
    <trkpt lat="37.566877" lon="127.000910">
      <ele>32.0</ele>
      <time>2026-07-20T19:51:20.000Z</time>
      <extensions><gpxtpx:TrackPointExtension><gpxtpx:hr>141</gpxtpx:hr></gpxtpx:TrackPointExtension></extensions>
    </trkpt>
    <trkpt lat="37.566887" lon="127.000877">
      <ele>32.0</ele>
      <time>2026-07-20T19:51:21.000Z</time>
      <extensions><gpxtpx:TrackPointExtension><gpxtpx:hr>142</gpxtpx:hr></gpxtpx:TrackPointExtension></extensions>
    </trkpt>
    <trkpt lat="37.566881" lon="127.000842">
      <ele>32.0</ele>
      <time>2026-07-20T19:51:22.000Z</time>
      <extensions><gpxtpx:TrackPointExtension><gpxtpx:hr>142</gpxtpx:hr></gpxtpx:TrackPointExtension></extensions>
    </trkpt>
    <trkpt lat="37.566911" lon="127.000873">
      <ele>32.0</ele>
      <time>2026-07-20T19:51:23.000Z</time>
      <extensions><gpxtpx:TrackPointExtension><gpxtpx:hr>142</gpxtpx:hr></gpxtpx:TrackPointExtension></extensions>
    </trkpt>
    <trkpt lat="37.566923" lon="127.000882">
      <ele>32.0</ele>
      <time>2026-07-20T19:51:24.000Z</time>
      <extensions><gpxtpx:TrackPointExtension><gpxtpx:hr>142</gpxtpx:hr></gpxtpx:TrackPointExtension></extensions>
    </trkpt>
    <trkpt lat="37.566947" lon="127.000908">
      <ele>32.0</ele>
      <time>2026-07-20T19:51:25.000Z</time>
      <extensions><gpxtpx:TrackPointExtension><gpxtpx:hr>142</gpxtpx:hr></gpxtpx:TrackPointExtension></extensions>
    </trkpt>
    <trkpt lat="37.566969" lon="127.000934">
      <ele>32.0</ele>
      <time>2026-07-20T19:51:26.000Z</time>
      <extensions><gpxtpx:TrackPointExtension><gpxtpx:hr>142</gpxtpx:hr></gpxtpx:TrackPointExtension></extensions>
    </trkpt>
    <trkpt lat="37.566993" lon="127.000961">
      <ele>32.0</ele>
      <time>2026-07-20T19:51:27.000Z</time>
      <extensions><gpxtpx:TrackPointExtension><gpxtpx:hr>142</gpxtpx:hr></gpxtpx:TrackPointExtension></extensions>
    </trkpt>
    <trkpt lat="37.567006" lon="127.000986">
      <ele>32.0</ele>
      <time>2026-07-20T19:51:28.000Z</time>
      <extensions><gpxtpx:TrackPointExtension><gpxtpx:hr>142</gpxtpx:hr></gpxtpx:TrackPointExtension></extensions>
    </trkpt>
    <trkpt lat="37.567033" lon="127.001022">
      <ele>32.0</ele>
      <time>2026-07-20T19:51:29.000Z</time>
      <extensions><gpxtpx:TrackPointExtension><gpxtpx:hr>142</gpxtpx:hr></gpxtpx:TrackPointExtension></extensions>
    </trkpt>
    <trkpt lat="37.567046" lon="127.001041">
      <ele>32.0</ele>
      <time>2026-07-20T19:51:30.000Z</time>
      <extensions><gpxtpx:TrackPointExtension><gpxtpx:hr>142</gpxtpx:hr></gpxtpx:TrackPointExtension></extensions>
    </trkpt>
    <trkpt lat="37.567028" lon="127.001008">
      <ele>32.0</ele>
      <time>2026-07-20T19:51:31.000Z</time>
      <extensions><gpxtpx:TrackPointExtension><gpxtpx:hr>142</gpxtpx:hr></gpxtpx:TrackPointExtension></extensions>
    </trkpt>
    <trkpt lat="37.567053" lon="127.001035">
      <ele>32.0</ele>
      <time>2026-07-20T19:51:32.000Z</time>
      <extensions><gpxtpx:TrackPointExtension><gpxtpx:hr>142</gpxtpx:hr></gpxtpx:TrackPointExtension></extensions>
    </trkpt>
    <trkpt lat="37.567059" lon="127.001029">
      <ele>32.0</ele>
      <time>2026-07-20T19:51:33.000Z</time>
      <extensions><gpxtpx:TrackPointExtension><gpxtpx:hr>142</gpxtpx:hr></gpxtpx:TrackPointExtension></extensions>
    </trkpt>
    <trkpt lat="37.567049" lon="127.001015">
      <ele>32.0</ele>
      <time>2026-07-20T19:51:34.000Z</time>
      <extensions><gpxtpx:TrackPointExtension><gpxtpx:hr>141</gpxtpx:hr></gpxtpx:TrackPointExtension></extensions>
    </trkpt>
    <trkpt lat="37.567041" lon="127.001003">
      <ele>32.0</ele>
      <time>2026-07-20T19:51:35.000Z</time>
      <extensions><gpxtpx:TrackPointExtension><gpxtpx:hr>140</gpxtpx:hr></gpxtpx:TrackPointExtension></extensions>
    </trkpt>
    <trkpt lat="37.567026" lon="127.000984">
      <ele>32.0</ele>
      <time>2026-07-20T19:51:36.000Z</time>
      <extensions><gpxtpx:TrackPointExtension><gpxtpx:hr>140</gpxtpx:hr></gpxtpx:TrackPointExtension></extensions>
    </trkpt>
    <trkpt lat="37.567013" lon="127.000970">
      <ele>32.0</ele>
      <time>2026-07-20T19:51:37.000Z</time>
      <extensions><gpxtpx:TrackPointExtension><gpxtpx:hr>140</gpxtpx:hr></gpxtpx:TrackPointExtension></extensions>
    </trkpt>
    <trkpt lat="37.566989" lon="127.000951">
      <ele>32.0</ele>
      <time>2026-07-20T19:51:38.000Z</time>
      <extensions><gpxtpx:TrackPointExtension><gpxtpx:hr>140</gpxtpx:hr></gpxtpx:TrackPointExtension></extensions>
    </trkpt>
    <trkpt lat="37.566962" lon="127.000916">
      <ele>32.0</ele>
      <time>2026-07-20T19:51:39.000Z</time>
      <extensions><gpxtpx:TrackPointExtension><gpxtpx:hr>140</gpxtpx:hr></gpxtpx:TrackPointExtension></extensions>
    </trkpt>
    <trkpt lat="37.566952" lon="127.000891">
      <ele>32.0</ele>
      <time>2026-07-20T19:51:40.000Z</time>
      <extensions><gpxtpx:TrackPointExtension><gpxtpx:hr>140</gpxtpx:hr></gpxtpx:TrackPointExtension></extensions>
    </trkpt>
    <trkpt lat="37.566918" lon="127.000872">
      <ele>32.0</ele>
      <time>2026-07-20T19:51:41.000Z</time>
      <extensions><gpxtpx:TrackPointExtension><gpxtpx:hr>141</gpxtpx:hr></gpxtpx:TrackPointExtension></extensions>
    </trkpt>
    <trkpt lat="37.566904" lon="127.000839">
      <ele>32.0</ele>
      <time>2026-07-20T19:51:42.000Z</time>
      <extensions><gpxtpx:TrackPointExtension><gpxtpx:hr>141</gpxtpx:hr></gpxtpx:TrackPointExtension></extensions>
    </trkpt>
    <trkpt lat="37.566899" lon="127.000832">
      <ele>32.0</ele>
      <time>2026-07-20T19:51:43.000Z</time>
      <extensions><gpxtpx:TrackPointExtension><gpxtpx:hr>140</gpxtpx:hr></gpxtpx:TrackPointExtension></extensions>
    </trkpt>
    <trkpt lat="37.566888" lon="127.000812">
      <ele>32.0</ele>
      <time>2026-07-20T19:51:44.000Z</time>
      <extensions><gpxtpx:TrackPointExtension><gpxtpx:hr>139</gpxtpx:hr></gpxtpx:TrackPointExtension></extensions>
    </trkpt>
    <trkpt lat="37.566887" lon="127.000793">
      <ele>32.0</ele>
      <time>2026-07-20T19:51:45.000Z</time>
      <extensions><gpxtpx:TrackPointExtension><gpxtpx:hr>139</gpxtpx:hr></gpxtpx:TrackPointExtension></extensions>
    </trkpt>
    <trkpt lat="37.566878" lon="127.000775">
      <ele>32.0</ele>
      <time>2026-07-20T19:51:46.000Z</time>
      <extensions><gpxtpx:TrackPointExtension><gpxtpx:hr>139</gpxtpx:hr></gpxtpx:TrackPointExtension></extensions>
    </trkpt>
    <trkpt lat="37.566867" lon="127.000739">
      <ele>32.0</ele>
      <time>2026-07-20T19:51:47.000Z</time>
      <extensions><gpxtpx:TrackPointExtension><gpxtpx:hr>139</gpxtpx:hr></gpxtpx:TrackPointExtension></extensions>
    </trkpt>
    <trkpt lat="37.566863" lon="127.000705">
      <ele>32.0</ele>
      <time>2026-07-20T19:51:48.000Z</time>
      <extensions><gpxtpx:TrackPointExtension><gpxtpx:hr>139</gpxtpx:hr></gpxtpx:TrackPointExtension></extensions>
    </trkpt>
    <trkpt lat="37.566840" lon="127.000674">
      <ele>32.0</ele>
      <time>2026-07-20T19:51:49.000Z</time>
      <extensions><gpxtpx:TrackPointExtension><gpxtpx:hr>139</gpxtpx:hr></gpxtpx:TrackPointExtension></extensions>
    </trkpt>
    <trkpt lat="37.566838" lon="127.000637">
      <ele>32.0</ele>
      <time>2026-07-20T19:51:50.000Z</time>
      <extensions><gpxtpx:TrackPointExtension><gpxtpx:hr>139</gpxtpx:hr></gpxtpx:TrackPointExtension></extensions>
    </trkpt>
    <trkpt lat="37.566820" lon="127.000599">
      <ele>32.0</ele>
      <time>2026-07-20T19:51:51.000Z</time>
      <extensions><gpxtpx:TrackPointExtension><gpxtpx:hr>140</gpxtpx:hr></gpxtpx:TrackPointExtension></extensions>
    </trkpt>
    <trkpt lat="37.566816" lon="127.000573">
      <ele>32.0</ele>
      <time>2026-07-20T19:51:52.000Z</time>
      <extensions><gpxtpx:TrackPointExtension><gpxtpx:hr>140</gpxtpx:hr></gpxtpx:TrackPointExtension></extensions>
    </trkpt>
    <trkpt lat="37.566804" lon="127.000543">
      <ele>32.0</ele>
      <time>2026-07-20T19:51:53.000Z</time>
      <extensions><gpxtpx:TrackPointExtension><gpxtpx:hr>140</gpxtpx:hr></gpxtpx:TrackPointExtension></extensions>
    </trkpt>
    <trkpt lat="37.566793" lon="127.000506">
      <ele>32.0</ele>
      <time>2026-07-20T19:51:54.000Z</time>
      <extensions><gpxtpx:TrackPointExtension><gpxtpx:hr>140</gpxtpx:hr></gpxtpx:TrackPointExtension></extensions>
    </trkpt>
    <trkpt lat="37.566779" lon="127.000466">
      <ele>32.0</ele>
      <time>2026-07-20T19:51:55.000Z</time>
      <extensions><gpxtpx:TrackPointExtension><gpxtpx:hr>141</gpxtpx:hr></gpxtpx:TrackPointExtension></extensions>
    </trkpt>
    <trkpt lat="37.566760" lon="127.000423">
      <ele>32.0</ele>
      <time>2026-07-20T19:51:56.000Z</time>
      <extensions><gpxtpx:TrackPointExtension><gpxtpx:hr>141</gpxtpx:hr></gpxtpx:TrackPointExtension></extensions>
    </trkpt>
    <trkpt lat="37.566744" lon="127.000473">
      <ele>32.0</ele>
      <time>2026-07-20T19:51:57.000Z</time>
      <extensions><gpxtpx:TrackPointExtension><gpxtpx:hr>142</gpxtpx:hr></gpxtpx:TrackPointExtension></extensions>
    </trkpt>
    <trkpt lat="37.566722" lon="127.000523">
      <ele>32.0</ele>
      <time>2026-07-20T19:51:58.000Z</time>
      <extensions><gpxtpx:TrackPointExtension><gpxtpx:hr>142</gpxtpx:hr></gpxtpx:TrackPointExtension></extensions>
    </trkpt>
    <trkpt lat="37.566695" lon="127.000569">
      <ele>32.0</ele>
      <time>2026-07-20T19:51:59.000Z</time>
      <extensions><gpxtpx:TrackPointExtension><gpxtpx:hr>143</gpxtpx:hr></gpxtpx:TrackPointExtension></extensions>
    </trkpt>
    <trkpt lat="37.566661" lon="127.000619">
      <ele>32.0</ele>
      <time>2026-07-20T19:52:00.000Z</time>
      <extensions><gpxtpx:TrackPointExtension><gpxtpx:hr>144</gpxtpx:hr></gpxtpx:TrackPointExtension></extensions>
    </trkpt>
    <trkpt lat="37.566637" lon="127.000667">
      <ele>32.0</ele>
      <time>2026-07-20T19:52:01.000Z</time>
      <extensions><gpxtpx:TrackPointExtension><gpxtpx:hr>145</gpxtpx:hr></gpxtpx:TrackPointExtension></extensions>
    </trkpt>
    <trkpt lat="37.566618" lon="127.000722">
      <ele>32.0</ele>
      <time>2026-07-20T19:52:02.000Z</time>
      <extensions><gpxtpx:TrackPointExtension><gpxtpx:hr>146</gpxtpx:hr></gpxtpx:TrackPointExtension></extensions>
    </trkpt>
    <trkpt lat="37.566590" lon="127.000692">
      <ele>32.0</ele>
      <time>2026-07-20T19:52:03.000Z</time>
      <extensions><gpxtpx:TrackPointExtension><gpxtpx:hr>146</gpxtpx:hr></gpxtpx:TrackPointExtension></extensions>
    </trkpt>
    <trkpt lat="37.566575" lon="127.000679">
      <ele>32.0</ele>
      <time>2026-07-20T19:52:04.000Z</time>
      <extensions><gpxtpx:TrackPointExtension><gpxtpx:hr>145</gpxtpx:hr></gpxtpx:TrackPointExtension></extensions>
    </trkpt>
    <trkpt lat="37.566553" lon="127.000662">
      <ele>32.0</ele>
      <time>2026-07-20T19:52:05.000Z</time>
      <extensions><gpxtpx:TrackPointExtension><gpxtpx:hr>145</gpxtpx:hr></gpxtpx:TrackPointExtension></extensions>
    </trkpt>
    <trkpt lat="37.566539" lon="127.000645">
      <ele>32.0</ele>
      <time>2026-07-20T19:52:06.000Z</time>
      <extensions><gpxtpx:TrackPointExtension><gpxtpx:hr>144</gpxtpx:hr></gpxtpx:TrackPointExtension></extensions>
    </trkpt>
    <trkpt lat="37.566542" lon="127.000652">
      <ele>32.0</ele>
      <time>2026-07-20T19:52:07.000Z</time>
      <extensions><gpxtpx:TrackPointExtension><gpxtpx:hr>144</gpxtpx:hr></gpxtpx:TrackPointExtension></extensions>
    </trkpt>
    <trkpt lat="37.566540" lon="127.000640">
      <ele>32.0</ele>
      <time>2026-07-20T19:52:08.000Z</time>
      <extensions><gpxtpx:TrackPointExtension><gpxtpx:hr>143</gpxtpx:hr></gpxtpx:TrackPointExtension></extensions>
    </trkpt>
    <trkpt lat="37.566544" lon="127.000640">
      <ele>32.0</ele>
      <time>2026-07-20T19:52:09.000Z</time>
      <extensions><gpxtpx:TrackPointExtension><gpxtpx:hr>141</gpxtpx:hr></gpxtpx:TrackPointExtension></extensions>
    </trkpt>
    <trkpt lat="37.566553" lon="127.000632">
      <ele>32.0</ele>
      <time>2026-07-20T19:52:10.000Z</time>
      <extensions><gpxtpx:TrackPointExtension><gpxtpx:hr>140</gpxtpx:hr></gpxtpx:TrackPointExtension></extensions>
    </trkpt>
    <trkpt lat="37.566551" lon="127.000625">
      <ele>32.0</ele>
      <time>2026-07-20T19:52:11.000Z</time>
      <extensions><gpxtpx:TrackPointExtension><gpxtpx:hr>139</gpxtpx:hr></gpxtpx:TrackPointExtension></extensions>
    </trkpt>
    <trkpt lat="37.566561" lon="127.000628">
      <ele>32.0</ele>
      <time>2026-07-20T19:52:12.000Z</time>
      <extensions><gpxtpx:TrackPointExtension><gpxtpx:hr>138</gpxtpx:hr></gpxtpx:TrackPointExtension></extensions>
    </trkpt>
    <trkpt lat="37.566565" lon="127.000629">
      <ele>32.0</ele>
      <time>2026-07-20T19:52:13.000Z</time>
      <extensions><gpxtpx:TrackPointExtension><gpxtpx:hr>137</gpxtpx:hr></gpxtpx:TrackPointExtension></extensions>
    </trkpt>
    <trkpt lat="37.566577" lon="127.000612">
      <ele>32.0</ele>
      <time>2026-07-20T19:52:14.000Z</time>
      <extensions><gpxtpx:TrackPointExtension><gpxtpx:hr>137</gpxtpx:hr></gpxtpx:TrackPointExtension></extensions>
    </trkpt>
    <trkpt lat="37.566583" lon="127.000613">
      <ele>32.0</ele>
      <time>2026-07-20T19:52:15.000Z</time>
      <extensions><gpxtpx:TrackPointExtension><gpxtpx:hr>136</gpxtpx:hr></gpxtpx:TrackPointExtension></extensions>
    </trkpt>
    <trkpt lat="37.566591" lon="127.000591">
      <ele>32.0</ele>
      <time>2026-07-20T19:52:16.000Z</time>
      <extensions><gpxtpx:TrackPointExtension><gpxtpx:hr>136</gpxtpx:hr></gpxtpx:TrackPointExtension></extensions>
    </trkpt>
    <trkpt lat="37.566602" lon="127.000589">
      <ele>32.0</ele>
      <time>2026-07-20T19:52:17.000Z</time>
      <extensions><gpxtpx:TrackPointExtension><gpxtpx:hr>136</gpxtpx:hr></gpxtpx:TrackPointExtension></extensions>
    </trkpt>
    <trkpt lat="37.566625" lon="127.000581">
      <ele>32.0</ele>
      <time>2026-07-20T19:52:18.000Z</time>
      <extensions><gpxtpx:TrackPointExtension><gpxtpx:hr>135</gpxtpx:hr></gpxtpx:TrackPointExtension></extensions>
    </trkpt>
    <trkpt lat="37.566635" lon="127.000560">
      <ele>32.0</ele>
      <time>2026-07-20T19:52:19.000Z</time>
      <extensions><gpxtpx:TrackPointExtension><gpxtpx:hr>135</gpxtpx:hr></gpxtpx:TrackPointExtension></extensions>
    </trkpt>
    <trkpt lat="37.566646" lon="127.000548">
      <ele>32.0</ele>
      <time>2026-07-20T19:52:20.000Z</time>
      <extensions><gpxtpx:TrackPointExtension><gpxtpx:hr>135</gpxtpx:hr></gpxtpx:TrackPointExtension></extensions>
    </trkpt>
    <trkpt lat="37.566647" lon="127.000554">
      <ele>32.0</ele>
      <time>2026-07-20T19:52:21.000Z</time>
      <extensions><gpxtpx:TrackPointExtension><gpxtpx:hr>134</gpxtpx:hr></gpxtpx:TrackPointExtension></extensions>
    </trkpt>
    <trkpt lat="37.566694" lon="127.000536">
      <ele>32.0</ele>
      <time>2026-07-20T19:52:22.000Z</time>
      <extensions><gpxtpx:TrackPointExtension><gpxtpx:hr>135</gpxtpx:hr></gpxtpx:TrackPointExtension></extensions>
    </trkpt>
    <trkpt lat="37.566744" lon="127.000514">
      <ele>32.0</ele>
      <time>2026-07-20T19:52:23.000Z</time>
      <extensions><gpxtpx:TrackPointExtension><gpxtpx:hr>137</gpxtpx:hr></gpxtpx:TrackPointExtension></extensions>
    </trkpt>
    <trkpt lat="37.566781" lon="127.000510">
      <ele>32.0</ele>
      <time>2026-07-20T19:52:24.000Z</time>
      <extensions><gpxtpx:TrackPointExtension><gpxtpx:hr>138</gpxtpx:hr></gpxtpx:TrackPointExtension></extensions>
    </trkpt>
    <trkpt lat="37.566828" lon="127.000493">
      <ele>32.0</ele>
      <time>2026-07-20T19:52:25.000Z</time>
      <extensions><gpxtpx:TrackPointExtension><gpxtpx:hr>139</gpxtpx:hr></gpxtpx:TrackPointExtension></extensions>
    </trkpt>
    <trkpt lat="37.566878" lon="127.000467">
      <ele>32.0</ele>
      <time>2026-07-20T19:52:26.000Z</time>
      <extensions><gpxtpx:TrackPointExtension><gpxtpx:hr>140</gpxtpx:hr></gpxtpx:TrackPointExtension></extensions>
    </trkpt>
    <trkpt lat="37.566918" lon="127.000452">
      <ele>32.0</ele>
      <time>2026-07-20T19:52:27.000Z</time>
      <extensions><gpxtpx:TrackPointExtension><gpxtpx:hr>141</gpxtpx:hr></gpxtpx:TrackPointExtension></extensions>
    </trkpt>
    <trkpt lat="37.566924" lon="127.000530">
      <ele>32.0</ele>
      <time>2026-07-20T19:52:28.000Z</time>
      <extensions><gpxtpx:TrackPointExtension><gpxtpx:hr>143</gpxtpx:hr></gpxtpx:TrackPointExtension></extensions>
    </trkpt>
    <trkpt lat="37.566925" lon="127.000628">
      <ele>32.0</ele>
      <time>2026-07-20T19:52:29.000Z</time>
      <extensions><gpxtpx:TrackPointExtension><gpxtpx:hr>145</gpxtpx:hr></gpxtpx:TrackPointExtension></extensions>
    </trkpt>
    <trkpt lat="37.566924" lon="127.000698">
      <ele>32.0</ele>
      <time>2026-07-20T19:52:30.000Z</time>
      <extensions><gpxtpx:TrackPointExtension><gpxtpx:hr>146</gpxtpx:hr></gpxtpx:TrackPointExtension></extensions>
    </trkpt>
    <trkpt lat="37.566887" lon="127.000662">
      <ele>32.0</ele>
      <time>2026-07-20T19:52:31.000Z</time>
      <extensions><gpxtpx:TrackPointExtension><gpxtpx:hr>147</gpxtpx:hr></gpxtpx:TrackPointExtension></extensions>
    </trkpt>
    <trkpt lat="37.566843" lon="127.000641">
      <ele>32.0</ele>
      <time>2026-07-20T19:52:32.000Z</time>
      <extensions><gpxtpx:TrackPointExtension><gpxtpx:hr>148</gpxtpx:hr></gpxtpx:TrackPointExtension></extensions>
    </trkpt>
    <trkpt lat="37.566808" lon="127.000615">
      <ele>32.0</ele>
      <time>2026-07-20T19:52:33.000Z</time>
      <extensions><gpxtpx:TrackPointExtension><gpxtpx:hr>148</gpxtpx:hr></gpxtpx:TrackPointExtension></extensions>
    </trkpt>
    <trkpt lat="37.566838" lon="127.000629">
      <ele>32.0</ele>
      <time>2026-07-20T19:52:34.000Z</time>
      <extensions><gpxtpx:TrackPointExtension><gpxtpx:hr>148</gpxtpx:hr></gpxtpx:TrackPointExtension></extensions>
    </trkpt>
    <trkpt lat="37.566847" lon="127.000635">
      <ele>32.0</ele>
      <time>2026-07-20T19:52:35.000Z</time>
      <extensions><gpxtpx:TrackPointExtension><gpxtpx:hr>148</gpxtpx:hr></gpxtpx:TrackPointExtension></extensions>
    </trkpt>
    <trkpt lat="37.566836" lon="127.000593">
      <ele>32.0</ele>
      <time>2026-07-20T19:52:36.000Z</time>
      <extensions><gpxtpx:TrackPointExtension><gpxtpx:hr>148</gpxtpx:hr></gpxtpx:TrackPointExtension></extensions>
    </trkpt>
    <trkpt lat="37.566840" lon="127.000563">
      <ele>32.0</ele>
      <time>2026-07-20T19:52:37.000Z</time>
      <extensions><gpxtpx:TrackPointExtension><gpxtpx:hr>148</gpxtpx:hr></gpxtpx:TrackPointExtension></extensions>
    </trkpt>
    <trkpt lat="37.566839" lon="127.000532">
      <ele>32.0</ele>
      <time>2026-07-20T19:52:38.000Z</time>
      <extensions><gpxtpx:TrackPointExtension><gpxtpx:hr>147</gpxtpx:hr></gpxtpx:TrackPointExtension></extensions>
    </trkpt>
    <trkpt lat="37.566829" lon="127.000490">
      <ele>32.0</ele>
      <time>2026-07-20T19:52:39.000Z</time>
      <extensions><gpxtpx:TrackPointExtension><gpxtpx:hr>147</gpxtpx:hr></gpxtpx:TrackPointExtension></extensions>
    </trkpt>
    <trkpt lat="37.566821" lon="127.000439">
      <ele>32.0</ele>
      <time>2026-07-20T19:52:40.000Z</time>
      <extensions><gpxtpx:TrackPointExtension><gpxtpx:hr>147</gpxtpx:hr></gpxtpx:TrackPointExtension></extensions>
    </trkpt>
    <trkpt lat="37.566820" lon="127.000400">
      <ele>32.0</ele>
      <time>2026-07-20T19:52:41.000Z</time>
      <extensions><gpxtpx:TrackPointExtension><gpxtpx:hr>147</gpxtpx:hr></gpxtpx:TrackPointExtension></extensions>
    </trkpt>
    <trkpt lat="37.566826" lon="127.000370">
      <ele>32.0</ele>
      <time>2026-07-20T19:52:42.000Z</time>
      <extensions><gpxtpx:TrackPointExtension><gpxtpx:hr>147</gpxtpx:hr></gpxtpx:TrackPointExtension></extensions>
    </trkpt>
    <trkpt lat="37.566823" lon="127.000329">
      <ele>32.0</ele>
      <time>2026-07-20T19:52:43.000Z</time>
      <extensions><gpxtpx:TrackPointExtension><gpxtpx:hr>147</gpxtpx:hr></gpxtpx:TrackPointExtension></extensions>
    </trkpt>
    <trkpt lat="37.566783" lon="127.000351">
      <ele>32.0</ele>
      <time>2026-07-20T19:52:44.000Z</time>
      <extensions><gpxtpx:TrackPointExtension><gpxtpx:hr>147</gpxtpx:hr></gpxtpx:TrackPointExtension></extensions>
    </trkpt>
    <trkpt lat="37.566760" lon="127.000347">
      <ele>32.0</ele>
      <time>2026-07-20T19:52:45.000Z</time>
      <extensions><gpxtpx:TrackPointExtension><gpxtpx:hr>147</gpxtpx:hr></gpxtpx:TrackPointExtension></extensions>
    </trkpt>
    <trkpt lat="37.566728" lon="127.000362">
      <ele>32.0</ele>
      <time>2026-07-20T19:52:46.000Z</time>
      <extensions><gpxtpx:TrackPointExtension><gpxtpx:hr>147</gpxtpx:hr></gpxtpx:TrackPointExtension></extensions>
    </trkpt>
    <trkpt lat="37.566697" lon="127.000377">
      <ele>32.0</ele>
      <time>2026-07-20T19:52:47.000Z</time>
      <extensions><gpxtpx:TrackPointExtension><gpxtpx:hr>147</gpxtpx:hr></gpxtpx:TrackPointExtension></extensions>
    </trkpt>
    <trkpt lat="37.566668" lon="127.000388">
      <ele>32.0</ele>
      <time>2026-07-20T19:52:48.000Z</time>
      <extensions><gpxtpx:TrackPointExtension><gpxtpx:hr>147</gpxtpx:hr></gpxtpx:TrackPointExtension></extensions>
    </trkpt>
    <trkpt lat="37.566637" lon="127.000398">
      <ele>32.0</ele>
      <time>2026-07-20T19:52:49.000Z</time>
      <extensions><gpxtpx:TrackPointExtension><gpxtpx:hr>147</gpxtpx:hr></gpxtpx:TrackPointExtension></extensions>
    </trkpt>
    <trkpt lat="37.566603" lon="127.000410">
      <ele>32.0</ele>
      <time>2026-07-20T19:52:50.000Z</time>
      <extensions><gpxtpx:TrackPointExtension><gpxtpx:hr>146</gpxtpx:hr></gpxtpx:TrackPointExtension></extensions>
    </trkpt>
    <trkpt lat="37.566586" lon="127.000415">
      <ele>32.0</ele>
      <time>2026-07-20T19:52:51.000Z</time>
      <extensions><gpxtpx:TrackPointExtension><gpxtpx:hr>146</gpxtpx:hr></gpxtpx:TrackPointExtension></extensions>
    </trkpt>
    <trkpt lat="37.566561" lon="127.000418">
      <ele>32.0</ele>
      <time>2026-07-20T19:52:52.000Z</time>
      <extensions><gpxtpx:TrackPointExtension><gpxtpx:hr>146</gpxtpx:hr></gpxtpx:TrackPointExtension></extensions>
    </trkpt>
    <trkpt lat="37.566567" lon="127.000446">
      <ele>32.0</ele>
      <time>2026-07-20T19:52:53.000Z</time>
      <extensions><gpxtpx:TrackPointExtension><gpxtpx:hr>145</gpxtpx:hr></gpxtpx:TrackPointExtension></extensions>
    </trkpt>
    <trkpt lat="37.566576" lon="127.000476">
      <ele>32.0</ele>
      <time>2026-07-20T19:52:54.000Z</time>
      <extensions><gpxtpx:TrackPointExtension><gpxtpx:hr>145</gpxtpx:hr></gpxtpx:TrackPointExtension></extensions>
    </trkpt>
    <trkpt lat="37.566578" lon="127.000497">
      <ele>32.0</ele>
      <time>2026-07-20T19:52:55.000Z</time>
      <extensions><gpxtpx:TrackPointExtension><gpxtpx:hr>144</gpxtpx:hr></gpxtpx:TrackPointExtension></extensions>
    </trkpt>
    <trkpt lat="37.566577" lon="127.000514">
      <ele>32.0</ele>
      <time>2026-07-20T19:52:56.000Z</time>
      <extensions><gpxtpx:TrackPointExtension><gpxtpx:hr>143</gpxtpx:hr></gpxtpx:TrackPointExtension></extensions>
    </trkpt>
    <trkpt lat="37.566582" lon="127.000537">
      <ele>32.0</ele>
      <time>2026-07-20T19:52:57.000Z</time>
      <extensions><gpxtpx:TrackPointExtension><gpxtpx:hr>143</gpxtpx:hr></gpxtpx:TrackPointExtension></extensions>
    </trkpt>
    <trkpt lat="37.566592" lon="127.000544">
      <ele>32.0</ele>
      <time>2026-07-20T19:52:58.000Z</time>
      <extensions><gpxtpx:TrackPointExtension><gpxtpx:hr>142</gpxtpx:hr></gpxtpx:TrackPointExtension></extensions>
    </trkpt>
    <trkpt lat="37.566592" lon="127.000561">
      <ele>32.0</ele>
      <time>2026-07-20T19:52:59.000Z</time>
      <extensions><gpxtpx:TrackPointExtension><gpxtpx:hr>141</gpxtpx:hr></gpxtpx:TrackPointExtension></extensions>
    </trkpt>
    <trkpt lat="37.566599" lon="127.000573">
      <ele>32.0</ele>
      <time>2026-07-20T19:53:00.000Z</time>
      <extensions><gpxtpx:TrackPointExtension><gpxtpx:hr>140</gpxtpx:hr></gpxtpx:TrackPointExtension></extensions>
    </trkpt>
    <trkpt lat="37.566605" lon="127.000592">
      <ele>32.0</ele>
      <time>2026-07-20T19:53:01.000Z</time>
      <extensions><gpxtpx:TrackPointExtension><gpxtpx:hr>140</gpxtpx:hr></gpxtpx:TrackPointExtension></extensions>
    </trkpt>
    <trkpt lat="37.566603" lon="127.000604">
      <ele>32.0</ele>
      <time>2026-07-20T19:53:02.000Z</time>
      <extensions><gpxtpx:TrackPointExtension><gpxtpx:hr>139</gpxtpx:hr></gpxtpx:TrackPointExtension></extensions>
    </trkpt>
    <trkpt lat="37.566622" lon="127.000620">
      <ele>32.0</ele>
      <time>2026-07-20T19:53:03.000Z</time>
      <extensions><gpxtpx:TrackPointExtension><gpxtpx:hr>139</gpxtpx:hr></gpxtpx:TrackPointExtension></extensions>
    </trkpt>
    <trkpt lat="37.566651" lon="127.000637">
      <ele>32.0</ele>
      <time>2026-07-20T19:53:04.000Z</time>
      <extensions><gpxtpx:TrackPointExtension><gpxtpx:hr>139</gpxtpx:hr></gpxtpx:TrackPointExtension></extensions>
    </trkpt>
    <trkpt lat="37.566671" lon="127.000660">
      <ele>32.0</ele>
      <time>2026-07-20T19:53:05.000Z</time>
      <extensions><gpxtpx:TrackPointExtension><gpxtpx:hr>140</gpxtpx:hr></gpxtpx:TrackPointExtension></extensions>
    </trkpt>
    <trkpt lat="37.566695" lon="127.000677">
      <ele>32.0</ele>
      <time>2026-07-20T19:53:06.000Z</time>
      <extensions><gpxtpx:TrackPointExtension><gpxtpx:hr>140</gpxtpx:hr></gpxtpx:TrackPointExtension></extensions>
    </trkpt>
    <trkpt lat="37.566722" lon="127.000695">
      <ele>32.0</ele>
      <time>2026-07-20T19:53:07.000Z</time>
      <extensions><gpxtpx:TrackPointExtension><gpxtpx:hr>140</gpxtpx:hr></gpxtpx:TrackPointExtension></extensions>
    </trkpt>
    <trkpt lat="37.566751" lon="127.000718">
      <ele>32.0</ele>
      <time>2026-07-20T19:53:08.000Z</time>
      <extensions><gpxtpx:TrackPointExtension><gpxtpx:hr>140</gpxtpx:hr></gpxtpx:TrackPointExtension></extensions>
    </trkpt>
    <trkpt lat="37.566731" lon="127.000663">
      <ele>32.0</ele>
      <time>2026-07-20T19:53:09.000Z</time>
      <extensions><gpxtpx:TrackPointExtension><gpxtpx:hr>142</gpxtpx:hr></gpxtpx:TrackPointExtension></extensions>
    </trkpt>
    <trkpt lat="37.566710" lon="127.000580">
      <ele>32.0</ele>
      <time>2026-07-20T19:53:10.000Z</time>
      <extensions><gpxtpx:TrackPointExtension><gpxtpx:hr>144</gpxtpx:hr></gpxtpx:TrackPointExtension></extensions>
    </trkpt>
    <trkpt lat="37.566685" lon="127.000497">
      <ele>32.0</ele>
      <time>2026-07-20T19:53:11.000Z</time>
      <extensions><gpxtpx:TrackPointExtension><gpxtpx:hr>146</gpxtpx:hr></gpxtpx:TrackPointExtension></extensions>
    </trkpt>
    <trkpt lat="37.566664" lon="127.000409">
      <ele>32.0</ele>
      <time>2026-07-20T19:53:12.000Z</time>
      <extensions><gpxtpx:TrackPointExtension><gpxtpx:hr>148</gpxtpx:hr></gpxtpx:TrackPointExtension></extensions>
    </trkpt>
    <trkpt lat="37.566678" lon="127.000350">
      <ele>32.0</ele>
      <time>2026-07-20T19:53:13.000Z</time>
      <extensions><gpxtpx:TrackPointExtension><gpxtpx:hr>148</gpxtpx:hr></gpxtpx:TrackPointExtension></extensions>
    </trkpt>
    <trkpt lat="37.566681" lon="127.000289">
      <ele>32.0</ele>
      <time>2026-07-20T19:53:14.000Z</time>
      <extensions><gpxtpx:TrackPointExtension><gpxtpx:hr>149</gpxtpx:hr></gpxtpx:TrackPointExtension></extensions>
    </trkpt>
    <trkpt lat="37.566689" lon="127.000241">
      <ele>32.0</ele>
      <time>2026-07-20T19:53:15.000Z</time>
      <extensions><gpxtpx:TrackPointExtension><gpxtpx:hr>149</gpxtpx:hr></gpxtpx:TrackPointExtension></extensions>
    </trkpt>
    <trkpt lat="37.566701" lon="127.000203">
      <ele>32.0</ele>
      <time>2026-07-20T19:53:16.000Z</time>
      <extensions><gpxtpx:TrackPointExtension><gpxtpx:hr>149</gpxtpx:hr></gpxtpx:TrackPointExtension></extensions>
    </trkpt>
    <trkpt lat="37.566699" lon="127.000165">
      <ele>32.0</ele>
      <time>2026-07-20T19:53:17.000Z</time>
      <extensions><gpxtpx:TrackPointExtension><gpxtpx:hr>149</gpxtpx:hr></gpxtpx:TrackPointExtension></extensions>
    </trkpt>
    <trkpt lat="37.566710" lon="127.000126">
      <ele>32.0</ele>
      <time>2026-07-20T19:53:18.000Z</time>
      <extensions><gpxtpx:TrackPointExtension><gpxtpx:hr>149</gpxtpx:hr></gpxtpx:TrackPointExtension></extensions>
    </trkpt>
    <trkpt lat="37.566722" lon="127.000091">
      <ele>32.0</ele>
      <time>2026-07-20T19:53:19.000Z</time>
      <extensions><gpxtpx:TrackPointExtension><gpxtpx:hr>149</gpxtpx:hr></gpxtpx:TrackPointExtension></extensions>
    </trkpt>
    <trkpt lat="37.566708" lon="127.000140">
      <ele>32.0</ele>
      <time>2026-07-20T19:53:20.000Z</time>
      <extensions><gpxtpx:TrackPointExtension><gpxtpx:hr>149</gpxtpx:hr></gpxtpx:TrackPointExtension></extensions>
    </trkpt>
    <trkpt lat="37.566698" lon="127.000192">
      <ele>32.0</ele>
      <time>2026-07-20T19:53:21.000Z</time>
      <extensions><gpxtpx:TrackPointExtension><gpxtpx:hr>149</gpxtpx:hr></gpxtpx:TrackPointExtension></extensions>
    </trkpt>
    <trkpt lat="37.566693" lon="127.000261">
      <ele>32.0</ele>
      <time>2026-07-20T19:53:22.000Z</time>
      <extensions><gpxtpx:TrackPointExtension><gpxtpx:hr>150</gpxtpx:hr></gpxtpx:TrackPointExtension></extensions>
    </trkpt>
    <trkpt lat="37.566697" lon="127.000191">
      <ele>32.0</ele>
      <time>2026-07-20T19:53:23.000Z</time>
      <extensions><gpxtpx:TrackPointExtension><gpxtpx:hr>151</gpxtpx:hr></gpxtpx:TrackPointExtension></extensions>
    </trkpt>
    <trkpt lat="37.566702" lon="127.000253">
      <ele>32.0</ele>
      <time>2026-07-20T19:53:24.000Z</time>
      <extensions><gpxtpx:TrackPointExtension><gpxtpx:hr>151</gpxtpx:hr></gpxtpx:TrackPointExtension></extensions>
    </trkpt>
    <trkpt lat="37.566693" lon="127.000247">
      <ele>32.0</ele>
      <time>2026-07-20T19:53:25.000Z</time>
      <extensions><gpxtpx:TrackPointExtension><gpxtpx:hr>151</gpxtpx:hr></gpxtpx:TrackPointExtension></extensions>
    </trkpt>
    <trkpt lat="37.566699" lon="127.000284">
      <ele>32.0</ele>
      <time>2026-07-20T19:53:26.000Z</time>
      <extensions><gpxtpx:TrackPointExtension><gpxtpx:hr>151</gpxtpx:hr></gpxtpx:TrackPointExtension></extensions>
    </trkpt>
    <trkpt lat="37.566705" lon="127.000317">
      <ele>32.0</ele>
      <time>2026-07-20T19:53:27.000Z</time>
      <extensions><gpxtpx:TrackPointExtension><gpxtpx:hr>151</gpxtpx:hr></gpxtpx:TrackPointExtension></extensions>
    </trkpt>
    <trkpt lat="37.566705" lon="127.000345">
      <ele>32.0</ele>
      <time>2026-07-20T19:53:28.000Z</time>
      <extensions><gpxtpx:TrackPointExtension><gpxtpx:hr>150</gpxtpx:hr></gpxtpx:TrackPointExtension></extensions>
    </trkpt>
    <trkpt lat="37.566717" lon="127.000381">
      <ele>32.0</ele>
      <time>2026-07-20T19:53:29.000Z</time>
      <extensions><gpxtpx:TrackPointExtension><gpxtpx:hr>149</gpxtpx:hr></gpxtpx:TrackPointExtension></extensions>
    </trkpt>
    <trkpt lat="37.566721" lon="127.000386">
      <ele>32.0</ele>
      <time>2026-07-20T19:53:30.000Z</time>
      <extensions><gpxtpx:TrackPointExtension><gpxtpx:hr>148</gpxtpx:hr></gpxtpx:TrackPointExtension></extensions>
    </trkpt>
    <trkpt lat="37.566718" lon="127.000414">
      <ele>32.0</ele>
      <time>2026-07-20T19:53:31.000Z</time>
      <extensions><gpxtpx:TrackPointExtension><gpxtpx:hr>147</gpxtpx:hr></gpxtpx:TrackPointExtension></extensions>
    </trkpt>
    <trkpt lat="37.566715" lon="127.000437">
      <ele>32.0</ele>
      <time>2026-07-20T19:53:32.000Z</time>
      <extensions><gpxtpx:TrackPointExtension><gpxtpx:hr>146</gpxtpx:hr></gpxtpx:TrackPointExtension></extensions>
    </trkpt>
    <trkpt lat="37.566720" lon="127.000449">
      <ele>32.0</ele>
      <time>2026-07-20T19:53:33.000Z</time>
      <extensions><gpxtpx:TrackPointExtension><gpxtpx:hr>145</gpxtpx:hr></gpxtpx:TrackPointExtension></extensions>
    </trkpt>
    <trkpt lat="37.566725" lon="127.000464">
      <ele>32.0</ele>
      <time>2026-07-20T19:53:34.000Z</time>
      <extensions><gpxtpx:TrackPointExtension><gpxtpx:hr>144</gpxtpx:hr></gpxtpx:TrackPointExtension></extensions>
    </trkpt>
    <trkpt lat="37.566738" lon="127.000475">
      <ele>32.0</ele>
      <time>2026-07-20T19:53:35.000Z</time>
      <extensions><gpxtpx:TrackPointExtension><gpxtpx:hr>144</gpxtpx:hr></gpxtpx:TrackPointExtension></extensions>
    </trkpt>
    <trkpt lat="37.566749" lon="127.000474">
      <ele>32.0</ele>
      <time>2026-07-20T19:53:36.000Z</time>
      <extensions><gpxtpx:TrackPointExtension><gpxtpx:hr>143</gpxtpx:hr></gpxtpx:TrackPointExtension></extensions>
    </trkpt>
    <trkpt lat="37.566752" lon="127.000492">
      <ele>32.0</ele>
      <time>2026-07-20T19:53:37.000Z</time>
      <extensions><gpxtpx:TrackPointExtension><gpxtpx:hr>142</gpxtpx:hr></gpxtpx:TrackPointExtension></extensions>
    </trkpt>
    <trkpt lat="37.566759" lon="127.000503">
      <ele>32.0</ele>
      <time>2026-07-20T19:53:38.000Z</time>
      <extensions><gpxtpx:TrackPointExtension><gpxtpx:hr>141</gpxtpx:hr></gpxtpx:TrackPointExtension></extensions>
    </trkpt>
    <trkpt lat="37.566766" lon="127.000525">
      <ele>32.0</ele>
      <time>2026-07-20T19:53:39.000Z</time>
      <extensions><gpxtpx:TrackPointExtension><gpxtpx:hr>141</gpxtpx:hr></gpxtpx:TrackPointExtension></extensions>
    </trkpt>
    <trkpt lat="37.566761" lon="127.000567">
      <ele>32.0</ele>
      <time>2026-07-20T19:53:40.000Z</time>
      <extensions><gpxtpx:TrackPointExtension><gpxtpx:hr>141</gpxtpx:hr></gpxtpx:TrackPointExtension></extensions>
    </trkpt>
    <trkpt lat="37.566751" lon="127.000587">
      <ele>32.0</ele>
      <time>2026-07-20T19:53:41.000Z</time>
      <extensions><gpxtpx:TrackPointExtension><gpxtpx:hr>141</gpxtpx:hr></gpxtpx:TrackPointExtension></extensions>
    </trkpt>
    <trkpt lat="37.566747" lon="127.000633">
      <ele>32.0</ele>
      <time>2026-07-20T19:53:42.000Z</time>
      <extensions><gpxtpx:TrackPointExtension><gpxtpx:hr>141</gpxtpx:hr></gpxtpx:TrackPointExtension></extensions>
    </trkpt>
    <trkpt lat="37.566743" lon="127.000670">
      <ele>32.0</ele>
      <time>2026-07-20T19:53:43.000Z</time>
      <extensions><gpxtpx:TrackPointExtension><gpxtpx:hr>141</gpxtpx:hr></gpxtpx:TrackPointExtension></extensions>
    </trkpt>
    <trkpt lat="37.566723" lon="127.000710">
      <ele>32.0</ele>
      <time>2026-07-20T19:53:44.000Z</time>
      <extensions><gpxtpx:TrackPointExtension><gpxtpx:hr>142</gpxtpx:hr></gpxtpx:TrackPointExtension></extensions>
    </trkpt>
    <trkpt lat="37.566700" lon="127.000767">
      <ele>32.0</ele>
      <time>2026-07-20T19:53:45.000Z</time>
      <extensions><gpxtpx:TrackPointExtension><gpxtpx:hr>143</gpxtpx:hr></gpxtpx:TrackPointExtension></extensions>
    </trkpt>
    <trkpt lat="37.566674" lon="127.000822">
      <ele>32.0</ele>
      <time>2026-07-20T19:53:46.000Z</time>
      <extensions><gpxtpx:TrackPointExtension><gpxtpx:hr>144</gpxtpx:hr></gpxtpx:TrackPointExtension></extensions>
    </trkpt>
    <trkpt lat="37.566663" lon="127.000861">
      <ele>32.0</ele>
      <time>2026-07-20T19:53:47.000Z</time>
      <extensions><gpxtpx:TrackPointExtension><gpxtpx:hr>144</gpxtpx:hr></gpxtpx:TrackPointExtension></extensions>
    </trkpt>
    <trkpt lat="37.566651" lon="127.000883">
      <ele>32.0</ele>
      <time>2026-07-20T19:53:48.000Z</time>
      <extensions><gpxtpx:TrackPointExtension><gpxtpx:hr>144</gpxtpx:hr></gpxtpx:TrackPointExtension></extensions>
    </trkpt>
    <trkpt lat="37.566657" lon="127.000902">
      <ele>32.0</ele>
      <time>2026-07-20T19:53:49.000Z</time>
      <extensions><gpxtpx:TrackPointExtension><gpxtpx:hr>143</gpxtpx:hr></gpxtpx:TrackPointExtension></extensions>
    </trkpt>
    <trkpt lat="37.566649" lon="127.000932">
      <ele>32.0</ele>
      <time>2026-07-20T19:53:50.000Z</time>
      <extensions><gpxtpx:TrackPointExtension><gpxtpx:hr>143</gpxtpx:hr></gpxtpx:TrackPointExtension></extensions>
    </trkpt>
    <trkpt lat="37.566651" lon="127.000919">
      <ele>32.0</ele>
      <time>2026-07-20T19:53:51.000Z</time>
      <extensions><gpxtpx:TrackPointExtension><gpxtpx:hr>142</gpxtpx:hr></gpxtpx:TrackPointExtension></extensions>
    </trkpt>
    <trkpt lat="37.566658" lon="127.000884">
      <ele>32.0</ele>
      <time>2026-07-20T19:53:52.000Z</time>
      <extensions><gpxtpx:TrackPointExtension><gpxtpx:hr>142</gpxtpx:hr></gpxtpx:TrackPointExtension></extensions>
    </trkpt>
    <trkpt lat="37.566663" lon="127.000862">
      <ele>32.0</ele>
      <time>2026-07-20T19:53:53.000Z</time>
      <extensions><gpxtpx:TrackPointExtension><gpxtpx:hr>141</gpxtpx:hr></gpxtpx:TrackPointExtension></extensions>
    </trkpt>
    <trkpt lat="37.566658" lon="127.000856">
      <ele>32.0</ele>
      <time>2026-07-20T19:53:54.000Z</time>
      <extensions><gpxtpx:TrackPointExtension><gpxtpx:hr>141</gpxtpx:hr></gpxtpx:TrackPointExtension></extensions>
    </trkpt>
    <trkpt lat="37.566665" lon="127.000820">
      <ele>32.0</ele>
      <time>2026-07-20T19:53:55.000Z</time>
      <extensions><gpxtpx:TrackPointExtension><gpxtpx:hr>140</gpxtpx:hr></gpxtpx:TrackPointExtension></extensions>
    </trkpt>
    <trkpt lat="37.566658" lon="127.000778">
      <ele>32.0</ele>
      <time>2026-07-20T19:53:56.000Z</time>
      <extensions><gpxtpx:TrackPointExtension><gpxtpx:hr>141</gpxtpx:hr></gpxtpx:TrackPointExtension></extensions>
    </trkpt>
    <trkpt lat="37.566661" lon="127.000722">
      <ele>32.0</ele>
      <time>2026-07-20T19:53:57.000Z</time>
      <extensions><gpxtpx:TrackPointExtension><gpxtpx:hr>142</gpxtpx:hr></gpxtpx:TrackPointExtension></extensions>
    </trkpt>
    <trkpt lat="37.566659" lon="127.000659">
      <ele>32.0</ele>
      <time>2026-07-20T19:53:58.000Z</time>
      <extensions><gpxtpx:TrackPointExtension><gpxtpx:hr>143</gpxtpx:hr></gpxtpx:TrackPointExtension></extensions>
    </trkpt>
    <trkpt lat="37.566664" lon="127.000593">
      <ele>32.0</ele>
      <time>2026-07-20T19:53:59.000Z</time>
      <extensions><gpxtpx:TrackPointExtension><gpxtpx:hr>144</gpxtpx:hr></gpxtpx:TrackPointExtension></extensions>
    </trkpt>
    <trkpt lat="37.566659" lon="127.000533">
      <ele>32.0</ele>
      <time>2026-07-20T19:54:00.000Z</time>
      <extensions><gpxtpx:TrackPointExtension><gpxtpx:hr>145</gpxtpx:hr></gpxtpx:TrackPointExtension></extensions>
    </trkpt>
    <trkpt lat="37.566658" lon="127.000463">
      <ele>32.0</ele>
      <time>2026-07-20T19:54:01.000Z</time>
      <extensions><gpxtpx:TrackPointExtension><gpxtpx:hr>146</gpxtpx:hr></gpxtpx:TrackPointExtension></extensions>
    </trkpt>
    <trkpt lat="37.566664" lon="127.000507">
      <ele>32.0</ele>
      <time>2026-07-20T19:54:02.000Z</time>
      <extensions><gpxtpx:TrackPointExtension><gpxtpx:hr>146</gpxtpx:hr></gpxtpx:TrackPointExtension></extensions>
    </trkpt>
    <trkpt lat="37.566667" lon="127.000546">
      <ele>32.0</ele>
      <time>2026-07-20T19:54:03.000Z</time>
      <extensions><gpxtpx:TrackPointExtension><gpxtpx:hr>146</gpxtpx:hr></gpxtpx:TrackPointExtension></extensions>
    </trkpt>
    <trkpt lat="37.566666" lon="127.000572">
      <ele>32.0</ele>
      <time>2026-07-20T19:54:04.000Z</time>
      <extensions><gpxtpx:TrackPointExtension><gpxtpx:hr>145</gpxtpx:hr></gpxtpx:TrackPointExtension></extensions>
    </trkpt>
    <trkpt lat="37.566674" lon="127.000579">
      <ele>32.0</ele>
      <time>2026-07-20T19:54:05.000Z</time>
      <extensions><gpxtpx:TrackPointExtension><gpxtpx:hr>145</gpxtpx:hr></gpxtpx:TrackPointExtension></extensions>
    </trkpt>
    <trkpt lat="37.566667" lon="127.000524">
      <ele>32.0</ele>
      <time>2026-07-20T19:54:06.000Z</time>
      <extensions><gpxtpx:TrackPointExtension><gpxtpx:hr>145</gpxtpx:hr></gpxtpx:TrackPointExtension></extensions>
    </trkpt>
    <trkpt lat="37.566652" lon="127.000474">
      <ele>32.0</ele>
      <time>2026-07-20T19:54:07.000Z</time>
      <extensions><gpxtpx:TrackPointExtension><gpxtpx:hr>145</gpxtpx:hr></gpxtpx:TrackPointExtension></extensions>
    </trkpt>
    <trkpt lat="37.566642" lon="127.000409">
      <ele>32.0</ele>
      <time>2026-07-20T19:54:08.000Z</time>
      <extensions><gpxtpx:TrackPointExtension><gpxtpx:hr>146</gpxtpx:hr></gpxtpx:TrackPointExtension></extensions>
    </trkpt>
    <trkpt lat="37.566619" lon="127.000355">
      <ele>32.0</ele>
      <time>2026-07-20T19:54:09.000Z</time>
      <extensions><gpxtpx:TrackPointExtension><gpxtpx:hr>147</gpxtpx:hr></gpxtpx:TrackPointExtension></extensions>
    </trkpt>
    <trkpt lat="37.566626" lon="127.000384">
      <ele>32.0</ele>
      <time>2026-07-20T19:54:10.000Z</time>
      <extensions><gpxtpx:TrackPointExtension><gpxtpx:hr>146</gpxtpx:hr></gpxtpx:TrackPointExtension></extensions>
    </trkpt>
    <trkpt lat="37.566628" lon="127.000390">
      <ele>32.0</ele>
      <time>2026-07-20T19:54:11.000Z</time>
      <extensions><gpxtpx:TrackPointExtension><gpxtpx:hr>145</gpxtpx:hr></gpxtpx:TrackPointExtension></extensions>
    </trkpt>
    <trkpt lat="37.566630" lon="127.000388">
      <ele>32.0</ele>
      <time>2026-07-20T19:54:12.000Z</time>
      <extensions><gpxtpx:TrackPointExtension><gpxtpx:hr>144</gpxtpx:hr></gpxtpx:TrackPointExtension></extensions>
    </trkpt>
    <trkpt lat="37.566634" lon="127.000397">
      <ele>32.0</ele>
      <time>2026-07-20T19:54:13.000Z</time>
      <extensions><gpxtpx:TrackPointExtension><gpxtpx:hr>142</gpxtpx:hr></gpxtpx:TrackPointExtension></extensions>
    </trkpt>
    <trkpt lat="37.566639" lon="127.000400">
      <ele>32.0</ele>
      <time>2026-07-20T19:54:14.000Z</time>
      <extensions><gpxtpx:TrackPointExtension><gpxtpx:hr>141</gpxtpx:hr></gpxtpx:TrackPointExtension></extensions>
    </trkpt>
    <trkpt lat="37.566640" lon="127.000388">
      <ele>32.0</ele>
      <time>2026-07-20T19:54:15.000Z</time>
      <extensions><gpxtpx:TrackPointExtension><gpxtpx:hr>140</gpxtpx:hr></gpxtpx:TrackPointExtension></extensions>
    </trkpt>
    <trkpt lat="37.566660" lon="127.000366">
      <ele>32.0</ele>
      <time>2026-07-20T19:54:16.000Z</time>
      <extensions><gpxtpx:TrackPointExtension><gpxtpx:hr>140</gpxtpx:hr></gpxtpx:TrackPointExtension></extensions>
    </trkpt>
    <trkpt lat="37.566709" lon="127.000352">
      <ele>32.0</ele>
      <time>2026-07-20T19:54:17.000Z</time>
      <extensions><gpxtpx:TrackPointExtension><gpxtpx:hr>141</gpxtpx:hr></gpxtpx:TrackPointExtension></extensions>
    </trkpt>
    <trkpt lat="37.566743" lon="127.000324">
      <ele>32.0</ele>
      <time>2026-07-20T19:54:18.000Z</time>
      <extensions><gpxtpx:TrackPointExtension><gpxtpx:hr>142</gpxtpx:hr></gpxtpx:TrackPointExtension></extensions>
    </trkpt>
    <trkpt lat="37.566750" lon="127.000307">
      <ele>32.0</ele>
      <time>2026-07-20T19:54:19.000Z</time>
      <extensions><gpxtpx:TrackPointExtension><gpxtpx:hr>141</gpxtpx:hr></gpxtpx:TrackPointExtension></extensions>
    </trkpt>
    <trkpt lat="37.566742" lon="127.000298">
      <ele>32.0</ele>
      <time>2026-07-20T19:54:20.000Z</time>
      <extensions><gpxtpx:TrackPointExtension><gpxtpx:hr>140</gpxtpx:hr></gpxtpx:TrackPointExtension></extensions>
    </trkpt>
    <trkpt lat="37.566748" lon="127.000289">
      <ele>32.0</ele>
      <time>2026-07-20T19:54:21.000Z</time>
      <extensions><gpxtpx:TrackPointExtension><gpxtpx:hr>139</gpxtpx:hr></gpxtpx:TrackPointExtension></extensions>
    </trkpt>
    <trkpt lat="37.566743" lon="127.000296">
      <ele>32.0</ele>
      <time>2026-07-20T19:54:22.000Z</time>
      <extensions><gpxtpx:TrackPointExtension><gpxtpx:hr>138</gpxtpx:hr></gpxtpx:TrackPointExtension></extensions>
    </trkpt>
    <trkpt lat="37.566746" lon="127.000308">
      <ele>32.0</ele>
      <time>2026-07-20T19:54:23.000Z</time>
      <extensions><gpxtpx:TrackPointExtension><gpxtpx:hr>137</gpxtpx:hr></gpxtpx:TrackPointExtension></extensions>
    </trkpt>
    <trkpt lat="37.566753" lon="127.000301">
      <ele>32.0</ele>
      <time>2026-07-20T19:54:24.000Z</time>
      <extensions><gpxtpx:TrackPointExtension><gpxtpx:hr>136</gpxtpx:hr></gpxtpx:TrackPointExtension></extensions>
    </trkpt>
    <trkpt lat="37.566740" lon="127.000330">
      <ele>32.0</ele>
      <time>2026-07-20T19:54:25.000Z</time>
      <extensions><gpxtpx:TrackPointExtension><gpxtpx:hr>136</gpxtpx:hr></gpxtpx:TrackPointExtension></extensions>
    </trkpt>
    <trkpt lat="37.566738" lon="127.000348">
      <ele>32.0</ele>
      <time>2026-07-20T19:54:26.000Z</time>
      <extensions><gpxtpx:TrackPointExtension><gpxtpx:hr>135</gpxtpx:hr></gpxtpx:TrackPointExtension></extensions>
    </trkpt>
    <trkpt lat="37.566732" lon="127.000371">
      <ele>32.0</ele>
      <time>2026-07-20T19:54:27.000Z</time>
      <extensions><gpxtpx:TrackPointExtension><gpxtpx:hr>136</gpxtpx:hr></gpxtpx:TrackPointExtension></extensions>
    </trkpt>
    <trkpt lat="37.566720" lon="127.000413">
      <ele>32.0</ele>
      <time>2026-07-20T19:54:28.000Z</time>
      <extensions><gpxtpx:TrackPointExtension><gpxtpx:hr>136</gpxtpx:hr></gpxtpx:TrackPointExtension></extensions>
    </trkpt>
    <trkpt lat="37.566703" lon="127.000449">
      <ele>32.0</ele>
      <time>2026-07-20T19:54:29.000Z</time>
      <extensions><gpxtpx:TrackPointExtension><gpxtpx:hr>136</gpxtpx:hr></gpxtpx:TrackPointExtension></extensions>
    </trkpt>
    <trkpt lat="37.566698" lon="127.000484">
      <ele>32.0</ele>
      <time>2026-07-20T19:54:30.000Z</time>
      <extensions><gpxtpx:TrackPointExtension><gpxtpx:hr>137</gpxtpx:hr></gpxtpx:TrackPointExtension></extensions>
    </trkpt>
    <trkpt lat="37.566687" lon="127.000517">
      <ele>32.0</ele>
      <time>2026-07-20T19:54:31.000Z</time>
      <extensions><gpxtpx:TrackPointExtension><gpxtpx:hr>137</gpxtpx:hr></gpxtpx:TrackPointExtension></extensions>
    </trkpt>
    <trkpt lat="37.566683" lon="127.000553">
      <ele>32.0</ele>
      <time>2026-07-20T19:54:32.000Z</time>
      <extensions><gpxtpx:TrackPointExtension><gpxtpx:hr>138</gpxtpx:hr></gpxtpx:TrackPointExtension></extensions>
    </trkpt>
    <trkpt lat="37.566667" lon="127.000584">
      <ele>32.0</ele>
      <time>2026-07-20T19:54:33.000Z</time>
      <extensions><gpxtpx:TrackPointExtension><gpxtpx:hr>138</gpxtpx:hr></gpxtpx:TrackPointExtension></extensions>
    </trkpt>
    <trkpt lat="37.566649" lon="127.000626">
      <ele>32.0</ele>
      <time>2026-07-20T19:54:34.000Z</time>
      <extensions><gpxtpx:TrackPointExtension><gpxtpx:hr>138</gpxtpx:hr></gpxtpx:TrackPointExtension></extensions>
    </trkpt>
    <trkpt lat="37.566639" lon="127.000668">
      <ele>32.0</ele>
      <time>2026-07-20T19:54:35.000Z</time>
      <extensions><gpxtpx:TrackPointExtension><gpxtpx:hr>139</gpxtpx:hr></gpxtpx:TrackPointExtension></extensions>
    </trkpt>
    <trkpt lat="37.566631" lon="127.000701">
      <ele>32.0</ele>
      <time>2026-07-20T19:54:36.000Z</time>
      <extensions><gpxtpx:TrackPointExtension><gpxtpx:hr>139</gpxtpx:hr></gpxtpx:TrackPointExtension></extensions>
    </trkpt>
    <trkpt lat="37.566642" lon="127.000690">
      <ele>32.0</ele>
      <time>2026-07-20T19:54:37.000Z</time>
      <extensions><gpxtpx:TrackPointExtension><gpxtpx:hr>138</gpxtpx:hr></gpxtpx:TrackPointExtension></extensions>
    </trkpt>
    <trkpt lat="37.566632" lon="127.000674">
      <ele>32.0</ele>
      <time>2026-07-20T19:54:38.000Z</time>
      <extensions><gpxtpx:TrackPointExtension><gpxtpx:hr>137</gpxtpx:hr></gpxtpx:TrackPointExtension></extensions>
    </trkpt>
    <trkpt lat="37.566690" lon="127.000673">
      <ele>32.0</ele>
      <time>2026-07-20T19:54:39.000Z</time>
      <extensions><gpxtpx:TrackPointExtension><gpxtpx:hr>139</gpxtpx:hr></gpxtpx:TrackPointExtension></extensions>
    </trkpt>
    <trkpt lat="37.566746" lon="127.000647">
      <ele>32.0</ele>
      <time>2026-07-20T19:54:40.000Z</time>
      <extensions><gpxtpx:TrackPointExtension><gpxtpx:hr>140</gpxtpx:hr></gpxtpx:TrackPointExtension></extensions>
    </trkpt>
    <trkpt lat="37.566806" lon="127.000630">
      <ele>32.0</ele>
      <time>2026-07-20T19:54:41.000Z</time>
      <extensions><gpxtpx:TrackPointExtension><gpxtpx:hr>142</gpxtpx:hr></gpxtpx:TrackPointExtension></extensions>
    </trkpt>
    <trkpt lat="37.566873" lon="127.000611">
      <ele>32.0</ele>
      <time>2026-07-20T19:54:42.000Z</time>
      <extensions><gpxtpx:TrackPointExtension><gpxtpx:hr>144</gpxtpx:hr></gpxtpx:TrackPointExtension></extensions>
    </trkpt>
    <trkpt lat="37.566889" lon="127.000643">
      <ele>32.0</ele>
      <time>2026-07-20T19:54:43.000Z</time>
      <extensions><gpxtpx:TrackPointExtension><gpxtpx:hr>144</gpxtpx:hr></gpxtpx:TrackPointExtension></extensions>
    </trkpt>
    <trkpt lat="37.566888" lon="127.000639">
      <ele>32.0</ele>
      <time>2026-07-20T19:54:44.000Z</time>
      <extensions><gpxtpx:TrackPointExtension><gpxtpx:hr>143</gpxtpx:hr></gpxtpx:TrackPointExtension></extensions>
    </trkpt>
    <trkpt lat="37.566886" lon="127.000656">
      <ele>32.0</ele>
      <time>2026-07-20T19:54:45.000Z</time>
      <extensions><gpxtpx:TrackPointExtension><gpxtpx:hr>142</gpxtpx:hr></gpxtpx:TrackPointExtension></extensions>
    </trkpt>
    <trkpt lat="37.566882" lon="127.000655">
      <ele>32.0</ele>
      <time>2026-07-20T19:54:46.000Z</time>
      <extensions><gpxtpx:TrackPointExtension><gpxtpx:hr>140</gpxtpx:hr></gpxtpx:TrackPointExtension></extensions>
    </trkpt>
    <trkpt lat="37.566895" lon="127.000659">
      <ele>32.0</ele>
      <time>2026-07-20T19:54:47.000Z</time>
      <extensions><gpxtpx:TrackPointExtension><gpxtpx:hr>139</gpxtpx:hr></gpxtpx:TrackPointExtension></extensions>
    </trkpt>
    <trkpt lat="37.566868" lon="127.000592">
      <ele>32.0</ele>
      <time>2026-07-20T19:54:48.000Z</time>
      <extensions><gpxtpx:TrackPointExtension><gpxtpx:hr>141</gpxtpx:hr></gpxtpx:TrackPointExtension></extensions>
    </trkpt>
    <trkpt lat="37.566834" lon="127.000531">
      <ele>32.0</ele>
      <time>2026-07-20T19:54:49.000Z</time>
      <extensions><gpxtpx:TrackPointExtension><gpxtpx:hr>143</gpxtpx:hr></gpxtpx:TrackPointExtension></extensions>
    </trkpt>
    <trkpt lat="37.566804" lon="127.000442">
      <ele>32.0</ele>
      <time>2026-07-20T19:54:50.000Z</time>
      <extensions><gpxtpx:TrackPointExtension><gpxtpx:hr>144</gpxtpx:hr></gpxtpx:TrackPointExtension></extensions>
    </trkpt>
    <trkpt lat="37.566788" lon="127.000403">
      <ele>32.0</ele>
      <time>2026-07-20T19:54:51.000Z</time>
      <extensions><gpxtpx:TrackPointExtension><gpxtpx:hr>145</gpxtpx:hr></gpxtpx:TrackPointExtension></extensions>
    </trkpt>
    <trkpt lat="37.566770" lon="127.000363">
      <ele>32.0</ele>
      <time>2026-07-20T19:54:52.000Z</time>
      <extensions><gpxtpx:TrackPointExtension><gpxtpx:hr>145</gpxtpx:hr></gpxtpx:TrackPointExtension></extensions>
    </trkpt>
    <trkpt lat="37.566763" lon="127.000334">
      <ele>32.0</ele>
      <time>2026-07-20T19:54:53.000Z</time>
      <extensions><gpxtpx:TrackPointExtension><gpxtpx:hr>144</gpxtpx:hr></gpxtpx:TrackPointExtension></extensions>
    </trkpt>
    <trkpt lat="37.566751" lon="127.000329">
      <ele>32.0</ele>
      <time>2026-07-20T19:54:54.000Z</time>
      <extensions><gpxtpx:TrackPointExtension><gpxtpx:hr>144</gpxtpx:hr></gpxtpx:TrackPointExtension></extensions>
    </trkpt>
    <trkpt lat="37.566760" lon="127.000334">
      <ele>32.0</ele>
      <time>2026-07-20T19:54:55.000Z</time>
      <extensions><gpxtpx:TrackPointExtension><gpxtpx:hr>143</gpxtpx:hr></gpxtpx:TrackPointExtension></extensions>
    </trkpt>
    <trkpt lat="37.566754" lon="127.000320">
      <ele>32.0</ele>
      <time>2026-07-20T19:54:56.000Z</time>
      <extensions><gpxtpx:TrackPointExtension><gpxtpx:hr>143</gpxtpx:hr></gpxtpx:TrackPointExtension></extensions>
    </trkpt>
    <trkpt lat="37.566767" lon="127.000332">
      <ele>32.0</ele>
      <time>2026-07-20T19:54:57.000Z</time>
      <extensions><gpxtpx:TrackPointExtension><gpxtpx:hr>142</gpxtpx:hr></gpxtpx:TrackPointExtension></extensions>
    </trkpt>
    <trkpt lat="37.566754" lon="127.000375">
      <ele>32.0</ele>
      <time>2026-07-20T19:54:58.000Z</time>
      <extensions><gpxtpx:TrackPointExtension><gpxtpx:hr>142</gpxtpx:hr></gpxtpx:TrackPointExtension></extensions>
    </trkpt>
    <trkpt lat="37.566756" lon="127.000424">
      <ele>32.0</ele>
      <time>2026-07-20T19:54:59.000Z</time>
      <extensions><gpxtpx:TrackPointExtension><gpxtpx:hr>143</gpxtpx:hr></gpxtpx:TrackPointExtension></extensions>
    </trkpt>
    <trkpt lat="37.566745" lon="127.000489">
      <ele>32.0</ele>
      <time>2026-07-20T19:55:00.000Z</time>
      <extensions><gpxtpx:TrackPointExtension><gpxtpx:hr>143</gpxtpx:hr></gpxtpx:TrackPointExtension></extensions>
    </trkpt>
  </trkseg></trk>
</gpx>
